-- MySQL dump 10.13  Distrib 8.0.38, for Win64 (x86_64)
--
-- Host: 51.159.109.144    Database: astrallys-dev
-- ------------------------------------------------------
-- Server version	11.3.2-MariaDB

/*!40101 SET @OLD_CHARACTER_SET_CLIENT=@@CHARACTER_SET_CLIENT */;
/*!40101 SET @OLD_CHARACTER_SET_RESULTS=@@CHARACTER_SET_RESULTS */;
/*!40101 SET @OLD_COLLATION_CONNECTION=@@COLLATION_CONNECTION */;
/*!50503 SET NAMES utf8mb4 */;
/*!40103 SET @OLD_TIME_ZONE=@@TIME_ZONE */;
/*!40103 SET TIME_ZONE='+00:00' */;
/*!40014 SET @OLD_UNIQUE_CHECKS=@@UNIQUE_CHECKS, UNIQUE_CHECKS=0 */;
/*!40014 SET @OLD_FOREIGN_KEY_CHECKS=@@FOREIGN_KEY_CHECKS, FOREIGN_KEY_CHECKS=0 */;
/*!40101 SET @OLD_SQL_MODE=@@SQL_MODE, SQL_MODE='NO_AUTO_VALUE_ON_ZERO' */;
/*!40111 SET @OLD_SQL_NOTES=@@SQL_NOTES, SQL_NOTES=0 */;

--
-- Table structure for table `absence_types`
--

DROP TABLE IF EXISTS `absence_types`;
/*!40101 SET @saved_cs_client     = @@character_set_client */;
/*!50503 SET character_set_client = utf8mb4 */;
CREATE TABLE `absence_types` (
  `id` int(10) unsigned NOT NULL AUTO_INCREMENT,
  `name` varchar(255) DEFAULT NULL,
  `created_at` datetime(6) DEFAULT NULL,
  `updated_at` datetime(6) DEFAULT NULL,
  `published_at` datetime(6) DEFAULT NULL,
  `created_by_id` int(10) unsigned DEFAULT NULL,
  `updated_by_id` int(10) unsigned DEFAULT NULL,
  PRIMARY KEY (`id`),
  KEY `absence_types_created_by_id_fk` (`created_by_id`),
  KEY `absence_types_updated_by_id_fk` (`updated_by_id`),
  CONSTRAINT `absence_types_created_by_id_fk` FOREIGN KEY (`created_by_id`) REFERENCES `admin_users` (`id`) ON DELETE SET NULL,
  CONSTRAINT `absence_types_updated_by_id_fk` FOREIGN KEY (`updated_by_id`) REFERENCES `admin_users` (`id`) ON DELETE SET NULL
) ENGINE=InnoDB AUTO_INCREMENT=6 DEFAULT CHARSET=utf8mb3 COLLATE=utf8mb3_general_ci;
/*!40101 SET character_set_client = @saved_cs_client */;

--
-- Dumping data for table `absence_types`
--

LOCK TABLES `absence_types` WRITE;
/*!40000 ALTER TABLE `absence_types` DISABLE KEYS */;
INSERT INTO `absence_types` VALUES (2,'Maladie','2024-01-18 14:55:58.056000','2024-01-18 15:00:47.245000','2024-01-18 15:00:47.242000',2,2),(3,'Congé sans soldes','2024-01-18 15:00:07.629000','2024-01-18 15:00:40.746000','2024-01-18 15:00:40.742000',2,2),(4,'Maternité','2024-01-18 15:00:22.450000','2024-01-18 15:00:52.742000','2024-01-18 15:00:52.739000',2,2);
/*!40000 ALTER TABLE `absence_types` ENABLE KEYS */;
UNLOCK TABLES;

--
-- Table structure for table `absences`
--

DROP TABLE IF EXISTS `absences`;
/*!40101 SET @saved_cs_client     = @@character_set_client */;
/*!50503 SET character_set_client = utf8mb4 */;
CREATE TABLE `absences` (
  `id` int(10) unsigned NOT NULL AUTO_INCREMENT,
  `start_date` date DEFAULT NULL,
  `end_date` date DEFAULT NULL,
  `state` varchar(255) DEFAULT NULL,
  `created_at` datetime(6) DEFAULT NULL,
  `updated_at` datetime(6) DEFAULT NULL,
  `created_by_id` int(10) unsigned DEFAULT NULL,
  `updated_by_id` int(10) unsigned DEFAULT NULL,
  PRIMARY KEY (`id`),
  KEY `absences_created_by_id_fk` (`created_by_id`),
  KEY `absences_updated_by_id_fk` (`updated_by_id`),
  CONSTRAINT `absences_created_by_id_fk` FOREIGN KEY (`created_by_id`) REFERENCES `admin_users` (`id`) ON DELETE SET NULL,
  CONSTRAINT `absences_updated_by_id_fk` FOREIGN KEY (`updated_by_id`) REFERENCES `admin_users` (`id`) ON DELETE SET NULL
) ENGINE=InnoDB AUTO_INCREMENT=8 DEFAULT CHARSET=utf8mb3 COLLATE=utf8mb3_general_ci;
/*!40101 SET character_set_client = @saved_cs_client */;

--
-- Dumping data for table `absences`
--

LOCK TABLES `absences` WRITE;
/*!40000 ALTER TABLE `absences` DISABLE KEYS */;
/*!40000 ALTER TABLE `absences` ENABLE KEYS */;
UNLOCK TABLES;

--
-- Table structure for table `absences_absence_type_links`
--

DROP TABLE IF EXISTS `absences_absence_type_links`;
/*!40101 SET @saved_cs_client     = @@character_set_client */;
/*!50503 SET character_set_client = utf8mb4 */;
CREATE TABLE `absences_absence_type_links` (
  `id` int(10) unsigned NOT NULL AUTO_INCREMENT,
  `absence_id` int(10) unsigned DEFAULT NULL,
  `absence_type_id` int(10) unsigned DEFAULT NULL,
  PRIMARY KEY (`id`),
  UNIQUE KEY `absences_absence_type_links_unique` (`absence_id`,`absence_type_id`),
  KEY `absences_absence_type_links_fk` (`absence_id`),
  KEY `absences_absence_type_links_inv_fk` (`absence_type_id`),
  CONSTRAINT `absences_absence_type_links_fk` FOREIGN KEY (`absence_id`) REFERENCES `absences` (`id`) ON DELETE CASCADE,
  CONSTRAINT `absences_absence_type_links_inv_fk` FOREIGN KEY (`absence_type_id`) REFERENCES `absence_types` (`id`) ON DELETE CASCADE
) ENGINE=InnoDB AUTO_INCREMENT=8 DEFAULT CHARSET=utf8mb3 COLLATE=utf8mb3_general_ci;
/*!40101 SET character_set_client = @saved_cs_client */;

--
-- Dumping data for table `absences_absence_type_links`
--

LOCK TABLES `absences_absence_type_links` WRITE;
/*!40000 ALTER TABLE `absences_absence_type_links` DISABLE KEYS */;
/*!40000 ALTER TABLE `absences_absence_type_links` ENABLE KEYS */;
UNLOCK TABLES;

--
-- Table structure for table `absences_users_permissions_user_links`
--

DROP TABLE IF EXISTS `absences_users_permissions_user_links`;
/*!40101 SET @saved_cs_client     = @@character_set_client */;
/*!50503 SET character_set_client = utf8mb4 */;
CREATE TABLE `absences_users_permissions_user_links` (
  `id` int(10) unsigned NOT NULL AUTO_INCREMENT,
  `absence_id` int(10) unsigned DEFAULT NULL,
  `user_id` int(10) unsigned DEFAULT NULL,
  `absence_order` int(10) unsigned DEFAULT NULL,
  PRIMARY KEY (`id`),
  UNIQUE KEY `absences_users_permissions_user_links_unique` (`absence_id`,`user_id`),
  KEY `absences_users_permissions_user_links_fk` (`absence_id`),
  KEY `absences_users_permissions_user_links_inv_fk` (`user_id`),
  KEY `absences_users_permissions_user_links_order_inv_fk` (`absence_order`),
  CONSTRAINT `absences_users_permissions_user_links_fk` FOREIGN KEY (`absence_id`) REFERENCES `absences` (`id`) ON DELETE CASCADE,
  CONSTRAINT `absences_users_permissions_user_links_inv_fk` FOREIGN KEY (`user_id`) REFERENCES `up_users` (`id`) ON DELETE CASCADE
) ENGINE=InnoDB AUTO_INCREMENT=8 DEFAULT CHARSET=utf8mb3 COLLATE=utf8mb3_general_ci;
/*!40101 SET character_set_client = @saved_cs_client */;

--
-- Dumping data for table `absences_users_permissions_user_links`
--

LOCK TABLES `absences_users_permissions_user_links` WRITE;
/*!40000 ALTER TABLE `absences_users_permissions_user_links` DISABLE KEYS */;
/*!40000 ALTER TABLE `absences_users_permissions_user_links` ENABLE KEYS */;
UNLOCK TABLES;

--
-- Table structure for table `activities`
--

DROP TABLE IF EXISTS `activities`;
/*!40101 SET @saved_cs_client     = @@character_set_client */;
/*!50503 SET character_set_client = utf8mb4 */;
CREATE TABLE `activities` (
  `id` int(10) unsigned NOT NULL AUTO_INCREMENT,
  `name` varchar(255) DEFAULT NULL,
  `created_at` datetime(6) DEFAULT NULL,
  `updated_at` datetime(6) DEFAULT NULL,
  `created_by_id` int(10) unsigned DEFAULT NULL,
  `updated_by_id` int(10) unsigned DEFAULT NULL,
  PRIMARY KEY (`id`),
  KEY `activities_created_by_id_fk` (`created_by_id`),
  KEY `activities_updated_by_id_fk` (`updated_by_id`),
  CONSTRAINT `activities_created_by_id_fk` FOREIGN KEY (`created_by_id`) REFERENCES `admin_users` (`id`) ON DELETE SET NULL,
  CONSTRAINT `activities_updated_by_id_fk` FOREIGN KEY (`updated_by_id`) REFERENCES `admin_users` (`id`) ON DELETE SET NULL
) ENGINE=InnoDB AUTO_INCREMENT=12 DEFAULT CHARSET=utf8mb3 COLLATE=utf8mb3_general_ci;
/*!40101 SET character_set_client = @saved_cs_client */;

--
-- Dumping data for table `activities`
--

LOCK TABLES `activities` WRITE;
/*!40000 ALTER TABLE `activities` DISABLE KEYS */;
INSERT INTO `activities` VALUES (1,'Plomberie','2023-08-07 09:21:54.404000','2023-08-07 09:21:54.404000',2,2),(2,'Climatisation','2023-08-07 09:22:21.112000','2023-08-07 09:22:21.112000',2,2),(3,'Chauffage','2023-08-07 09:22:43.044000','2023-08-07 09:22:43.044000',2,2),(4,'Levage','2023-08-07 09:26:13.593000','2023-08-07 09:26:13.593000',2,2),(5,'Assainissement','2023-08-07 09:29:35.867000','2023-08-07 09:29:35.867000',2,2),(6,'Gestion d\'accès','2023-08-07 09:33:25.701000','2023-08-07 09:33:25.701000',2,2),(7,'Nettoyage','2023-08-07 09:35:18.905000','2023-08-07 09:35:18.905000',2,2),(8,'Entretien espace vert','2023-08-07 09:35:50.752000','2023-08-07 09:35:50.752000',2,2),(9,'Gardiennage','2023-08-07 12:02:51.102000','2023-08-07 12:02:51.102000',2,2),(10,'Sécurité incendie','2023-08-07 12:03:15.766000','2023-08-07 12:03:15.766000',2,2),(11,'Autre','2024-01-18 15:37:43.929000','2024-01-18 15:37:43.929000',2,2);
/*!40000 ALTER TABLE `activities` ENABLE KEYS */;
UNLOCK TABLES;

--
-- Table structure for table `admin_permissions`
--

DROP TABLE IF EXISTS `admin_permissions`;
/*!40101 SET @saved_cs_client     = @@character_set_client */;
/*!50503 SET character_set_client = utf8mb4 */;
CREATE TABLE `admin_permissions` (
  `id` int(10) unsigned NOT NULL AUTO_INCREMENT,
  `action` varchar(255) DEFAULT NULL,
  `subject` varchar(255) DEFAULT NULL,
  `properties` longtext CHARACTER SET utf8mb4 COLLATE utf8mb4_bin DEFAULT NULL CHECK (json_valid(`properties`)),
  `conditions` longtext CHARACTER SET utf8mb4 COLLATE utf8mb4_bin DEFAULT NULL CHECK (json_valid(`conditions`)),
  `created_at` datetime(6) DEFAULT NULL,
  `updated_at` datetime(6) DEFAULT NULL,
  `created_by_id` int(10) unsigned DEFAULT NULL,
  `updated_by_id` int(10) unsigned DEFAULT NULL,
  PRIMARY KEY (`id`),
  KEY `admin_permissions_created_by_id_fk` (`created_by_id`),
  KEY `admin_permissions_updated_by_id_fk` (`updated_by_id`),
  CONSTRAINT `admin_permissions_created_by_id_fk` FOREIGN KEY (`created_by_id`) REFERENCES `admin_users` (`id`) ON DELETE SET NULL,
  CONSTRAINT `admin_permissions_updated_by_id_fk` FOREIGN KEY (`updated_by_id`) REFERENCES `admin_users` (`id`) ON DELETE SET NULL
) ENGINE=InnoDB AUTO_INCREMENT=616 DEFAULT CHARSET=utf8mb3 COLLATE=utf8mb3_general_ci;
/*!40101 SET character_set_client = @saved_cs_client */;

--
-- Dumping data for table `admin_permissions`
--

LOCK TABLES `admin_permissions` WRITE;
/*!40000 ALTER TABLE `admin_permissions` DISABLE KEYS */;
INSERT INTO `admin_permissions` VALUES (1,'plugin::content-manager.explorer.create','api::absence.absence','{\"fields\":[\"startDate\",\"endDate\",\"users_permissions_user\",\"state\"]}','[]','2023-05-15 07:56:03.197000','2023-12-01 14:37:08.881000',NULL,NULL),(2,'plugin::content-manager.explorer.create','api::agency.agency','{\"fields\":[\"name\",\"users_permissions_users\",\"properties\",\"tickets\",\"tradeName\",\"codeNafApe\",\"address\",\"zipCode\",\"city\",\"phone\",\"siren\",\"siret\",\"tva\",\"vehicles\",\"tools\",\"interventions\",\"type\",\"email\",\"tiers\",\"contracts\"]}','[]','2023-05-15 07:56:03.218000','2023-05-15 07:56:03.218000',NULL,NULL),(3,'plugin::content-manager.explorer.create','api::category.category','{\"fields\":[\"name\",\"demande\"]}','[]','2023-05-15 07:56:03.241000','2023-07-21 12:18:55.562000',NULL,NULL),(4,'plugin::content-manager.explorer.create','api::comment.comment','{\"fields\":[\"message\",\"ticket\",\"users_permissions_user\"]}','[]','2023-05-15 07:56:03.262000','2023-05-15 07:56:03.262000',NULL,NULL),(5,'plugin::content-manager.explorer.create','api::contract.contract','{\"fields\":[\"name\",\"property\",\"startDate\",\"endDate\",\"file\",\"state\",\"agency\",\"billing\",\"total\",\"communicationManagement\",\"interventionHours\"]}','[]','2023-05-15 07:56:03.282000','2023-05-15 07:56:03.282000',NULL,NULL),(6,'plugin::content-manager.explorer.create','api::intervention.intervention','{\"fields\":[\"description\",\"state\",\"startDate\",\"endDate\",\"users_permissions_users\",\"vehicles\",\"tools\",\"agency\"]}','[]','2023-05-15 07:56:03.310000','2023-10-26 14:44:11.205000',NULL,NULL),(7,'plugin::content-manager.explorer.create','api::issuers-role.issuers-role','{\"fields\":[\"name\"]}','[]','2023-05-15 07:56:03.327000','2023-05-15 07:56:03.327000',NULL,NULL),(8,'plugin::content-manager.explorer.create','api::media.media','{\"fields\":[\"file\",\"name\"]}','[]','2023-05-15 07:56:03.347000','2023-11-20 21:40:45.348000',NULL,NULL),(9,'plugin::content-manager.explorer.create','api::nature.nature','{\"fields\":[\"name\"]}','[]','2023-05-15 07:56:03.367000','2023-08-25 08:42:07.439000',NULL,NULL),(11,'plugin::content-manager.explorer.create','api::priority.priority','{\"fields\":[\"name\",\"relance_time\"]}','[]','2023-05-15 07:56:03.405000','2024-01-10 17:19:25.050000',NULL,NULL),(12,'plugin::content-manager.explorer.create','api::property.property','{\"fields\":[\"name\",\"agency\",\"address\",\"stages\",\"phone\",\"tickets\",\"zipCode\",\"city\",\"contracts\",\"tiers\",\"settlementDate\",\"numberBatches\",\"numberResidentialLots\",\"numberParking\",\"typeSyndicates\",\"numberUnion\",\"numberElevator\",\"numberAutoGate\",\"gamesChildren\",\"typeHeating\",\"type_of_site\"]}','[]','2023-05-15 07:56:03.420000','2023-08-11 16:28:28.380000',NULL,NULL),(13,'plugin::content-manager.explorer.create','api::stage.stage','{\"fields\":[\"name\"]}','[]','2023-05-15 07:56:03.434000','2023-05-15 07:56:03.434000',NULL,NULL),(14,'plugin::content-manager.explorer.create','api::state.state','{\"fields\":[\"name\"]}','[]','2023-05-15 07:56:03.449000','2023-05-15 07:56:03.449000',NULL,NULL),(15,'plugin::content-manager.explorer.create','api::ticket.ticket','{\"fields\":[\"description\",\"agency\",\"property\",\"address\",\"firstname\",\"lastname\",\"email\",\"phone\",\"state\",\"media\",\"users_permissions_user\",\"name\",\"ref\",\"city\",\"zipCode\",\"dateAssigned\",\"comments\",\"location\",\"duplicate\",\"dateClosed\",\"categories\",\"priority\",\"stage\",\"role\",\"nature\"]}','[]','2023-05-15 07:56:03.464000','2023-10-26 14:44:11.205000',NULL,NULL),(16,'plugin::content-manager.explorer.create','api::tier.tier','{\"fields\":[\"name\",\"properties\",\"agencies\"]}','[]','2023-05-15 07:56:03.483000','2023-09-28 11:38:37.207000',NULL,NULL),(17,'plugin::content-manager.explorer.create','api::tool.tool','{\"fields\":[\"type\",\"brand\",\"interventions\",\"agency\",\"model\",\"dateOfPurchase\",\"guaranteeEndDate\",\"price\",\"document\"]}','[]','2023-05-15 07:56:03.501000','2023-05-15 07:56:03.501000',NULL,NULL),(18,'plugin::content-manager.explorer.create','api::type-of-site.type-of-site','{\"fields\":[\"name\"]}','[]','2023-05-15 07:56:03.517000','2023-05-15 07:56:03.517000',NULL,NULL),(19,'plugin::content-manager.explorer.create','api::vehicle.vehicle','{\"fields\":[\"registrationNumber\",\"agency\",\"type\",\"brand\",\"model\",\"dateOfCirculation\",\"mileage\",\"dateOfMileageReport\",\"locationEndDate\",\"price\",\"document\",\"nextInterviewDate\",\"interventions\",\"power\"]}','[]','2023-05-15 07:56:03.536000','2023-05-15 07:56:03.536000',NULL,NULL),(20,'plugin::content-manager.explorer.read','api::absence.absence','{\"fields\":[\"startDate\",\"endDate\",\"users_permissions_user\",\"state\"]}','[]','2023-05-15 07:56:03.553000','2023-12-01 14:37:08.882000',NULL,NULL),(21,'plugin::content-manager.explorer.read','api::agency.agency','{\"fields\":[\"name\",\"users_permissions_users\",\"properties\",\"tickets\",\"tradeName\",\"codeNafApe\",\"address\",\"zipCode\",\"city\",\"phone\",\"siren\",\"siret\",\"tva\",\"vehicles\",\"tools\",\"interventions\",\"type\",\"email\",\"tiers\",\"contracts\"]}','[]','2023-05-15 07:56:03.577000','2023-05-15 07:56:03.577000',NULL,NULL),(22,'plugin::content-manager.explorer.read','api::category.category','{\"fields\":[\"name\",\"demande\"]}','[]','2023-05-15 07:56:03.598000','2023-07-21 12:18:55.562000',NULL,NULL),(23,'plugin::content-manager.explorer.read','api::comment.comment','{\"fields\":[\"message\",\"ticket\",\"users_permissions_user\"]}','[]','2023-05-15 07:56:03.617000','2023-05-15 07:56:03.617000',NULL,NULL),(24,'plugin::content-manager.explorer.read','api::contract.contract','{\"fields\":[\"name\",\"property\",\"startDate\",\"endDate\",\"file\",\"state\",\"agency\",\"billing\",\"total\",\"communicationManagement\",\"interventionHours\"]}','[]','2023-05-15 07:56:03.635000','2023-05-15 07:56:03.635000',NULL,NULL),(25,'plugin::content-manager.explorer.read','api::intervention.intervention','{\"fields\":[\"description\",\"state\",\"startDate\",\"endDate\",\"users_permissions_users\",\"vehicles\",\"tools\",\"agency\"]}','[]','2023-05-15 07:56:03.653000','2023-10-26 14:44:11.205000',NULL,NULL),(26,'plugin::content-manager.explorer.read','api::issuers-role.issuers-role','{\"fields\":[\"name\"]}','[]','2023-05-15 07:56:03.670000','2023-05-15 07:56:03.670000',NULL,NULL),(27,'plugin::content-manager.explorer.read','api::media.media','{\"fields\":[\"file\",\"name\"]}','[]','2023-05-15 07:56:03.687000','2023-11-20 21:40:45.348000',NULL,NULL),(28,'plugin::content-manager.explorer.read','api::nature.nature','{\"fields\":[\"name\"]}','[]','2023-05-15 07:56:03.707000','2023-08-25 08:42:07.439000',NULL,NULL),(30,'plugin::content-manager.explorer.read','api::priority.priority','{\"fields\":[\"name\",\"relance_time\"]}','[]','2023-05-15 07:56:03.741000','2024-01-10 17:19:25.050000',NULL,NULL),(31,'plugin::content-manager.explorer.read','api::property.property','{\"fields\":[\"name\",\"agency\",\"address\",\"stages\",\"phone\",\"tickets\",\"zipCode\",\"city\",\"contracts\",\"tiers\",\"settlementDate\",\"numberBatches\",\"numberResidentialLots\",\"numberParking\",\"typeSyndicates\",\"numberUnion\",\"numberElevator\",\"numberAutoGate\",\"gamesChildren\",\"typeHeating\",\"type_of_site\"]}','[]','2023-05-15 07:56:03.761000','2023-08-11 16:28:28.381000',NULL,NULL),(32,'plugin::content-manager.explorer.read','api::stage.stage','{\"fields\":[\"name\"]}','[]','2023-05-15 07:56:03.779000','2023-05-15 07:56:03.779000',NULL,NULL),(33,'plugin::content-manager.explorer.read','api::state.state','{\"fields\":[\"name\"]}','[]','2023-05-15 07:56:03.795000','2023-05-15 07:56:03.795000',NULL,NULL),(34,'plugin::content-manager.explorer.read','api::ticket.ticket','{\"fields\":[\"description\",\"agency\",\"property\",\"address\",\"firstname\",\"lastname\",\"email\",\"phone\",\"state\",\"media\",\"users_permissions_user\",\"name\",\"ref\",\"city\",\"zipCode\",\"dateAssigned\",\"comments\",\"location\",\"duplicate\",\"dateClosed\",\"categories\",\"priority\",\"stage\",\"role\",\"nature\"]}','[]','2023-05-15 07:56:03.811000','2023-10-26 14:44:11.205000',NULL,NULL),(35,'plugin::content-manager.explorer.read','api::tier.tier','{\"fields\":[\"name\",\"properties\",\"agencies\"]}','[]','2023-05-15 07:56:03.827000','2023-09-28 11:38:37.207000',NULL,NULL),(36,'plugin::content-manager.explorer.read','api::tool.tool','{\"fields\":[\"type\",\"brand\",\"interventions\",\"agency\",\"model\",\"dateOfPurchase\",\"guaranteeEndDate\",\"price\",\"document\"]}','[]','2023-05-15 07:56:03.842000','2023-05-15 07:56:03.842000',NULL,NULL),(37,'plugin::content-manager.explorer.read','api::type-of-site.type-of-site','{\"fields\":[\"name\"]}','[]','2023-05-15 07:56:03.855000','2023-05-15 07:56:03.855000',NULL,NULL),(38,'plugin::content-manager.explorer.read','api::vehicle.vehicle','{\"fields\":[\"registrationNumber\",\"agency\",\"type\",\"brand\",\"model\",\"dateOfCirculation\",\"mileage\",\"dateOfMileageReport\",\"locationEndDate\",\"price\",\"document\",\"nextInterviewDate\",\"interventions\",\"power\"]}','[]','2023-05-15 07:56:03.866000','2023-05-15 07:56:03.866000',NULL,NULL),(39,'plugin::content-manager.explorer.update','api::absence.absence','{\"fields\":[\"startDate\",\"endDate\",\"users_permissions_user\",\"state\"]}','[]','2023-05-15 07:56:03.878000','2023-12-01 14:37:08.882000',NULL,NULL),(40,'plugin::content-manager.explorer.update','api::agency.agency','{\"fields\":[\"name\",\"users_permissions_users\",\"properties\",\"tickets\",\"tradeName\",\"codeNafApe\",\"address\",\"zipCode\",\"city\",\"phone\",\"siren\",\"siret\",\"tva\",\"vehicles\",\"tools\",\"interventions\",\"type\",\"email\",\"tiers\",\"contracts\"]}','[]','2023-05-15 07:56:03.892000','2023-05-15 07:56:03.892000',NULL,NULL),(41,'plugin::content-manager.explorer.update','api::category.category','{\"fields\":[\"name\",\"demande\"]}','[]','2023-05-15 07:56:03.906000','2023-07-21 12:18:55.563000',NULL,NULL),(42,'plugin::content-manager.explorer.update','api::comment.comment','{\"fields\":[\"message\",\"ticket\",\"users_permissions_user\"]}','[]','2023-05-15 07:56:03.922000','2023-05-15 07:56:03.922000',NULL,NULL),(43,'plugin::content-manager.explorer.update','api::contract.contract','{\"fields\":[\"name\",\"property\",\"startDate\",\"endDate\",\"file\",\"state\",\"agency\",\"billing\",\"total\",\"communicationManagement\",\"interventionHours\"]}','[]','2023-05-15 07:56:03.940000','2023-05-15 07:56:03.940000',NULL,NULL),(44,'plugin::content-manager.explorer.update','api::intervention.intervention','{\"fields\":[\"description\",\"state\",\"startDate\",\"endDate\",\"users_permissions_users\",\"vehicles\",\"tools\",\"agency\"]}','[]','2023-05-15 07:56:03.957000','2023-10-26 14:44:11.205000',NULL,NULL),(45,'plugin::content-manager.explorer.update','api::issuers-role.issuers-role','{\"fields\":[\"name\"]}','[]','2023-05-15 07:56:03.975000','2023-05-15 07:56:03.975000',NULL,NULL),(46,'plugin::content-manager.explorer.update','api::media.media','{\"fields\":[\"file\",\"name\"]}','[]','2023-05-15 07:56:03.992000','2023-11-20 21:40:45.348000',NULL,NULL),(47,'plugin::content-manager.explorer.update','api::nature.nature','{\"fields\":[\"name\"]}','[]','2023-05-15 07:56:04.008000','2023-08-25 08:42:07.439000',NULL,NULL),(49,'plugin::content-manager.explorer.update','api::priority.priority','{\"fields\":[\"name\",\"relance_time\"]}','[]','2023-05-15 07:56:04.041000','2024-01-10 17:19:25.050000',NULL,NULL),(50,'plugin::content-manager.explorer.update','api::property.property','{\"fields\":[\"name\",\"agency\",\"address\",\"stages\",\"phone\",\"tickets\",\"zipCode\",\"city\",\"contracts\",\"tiers\",\"settlementDate\",\"numberBatches\",\"numberResidentialLots\",\"numberParking\",\"typeSyndicates\",\"numberUnion\",\"numberElevator\",\"numberAutoGate\",\"gamesChildren\",\"typeHeating\",\"type_of_site\"]}','[]','2023-05-15 07:56:04.059000','2023-08-11 16:28:28.381000',NULL,NULL),(51,'plugin::content-manager.explorer.update','api::stage.stage','{\"fields\":[\"name\"]}','[]','2023-05-15 07:56:04.074000','2023-05-15 07:56:04.074000',NULL,NULL),(52,'plugin::content-manager.explorer.update','api::state.state','{\"fields\":[\"name\"]}','[]','2023-05-15 07:56:04.090000','2023-05-15 07:56:04.090000',NULL,NULL),(53,'plugin::content-manager.explorer.update','api::ticket.ticket','{\"fields\":[\"description\",\"agency\",\"property\",\"address\",\"firstname\",\"lastname\",\"email\",\"phone\",\"state\",\"media\",\"users_permissions_user\",\"name\",\"ref\",\"city\",\"zipCode\",\"dateAssigned\",\"comments\",\"location\",\"duplicate\",\"dateClosed\",\"categories\",\"priority\",\"stage\",\"role\",\"nature\"]}','[]','2023-05-15 07:56:04.109000','2023-10-26 14:44:11.205000',NULL,NULL),(54,'plugin::content-manager.explorer.update','api::tier.tier','{\"fields\":[\"name\",\"properties\",\"agencies\"]}','[]','2023-05-15 07:56:04.127000','2023-09-28 11:38:37.207000',NULL,NULL),(55,'plugin::content-manager.explorer.update','api::tool.tool','{\"fields\":[\"type\",\"brand\",\"interventions\",\"agency\",\"model\",\"dateOfPurchase\",\"guaranteeEndDate\",\"price\",\"document\"]}','[]','2023-05-15 07:56:04.144000','2023-05-15 07:56:04.144000',NULL,NULL),(56,'plugin::content-manager.explorer.update','api::type-of-site.type-of-site','{\"fields\":[\"name\"]}','[]','2023-05-15 07:56:04.164000','2023-05-15 07:56:04.164000',NULL,NULL),(57,'plugin::content-manager.explorer.update','api::vehicle.vehicle','{\"fields\":[\"registrationNumber\",\"agency\",\"type\",\"brand\",\"model\",\"dateOfCirculation\",\"mileage\",\"dateOfMileageReport\",\"locationEndDate\",\"price\",\"document\",\"nextInterviewDate\",\"interventions\",\"power\"]}','[]','2023-05-15 07:56:04.181000','2023-05-15 07:56:04.181000',NULL,NULL),(58,'plugin::content-manager.explorer.delete','api::absence.absence','{}','[]','2023-05-15 07:56:04.199000','2023-05-15 07:56:04.199000',NULL,NULL),(59,'plugin::content-manager.explorer.delete','api::agency.agency','{}','[]','2023-05-15 07:56:04.216000','2023-05-15 07:56:04.216000',NULL,NULL),(60,'plugin::content-manager.explorer.delete','api::category.category','{}','[]','2023-05-15 07:56:04.235000','2023-05-15 07:56:04.235000',NULL,NULL),(61,'plugin::content-manager.explorer.delete','api::comment.comment','{}','[]','2023-05-15 07:56:04.255000','2023-05-15 07:56:04.255000',NULL,NULL),(62,'plugin::content-manager.explorer.delete','api::contract.contract','{}','[]','2023-05-15 07:56:04.273000','2023-05-15 07:56:04.273000',NULL,NULL),(63,'plugin::content-manager.explorer.delete','api::intervention.intervention','{}','[]','2023-05-15 07:56:04.291000','2023-05-15 07:56:04.291000',NULL,NULL),(64,'plugin::content-manager.explorer.delete','api::issuers-role.issuers-role','{}','[]','2023-05-15 07:56:04.308000','2023-05-15 07:56:04.308000',NULL,NULL),(65,'plugin::content-manager.explorer.delete','api::media.media','{}','[]','2023-05-15 07:56:04.325000','2023-05-15 07:56:04.325000',NULL,NULL),(66,'plugin::content-manager.explorer.delete','api::nature.nature','{}','[]','2023-05-15 07:56:04.343000','2023-05-15 07:56:04.343000',NULL,NULL),(68,'plugin::content-manager.explorer.delete','api::priority.priority','{}','[]','2023-05-15 07:56:04.378000','2023-05-15 07:56:04.378000',NULL,NULL),(69,'plugin::content-manager.explorer.delete','api::property.property','{}','[]','2023-05-15 07:56:04.395000','2023-05-15 07:56:04.395000',NULL,NULL),(70,'plugin::content-manager.explorer.delete','api::stage.stage','{}','[]','2023-05-15 07:56:04.416000','2023-05-15 07:56:04.416000',NULL,NULL),(71,'plugin::content-manager.explorer.delete','api::state.state','{}','[]','2023-05-15 07:56:04.434000','2023-05-15 07:56:04.434000',NULL,NULL),(72,'plugin::content-manager.explorer.delete','api::ticket.ticket','{}','[]','2023-05-15 07:56:04.451000','2023-05-15 07:56:04.451000',NULL,NULL),(73,'plugin::content-manager.explorer.delete','api::tier.tier','{}','[]','2023-05-15 07:56:04.467000','2023-05-15 07:56:04.467000',NULL,NULL),(74,'plugin::content-manager.explorer.delete','api::tool.tool','{}','[]','2023-05-15 07:56:04.485000','2023-05-15 07:56:04.485000',NULL,NULL),(75,'plugin::content-manager.explorer.delete','api::type-of-site.type-of-site','{}','[]','2023-05-15 07:56:04.502000','2023-05-15 07:56:04.502000',NULL,NULL),(76,'plugin::content-manager.explorer.delete','api::vehicle.vehicle','{}','[]','2023-05-15 07:56:04.519000','2023-05-15 07:56:04.519000',NULL,NULL),(77,'plugin::upload.read',NULL,'{}','[]','2023-05-15 07:56:04.534000','2023-05-15 07:56:04.534000',NULL,NULL),(78,'plugin::upload.assets.create',NULL,'{}','[]','2023-05-15 07:56:04.551000','2023-05-15 07:56:04.551000',NULL,NULL),(79,'plugin::upload.assets.update',NULL,'{}','[]','2023-05-15 07:56:04.569000','2023-05-15 07:56:04.569000',NULL,NULL),(80,'plugin::upload.assets.download',NULL,'{}','[]','2023-05-15 07:56:04.586000','2023-05-15 07:56:04.586000',NULL,NULL),(81,'plugin::upload.assets.copy-link',NULL,'{}','[]','2023-05-15 07:56:04.606000','2023-05-15 07:56:04.606000',NULL,NULL),(82,'plugin::content-manager.explorer.create','api::absence.absence','{\"fields\":[\"startDate\",\"endDate\",\"users_permissions_user\",\"state\"]}','[\"admin::is-creator\"]','2023-05-15 07:56:04.641000','2023-12-01 14:37:08.882000',NULL,NULL),(83,'plugin::content-manager.explorer.create','api::agency.agency','{\"fields\":[\"name\",\"users_permissions_users\",\"properties\",\"tickets\",\"tradeName\",\"codeNafApe\",\"address\",\"zipCode\",\"city\",\"phone\",\"siren\",\"siret\",\"tva\",\"vehicles\",\"tools\",\"interventions\",\"type\",\"email\",\"tiers\",\"contracts\"]}','[\"admin::is-creator\"]','2023-05-15 07:56:04.666000','2023-05-15 07:56:04.666000',NULL,NULL),(84,'plugin::content-manager.explorer.create','api::category.category','{\"fields\":[\"name\",\"demande\"]}','[\"admin::is-creator\"]','2023-05-15 07:56:04.686000','2023-07-21 12:18:55.563000',NULL,NULL),(85,'plugin::content-manager.explorer.create','api::comment.comment','{\"fields\":[\"message\",\"ticket\",\"users_permissions_user\"]}','[\"admin::is-creator\"]','2023-05-15 07:56:04.702000','2023-05-15 07:56:04.702000',NULL,NULL),(86,'plugin::content-manager.explorer.create','api::contract.contract','{\"fields\":[\"name\",\"property\",\"startDate\",\"endDate\",\"file\",\"state\",\"agency\",\"billing\",\"total\",\"communicationManagement\",\"interventionHours\"]}','[\"admin::is-creator\"]','2023-05-15 07:56:04.730000','2023-05-15 07:56:04.730000',NULL,NULL),(87,'plugin::content-manager.explorer.create','api::intervention.intervention','{\"fields\":[\"description\",\"state\",\"startDate\",\"endDate\",\"users_permissions_users\",\"vehicles\",\"tools\",\"agency\"]}','[\"admin::is-creator\"]','2023-05-15 07:56:04.759000','2023-10-26 14:44:11.205000',NULL,NULL),(88,'plugin::content-manager.explorer.create','api::issuers-role.issuers-role','{\"fields\":[\"name\"]}','[\"admin::is-creator\"]','2023-05-15 07:56:04.781000','2023-05-15 07:56:04.781000',NULL,NULL),(89,'plugin::content-manager.explorer.create','api::media.media','{\"fields\":[\"file\",\"name\"]}','[\"admin::is-creator\"]','2023-05-15 07:56:04.800000','2023-11-20 21:40:45.348000',NULL,NULL),(90,'plugin::content-manager.explorer.create','api::nature.nature','{\"fields\":[\"name\"]}','[\"admin::is-creator\"]','2023-05-15 07:56:04.822000','2023-08-25 08:42:07.439000',NULL,NULL),(92,'plugin::content-manager.explorer.create','api::priority.priority','{\"fields\":[\"name\",\"relance_time\"]}','[\"admin::is-creator\"]','2023-05-15 07:56:04.868000','2024-01-10 17:19:25.050000',NULL,NULL),(93,'plugin::content-manager.explorer.create','api::property.property','{\"fields\":[\"name\",\"agency\",\"address\",\"stages\",\"phone\",\"tickets\",\"zipCode\",\"city\",\"contracts\",\"tiers\",\"settlementDate\",\"numberBatches\",\"numberResidentialLots\",\"numberParking\",\"typeSyndicates\",\"numberUnion\",\"numberElevator\",\"numberAutoGate\",\"gamesChildren\",\"typeHeating\",\"type_of_site\"]}','[\"admin::is-creator\"]','2023-05-15 07:56:04.889000','2023-08-11 16:28:28.381000',NULL,NULL),(94,'plugin::content-manager.explorer.create','api::stage.stage','{\"fields\":[\"name\"]}','[\"admin::is-creator\"]','2023-05-15 07:56:04.912000','2023-05-15 07:56:04.912000',NULL,NULL),(95,'plugin::content-manager.explorer.create','api::state.state','{\"fields\":[\"name\"]}','[\"admin::is-creator\"]','2023-05-15 07:56:04.933000','2023-05-15 07:56:04.933000',NULL,NULL),(96,'plugin::content-manager.explorer.create','api::ticket.ticket','{\"fields\":[\"description\",\"agency\",\"property\",\"address\",\"firstname\",\"lastname\",\"email\",\"phone\",\"state\",\"media\",\"users_permissions_user\",\"name\",\"ref\",\"city\",\"zipCode\",\"dateAssigned\",\"comments\",\"location\",\"duplicate\",\"dateClosed\",\"categories\",\"priority\",\"stage\",\"role\",\"nature\"]}','[\"admin::is-creator\"]','2023-05-15 07:56:04.951000','2023-10-26 14:44:11.205000',NULL,NULL),(97,'plugin::content-manager.explorer.create','api::tier.tier','{\"fields\":[\"name\",\"properties\",\"agencies\"]}','[\"admin::is-creator\"]','2023-05-15 07:56:04.973000','2023-09-28 11:38:37.207000',NULL,NULL),(98,'plugin::content-manager.explorer.create','api::tool.tool','{\"fields\":[\"type\",\"brand\",\"interventions\",\"agency\",\"model\",\"dateOfPurchase\",\"guaranteeEndDate\",\"price\",\"document\"]}','[\"admin::is-creator\"]','2023-05-15 07:56:04.993000','2023-05-15 07:56:04.993000',NULL,NULL),(99,'plugin::content-manager.explorer.create','api::type-of-site.type-of-site','{\"fields\":[\"name\"]}','[\"admin::is-creator\"]','2023-05-15 07:56:05.014000','2023-05-15 07:56:05.014000',NULL,NULL),(100,'plugin::content-manager.explorer.create','api::vehicle.vehicle','{\"fields\":[\"registrationNumber\",\"agency\",\"type\",\"brand\",\"model\",\"dateOfCirculation\",\"mileage\",\"dateOfMileageReport\",\"locationEndDate\",\"price\",\"document\",\"nextInterviewDate\",\"interventions\",\"power\"]}','[\"admin::is-creator\"]','2023-05-15 07:56:05.032000','2023-05-15 07:56:05.032000',NULL,NULL),(101,'plugin::content-manager.explorer.read','api::absence.absence','{\"fields\":[\"startDate\",\"endDate\",\"users_permissions_user\",\"state\"]}','[\"admin::is-creator\"]','2023-05-15 07:56:05.049000','2023-12-01 14:37:08.882000',NULL,NULL),(102,'plugin::content-manager.explorer.read','api::agency.agency','{\"fields\":[\"name\",\"users_permissions_users\",\"properties\",\"tickets\",\"tradeName\",\"codeNafApe\",\"address\",\"zipCode\",\"city\",\"phone\",\"siren\",\"siret\",\"tva\",\"vehicles\",\"tools\",\"interventions\",\"type\",\"email\",\"tiers\",\"contracts\"]}','[\"admin::is-creator\"]','2023-05-15 07:56:05.070000','2023-05-15 07:56:05.070000',NULL,NULL),(103,'plugin::content-manager.explorer.read','api::category.category','{\"fields\":[\"name\",\"demande\"]}','[\"admin::is-creator\"]','2023-05-15 07:56:05.090000','2023-07-21 12:18:55.563000',NULL,NULL),(104,'plugin::content-manager.explorer.read','api::comment.comment','{\"fields\":[\"message\",\"ticket\",\"users_permissions_user\"]}','[\"admin::is-creator\"]','2023-05-15 07:56:05.109000','2023-05-15 07:56:05.109000',NULL,NULL),(105,'plugin::content-manager.explorer.read','api::contract.contract','{\"fields\":[\"name\",\"property\",\"startDate\",\"endDate\",\"file\",\"state\",\"agency\",\"billing\",\"total\",\"communicationManagement\",\"interventionHours\"]}','[\"admin::is-creator\"]','2023-05-15 07:56:05.130000','2023-05-15 07:56:05.130000',NULL,NULL),(106,'plugin::content-manager.explorer.read','api::intervention.intervention','{\"fields\":[\"description\",\"state\",\"startDate\",\"endDate\",\"users_permissions_users\",\"vehicles\",\"tools\",\"agency\"]}','[\"admin::is-creator\"]','2023-05-15 07:56:05.151000','2023-10-26 14:44:11.205000',NULL,NULL),(107,'plugin::content-manager.explorer.read','api::issuers-role.issuers-role','{\"fields\":[\"name\"]}','[\"admin::is-creator\"]','2023-05-15 07:56:05.171000','2023-05-15 07:56:05.171000',NULL,NULL),(108,'plugin::content-manager.explorer.read','api::media.media','{\"fields\":[\"file\",\"name\"]}','[\"admin::is-creator\"]','2023-05-15 07:56:05.191000','2023-11-20 21:40:45.348000',NULL,NULL),(109,'plugin::content-manager.explorer.read','api::nature.nature','{\"fields\":[\"name\"]}','[\"admin::is-creator\"]','2023-05-15 07:56:05.210000','2023-08-25 08:42:07.439000',NULL,NULL),(111,'plugin::content-manager.explorer.read','api::priority.priority','{\"fields\":[\"name\",\"relance_time\"]}','[\"admin::is-creator\"]','2023-05-15 07:56:05.240000','2024-01-10 17:19:25.050000',NULL,NULL),(112,'plugin::content-manager.explorer.read','api::property.property','{\"fields\":[\"name\",\"agency\",\"address\",\"stages\",\"phone\",\"tickets\",\"zipCode\",\"city\",\"contracts\",\"tiers\",\"settlementDate\",\"numberBatches\",\"numberResidentialLots\",\"numberParking\",\"typeSyndicates\",\"numberUnion\",\"numberElevator\",\"numberAutoGate\",\"gamesChildren\",\"typeHeating\",\"type_of_site\"]}','[\"admin::is-creator\"]','2023-05-15 07:56:05.253000','2023-08-11 16:28:28.381000',NULL,NULL),(113,'plugin::content-manager.explorer.read','api::stage.stage','{\"fields\":[\"name\"]}','[\"admin::is-creator\"]','2023-05-15 07:56:05.268000','2023-05-15 07:56:05.268000',NULL,NULL),(121,'plugin::content-manager.explorer.create','api::issuers-role.issuers-role','{\"fields\":[\"name\"]}','[]','2023-05-15 07:56:10.886000','2023-05-15 07:56:10.886000',NULL,NULL),(127,'plugin::content-manager.explorer.create','api::stage.stage','{\"fields\":[\"name\"]}','[]','2023-05-15 07:56:11.016000','2023-05-15 07:56:11.016000',NULL,NULL),(132,'plugin::content-manager.explorer.create','api::type-of-site.type-of-site','{\"fields\":[\"name\"]}','[]','2023-05-15 07:56:11.120000','2023-05-15 07:56:11.120000',NULL,NULL),(133,'plugin::content-manager.explorer.create','api::vehicle.vehicle','{\"fields\":[\"registrationNumber\",\"agency\",\"type\",\"brand\",\"model\",\"dateOfCirculation\",\"mileage\",\"dateOfMileageReport\",\"locationEndDate\",\"price\",\"document\",\"nextInterviewDate\",\"interventions\",\"power\"]}','[]','2023-05-15 07:56:11.154000','2023-05-15 07:56:11.154000',NULL,NULL),(141,'plugin::content-manager.explorer.read','api::issuers-role.issuers-role','{\"fields\":[\"name\"]}','[]','2023-05-15 07:56:11.288000','2023-05-15 07:56:11.288000',NULL,NULL),(147,'plugin::content-manager.explorer.read','api::stage.stage','{\"fields\":[\"name\"]}','[]','2023-05-15 07:56:11.429000','2023-05-15 07:56:11.429000',NULL,NULL),(152,'plugin::content-manager.explorer.read','api::type-of-site.type-of-site','{\"fields\":[\"name\"]}','[]','2023-05-15 07:56:11.519000','2023-05-15 07:56:11.519000',NULL,NULL),(153,'plugin::content-manager.explorer.read','api::vehicle.vehicle','{\"fields\":[\"registrationNumber\",\"agency\",\"type\",\"brand\",\"model\",\"dateOfCirculation\",\"mileage\",\"dateOfMileageReport\",\"locationEndDate\",\"price\",\"document\",\"nextInterviewDate\",\"interventions\",\"power\"]}','[]','2023-05-15 07:56:11.537000','2023-05-15 07:56:11.537000',NULL,NULL),(161,'plugin::content-manager.explorer.update','api::issuers-role.issuers-role','{\"fields\":[\"name\"]}','[]','2023-05-15 07:56:11.687000','2023-05-15 07:56:11.687000',NULL,NULL),(167,'plugin::content-manager.explorer.update','api::stage.stage','{\"fields\":[\"name\"]}','[]','2023-05-15 07:56:11.779000','2023-05-15 07:56:11.779000',NULL,NULL),(172,'plugin::content-manager.explorer.update','api::type-of-site.type-of-site','{\"fields\":[\"name\"]}','[]','2023-05-15 07:56:11.870000','2023-05-15 07:56:11.870000',NULL,NULL),(173,'plugin::content-manager.explorer.update','api::vehicle.vehicle','{\"fields\":[\"registrationNumber\",\"agency\",\"type\",\"brand\",\"model\",\"dateOfCirculation\",\"mileage\",\"dateOfMileageReport\",\"locationEndDate\",\"price\",\"document\",\"nextInterviewDate\",\"interventions\",\"power\"]}','[]','2023-05-15 07:56:11.892000','2023-05-15 07:56:11.892000',NULL,NULL),(174,'plugin::content-manager.explorer.delete','plugin::users-permissions.user','{}','[]','2023-05-15 07:56:11.912000','2023-05-15 07:56:11.912000',NULL,NULL),(175,'plugin::content-manager.explorer.delete','api::absence.absence','{}','[]','2023-05-15 07:56:11.929000','2023-05-15 07:56:11.929000',NULL,NULL),(176,'plugin::content-manager.explorer.delete','api::agency.agency','{}','[]','2023-05-15 07:56:11.948000','2023-05-15 07:56:11.948000',NULL,NULL),(177,'plugin::content-manager.explorer.delete','api::category.category','{}','[]','2023-05-15 07:56:11.969000','2023-05-15 07:56:11.969000',NULL,NULL),(178,'plugin::content-manager.explorer.delete','api::comment.comment','{}','[]','2023-05-15 07:56:11.989000','2023-05-15 07:56:11.989000',NULL,NULL),(179,'plugin::content-manager.explorer.delete','api::contract.contract','{}','[]','2023-05-15 07:56:12.007000','2023-05-15 07:56:12.007000',NULL,NULL),(180,'plugin::content-manager.explorer.delete','api::intervention.intervention','{}','[]','2023-05-15 07:56:12.025000','2023-05-15 07:56:12.025000',NULL,NULL),(181,'plugin::content-manager.explorer.delete','api::issuers-role.issuers-role','{}','[]','2023-05-15 07:56:12.052000','2023-05-15 07:56:12.052000',NULL,NULL),(182,'plugin::content-manager.explorer.delete','api::media.media','{}','[]','2023-05-15 07:56:12.070000','2023-05-15 07:56:12.070000',NULL,NULL),(183,'plugin::content-manager.explorer.delete','api::nature.nature','{}','[]','2023-05-15 07:56:12.088000','2023-05-15 07:56:12.088000',NULL,NULL),(185,'plugin::content-manager.explorer.delete','api::priority.priority','{}','[]','2023-05-15 07:56:12.125000','2023-05-15 07:56:12.125000',NULL,NULL),(186,'plugin::content-manager.explorer.delete','api::property.property','{}','[]','2023-05-15 07:56:12.145000','2023-05-15 07:56:12.145000',NULL,NULL),(187,'plugin::content-manager.explorer.delete','api::stage.stage','{}','[]','2023-05-15 07:56:12.163000','2023-05-15 07:56:12.163000',NULL,NULL),(188,'plugin::content-manager.explorer.delete','api::state.state','{}','[]','2023-05-15 07:56:12.183000','2023-05-15 07:56:12.183000',NULL,NULL),(189,'plugin::content-manager.explorer.delete','api::ticket.ticket','{}','[]','2023-05-15 07:56:12.203000','2023-05-15 07:56:12.203000',NULL,NULL),(190,'plugin::content-manager.explorer.delete','api::tier.tier','{}','[]','2023-05-15 07:56:12.222000','2023-05-15 07:56:12.222000',NULL,NULL),(191,'plugin::content-manager.explorer.delete','api::tool.tool','{}','[]','2023-05-15 07:56:12.241000','2023-05-15 07:56:12.241000',NULL,NULL),(192,'plugin::content-manager.explorer.delete','api::type-of-site.type-of-site','{}','[]','2023-05-15 07:56:12.258000','2023-05-15 07:56:12.258000',NULL,NULL),(193,'plugin::content-manager.explorer.delete','api::vehicle.vehicle','{}','[]','2023-05-15 07:56:12.279000','2023-05-15 07:56:12.279000',NULL,NULL),(194,'plugin::content-manager.single-types.configure-view',NULL,'{}','[]','2023-05-15 07:56:12.296000','2023-05-15 07:56:12.296000',NULL,NULL),(195,'plugin::content-manager.collection-types.configure-view',NULL,'{}','[]','2023-05-15 07:56:12.316000','2023-05-15 07:56:12.316000',NULL,NULL),(196,'plugin::content-manager.components.configure-layout',NULL,'{}','[]','2023-05-15 07:56:12.336000','2023-05-15 07:56:12.336000',NULL,NULL),(197,'plugin::content-type-builder.read',NULL,'{}','[]','2023-05-15 07:56:12.357000','2023-05-15 07:56:12.357000',NULL,NULL),(198,'plugin::email.settings.read',NULL,'{}','[]','2023-05-15 07:56:12.377000','2023-05-15 07:56:12.377000',NULL,NULL),(199,'plugin::upload.read',NULL,'{}','[]','2023-05-15 07:56:12.397000','2023-05-15 07:56:12.397000',NULL,NULL),(200,'plugin::upload.assets.create',NULL,'{}','[]','2023-05-15 07:56:12.422000','2023-05-15 07:56:12.422000',NULL,NULL),(201,'plugin::upload.assets.update',NULL,'{}','[]','2023-05-15 07:56:12.443000','2023-05-15 07:56:12.443000',NULL,NULL),(202,'plugin::upload.assets.download',NULL,'{}','[]','2023-05-15 07:56:12.463000','2023-05-15 07:56:12.463000',NULL,NULL),(203,'plugin::upload.assets.copy-link',NULL,'{}','[]','2023-05-15 07:56:12.483000','2023-05-15 07:56:12.483000',NULL,NULL),(204,'plugin::upload.settings.read',NULL,'{}','[]','2023-05-15 07:56:12.512000','2023-05-15 07:56:12.512000',NULL,NULL),(209,'plugin::i18n.locale.create',NULL,'{}','[]','2023-05-15 07:56:12.614000','2023-05-15 07:56:12.614000',NULL,NULL),(210,'plugin::i18n.locale.read',NULL,'{}','[]','2023-05-15 07:56:12.629000','2023-05-15 07:56:12.629000',NULL,NULL),(211,'plugin::i18n.locale.update',NULL,'{}','[]','2023-05-15 07:56:12.646000','2023-05-15 07:56:12.646000',NULL,NULL),(212,'plugin::i18n.locale.delete',NULL,'{}','[]','2023-05-15 07:56:12.663000','2023-05-15 07:56:12.663000',NULL,NULL),(213,'plugin::users-permissions.roles.create',NULL,'{}','[]','2023-05-15 07:56:12.682000','2023-05-15 07:56:12.682000',NULL,NULL),(214,'plugin::users-permissions.roles.read',NULL,'{}','[]','2023-05-15 07:56:12.699000','2023-05-15 07:56:12.699000',NULL,NULL),(215,'plugin::users-permissions.roles.update',NULL,'{}','[]','2023-05-15 07:56:12.717000','2023-05-15 07:56:12.717000',NULL,NULL),(216,'plugin::users-permissions.roles.delete',NULL,'{}','[]','2023-05-15 07:56:12.735000','2023-05-15 07:56:12.735000',NULL,NULL),(217,'plugin::users-permissions.providers.read',NULL,'{}','[]','2023-05-15 07:56:12.756000','2023-05-15 07:56:12.756000',NULL,NULL),(218,'plugin::users-permissions.providers.update',NULL,'{}','[]','2023-05-15 07:56:12.773000','2023-05-15 07:56:12.773000',NULL,NULL),(219,'plugin::users-permissions.email-templates.read',NULL,'{}','[]','2023-05-15 07:56:12.793000','2023-05-15 07:56:12.793000',NULL,NULL),(220,'plugin::users-permissions.email-templates.update',NULL,'{}','[]','2023-05-15 07:56:12.808000','2023-05-15 07:56:12.808000',NULL,NULL),(221,'plugin::users-permissions.advanced-settings.read',NULL,'{}','[]','2023-05-15 07:56:12.833000','2023-05-15 07:56:12.833000',NULL,NULL),(222,'plugin::users-permissions.advanced-settings.update',NULL,'{}','[]','2023-05-15 07:56:12.850000','2023-05-15 07:56:12.850000',NULL,NULL),(223,'admin::marketplace.read',NULL,'{}','[]','2023-05-15 07:56:12.867000','2023-05-15 07:56:12.867000',NULL,NULL),(224,'admin::marketplace.plugins.install',NULL,'{}','[]','2023-05-15 07:56:12.886000','2023-05-15 07:56:12.886000',NULL,NULL),(225,'admin::marketplace.plugins.uninstall',NULL,'{}','[]','2023-05-15 07:56:12.904000','2023-05-15 07:56:12.904000',NULL,NULL),(226,'admin::webhooks.create',NULL,'{}','[]','2023-05-15 07:56:12.920000','2023-05-15 07:56:12.920000',NULL,NULL),(227,'admin::webhooks.read',NULL,'{}','[]','2023-05-15 07:56:12.938000','2023-05-15 07:56:12.938000',NULL,NULL),(228,'admin::webhooks.update',NULL,'{}','[]','2023-05-15 07:56:12.952000','2023-05-15 07:56:12.952000',NULL,NULL),(229,'admin::webhooks.delete',NULL,'{}','[]','2023-05-15 07:56:12.968000','2023-05-15 07:56:12.968000',NULL,NULL),(230,'admin::users.create',NULL,'{}','[]','2023-05-15 07:56:12.993000','2023-05-15 07:56:12.993000',NULL,NULL),(231,'admin::users.read',NULL,'{}','[]','2023-05-15 07:56:13.012000','2023-05-15 07:56:13.012000',NULL,NULL),(232,'admin::users.update',NULL,'{}','[]','2023-05-15 07:56:13.028000','2023-05-15 07:56:13.028000',NULL,NULL),(233,'admin::users.delete',NULL,'{}','[]','2023-05-15 07:56:13.044000','2023-05-15 07:56:13.044000',NULL,NULL),(234,'admin::roles.create',NULL,'{}','[]','2023-05-15 07:56:13.062000','2023-05-15 07:56:13.062000',NULL,NULL),(235,'admin::roles.read',NULL,'{}','[]','2023-05-15 07:56:13.078000','2023-05-15 07:56:13.078000',NULL,NULL),(236,'admin::roles.update',NULL,'{}','[]','2023-05-15 07:56:13.095000','2023-05-15 07:56:13.095000',NULL,NULL),(237,'admin::roles.delete',NULL,'{}','[]','2023-05-15 07:56:13.116000','2023-05-15 07:56:13.116000',NULL,NULL),(238,'admin::api-tokens.access',NULL,'{}','[]','2023-05-15 07:56:13.149000','2023-05-15 07:56:13.149000',NULL,NULL),(239,'admin::api-tokens.create',NULL,'{}','[]','2023-05-15 07:56:13.175000','2023-05-15 07:56:13.175000',NULL,NULL),(240,'admin::api-tokens.read',NULL,'{}','[]','2023-05-15 07:56:13.197000','2023-05-15 07:56:13.197000',NULL,NULL),(241,'admin::api-tokens.update',NULL,'{}','[]','2023-05-15 07:56:13.218000','2023-05-15 07:56:13.218000',NULL,NULL),(242,'admin::api-tokens.regenerate',NULL,'{}','[]','2023-05-15 07:56:13.237000','2023-05-15 07:56:13.237000',NULL,NULL),(243,'admin::api-tokens.delete',NULL,'{}','[]','2023-05-15 07:56:13.259000','2023-05-15 07:56:13.259000',NULL,NULL),(244,'admin::project-settings.update',NULL,'{}','[]','2023-05-15 07:56:13.280000','2023-05-15 07:56:13.280000',NULL,NULL),(245,'admin::project-settings.read',NULL,'{}','[]','2023-05-15 07:56:13.304000','2023-05-15 07:56:13.304000',NULL,NULL),(255,'plugin::content-manager.explorer.delete','api::qr-code.qr-code','{}','[]','2023-05-17 12:30:32.444000','2023-05-17 12:30:32.444000',NULL,NULL),(265,'plugin::content-manager.explorer.delete','api::individual.individual','{}','[]','2023-05-23 15:23:05.271000','2023-05-23 15:23:05.271000',NULL,NULL),(272,'plugin::content-manager.explorer.delete','api::frai.frai','{}','[]','2023-06-16 18:07:00.681000','2023-06-16 18:07:00.681000',NULL,NULL),(273,'plugin::content-manager.explorer.publish','api::frai.frai','{}','[]','2023-06-16 18:07:00.691000','2023-06-16 18:07:00.691000',NULL,NULL),(275,'plugin::content-manager.explorer.create','api::expenses-type.expenses-type','{\"fields\":[\"name\"]}','[]','2023-06-21 08:14:53.690000','2023-06-21 08:14:53.690000',NULL,NULL),(278,'plugin::content-manager.explorer.read','api::expenses-type.expenses-type','{\"fields\":[\"name\"]}','[]','2023-06-21 08:14:53.729000','2023-06-21 08:14:53.729000',NULL,NULL),(281,'plugin::content-manager.explorer.update','api::expenses-type.expenses-type','{\"fields\":[\"name\"]}','[]','2023-06-21 08:14:53.767000','2023-06-21 08:14:53.767000',NULL,NULL),(283,'plugin::content-manager.explorer.delete','api::expense-content.expense-content','{}','[]','2023-06-21 08:14:53.791000','2023-06-21 08:14:53.791000',NULL,NULL),(284,'plugin::content-manager.explorer.delete','api::expenses-type.expenses-type','{}','[]','2023-06-21 08:14:53.803000','2023-06-21 08:14:53.803000',NULL,NULL),(285,'plugin::content-manager.explorer.publish','api::expense-content.expense-content','{}','[]','2023-06-21 08:14:53.815000','2023-06-21 08:14:53.815000',NULL,NULL),(286,'plugin::content-manager.explorer.publish','api::expenses-type.expenses-type','{}','[]','2023-06-21 08:14:53.826000','2023-06-21 08:14:53.826000',NULL,NULL),(287,'plugin::content-manager.explorer.create','api::expense-content.expense-content','{\"fields\":[\"date\",\"category\",\"description\",\"amount\",\"vat\",\"file\",\"expense\"]}','[]','2023-06-23 07:41:12.506000','2023-06-23 07:41:12.506000',NULL,NULL),(288,'plugin::content-manager.explorer.read','api::expense-content.expense-content','{\"fields\":[\"date\",\"category\",\"description\",\"amount\",\"vat\",\"file\",\"expense\"]}','[]','2023-06-23 07:41:12.524000','2023-06-23 07:41:12.524000',NULL,NULL),(289,'plugin::content-manager.explorer.update','api::expense-content.expense-content','{\"fields\":[\"date\",\"category\",\"description\",\"amount\",\"vat\",\"file\",\"expense\"]}','[]','2023-06-23 07:41:12.538000','2023-06-23 07:41:12.538000',NULL,NULL),(291,'plugin::content-manager.explorer.create','api::attachment-service.attachment-service','{\"fields\":[\"name\"]}','[]','2023-07-21 12:18:54.593000','2023-07-21 12:18:54.593000',NULL,NULL),(292,'plugin::content-manager.explorer.create','api::authorization.authorization','{\"fields\":[\"name\"]}','[]','2023-07-21 12:18:54.615000','2023-07-21 12:18:54.615000',NULL,NULL),(294,'plugin::content-manager.explorer.create','api::certificate.certificate','{\"fields\":[\"name\"]}','[]','2023-07-21 12:18:54.639000','2023-07-21 12:18:54.639000',NULL,NULL),(295,'plugin::content-manager.explorer.create','api::coefficient.coefficient','{\"fields\":[\"name\"]}','[]','2023-07-21 12:18:54.653000','2023-07-21 12:18:54.653000',NULL,NULL),(297,'plugin::content-manager.explorer.create','api::days-worked.days-worked','{\"fields\":[\"name\"]}','[]','2023-07-21 12:18:54.678000','2023-07-21 12:18:54.678000',NULL,NULL),(299,'plugin::content-manager.explorer.create','api::function.function','{\"fields\":[\"name\"]}','[]','2023-07-21 12:18:54.708000','2023-07-21 12:18:54.708000',NULL,NULL),(302,'plugin::content-manager.explorer.create','api::origine.origine','{\"fields\":[\"name\"]}','[]','2023-07-21 12:18:54.745000','2023-07-21 12:18:54.745000',NULL,NULL),(303,'plugin::content-manager.explorer.create','api::qr-code.qr-code','{\"fields\":[\"property\",\"adresse\",\"zipCode\",\"city\",\"location\",\"stage\",\"tier\",\"agency\",\"qrcode\",\"individual\"]}','[]','2023-07-21 12:18:54.756000','2023-07-21 12:18:54.756000',NULL,NULL),(304,'plugin::content-manager.explorer.create','api::skill.skill','{\"fields\":[\"name\"]}','[]','2023-07-21 12:18:54.770000','2023-07-21 12:18:54.770000',NULL,NULL),(308,'plugin::content-manager.explorer.read','api::attachment-service.attachment-service','{\"fields\":[\"name\"]}','[]','2023-07-21 12:18:54.818000','2023-07-21 12:18:54.818000',NULL,NULL),(309,'plugin::content-manager.explorer.read','api::authorization.authorization','{\"fields\":[\"name\"]}','[]','2023-07-21 12:18:54.830000','2023-07-21 12:18:54.830000',NULL,NULL),(311,'plugin::content-manager.explorer.read','api::certificate.certificate','{\"fields\":[\"name\"]}','[]','2023-07-21 12:18:54.857000','2023-07-21 12:18:54.857000',NULL,NULL),(312,'plugin::content-manager.explorer.read','api::coefficient.coefficient','{\"fields\":[\"name\"]}','[]','2023-07-21 12:18:54.871000','2023-07-21 12:18:54.871000',NULL,NULL),(314,'plugin::content-manager.explorer.read','api::days-worked.days-worked','{\"fields\":[\"name\"]}','[]','2023-07-21 12:18:54.900000','2023-07-21 12:18:54.900000',NULL,NULL),(316,'plugin::content-manager.explorer.read','api::function.function','{\"fields\":[\"name\"]}','[]','2023-07-21 12:18:54.927000','2023-07-21 12:18:54.927000',NULL,NULL),(319,'plugin::content-manager.explorer.read','api::origine.origine','{\"fields\":[\"name\"]}','[]','2023-07-21 12:18:54.970000','2023-07-21 12:18:54.970000',NULL,NULL),(320,'plugin::content-manager.explorer.read','api::qr-code.qr-code','{\"fields\":[\"property\",\"adresse\",\"zipCode\",\"city\",\"location\",\"stage\",\"tier\",\"agency\",\"qrcode\",\"individual\"]}','[]','2023-07-21 12:18:54.986000','2023-07-21 12:18:54.986000',NULL,NULL),(321,'plugin::content-manager.explorer.read','api::skill.skill','{\"fields\":[\"name\"]}','[]','2023-07-21 12:18:55.000000','2023-07-21 12:18:55.000000',NULL,NULL),(325,'plugin::content-manager.explorer.update','api::attachment-service.attachment-service','{\"fields\":[\"name\"]}','[]','2023-07-21 12:18:55.064000','2023-07-21 12:18:55.064000',NULL,NULL),(326,'plugin::content-manager.explorer.update','api::authorization.authorization','{\"fields\":[\"name\"]}','[]','2023-07-21 12:18:55.078000','2023-07-21 12:18:55.078000',NULL,NULL),(328,'plugin::content-manager.explorer.update','api::certificate.certificate','{\"fields\":[\"name\"]}','[]','2023-07-21 12:18:55.114000','2023-07-21 12:18:55.114000',NULL,NULL),(329,'plugin::content-manager.explorer.update','api::coefficient.coefficient','{\"fields\":[\"name\"]}','[]','2023-07-21 12:18:55.131000','2023-07-21 12:18:55.131000',NULL,NULL),(331,'plugin::content-manager.explorer.update','api::days-worked.days-worked','{\"fields\":[\"name\"]}','[]','2023-07-21 12:18:55.165000','2023-07-21 12:18:55.165000',NULL,NULL),(333,'plugin::content-manager.explorer.update','api::function.function','{\"fields\":[\"name\"]}','[]','2023-07-21 12:18:55.198000','2023-07-21 12:18:55.198000',NULL,NULL),(336,'plugin::content-manager.explorer.update','api::origine.origine','{\"fields\":[\"name\"]}','[]','2023-07-21 12:18:55.243000','2023-07-21 12:18:55.243000',NULL,NULL),(337,'plugin::content-manager.explorer.update','api::qr-code.qr-code','{\"fields\":[\"property\",\"adresse\",\"zipCode\",\"city\",\"location\",\"stage\",\"tier\",\"agency\",\"qrcode\",\"individual\"]}','[]','2023-07-21 12:18:55.258000','2023-07-21 12:18:55.258000',NULL,NULL),(338,'plugin::content-manager.explorer.update','api::skill.skill','{\"fields\":[\"name\"]}','[]','2023-07-21 12:18:55.271000','2023-07-21 12:18:55.271000',NULL,NULL),(341,'plugin::content-manager.explorer.delete','api::attachment-service.attachment-service','{}','[]','2023-07-21 12:18:55.317000','2023-07-21 12:18:55.317000',NULL,NULL),(342,'plugin::content-manager.explorer.delete','api::authorization.authorization','{}','[]','2023-07-21 12:18:55.329000','2023-07-21 12:18:55.329000',NULL,NULL),(343,'plugin::content-manager.explorer.delete','api::certificate.certificate','{}','[]','2023-07-21 12:18:55.344000','2023-07-21 12:18:55.344000',NULL,NULL),(344,'plugin::content-manager.explorer.delete','api::coefficient.coefficient','{}','[]','2023-07-21 12:18:55.356000','2023-07-21 12:18:55.356000',NULL,NULL),(345,'plugin::content-manager.explorer.delete','api::days-worked.days-worked','{}','[]','2023-07-21 12:18:55.371000','2023-07-21 12:18:55.371000',NULL,NULL),(346,'plugin::content-manager.explorer.delete','api::function.function','{}','[]','2023-07-21 12:18:55.384000','2023-07-21 12:18:55.384000',NULL,NULL),(347,'plugin::content-manager.explorer.delete','api::origine.origine','{}','[]','2023-07-21 12:18:55.398000','2023-07-21 12:18:55.398000',NULL,NULL),(348,'plugin::content-manager.explorer.delete','api::skill.skill','{}','[]','2023-07-21 12:18:55.412000','2023-07-21 12:18:55.412000',NULL,NULL),(349,'plugin::content-manager.explorer.create','api::nature-of-site.nature-of-site','{\"fields\":[\"nature\"]}','[]','2023-07-25 12:41:39.273000','2023-07-25 12:41:39.273000',NULL,NULL),(350,'plugin::content-manager.explorer.read','api::nature-of-site.nature-of-site','{\"fields\":[\"nature\"]}','[]','2023-07-25 12:41:39.294000','2023-07-25 12:41:39.294000',NULL,NULL),(351,'plugin::content-manager.explorer.update','api::nature-of-site.nature-of-site','{\"fields\":[\"nature\"]}','[]','2023-07-25 12:41:39.309000','2023-07-25 12:41:39.309000',NULL,NULL),(352,'plugin::content-manager.explorer.delete','api::nature-of-site.nature-of-site','{}','[]','2023-07-25 12:41:39.321000','2023-07-25 12:41:39.321000',NULL,NULL),(353,'plugin::content-manager.explorer.publish','api::nature-of-site.nature-of-site','{}','[]','2023-07-25 12:41:39.335000','2023-07-25 12:41:39.335000',NULL,NULL),(354,'plugin::content-manager.explorer.create','api::equipment-of-site.equipment-of-site','{\"fields\":[\"title\",\"properties\"]}','[]','2023-07-27 12:32:01.032000','2023-07-27 12:32:01.032000',NULL,NULL),(355,'plugin::content-manager.explorer.create','api::fluid.fluid','{\"fields\":[\"title\",\"properties\"]}','[]','2023-07-27 12:32:01.052000','2023-07-27 12:32:01.052000',NULL,NULL),(359,'plugin::content-manager.explorer.read','api::equipment-of-site.equipment-of-site','{\"fields\":[\"title\",\"properties\"]}','[]','2023-07-27 12:32:01.120000','2023-07-27 12:32:01.120000',NULL,NULL),(360,'plugin::content-manager.explorer.read','api::fluid.fluid','{\"fields\":[\"title\",\"properties\"]}','[]','2023-07-27 12:32:01.142000','2023-07-27 12:32:01.142000',NULL,NULL),(364,'plugin::content-manager.explorer.update','api::equipment-of-site.equipment-of-site','{\"fields\":[\"title\",\"properties\"]}','[]','2023-07-27 12:32:01.221000','2023-07-27 12:32:01.221000',NULL,NULL),(365,'plugin::content-manager.explorer.update','api::fluid.fluid','{\"fields\":[\"title\",\"properties\"]}','[]','2023-07-27 12:32:01.240000','2023-07-27 12:32:01.240000',NULL,NULL),(369,'plugin::content-manager.explorer.delete','api::equipment-of-site.equipment-of-site','{}','[]','2023-07-27 12:32:01.326000','2023-07-27 12:32:01.326000',NULL,NULL),(370,'plugin::content-manager.explorer.delete','api::fluid.fluid','{}','[]','2023-07-27 12:32:01.346000','2023-07-27 12:32:01.346000',NULL,NULL),(371,'plugin::content-manager.explorer.delete','api::no-visible-comment.no-visible-comment','{}','[]','2023-07-27 12:32:01.363000','2023-07-27 12:32:01.363000',NULL,NULL),(372,'plugin::content-manager.explorer.delete','api::visible-comment.visible-comment','{}','[]','2023-07-27 12:32:01.379000','2023-07-27 12:32:01.379000',NULL,NULL),(373,'plugin::content-manager.explorer.publish','api::equipment-of-site.equipment-of-site','{}','[]','2023-07-27 12:32:01.392000','2023-07-27 12:32:01.392000',NULL,NULL),(374,'plugin::content-manager.explorer.publish','api::fluid.fluid','{}','[]','2023-07-27 12:32:01.407000','2023-07-27 12:32:01.407000',NULL,NULL),(375,'plugin::content-manager.explorer.publish','api::no-visible-comment.no-visible-comment','{}','[]','2023-07-27 12:32:01.421000','2023-07-27 12:32:01.421000',NULL,NULL),(376,'plugin::content-manager.explorer.publish','api::visible-comment.visible-comment','{}','[]','2023-07-27 12:32:01.438000','2023-07-27 12:32:01.438000',NULL,NULL),(378,'plugin::content-manager.explorer.create','api::agency.agency','{\"fields\":[\"name\",\"users_permissions_users\",\"properties\",\"tickets\",\"tradeName\",\"codeNafApe\",\"address\",\"city\",\"phone\",\"siren\",\"siret\",\"tva\",\"vehicles\",\"tools\",\"interventions\",\"type\",\"email\",\"tiers\",\"contracts\",\"expenses\",\"additional_address\",\"visible_comments\",\"no_visible_comments\",\"zipCode\"]}','[]','2023-08-03 08:59:22.059000','2023-08-03 08:59:22.059000',NULL,NULL),(380,'plugin::content-manager.explorer.create','api::no-visible-comment.no-visible-comment','{\"fields\":[\"comment\",\"agency\",\"property\",\"tier\",\"individual\",\"users_permissions_user\"]}','[]','2023-08-03 08:59:22.100000','2023-08-03 08:59:22.100000',NULL,NULL),(383,'plugin::content-manager.explorer.create','api::visible-comment.visible-comment','{\"fields\":[\"comment\",\"agency\",\"property\",\"tier\",\"individual\",\"users_permissions_user\"]}','[]','2023-08-03 08:59:22.158000','2023-08-03 08:59:22.158000',NULL,NULL),(385,'plugin::content-manager.explorer.read','api::agency.agency','{\"fields\":[\"name\",\"users_permissions_users\",\"properties\",\"tickets\",\"tradeName\",\"codeNafApe\",\"address\",\"city\",\"phone\",\"siren\",\"siret\",\"tva\",\"vehicles\",\"tools\",\"interventions\",\"type\",\"email\",\"tiers\",\"contracts\",\"expenses\",\"additional_address\",\"visible_comments\",\"no_visible_comments\",\"zipCode\"]}','[]','2023-08-03 08:59:22.204000','2023-08-03 08:59:22.204000',NULL,NULL),(387,'plugin::content-manager.explorer.read','api::no-visible-comment.no-visible-comment','{\"fields\":[\"comment\",\"agency\",\"property\",\"tier\",\"individual\",\"users_permissions_user\"]}','[]','2023-08-03 08:59:22.243000','2023-08-03 08:59:22.243000',NULL,NULL),(390,'plugin::content-manager.explorer.read','api::visible-comment.visible-comment','{\"fields\":[\"comment\",\"agency\",\"property\",\"tier\",\"individual\",\"users_permissions_user\"]}','[]','2023-08-03 08:59:22.306000','2023-08-03 08:59:22.306000',NULL,NULL),(392,'plugin::content-manager.explorer.update','api::agency.agency','{\"fields\":[\"name\",\"users_permissions_users\",\"properties\",\"tickets\",\"tradeName\",\"codeNafApe\",\"address\",\"city\",\"phone\",\"siren\",\"siret\",\"tva\",\"vehicles\",\"tools\",\"interventions\",\"type\",\"email\",\"tiers\",\"contracts\",\"expenses\",\"additional_address\",\"visible_comments\",\"no_visible_comments\",\"zipCode\"]}','[]','2023-08-03 08:59:22.342000','2023-08-03 08:59:22.342000',NULL,NULL),(394,'plugin::content-manager.explorer.update','api::no-visible-comment.no-visible-comment','{\"fields\":[\"comment\",\"agency\",\"property\",\"tier\",\"individual\",\"users_permissions_user\"]}','[]','2023-08-03 08:59:22.382000','2023-08-03 08:59:22.382000',NULL,NULL),(397,'plugin::content-manager.explorer.update','api::visible-comment.visible-comment','{\"fields\":[\"comment\",\"agency\",\"property\",\"tier\",\"individual\",\"users_permissions_user\"]}','[]','2023-08-03 08:59:22.438000','2023-08-03 08:59:22.438000',NULL,NULL),(398,'plugin::content-manager.explorer.delete','api::activity.activity','{}','[]','2023-08-03 08:59:22.455000','2023-08-03 08:59:22.455000',NULL,NULL),(405,'plugin::content-manager.explorer.create','api::category.category','{\"fields\":[\"name\",\"demande\",\"natures\"]}','[]','2023-08-25 08:42:07.186000','2023-08-25 08:42:07.186000',NULL,NULL),(406,'plugin::content-manager.explorer.create','api::nature.nature','{\"fields\":[\"name\",\"category\"]}','[]','2023-08-25 08:42:07.208000','2023-08-25 08:42:07.208000',NULL,NULL),(407,'plugin::content-manager.explorer.read','api::category.category','{\"fields\":[\"name\",\"demande\",\"natures\"]}','[]','2023-08-25 08:42:07.221000','2023-08-25 08:42:07.221000',NULL,NULL),(408,'plugin::content-manager.explorer.read','api::nature.nature','{\"fields\":[\"name\",\"category\"]}','[]','2023-08-25 08:42:07.238000','2023-08-25 08:42:07.238000',NULL,NULL),(409,'plugin::content-manager.explorer.update','api::category.category','{\"fields\":[\"name\",\"demande\",\"natures\"]}','[]','2023-08-25 08:42:07.255000','2023-08-25 08:42:07.255000',NULL,NULL),(410,'plugin::content-manager.explorer.update','api::nature.nature','{\"fields\":[\"name\",\"category\"]}','[]','2023-08-25 08:42:07.271000','2023-08-25 08:42:07.271000',NULL,NULL),(413,'plugin::content-manager.explorer.create','api::state.state','{\"fields\":[\"name\",\"color\"]}','[]','2023-09-07 13:19:11.124000','2023-09-07 13:19:11.124000',NULL,NULL),(415,'plugin::content-manager.explorer.create','api::ticket-state.ticket-state','{\"fields\":[\"user\",\"state\",\"role\",\"ticket\"]}','[]','2023-09-07 13:19:11.152000','2023-09-07 13:19:11.152000',NULL,NULL),(418,'plugin::content-manager.explorer.read','api::state.state','{\"fields\":[\"name\",\"color\"]}','[]','2023-09-07 13:19:11.184000','2023-09-07 13:19:11.184000',NULL,NULL),(420,'plugin::content-manager.explorer.read','api::ticket-state.ticket-state','{\"fields\":[\"user\",\"state\",\"role\",\"ticket\"]}','[]','2023-09-07 13:19:11.202000','2023-09-07 13:19:11.202000',NULL,NULL),(423,'plugin::content-manager.explorer.update','api::state.state','{\"fields\":[\"name\",\"color\"]}','[]','2023-09-07 13:19:11.237000','2023-09-07 13:19:11.237000',NULL,NULL),(425,'plugin::content-manager.explorer.update','api::ticket-state.ticket-state','{\"fields\":[\"user\",\"state\",\"role\",\"ticket\"]}','[]','2023-09-07 13:19:11.255000','2023-09-07 13:19:11.255000',NULL,NULL),(426,'plugin::content-manager.explorer.delete','api::ticket-state.ticket-state','{}','[]','2023-09-07 13:19:11.263000','2023-09-07 13:19:11.263000',NULL,NULL),(440,'plugin::content-manager.explorer.delete','api::ticket-reply.ticket-reply','{}','[]','2023-09-28 11:38:36.780000','2023-09-28 11:38:36.780000',NULL,NULL),(441,'plugin::content-manager.explorer.publish','api::ticket-reply.ticket-reply','{}','[]','2023-09-28 11:38:36.790000','2023-09-28 11:38:36.790000',NULL,NULL),(443,'plugin::content-manager.explorer.create','api::client-contract-service.client-contract-service','{\"fields\":[\"name\"]}','[]','2023-10-12 17:33:16.062000','2023-10-12 17:33:16.062000',NULL,NULL),(446,'plugin::content-manager.explorer.create','api::employee-contract-service.employee-contract-service','{\"fields\":[\"name\"]}','[]','2023-10-12 17:33:16.384000','2023-10-12 17:33:16.384000',NULL,NULL),(447,'plugin::content-manager.explorer.create','api::service.service','{\"fields\":[\"title\"]}','[]','2023-10-12 17:33:16.490000','2023-10-12 17:33:16.490000',NULL,NULL),(451,'plugin::content-manager.explorer.read','api::client-contract-service.client-contract-service','{\"fields\":[\"name\"]}','[]','2023-10-12 17:33:16.918000','2023-10-12 17:33:16.918000',NULL,NULL),(454,'plugin::content-manager.explorer.read','api::employee-contract-service.employee-contract-service','{\"fields\":[\"name\"]}','[]','2023-10-12 17:33:17.240000','2023-10-12 17:33:17.240000',NULL,NULL),(455,'plugin::content-manager.explorer.read','api::service.service','{\"fields\":[\"title\"]}','[]','2023-10-12 17:33:17.346000','2023-10-12 17:33:17.346000',NULL,NULL),(459,'plugin::content-manager.explorer.update','api::client-contract-service.client-contract-service','{\"fields\":[\"name\"]}','[]','2023-10-12 17:33:17.753000','2023-10-12 17:33:17.753000',NULL,NULL),(462,'plugin::content-manager.explorer.update','api::employee-contract-service.employee-contract-service','{\"fields\":[\"name\"]}','[]','2023-10-12 17:33:18.054000','2023-10-12 17:33:18.054000',NULL,NULL),(463,'plugin::content-manager.explorer.update','api::service.service','{\"fields\":[\"title\"]}','[]','2023-10-12 17:33:18.153000','2023-10-12 17:33:18.153000',NULL,NULL),(466,'plugin::content-manager.explorer.delete','api::client-contract-service.client-contract-service','{}','[]','2023-10-12 17:33:18.453000','2023-10-12 17:33:18.453000',NULL,NULL),(467,'plugin::content-manager.explorer.delete','api::employee-contract.employee-contract','{}','[]','2023-10-12 17:33:18.555000','2023-10-12 17:33:18.555000',NULL,NULL),(468,'plugin::content-manager.explorer.delete','api::employee-contract-service.employee-contract-service','{}','[]','2023-10-12 17:33:18.663000','2023-10-12 17:33:18.663000',NULL,NULL),(469,'plugin::content-manager.explorer.delete','api::service.service','{}','[]','2023-10-12 17:33:18.763000','2023-10-12 17:33:18.763000',NULL,NULL),(470,'plugin::content-manager.explorer.delete','api::tier-contract.tier-contract','{}','[]','2023-10-12 17:33:18.862000','2023-10-12 17:33:18.862000',NULL,NULL),(471,'plugin::content-manager.explorer.delete','api::tier-contract-reference.tier-contract-reference','{}','[]','2023-10-12 17:33:18.963000','2023-10-12 17:33:18.963000',NULL,NULL),(472,'plugin::content-manager.explorer.publish','api::client-contract-service.client-contract-service','{}','[]','2023-10-12 17:33:19.063000','2023-10-12 17:33:19.063000',NULL,NULL),(473,'plugin::content-manager.explorer.publish','api::employee-contract.employee-contract','{}','[]','2023-10-12 17:33:19.162000','2023-10-12 17:33:19.162000',NULL,NULL),(474,'plugin::content-manager.explorer.publish','api::employee-contract-service.employee-contract-service','{}','[]','2023-10-12 17:33:19.262000','2023-10-12 17:33:19.262000',NULL,NULL),(475,'plugin::content-manager.explorer.publish','api::service.service','{}','[]','2023-10-12 17:33:19.369000','2023-10-12 17:33:19.369000',NULL,NULL),(476,'plugin::content-manager.explorer.publish','api::tier-contract.tier-contract','{}','[]','2023-10-12 17:33:19.470000','2023-10-12 17:33:19.470000',NULL,NULL),(477,'plugin::content-manager.explorer.publish','api::tier-contract-reference.tier-contract-reference','{}','[]','2023-10-12 17:33:19.573000','2023-10-12 17:33:19.573000',NULL,NULL),(479,'plugin::content-manager.explorer.create','api::tier-contract-reference.tier-contract-reference','{\"fields\":[\"reference\",\"object\",\"tier_contract\"]}','[]','2023-10-19 12:52:09.244000','2023-10-19 12:52:09.244000',NULL,NULL),(481,'plugin::content-manager.explorer.read','api::tier-contract-reference.tier-contract-reference','{\"fields\":[\"reference\",\"object\",\"tier_contract\"]}','[]','2023-10-19 12:52:09.271000','2023-10-19 12:52:09.271000',NULL,NULL),(483,'plugin::content-manager.explorer.update','api::tier-contract-reference.tier-contract-reference','{\"fields\":[\"reference\",\"object\",\"tier_contract\"]}','[]','2023-10-19 12:52:09.293000','2023-10-19 12:52:09.293000',NULL,NULL),(486,'plugin::content-manager.explorer.create','api::intervention.intervention','{\"fields\":[\"description\",\"state\",\"startDate\",\"endDate\",\"users_permissions_users\",\"ticket\",\"vehicles\",\"tools\",\"agency\"]}','[]','2023-10-26 14:44:10.366000','2023-10-26 14:44:10.366000',NULL,NULL),(491,'plugin::content-manager.explorer.read','api::intervention.intervention','{\"fields\":[\"description\",\"state\",\"startDate\",\"endDate\",\"users_permissions_users\",\"ticket\",\"vehicles\",\"tools\",\"agency\"]}','[]','2023-10-26 14:44:10.616000','2023-10-26 14:44:10.616000',NULL,NULL),(496,'plugin::content-manager.explorer.update','api::intervention.intervention','{\"fields\":[\"description\",\"state\",\"startDate\",\"endDate\",\"users_permissions_users\",\"ticket\",\"vehicles\",\"tools\",\"agency\"]}','[]','2023-10-26 14:44:10.694000','2023-10-26 14:44:10.694000',NULL,NULL),(500,'plugin::content-manager.explorer.create','api::setting.setting','{\"fields\":[\"name\",\"hour\"]}','[]','2023-11-09 14:05:54.955000','2023-11-09 14:05:54.955000',NULL,NULL),(504,'plugin::content-manager.explorer.read','api::setting.setting','{\"fields\":[\"name\",\"hour\"]}','[]','2023-11-09 14:05:55.026000','2023-11-09 14:05:55.026000',NULL,NULL),(508,'plugin::content-manager.explorer.update','api::setting.setting','{\"fields\":[\"name\",\"hour\"]}','[]','2023-11-09 14:05:55.087000','2023-11-09 14:05:55.087000',NULL,NULL),(511,'plugin::content-manager.explorer.delete','api::relance-ticket.relance-ticket','{}','[]','2023-11-09 14:05:55.253000','2023-11-09 14:05:55.253000',NULL,NULL),(512,'plugin::content-manager.explorer.delete','api::setting.setting','{}','[]','2023-11-09 14:05:55.339000','2023-11-09 14:05:55.339000',NULL,NULL),(514,'plugin::content-manager.explorer.publish','api::setting.setting','{}','[]','2023-11-09 14:05:55.369000','2023-11-09 14:05:55.369000',NULL,NULL),(515,'plugin::content-manager.explorer.create','api::relance-ticket.relance-ticket','{\"fields\":[\"ticket\",\"date\",\"test\"]}','[]','2023-11-10 20:07:24.983000','2023-11-10 20:07:24.983000',NULL,NULL),(516,'plugin::content-manager.explorer.read','api::relance-ticket.relance-ticket','{\"fields\":[\"ticket\",\"date\",\"test\"]}','[]','2023-11-10 20:07:25.004000','2023-11-10 20:07:25.004000',NULL,NULL),(517,'plugin::content-manager.explorer.update','api::relance-ticket.relance-ticket','{\"fields\":[\"ticket\",\"date\",\"test\"]}','[]','2023-11-10 20:07:25.034000','2023-11-10 20:07:25.034000',NULL,NULL),(521,'plugin::content-manager.explorer.create','api::employee-contract.employee-contract','{\"fields\":[\"lastname\",\"firstname\",\"birth_date\",\"social_security_number\",\"address\",\"zip_code\",\"city\",\"personal_mail\",\"professional_mail\",\"personal_phone\",\"professional_phone\",\"start_date\",\"end_date\",\"state\",\"functions\",\"coefficients\",\"attachment_services\",\"superiors\",\"skills\",\"certificates\",\"authorizations\",\"hours_worked\",\"files\",\"days_workeds\",\"user\"]}','[]','2023-11-20 21:40:44.723000','2023-11-20 21:40:44.723000',NULL,NULL),(522,'plugin::content-manager.explorer.create','api::media.media','{\"fields\":[\"file\",\"name\"]}','[]','2023-11-20 21:40:44.744000','2023-11-20 21:40:44.744000',NULL,NULL),(523,'plugin::content-manager.explorer.create','api::property.property','{\"fields\":[\"name\",\"agency\",\"address\",\"users\",\"stages\",\"phone\",\"tickets\",\"zipCode\",\"city\",\"contracts\",\"tiers\",\"settlementDate\",\"numberBatches\",\"numberResidentialLots\",\"numberParking\",\"typeSyndicates\",\"numberUnion\",\"numberElevator\",\"numberAutoGate\",\"gamesChildren\",\"typeHeating\",\"type_of_site\",\"image\",\"individuals\",\"equipment_of_sites\",\"nature_of_site\",\"fluids\",\"management_syndicate\",\"main_batches\",\"secondary_batches\",\"tertiary_lots\",\"parking_lots\",\"immatriculation\",\"visible_comments\",\"no_visible_comments\",\"gestionnaire\",\"services\",\"visible_objects\"]}','[]','2023-11-20 21:40:44.768000','2023-11-20 21:40:44.768000',NULL,NULL),(525,'plugin::content-manager.explorer.create','api::visible-object.visible-object','{\"fields\":[\"equipment_of_sites\",\"fluids\",\"category\",\"property\"]}','[]','2023-11-20 21:40:44.804000','2023-11-20 21:40:44.804000',NULL,NULL),(526,'plugin::content-manager.explorer.read','api::employee-contract.employee-contract','{\"fields\":[\"lastname\",\"firstname\",\"birth_date\",\"social_security_number\",\"address\",\"zip_code\",\"city\",\"personal_mail\",\"professional_mail\",\"personal_phone\",\"professional_phone\",\"start_date\",\"end_date\",\"state\",\"functions\",\"coefficients\",\"attachment_services\",\"superiors\",\"skills\",\"certificates\",\"authorizations\",\"hours_worked\",\"files\",\"days_workeds\",\"user\"]}','[]','2023-11-20 21:40:44.825000','2023-11-20 21:40:44.825000',NULL,NULL),(527,'plugin::content-manager.explorer.read','api::media.media','{\"fields\":[\"file\",\"name\"]}','[]','2023-11-20 21:40:44.848000','2023-11-20 21:40:44.848000',NULL,NULL),(528,'plugin::content-manager.explorer.read','api::property.property','{\"fields\":[\"name\",\"agency\",\"address\",\"users\",\"stages\",\"phone\",\"tickets\",\"zipCode\",\"city\",\"contracts\",\"tiers\",\"settlementDate\",\"numberBatches\",\"numberResidentialLots\",\"numberParking\",\"typeSyndicates\",\"numberUnion\",\"numberElevator\",\"numberAutoGate\",\"gamesChildren\",\"typeHeating\",\"type_of_site\",\"image\",\"individuals\",\"equipment_of_sites\",\"nature_of_site\",\"fluids\",\"management_syndicate\",\"main_batches\",\"secondary_batches\",\"tertiary_lots\",\"parking_lots\",\"immatriculation\",\"visible_comments\",\"no_visible_comments\",\"gestionnaire\",\"services\",\"visible_objects\"]}','[]','2023-11-20 21:40:44.872000','2023-11-20 21:40:44.872000',NULL,NULL),(530,'plugin::content-manager.explorer.read','api::visible-object.visible-object','{\"fields\":[\"equipment_of_sites\",\"fluids\",\"category\",\"property\"]}','[]','2023-11-20 21:40:44.939000','2023-11-20 21:40:44.939000',NULL,NULL),(531,'plugin::content-manager.explorer.update','api::employee-contract.employee-contract','{\"fields\":[\"lastname\",\"firstname\",\"birth_date\",\"social_security_number\",\"address\",\"zip_code\",\"city\",\"personal_mail\",\"professional_mail\",\"personal_phone\",\"professional_phone\",\"start_date\",\"end_date\",\"state\",\"functions\",\"coefficients\",\"attachment_services\",\"superiors\",\"skills\",\"certificates\",\"authorizations\",\"hours_worked\",\"files\",\"days_workeds\",\"user\"]}','[]','2023-11-20 21:40:44.960000','2023-11-20 21:40:44.960000',NULL,NULL),(532,'plugin::content-manager.explorer.update','api::media.media','{\"fields\":[\"file\",\"name\"]}','[]','2023-11-20 21:40:44.978000','2023-11-20 21:40:44.978000',NULL,NULL),(533,'plugin::content-manager.explorer.update','api::property.property','{\"fields\":[\"name\",\"agency\",\"address\",\"users\",\"stages\",\"phone\",\"tickets\",\"zipCode\",\"city\",\"contracts\",\"tiers\",\"settlementDate\",\"numberBatches\",\"numberResidentialLots\",\"numberParking\",\"typeSyndicates\",\"numberUnion\",\"numberElevator\",\"numberAutoGate\",\"gamesChildren\",\"typeHeating\",\"type_of_site\",\"image\",\"individuals\",\"equipment_of_sites\",\"nature_of_site\",\"fluids\",\"management_syndicate\",\"main_batches\",\"secondary_batches\",\"tertiary_lots\",\"parking_lots\",\"immatriculation\",\"visible_comments\",\"no_visible_comments\",\"gestionnaire\",\"services\",\"visible_objects\"]}','[]','2023-11-20 21:40:44.998000','2023-11-20 21:40:44.998000',NULL,NULL),(535,'plugin::content-manager.explorer.update','api::visible-object.visible-object','{\"fields\":[\"equipment_of_sites\",\"fluids\",\"category\",\"property\"]}','[]','2023-11-20 21:40:45.035000','2023-11-20 21:40:45.035000',NULL,NULL),(536,'plugin::content-manager.explorer.delete','api::visible-object.visible-object','{}','[]','2023-11-20 21:40:45.050000','2023-11-20 21:40:45.050000',NULL,NULL),(537,'plugin::content-manager.explorer.publish','api::visible-object.visible-object','{}','[]','2023-11-20 21:40:45.067000','2023-11-20 21:40:45.067000',NULL,NULL),(539,'plugin::content-manager.explorer.create','api::absence-type.absence-type','{\"fields\":[\"name\"]}','[]','2023-11-29 16:44:12.709000','2023-11-29 16:44:12.709000',NULL,NULL),(544,'plugin::content-manager.explorer.read','api::absence-type.absence-type','{\"fields\":[\"name\"]}','[]','2023-11-29 16:44:12.835000','2023-11-29 16:44:12.835000',NULL,NULL),(549,'plugin::content-manager.explorer.update','api::absence-type.absence-type','{\"fields\":[\"name\"]}','[]','2023-11-29 16:44:12.951000','2023-11-29 16:44:12.951000',NULL,NULL),(553,'plugin::content-manager.explorer.delete','api::absence-type.absence-type','{}','[]','2023-11-29 16:44:13.024000','2023-11-29 16:44:13.024000',NULL,NULL),(554,'plugin::content-manager.explorer.publish','api::absence-type.absence-type','{}','[]','2023-11-29 16:44:13.046000','2023-11-29 16:44:13.046000',NULL,NULL),(555,'plugin::content-manager.explorer.create','api::absence.absence','{\"fields\":[\"startDate\",\"endDate\",\"users_permissions_user\",\"state\",\"absence_type\"]}','[]','2023-12-01 14:37:08.483000','2023-12-01 14:37:08.483000',NULL,NULL),(556,'plugin::content-manager.explorer.read','api::absence.absence','{\"fields\":[\"startDate\",\"endDate\",\"users_permissions_user\",\"state\",\"absence_type\"]}','[]','2023-12-01 14:37:08.501000','2023-12-01 14:37:08.501000',NULL,NULL),(557,'plugin::content-manager.explorer.update','api::absence.absence','{\"fields\":[\"startDate\",\"endDate\",\"users_permissions_user\",\"state\",\"absence_type\"]}','[]','2023-12-01 14:37:08.518000','2023-12-01 14:37:08.518000',NULL,NULL),(564,'plugin::content-manager.explorer.delete','api::ticket-log.ticket-log','{}','[]','2023-12-07 15:02:54.965000','2023-12-07 15:02:54.965000',NULL,NULL),(565,'plugin::content-manager.explorer.create','api::individual.individual','{\"fields\":[\"firstname\",\"lastname\",\"mail\",\"phone\",\"properties\",\"tiers\",\"visible_comments\",\"no_visible_comments\",\"from_qrcode\"]}','[]','2023-12-14 15:23:17.550000','2023-12-14 15:23:17.550000',NULL,NULL),(566,'plugin::content-manager.explorer.create','api::ticket.ticket','{\"fields\":[\"description\",\"agency\",\"property\",\"address\",\"firstname\",\"lastname\",\"email\",\"phone\",\"state\",\"users_permissions_user\",\"name\",\"ref\",\"city\",\"zipCode\",\"tiers\",\"dateAssigned\",\"comments\",\"location\",\"duplicate\",\"dateClosed\",\"categories\",\"priority\",\"stage\",\"role\",\"nature\",\"otherStage\",\"individuals\",\"origine\",\"qr_code\",\"empty\",\"ticket_states\",\"managers\",\"duplicatas\",\"duplicata_of\",\"is_duplicate\",\"ticket_reply\",\"request_type\",\"interventions\",\"send_target\",\"media\",\"ticket_logs\",\"relance_tickets\",\"unsubscribe\"]}','[]','2023-12-14 15:23:17.568000','2023-12-14 15:23:17.568000',NULL,NULL),(567,'plugin::content-manager.explorer.create','api::ticket-log.ticket-log','{\"fields\":[\"ticket\",\"gestionnaires\",\"tiers\",\"individuals\",\"action\",\"log_created_by\"]}','[]','2023-12-14 15:23:17.583000','2023-12-14 15:23:17.583000',NULL,NULL),(568,'plugin::content-manager.explorer.read','api::individual.individual','{\"fields\":[\"firstname\",\"lastname\",\"mail\",\"phone\",\"properties\",\"tiers\",\"visible_comments\",\"no_visible_comments\",\"from_qrcode\"]}','[]','2023-12-14 15:23:17.593000','2023-12-14 15:23:17.593000',NULL,NULL),(569,'plugin::content-manager.explorer.read','api::ticket.ticket','{\"fields\":[\"description\",\"agency\",\"property\",\"address\",\"firstname\",\"lastname\",\"email\",\"phone\",\"state\",\"users_permissions_user\",\"name\",\"ref\",\"city\",\"zipCode\",\"tiers\",\"dateAssigned\",\"comments\",\"location\",\"duplicate\",\"dateClosed\",\"categories\",\"priority\",\"stage\",\"role\",\"nature\",\"otherStage\",\"individuals\",\"origine\",\"qr_code\",\"empty\",\"ticket_states\",\"managers\",\"duplicatas\",\"duplicata_of\",\"is_duplicate\",\"ticket_reply\",\"request_type\",\"interventions\",\"send_target\",\"media\",\"ticket_logs\",\"relance_tickets\",\"unsubscribe\"]}','[]','2023-12-14 15:23:17.603000','2023-12-14 15:23:17.603000',NULL,NULL),(570,'plugin::content-manager.explorer.read','api::ticket-log.ticket-log','{\"fields\":[\"ticket\",\"gestionnaires\",\"tiers\",\"individuals\",\"action\",\"log_created_by\"]}','[]','2023-12-14 15:23:17.613000','2023-12-14 15:23:17.613000',NULL,NULL),(571,'plugin::content-manager.explorer.update','api::individual.individual','{\"fields\":[\"firstname\",\"lastname\",\"mail\",\"phone\",\"properties\",\"tiers\",\"visible_comments\",\"no_visible_comments\",\"from_qrcode\"]}','[]','2023-12-14 15:23:17.624000','2023-12-14 15:23:17.624000',NULL,NULL),(572,'plugin::content-manager.explorer.update','api::ticket.ticket','{\"fields\":[\"description\",\"agency\",\"property\",\"address\",\"firstname\",\"lastname\",\"email\",\"phone\",\"state\",\"users_permissions_user\",\"name\",\"ref\",\"city\",\"zipCode\",\"tiers\",\"dateAssigned\",\"comments\",\"location\",\"duplicate\",\"dateClosed\",\"categories\",\"priority\",\"stage\",\"role\",\"nature\",\"otherStage\",\"individuals\",\"origine\",\"qr_code\",\"empty\",\"ticket_states\",\"managers\",\"duplicatas\",\"duplicata_of\",\"is_duplicate\",\"ticket_reply\",\"request_type\",\"interventions\",\"send_target\",\"media\",\"ticket_logs\",\"relance_tickets\",\"unsubscribe\"]}','[]','2023-12-14 15:23:17.635000','2023-12-14 15:23:17.635000',NULL,NULL),(573,'plugin::content-manager.explorer.update','api::ticket-log.ticket-log','{\"fields\":[\"ticket\",\"gestionnaires\",\"tiers\",\"individuals\",\"action\",\"log_created_by\"]}','[]','2023-12-14 15:23:17.648000','2023-12-14 15:23:17.648000',NULL,NULL),(574,'plugin::content-manager.explorer.create','api::comment.comment','{\"fields\":[\"message\",\"ticket\",\"users_permissions_user\",\"seen\"]}','[]','2023-12-18 15:29:20.696000','2023-12-18 15:29:20.696000',NULL,NULL),(575,'plugin::content-manager.explorer.create','api::frai.frai','{\"fields\":[\"name\",\"amount\",\"image\",\"users_frai\",\"state\",\"expenses_contents\",\"agency\",\"firstname\",\"lastname\"]}','[]','2023-12-18 15:29:20.712000','2023-12-18 15:29:20.712000',NULL,NULL),(576,'plugin::content-manager.explorer.read','api::comment.comment','{\"fields\":[\"message\",\"ticket\",\"users_permissions_user\",\"seen\"]}','[]','2023-12-18 15:29:20.727000','2023-12-18 15:29:20.727000',NULL,NULL),(577,'plugin::content-manager.explorer.read','api::frai.frai','{\"fields\":[\"name\",\"amount\",\"image\",\"users_frai\",\"state\",\"expenses_contents\",\"agency\",\"firstname\",\"lastname\"]}','[]','2023-12-18 15:29:20.742000','2023-12-18 15:29:20.742000',NULL,NULL),(578,'plugin::content-manager.explorer.update','api::comment.comment','{\"fields\":[\"message\",\"ticket\",\"users_permissions_user\",\"seen\"]}','[]','2023-12-18 15:29:20.761000','2023-12-18 15:29:20.761000',NULL,NULL),(579,'plugin::content-manager.explorer.update','api::frai.frai','{\"fields\":[\"name\",\"amount\",\"image\",\"users_frai\",\"state\",\"expenses_contents\",\"agency\",\"firstname\",\"lastname\"]}','[]','2023-12-18 15:29:20.778000','2023-12-18 15:29:20.778000',NULL,NULL),(580,'plugin::content-manager.explorer.create','api::contract.contract','{\"fields\":[\"name\",\"property\",\"startDate\",\"endDate\",\"file\",\"state\",\"agency\",\"billing\",\"total\",\"communicationManagement\",\"interventionHours\",\"socialReason\",\"mailSociety\",\"phoneSociety\",\"addressSociety\",\"zipCodeSociety\",\"citySociety\",\"astreinte\",\"firstname\",\"lastname\",\"mail\",\"phone\",\"contactFirt\",\"contactSecond\",\"reference\",\"object\",\"activity\",\"users\",\"deadline\",\"annualSolicitationPrice\",\"annualTravelPrice\",\"annualHoursOutContract\",\"duration\",\"address\",\"zipCode\",\"city\",\"dateOfBirth\",\"secuNumber\",\"mailPro\",\"phonePro\",\"hoursWorked\",\"functions\",\"coefficients\",\"attachmentServices\",\"skills\",\"certificates\",\"authorizations\",\"daysWorkeds\",\"lineManagers\",\"client_contract_services\",\"annualHours\",\"logo\"]}','[]','2024-01-10 17:19:24.685000','2024-01-10 17:19:24.685000',NULL,NULL),(581,'plugin::content-manager.explorer.create','api::priority.priority','{\"fields\":[\"name\",\"relance_time\"]}','[]','2024-01-10 17:19:24.699000','2024-01-10 17:19:24.699000',NULL,NULL),(582,'plugin::content-manager.explorer.create','api::ticket-reply.ticket-reply','{\"fields\":[\"answer\",\"users_permissions_user\",\"ticket\",\"last_answer\",\"answer_checked\"]}','[]','2024-01-10 17:19:24.712000','2024-01-10 17:19:24.712000',NULL,NULL),(583,'plugin::content-manager.explorer.read','api::contract.contract','{\"fields\":[\"name\",\"property\",\"startDate\",\"endDate\",\"file\",\"state\",\"agency\",\"billing\",\"total\",\"communicationManagement\",\"interventionHours\",\"socialReason\",\"mailSociety\",\"phoneSociety\",\"addressSociety\",\"zipCodeSociety\",\"citySociety\",\"astreinte\",\"firstname\",\"lastname\",\"mail\",\"phone\",\"contactFirt\",\"contactSecond\",\"reference\",\"object\",\"activity\",\"users\",\"deadline\",\"annualSolicitationPrice\",\"annualTravelPrice\",\"annualHoursOutContract\",\"duration\",\"address\",\"zipCode\",\"city\",\"dateOfBirth\",\"secuNumber\",\"mailPro\",\"phonePro\",\"hoursWorked\",\"functions\",\"coefficients\",\"attachmentServices\",\"skills\",\"certificates\",\"authorizations\",\"daysWorkeds\",\"lineManagers\",\"client_contract_services\",\"annualHours\",\"logo\"]}','[]','2024-01-10 17:19:24.723000','2024-01-10 17:19:24.723000',NULL,NULL),(584,'plugin::content-manager.explorer.read','api::priority.priority','{\"fields\":[\"name\",\"relance_time\"]}','[]','2024-01-10 17:19:24.733000','2024-01-10 17:19:24.733000',NULL,NULL),(585,'plugin::content-manager.explorer.read','api::ticket-reply.ticket-reply','{\"fields\":[\"answer\",\"users_permissions_user\",\"ticket\",\"last_answer\",\"answer_checked\"]}','[]','2024-01-10 17:19:24.745000','2024-01-10 17:19:24.745000',NULL,NULL),(586,'plugin::content-manager.explorer.update','api::contract.contract','{\"fields\":[\"name\",\"property\",\"startDate\",\"endDate\",\"file\",\"state\",\"agency\",\"billing\",\"total\",\"communicationManagement\",\"interventionHours\",\"socialReason\",\"mailSociety\",\"phoneSociety\",\"addressSociety\",\"zipCodeSociety\",\"citySociety\",\"astreinte\",\"firstname\",\"lastname\",\"mail\",\"phone\",\"contactFirt\",\"contactSecond\",\"reference\",\"object\",\"activity\",\"users\",\"deadline\",\"annualSolicitationPrice\",\"annualTravelPrice\",\"annualHoursOutContract\",\"duration\",\"address\",\"zipCode\",\"city\",\"dateOfBirth\",\"secuNumber\",\"mailPro\",\"phonePro\",\"hoursWorked\",\"functions\",\"coefficients\",\"attachmentServices\",\"skills\",\"certificates\",\"authorizations\",\"daysWorkeds\",\"lineManagers\",\"client_contract_services\",\"annualHours\",\"logo\"]}','[]','2024-01-10 17:19:24.755000','2024-01-10 17:19:24.755000',NULL,NULL),(587,'plugin::content-manager.explorer.update','api::priority.priority','{\"fields\":[\"name\",\"relance_time\"]}','[]','2024-01-10 17:19:24.767000','2024-01-10 17:19:24.767000',NULL,NULL),(588,'plugin::content-manager.explorer.update','api::ticket-reply.ticket-reply','{\"fields\":[\"answer\",\"users_permissions_user\",\"ticket\",\"last_answer\",\"answer_checked\"]}','[]','2024-01-10 17:19:24.778000','2024-01-10 17:19:24.778000',NULL,NULL),(589,'plugin::content-manager.explorer.create','api::activity.activity','{\"fields\":[\"name\"]}','[]','2024-01-17 09:58:10.154000','2024-01-17 09:58:10.154000',NULL,NULL),(590,'plugin::content-manager.explorer.read','api::activity.activity','{\"fields\":[\"name\"]}','[]','2024-01-17 09:58:10.172000','2024-01-17 09:58:10.172000',NULL,NULL),(591,'plugin::content-manager.explorer.update','api::activity.activity','{\"fields\":[\"name\"]}','[]','2024-01-17 09:58:10.186000','2024-01-17 09:58:10.186000',NULL,NULL),(592,'plugin::content-manager.explorer.create','api::tool.tool','{\"fields\":[\"type\",\"brand\",\"interventions\",\"agency\",\"model\",\"dateOfPurchase\",\"guaranteeEndDate\",\"price\",\"document\",\"description\"]}','[]','2024-01-25 14:42:21.908000','2024-01-25 14:42:21.908000',NULL,NULL),(593,'plugin::content-manager.explorer.create','api::type-of-material.type-of-material','{\"fields\":[\"name\"]}','[]','2024-01-25 14:42:21.943000','2024-01-25 14:42:21.943000',NULL,NULL),(594,'plugin::content-manager.explorer.read','api::tool.tool','{\"fields\":[\"type\",\"brand\",\"interventions\",\"agency\",\"model\",\"dateOfPurchase\",\"guaranteeEndDate\",\"price\",\"document\",\"description\"]}','[]','2024-01-25 14:42:21.961000','2024-01-25 14:42:21.961000',NULL,NULL),(595,'plugin::content-manager.explorer.read','api::type-of-material.type-of-material','{\"fields\":[\"name\"]}','[]','2024-01-25 14:42:21.978000','2024-01-25 14:42:21.978000',NULL,NULL),(596,'plugin::content-manager.explorer.update','api::tool.tool','{\"fields\":[\"type\",\"brand\",\"interventions\",\"agency\",\"model\",\"dateOfPurchase\",\"guaranteeEndDate\",\"price\",\"document\",\"description\"]}','[]','2024-01-25 14:42:21.995000','2024-01-25 14:42:21.995000',NULL,NULL),(597,'plugin::content-manager.explorer.update','api::type-of-material.type-of-material','{\"fields\":[\"name\"]}','[]','2024-01-25 14:42:22.013000','2024-01-25 14:42:22.013000',NULL,NULL),(598,'plugin::content-manager.explorer.delete','api::type-of-material.type-of-material','{}','[]','2024-01-25 14:42:22.028000','2024-01-25 14:42:22.028000',NULL,NULL),(600,'plugin::content-manager.explorer.create','api::job.job','{\"fields\":[\"name\"]}','[]','2024-01-31 17:59:45.135000','2024-01-31 17:59:45.135000',NULL,NULL),(601,'plugin::content-manager.explorer.create','api::tier.tier','{\"fields\":[\"name\",\"address\",\"properties\",\"siret\",\"phone\",\"agencies\",\"additionalAddress\",\"city\",\"mail\",\"individuals\",\"activities\",\"visible_comments\",\"no_visible_comments\",\"zipCode\",\"tvaNumber\",\"from_qrcode\"]}','[]','2024-01-31 17:59:45.146000','2024-01-31 17:59:45.146000',NULL,NULL),(603,'plugin::content-manager.explorer.read','api::job.job','{\"fields\":[\"name\"]}','[]','2024-01-31 17:59:45.169000','2024-01-31 17:59:45.169000',NULL,NULL),(604,'plugin::content-manager.explorer.read','api::tier.tier','{\"fields\":[\"name\",\"address\",\"properties\",\"siret\",\"phone\",\"agencies\",\"additionalAddress\",\"city\",\"mail\",\"individuals\",\"activities\",\"visible_comments\",\"no_visible_comments\",\"zipCode\",\"tvaNumber\",\"from_qrcode\"]}','[]','2024-01-31 17:59:45.184000','2024-01-31 17:59:45.184000',NULL,NULL),(606,'plugin::content-manager.explorer.update','api::job.job','{\"fields\":[\"name\"]}','[]','2024-01-31 17:59:45.210000','2024-01-31 17:59:45.210000',NULL,NULL),(607,'plugin::content-manager.explorer.update','api::tier.tier','{\"fields\":[\"name\",\"address\",\"properties\",\"siret\",\"phone\",\"agencies\",\"additionalAddress\",\"city\",\"mail\",\"individuals\",\"activities\",\"visible_comments\",\"no_visible_comments\",\"zipCode\",\"tvaNumber\",\"from_qrcode\"]}','[]','2024-01-31 17:59:45.220000','2024-01-31 17:59:45.220000',NULL,NULL),(608,'plugin::content-manager.explorer.delete','api::job.job','{}','[]','2024-01-31 17:59:45.236000','2024-01-31 17:59:45.236000',NULL,NULL),(609,'plugin::content-manager.explorer.publish','api::job.job','{}','[]','2024-01-31 17:59:45.250000','2024-01-31 17:59:45.250000',NULL,NULL),(610,'plugin::content-manager.explorer.create','api::tier-contract.tier-contract','{\"fields\":[\"name\",\"email\",\"phone\",\"address\",\"zip_code\",\"city\",\"activities\",\"manager_firstname\",\"manager_lastname\",\"priority_contact\",\"secondary_contact\",\"astreinte\",\"manager_mail\",\"manager_phone\",\"references\",\"application\",\"file\",\"tier\",\"intervention_delay\",\"property\"]}','[]','2024-02-28 19:40:13.462000','2024-02-28 19:40:13.462000',NULL,NULL),(611,'plugin::content-manager.explorer.read','api::tier-contract.tier-contract','{\"fields\":[\"name\",\"email\",\"phone\",\"address\",\"zip_code\",\"city\",\"activities\",\"manager_firstname\",\"manager_lastname\",\"priority_contact\",\"secondary_contact\",\"astreinte\",\"manager_mail\",\"manager_phone\",\"references\",\"application\",\"file\",\"tier\",\"intervention_delay\",\"property\"]}','[]','2024-02-28 19:40:13.492000','2024-02-28 19:40:13.492000',NULL,NULL),(612,'plugin::content-manager.explorer.update','api::tier-contract.tier-contract','{\"fields\":[\"name\",\"email\",\"phone\",\"address\",\"zip_code\",\"city\",\"activities\",\"manager_firstname\",\"manager_lastname\",\"priority_contact\",\"secondary_contact\",\"astreinte\",\"manager_mail\",\"manager_phone\",\"references\",\"application\",\"file\",\"tier\",\"intervention_delay\",\"property\"]}','[]','2024-02-28 19:40:13.512000','2024-02-28 19:40:13.512000',NULL,NULL),(613,'plugin::content-manager.explorer.create','plugin::users-permissions.user','{\"fields\":[\"username\",\"email\",\"provider\",\"password\",\"resetPasswordToken\",\"confirmationToken\",\"confirmed\",\"blocked\",\"role\",\"agency\",\"firstname\",\"phone\",\"lastname\",\"tickets\",\"interventions\",\"absences\",\"dateOfBirth\",\"address\",\"phonePerso\",\"emailPerso\",\"job\",\"sector\",\"authorization\",\"comments\",\"image\",\"properties\",\"sites\",\"service\",\"is_internal\",\"employee_contract\",\"frai\",\"service_properties\"]}','[]','2024-04-12 09:43:21.857000','2024-04-12 09:43:21.857000',NULL,NULL),(614,'plugin::content-manager.explorer.read','plugin::users-permissions.user','{\"fields\":[\"username\",\"email\",\"provider\",\"password\",\"resetPasswordToken\",\"confirmationToken\",\"confirmed\",\"blocked\",\"role\",\"agency\",\"firstname\",\"phone\",\"lastname\",\"tickets\",\"interventions\",\"absences\",\"dateOfBirth\",\"address\",\"phonePerso\",\"emailPerso\",\"job\",\"sector\",\"authorization\",\"comments\",\"image\",\"properties\",\"sites\",\"service\",\"is_internal\",\"employee_contract\",\"frai\",\"service_properties\"]}','[]','2024-04-12 09:43:21.903000','2024-04-12 09:43:21.903000',NULL,NULL),(615,'plugin::content-manager.explorer.update','plugin::users-permissions.user','{\"fields\":[\"username\",\"email\",\"provider\",\"password\",\"resetPasswordToken\",\"confirmationToken\",\"confirmed\",\"blocked\",\"role\",\"agency\",\"firstname\",\"phone\",\"lastname\",\"tickets\",\"interventions\",\"absences\",\"dateOfBirth\",\"address\",\"phonePerso\",\"emailPerso\",\"job\",\"sector\",\"authorization\",\"comments\",\"image\",\"properties\",\"sites\",\"service\",\"is_internal\",\"employee_contract\",\"frai\",\"service_properties\"]}','[]','2024-04-12 09:43:21.921000','2024-04-12 09:43:21.921000',NULL,NULL);
/*!40000 ALTER TABLE `admin_permissions` ENABLE KEYS */;
UNLOCK TABLES;

--
-- Table structure for table `admin_permissions_role_links`
--

DROP TABLE IF EXISTS `admin_permissions_role_links`;
/*!40101 SET @saved_cs_client     = @@character_set_client */;
/*!50503 SET character_set_client = utf8mb4 */;
CREATE TABLE `admin_permissions_role_links` (
  `id` int(10) unsigned NOT NULL AUTO_INCREMENT,
  `permission_id` int(10) unsigned DEFAULT NULL,
  `role_id` int(10) unsigned DEFAULT NULL,
  `permission_order` int(10) unsigned DEFAULT NULL,
  PRIMARY KEY (`id`),
  UNIQUE KEY `admin_permissions_role_links_unique` (`permission_id`,`role_id`),
  KEY `admin_permissions_role_links_fk` (`permission_id`),
  KEY `admin_permissions_role_links_inv_fk` (`role_id`),
  KEY `admin_permissions_role_links_order_inv_fk` (`permission_order`),
  CONSTRAINT `admin_permissions_role_links_fk` FOREIGN KEY (`permission_id`) REFERENCES `admin_permissions` (`id`) ON DELETE CASCADE,
  CONSTRAINT `admin_permissions_role_links_inv_fk` FOREIGN KEY (`role_id`) REFERENCES `admin_roles` (`id`) ON DELETE CASCADE
) ENGINE=InnoDB AUTO_INCREMENT=615 DEFAULT CHARSET=utf8mb3 COLLATE=utf8mb3_general_ci;
/*!40101 SET character_set_client = @saved_cs_client */;

--
-- Dumping data for table `admin_permissions_role_links`
--

LOCK TABLES `admin_permissions_role_links` WRITE;
/*!40000 ALTER TABLE `admin_permissions_role_links` DISABLE KEYS */;
INSERT INTO `admin_permissions_role_links` VALUES (1,1,2,1),(2,2,2,2),(3,3,2,3),(4,4,2,4),(5,5,2,5),(6,6,2,6),(7,7,2,7),(8,8,2,8),(9,9,2,9),(11,11,2,11),(12,12,2,12),(13,13,2,13),(14,14,2,14),(15,15,2,15),(16,16,2,16),(17,17,2,17),(18,18,2,18),(19,19,2,19),(20,20,2,20),(21,21,2,21),(22,22,2,22),(23,23,2,23),(24,24,2,24),(25,25,2,25),(26,26,2,26),(27,27,2,27),(28,28,2,28),(30,30,2,30),(31,31,2,31),(32,32,2,32),(33,33,2,33),(34,34,2,34),(35,35,2,35),(36,36,2,36),(37,37,2,37),(38,38,2,38),(39,39,2,39),(40,40,2,40),(41,41,2,41),(42,42,2,42),(43,43,2,43),(44,44,2,44),(45,45,2,45),(46,46,2,46),(47,47,2,47),(49,49,2,49),(50,50,2,50),(51,51,2,51),(52,52,2,52),(53,53,2,53),(54,54,2,54),(55,55,2,55),(56,56,2,56),(57,57,2,57),(58,58,2,58),(59,59,2,59),(60,60,2,60),(61,61,2,61),(62,62,2,62),(63,63,2,63),(64,64,2,64),(65,65,2,65),(66,66,2,66),(68,68,2,68),(69,69,2,69),(70,70,2,70),(71,71,2,71),(72,72,2,72),(73,73,2,73),(74,74,2,74),(75,75,2,75),(76,76,2,76),(77,77,2,77),(78,78,2,78),(79,79,2,79),(80,80,2,80),(81,81,2,81),(82,82,3,1),(83,83,3,2),(84,84,3,3),(85,85,3,4),(86,86,3,5),(87,87,3,6),(88,88,3,7),(89,89,3,8),(90,90,3,9),(92,92,3,11),(93,93,3,12),(94,94,3,13),(95,95,3,14),(96,96,3,15),(97,97,3,16),(98,98,3,17),(99,99,3,18),(100,100,3,19),(101,101,3,20),(102,102,3,21),(103,103,3,22),(104,104,3,23),(105,105,3,24),(106,106,3,25),(107,107,3,26),(108,108,3,27),(109,109,3,28),(111,111,3,30),(112,112,3,31),(120,121,1,8),(126,127,1,14),(131,132,1,19),(132,133,1,20),(140,141,1,28),(146,147,1,34),(151,152,1,39),(152,153,1,40),(160,161,1,48),(166,167,1,54),(171,172,1,59),(172,173,1,60),(173,174,1,61),(174,175,1,62),(175,176,1,63),(176,177,1,64),(177,178,1,65),(178,179,1,66),(179,180,1,67),(180,181,1,68),(181,182,1,69),(182,183,1,70),(184,185,1,72),(185,186,1,73),(186,187,1,74),(187,188,1,75),(188,189,1,76),(189,190,1,77),(190,191,1,78),(191,192,1,79),(192,193,1,80),(193,194,1,81),(194,195,1,82),(195,196,1,83),(196,197,1,84),(197,198,1,85),(198,199,1,86),(199,200,1,87),(200,201,1,88),(201,202,1,89),(202,203,1,90),(203,204,1,91),(208,209,1,96),(209,210,1,97),(210,211,1,98),(211,212,1,99),(212,213,1,100),(213,214,1,101),(214,215,1,102),(215,216,1,103),(216,217,1,104),(217,218,1,105),(218,219,1,106),(219,220,1,107),(220,221,1,108),(221,222,1,109),(222,223,1,110),(223,224,1,111),(224,225,1,112),(225,226,1,113),(226,227,1,114),(227,228,1,115),(228,229,1,116),(229,230,1,117),(230,231,1,118),(231,232,1,119),(232,233,1,120),(233,234,1,121),(234,235,1,122),(235,236,1,123),(236,237,1,124),(237,238,1,125),(238,239,1,126),(239,240,1,127),(240,241,1,128),(241,242,1,129),(242,243,1,130),(243,244,1,131),(244,245,1,132),(254,255,1,142),(264,265,1,152),(271,272,1,159),(272,273,1,160),(274,275,1,162),(277,278,1,165),(280,281,1,168),(282,283,1,170),(283,284,1,171),(284,285,1,172),(285,286,1,173),(286,287,1,174),(287,288,1,175),(288,289,1,176),(290,291,1,178),(291,292,1,179),(293,294,1,181),(294,295,1,182),(296,297,1,184),(298,299,1,186),(301,302,1,189),(302,303,1,190),(303,304,1,191),(307,308,1,195),(308,309,1,196),(310,311,1,198),(311,312,1,199),(313,314,1,201),(315,316,1,203),(318,319,1,206),(319,320,1,207),(320,321,1,208),(324,325,1,212),(325,326,1,213),(327,328,1,215),(328,329,1,216),(330,331,1,218),(332,333,1,220),(335,336,1,223),(336,337,1,224),(337,338,1,225),(340,341,1,228),(341,342,1,229),(342,343,1,230),(343,344,1,231),(344,345,1,232),(345,346,1,233),(346,347,1,234),(347,348,1,235),(348,349,1,236),(349,350,1,237),(350,351,1,238),(351,352,1,239),(352,353,1,240),(353,354,1,241),(354,355,1,242),(358,359,1,246),(359,360,1,247),(363,364,1,251),(364,365,1,252),(368,369,1,256),(369,370,1,257),(370,371,1,258),(371,372,1,259),(372,373,1,260),(373,374,1,261),(374,375,1,262),(375,376,1,263),(377,378,1,265),(379,380,1,267),(382,383,1,270),(384,385,1,272),(386,387,1,274),(389,390,1,277),(391,392,1,279),(393,394,1,281),(396,397,1,284),(397,398,1,285),(404,405,1,292),(405,406,1,293),(406,407,1,294),(407,408,1,295),(408,409,1,296),(409,410,1,297),(412,413,1,300),(414,415,1,302),(417,418,1,305),(419,420,1,307),(422,423,1,310),(424,425,1,312),(425,426,1,313),(439,440,1,324),(440,441,1,325),(442,443,1,327),(445,446,1,330),(446,447,1,331),(450,451,1,335),(453,454,1,338),(454,455,1,339),(458,459,1,343),(461,462,1,346),(462,463,1,347),(465,466,1,350),(466,467,1,351),(467,468,1,352),(468,469,1,353),(469,470,1,354),(470,471,1,355),(471,472,1,356),(472,473,1,357),(473,474,1,358),(474,475,1,359),(475,476,1,360),(476,477,1,361),(478,479,1,363),(480,481,1,365),(482,483,1,367),(485,486,1,370),(490,491,1,375),(495,496,1,380),(499,500,1,383),(503,504,1,387),(507,508,1,391),(510,511,1,394),(511,512,1,395),(513,514,1,397),(514,515,1,398),(515,516,1,399),(516,517,1,400),(520,521,1,401),(521,522,1,402),(522,523,1,403),(524,525,1,405),(525,526,1,406),(526,527,1,407),(527,528,1,408),(529,530,1,410),(530,531,1,411),(531,532,1,412),(532,533,1,413),(534,535,1,415),(535,536,1,416),(536,537,1,417),(538,539,1,419),(543,544,1,424),(548,549,1,429),(552,553,1,433),(553,554,1,434),(554,555,1,435),(555,556,1,436),(556,557,1,437),(563,564,1,444),(564,565,1,445),(565,566,1,446),(566,567,1,447),(567,568,1,448),(568,569,1,449),(569,570,1,450),(570,571,1,451),(571,572,1,452),(572,573,1,453),(573,574,1,454),(574,575,1,455),(575,576,1,456),(576,577,1,457),(577,578,1,458),(578,579,1,459),(579,580,1,460),(580,581,1,461),(581,582,1,462),(582,583,1,463),(583,584,1,464),(584,585,1,465),(585,586,1,466),(586,587,1,467),(587,588,1,468),(588,589,1,469),(589,590,1,470),(590,591,1,471),(591,592,1,472),(592,593,1,473),(593,594,1,474),(594,595,1,475),(595,596,1,476),(596,597,1,477),(597,598,1,478),(599,600,1,480),(600,601,1,481),(602,603,1,483),(603,604,1,484),(605,606,1,486),(606,607,1,487),(607,608,1,488),(608,609,1,489),(609,610,1,490),(610,611,1,491),(611,612,1,492),(612,613,1,493),(613,614,1,494),(614,615,1,495);
/*!40000 ALTER TABLE `admin_permissions_role_links` ENABLE KEYS */;
UNLOCK TABLES;

--
-- Table structure for table `admin_roles`
--

DROP TABLE IF EXISTS `admin_roles`;
/*!40101 SET @saved_cs_client     = @@character_set_client */;
/*!50503 SET character_set_client = utf8mb4 */;
CREATE TABLE `admin_roles` (
  `id` int(10) unsigned NOT NULL AUTO_INCREMENT,
  `name` varchar(255) DEFAULT NULL,
  `code` varchar(255) DEFAULT NULL,
  `description` varchar(255) DEFAULT NULL,
  `created_at` datetime(6) DEFAULT NULL,
  `updated_at` datetime(6) DEFAULT NULL,
  `created_by_id` int(10) unsigned DEFAULT NULL,
  `updated_by_id` int(10) unsigned DEFAULT NULL,
  PRIMARY KEY (`id`),
  KEY `admin_roles_created_by_id_fk` (`created_by_id`),
  KEY `admin_roles_updated_by_id_fk` (`updated_by_id`),
  CONSTRAINT `admin_roles_created_by_id_fk` FOREIGN KEY (`created_by_id`) REFERENCES `admin_users` (`id`) ON DELETE SET NULL,
  CONSTRAINT `admin_roles_updated_by_id_fk` FOREIGN KEY (`updated_by_id`) REFERENCES `admin_users` (`id`) ON DELETE SET NULL
) ENGINE=InnoDB AUTO_INCREMENT=4 DEFAULT CHARSET=utf8mb3 COLLATE=utf8mb3_general_ci;
/*!40101 SET character_set_client = @saved_cs_client */;

--
-- Dumping data for table `admin_roles`
--

LOCK TABLES `admin_roles` WRITE;
/*!40000 ALTER TABLE `admin_roles` DISABLE KEYS */;
INSERT INTO `admin_roles` VALUES (1,'Super Admin','strapi-super-admin','Super Admins can access and manage all features and settings.','2023-05-15 07:56:03.116000','2023-05-15 07:56:03.116000',NULL,NULL),(2,'Editor','strapi-editor','Editors can manage and publish contents including those of other users.','2023-05-15 07:56:03.135000','2023-05-15 07:56:03.135000',NULL,NULL),(3,'Author','strapi-author','Authors can manage the content they have created.','2023-05-15 07:56:03.146000','2023-05-15 07:56:03.146000',NULL,NULL);
/*!40000 ALTER TABLE `admin_roles` ENABLE KEYS */;
UNLOCK TABLES;

--
-- Table structure for table `admin_users`
--

DROP TABLE IF EXISTS `admin_users`;
/*!40101 SET @saved_cs_client     = @@character_set_client */;
/*!50503 SET character_set_client = utf8mb4 */;
CREATE TABLE `admin_users` (
  `id` int(10) unsigned NOT NULL AUTO_INCREMENT,
  `firstname` varchar(255) DEFAULT NULL,
  `lastname` varchar(255) DEFAULT NULL,
  `username` varchar(255) DEFAULT NULL,
  `email` varchar(255) DEFAULT NULL,
  `password` varchar(255) DEFAULT NULL,
  `reset_password_token` varchar(255) DEFAULT NULL,
  `registration_token` varchar(255) DEFAULT NULL,
  `is_active` tinyint(1) DEFAULT NULL,
  `blocked` tinyint(1) DEFAULT NULL,
  `prefered_language` varchar(255) DEFAULT NULL,
  `created_at` datetime(6) DEFAULT NULL,
  `updated_at` datetime(6) DEFAULT NULL,
  `created_by_id` int(10) unsigned DEFAULT NULL,
  `updated_by_id` int(10) unsigned DEFAULT NULL,
  PRIMARY KEY (`id`),
  KEY `admin_users_created_by_id_fk` (`created_by_id`),
  KEY `admin_users_updated_by_id_fk` (`updated_by_id`),
  CONSTRAINT `admin_users_created_by_id_fk` FOREIGN KEY (`created_by_id`) REFERENCES `admin_users` (`id`) ON DELETE SET NULL,
  CONSTRAINT `admin_users_updated_by_id_fk` FOREIGN KEY (`updated_by_id`) REFERENCES `admin_users` (`id`) ON DELETE SET NULL
) ENGINE=InnoDB AUTO_INCREMENT=10 DEFAULT CHARSET=utf8mb3 COLLATE=utf8mb3_general_ci;
/*!40101 SET character_set_client = @saved_cs_client */;

--
-- Dumping data for table `admin_users`
--

LOCK TABLES `admin_users` WRITE;
/*!40000 ALTER TABLE `admin_users` DISABLE KEYS */;
INSERT INTO `admin_users` VALUES (1,'Ana','Stanko',NULL,'ana.stanko@laplateforme.io','$2a$10$KD4CQN4gh6FSaafxCECGhe6f51JR1L3.7HkXVBjT/Q8/V0XHHiGRi',NULL,NULL,1,0,NULL,'2023-05-15 09:10:55.250000','2023-05-15 09:10:55.250000',NULL,NULL),(2,'Jean-Marc','FAISANT',NULL,'hello@astrallys.com','$2a$10$.XFEg712STmZ1Vm3ZJj4CuEonQUjwsNseJL9KLFZiTY9LyFabzIoO',NULL,'ef7d388f2378bd6214a84b40caf16bb595e1c5e7',1,0,NULL,'2023-05-17 08:57:23.782000','2023-05-19 13:37:22.255000',NULL,NULL),(3,'Atelier','Atelier',NULL,'contact@atelier.ovh','$2a$10$qH6JV7Pl75BDem7MffPU0.rPppYCiZN1xZj79HPTJUMGYRdcV6fkC',NULL,'19e92a1df8328ae44f9342e13e846486122f7d86',1,0,NULL,'2023-05-26 13:32:31.237000','2023-05-26 13:33:20.898000',NULL,NULL),(4,'Renaud','GUST',NULL,'renaud@astrallys.com','$2a$10$BMnuTXcY2zRnPHCj78HfseFELUBfNcVxhfLQbHqyZ4pLCcOtgA9UK',NULL,'a28a67cdef1a7b76da55e5d49bdfc7d1b5f25883',1,0,NULL,'2024-06-05 14:30:34.068000','2024-06-05 14:32:40.110000',NULL,NULL),(5,'Frédéric','LORGEOUX',NULL,'frederic@astrallys.com',NULL,NULL,'eb9efaea1806a6f0753babd518bd3a1e2ecde54b',1,0,NULL,'2024-06-05 14:35:01.991000','2024-06-10 14:58:23.529000',NULL,NULL),(6,'Ameni','Riahi',NULL,'ameni.riahi@steps.tn',NULL,NULL,'e9df3cef1cb3184f1d26056b6310b77ec145b57e',1,0,NULL,'2024-06-05 14:57:06.490000','2024-06-10 14:58:07.652000',NULL,NULL),(9,'Tahani','Cherif',NULL,'tahani.cherif@steps.tn',NULL,NULL,'84d130878f13e2115393662fd824ca7677fdf31e',1,0,NULL,'2024-06-05 14:58:14.947000','2024-06-10 15:00:09.233000',NULL,NULL);
/*!40000 ALTER TABLE `admin_users` ENABLE KEYS */;
UNLOCK TABLES;

--
-- Table structure for table `admin_users_roles_links`
--

DROP TABLE IF EXISTS `admin_users_roles_links`;
/*!40101 SET @saved_cs_client     = @@character_set_client */;
/*!50503 SET character_set_client = utf8mb4 */;
CREATE TABLE `admin_users_roles_links` (
  `id` int(10) unsigned NOT NULL AUTO_INCREMENT,
  `user_id` int(10) unsigned DEFAULT NULL,
  `role_id` int(10) unsigned DEFAULT NULL,
  `role_order` int(10) unsigned DEFAULT NULL,
  `user_order` int(10) unsigned DEFAULT NULL,
  PRIMARY KEY (`id`),
  UNIQUE KEY `admin_users_roles_links_unique` (`user_id`,`role_id`),
  KEY `admin_users_roles_links_fk` (`user_id`),
  KEY `admin_users_roles_links_inv_fk` (`role_id`),
  KEY `admin_users_roles_links_order_fk` (`role_order`),
  KEY `admin_users_roles_links_order_inv_fk` (`user_order`),
  CONSTRAINT `admin_users_roles_links_fk` FOREIGN KEY (`user_id`) REFERENCES `admin_users` (`id`) ON DELETE CASCADE,
  CONSTRAINT `admin_users_roles_links_inv_fk` FOREIGN KEY (`role_id`) REFERENCES `admin_roles` (`id`) ON DELETE CASCADE
) ENGINE=InnoDB AUTO_INCREMENT=19 DEFAULT CHARSET=utf8mb3 COLLATE=utf8mb3_general_ci;
/*!40101 SET character_set_client = @saved_cs_client */;

--
-- Dumping data for table `admin_users_roles_links`
--

LOCK TABLES `admin_users_roles_links` WRITE;
/*!40000 ALTER TABLE `admin_users_roles_links` DISABLE KEYS */;
INSERT INTO `admin_users_roles_links` VALUES (1,1,1,0,1),(2,2,1,0,2),(5,3,1,0,3),(7,4,1,0,4),(9,5,1,0,5),(10,6,2,0,1),(15,9,2,1,2);
/*!40000 ALTER TABLE `admin_users_roles_links` ENABLE KEYS */;
UNLOCK TABLES;

--
-- Table structure for table `agencies`
--

DROP TABLE IF EXISTS `agencies`;
/*!40101 SET @saved_cs_client     = @@character_set_client */;
/*!50503 SET character_set_client = utf8mb4 */;
CREATE TABLE `agencies` (
  `id` int(10) unsigned NOT NULL AUTO_INCREMENT,
  `name` longtext DEFAULT NULL,
  `trade_name` varchar(255) DEFAULT NULL,
  `code_naf_ape` varchar(255) DEFAULT NULL,
  `address` varchar(255) DEFAULT NULL,
  `zip_code` varchar(255) DEFAULT NULL,
  `city` varchar(255) DEFAULT NULL,
  `phone` varchar(255) DEFAULT NULL,
  `siren` varchar(255) DEFAULT NULL,
  `siret` varchar(255) DEFAULT NULL,
  `tva` varchar(255) DEFAULT NULL,
  `type` varchar(255) DEFAULT NULL,
  `email` varchar(255) DEFAULT NULL,
  `created_at` datetime(6) DEFAULT NULL,
  `updated_at` datetime(6) DEFAULT NULL,
  `created_by_id` int(10) unsigned DEFAULT NULL,
  `updated_by_id` int(10) unsigned DEFAULT NULL,
  `additional_address` varchar(255) DEFAULT NULL,
  PRIMARY KEY (`id`),
  KEY `agencies_created_by_id_fk` (`created_by_id`),
  KEY `agencies_updated_by_id_fk` (`updated_by_id`),
  CONSTRAINT `agencies_created_by_id_fk` FOREIGN KEY (`created_by_id`) REFERENCES `admin_users` (`id`) ON DELETE SET NULL,
  CONSTRAINT `agencies_updated_by_id_fk` FOREIGN KEY (`updated_by_id`) REFERENCES `admin_users` (`id`) ON DELETE SET NULL
) ENGINE=InnoDB AUTO_INCREMENT=37 DEFAULT CHARSET=utf8mb3 COLLATE=utf8mb3_general_ci;
/*!40101 SET character_set_client = @saved_cs_client */;

--
-- Dumping data for table `agencies`
--

LOCK TABLES `agencies` WRITE;
/*!40000 ALTER TABLE `agencies` DISABLE KEYS */;
INSERT INTO `agencies` VALUES (35,'SOCIETE DE SYNDIC',NULL,NULL,'Rue loi 1965','13002','Marseille','0491534397',NULL,'49515944400019','',NULL,'fredlorgeoux@gmail.com','2024-05-06 14:45:02.290000','2024-06-07 16:19:18.190000',NULL,NULL,''),(36,'ASTRALLYS PROSPECT',NULL,NULL,'171 Bis Chemin de la Madrague-Ville, Marseille, France','13002','Marseille','0659037455',NULL,'49515944400019','',NULL,'support@astrallys.com','2024-06-07 16:49:19.577000','2024-06-07 16:49:19.577000',NULL,NULL,'');
/*!40000 ALTER TABLE `agencies` ENABLE KEYS */;
UNLOCK TABLES;

--
-- Table structure for table `attachment_services`
--

DROP TABLE IF EXISTS `attachment_services`;
/*!40101 SET @saved_cs_client     = @@character_set_client */;
/*!50503 SET character_set_client = utf8mb4 */;
CREATE TABLE `attachment_services` (
  `id` int(10) unsigned NOT NULL AUTO_INCREMENT,
  `name` varchar(255) DEFAULT NULL,
  `created_at` datetime(6) DEFAULT NULL,
  `updated_at` datetime(6) DEFAULT NULL,
  `created_by_id` int(10) unsigned DEFAULT NULL,
  `updated_by_id` int(10) unsigned DEFAULT NULL,
  PRIMARY KEY (`id`),
  KEY `attachment_services_created_by_id_fk` (`created_by_id`),
  KEY `attachment_services_updated_by_id_fk` (`updated_by_id`),
  CONSTRAINT `attachment_services_created_by_id_fk` FOREIGN KEY (`created_by_id`) REFERENCES `admin_users` (`id`) ON DELETE SET NULL,
  CONSTRAINT `attachment_services_updated_by_id_fk` FOREIGN KEY (`updated_by_id`) REFERENCES `admin_users` (`id`) ON DELETE SET NULL
) ENGINE=InnoDB AUTO_INCREMENT=7 DEFAULT CHARSET=utf8mb3 COLLATE=utf8mb3_general_ci;
/*!40101 SET character_set_client = @saved_cs_client */;

--
-- Dumping data for table `attachment_services`
--

LOCK TABLES `attachment_services` WRITE;
/*!40000 ALTER TABLE `attachment_services` DISABLE KEYS */;
INSERT INTO `attachment_services` VALUES (2,'Production','2023-10-16 07:44:45.467000','2023-10-16 07:44:45.467000',2,2),(3,'Financier','2023-10-16 07:45:23.380000','2023-10-16 07:45:23.380000',2,2),(4,'Ressource Humaine','2023-10-16 07:45:42.498000','2023-10-16 07:45:42.498000',2,2),(5,'Marketing','2023-10-16 07:45:59.582000','2023-10-16 07:45:59.582000',2,2),(6,'Direction Générale','2023-10-16 07:46:15.771000','2023-10-16 07:46:15.771000',2,2);
/*!40000 ALTER TABLE `attachment_services` ENABLE KEYS */;
UNLOCK TABLES;

--
-- Table structure for table `authorizations`
--

DROP TABLE IF EXISTS `authorizations`;
/*!40101 SET @saved_cs_client     = @@character_set_client */;
/*!50503 SET character_set_client = utf8mb4 */;
CREATE TABLE `authorizations` (
  `id` int(10) unsigned NOT NULL AUTO_INCREMENT,
  `name` varchar(255) DEFAULT NULL,
  `created_at` datetime(6) DEFAULT NULL,
  `updated_at` datetime(6) DEFAULT NULL,
  `created_by_id` int(10) unsigned DEFAULT NULL,
  `updated_by_id` int(10) unsigned DEFAULT NULL,
  PRIMARY KEY (`id`),
  KEY `authorizations_created_by_id_fk` (`created_by_id`),
  KEY `authorizations_updated_by_id_fk` (`updated_by_id`),
  CONSTRAINT `authorizations_created_by_id_fk` FOREIGN KEY (`created_by_id`) REFERENCES `admin_users` (`id`) ON DELETE SET NULL,
  CONSTRAINT `authorizations_updated_by_id_fk` FOREIGN KEY (`updated_by_id`) REFERENCES `admin_users` (`id`) ON DELETE SET NULL
) ENGINE=InnoDB AUTO_INCREMENT=3 DEFAULT CHARSET=utf8mb3 COLLATE=utf8mb3_general_ci;
/*!40101 SET character_set_client = @saved_cs_client */;

--
-- Dumping data for table `authorizations`
--

LOCK TABLES `authorizations` WRITE;
/*!40000 ALTER TABLE `authorizations` DISABLE KEYS */;
INSERT INTO `authorizations` VALUES (1,'Electrique ( basse tension)','2023-10-17 06:11:02.169000','2023-10-17 06:11:02.169000',2,2),(2,'Aucune','2023-10-17 06:11:30.685000','2023-10-17 06:11:30.685000',2,2);
/*!40000 ALTER TABLE `authorizations` ENABLE KEYS */;
UNLOCK TABLES;

--
-- Table structure for table `categories`
--

DROP TABLE IF EXISTS `categories`;
/*!40101 SET @saved_cs_client     = @@character_set_client */;
/*!50503 SET character_set_client = utf8mb4 */;
CREATE TABLE `categories` (
  `id` int(10) unsigned NOT NULL AUTO_INCREMENT,
  `name` varchar(255) DEFAULT NULL,
  `created_at` datetime(6) DEFAULT NULL,
  `updated_at` datetime(6) DEFAULT NULL,
  `created_by_id` int(10) unsigned DEFAULT NULL,
  `updated_by_id` int(10) unsigned DEFAULT NULL,
  `demande` tinyint(1) DEFAULT NULL,
  PRIMARY KEY (`id`),
  KEY `categories_created_by_id_fk` (`created_by_id`),
  KEY `categories_updated_by_id_fk` (`updated_by_id`),
  CONSTRAINT `categories_created_by_id_fk` FOREIGN KEY (`created_by_id`) REFERENCES `admin_users` (`id`) ON DELETE SET NULL,
  CONSTRAINT `categories_updated_by_id_fk` FOREIGN KEY (`updated_by_id`) REFERENCES `admin_users` (`id`) ON DELETE SET NULL
) ENGINE=InnoDB AUTO_INCREMENT=18 DEFAULT CHARSET=utf8mb3 COLLATE=utf8mb3_general_ci;
/*!40101 SET character_set_client = @saved_cs_client */;

--
-- Dumping data for table `categories`
--

LOCK TABLES `categories` WRITE;
/*!40000 ALTER TABLE `categories` DISABLE KEYS */;
INSERT INTO `categories` VALUES (1,'Comptable','2023-08-08 12:17:15.574000','2023-08-08 12:17:15.574000',2,2,1),(2,'Administrative','2023-08-08 12:18:51.167000','2023-12-21 08:42:04.959000',2,2,1),(4,'Juridique','2023-08-08 12:19:54.993000','2023-08-08 12:19:54.993000',2,2,1),(5,'Contentieux','2023-08-08 12:20:09.491000','2023-08-08 12:20:09.491000',2,2,1),(10,'Nuisance','2023-08-08 12:21:29.533000','2023-08-08 12:21:29.533000',2,2,0),(11,'Panne','2023-12-21 08:38:13.652000','2023-12-21 08:38:13.652000',2,2,0),(12,'Dégradation','2023-12-21 08:39:39.852000','2023-12-21 08:40:06.845000',2,2,0),(13,'Sinistre','2023-12-21 08:40:28.847000','2023-12-21 08:40:28.847000',2,2,0),(15,'Technique','2023-12-21 08:44:39.145000','2023-12-21 08:44:39.145000',2,2,1),(16,'Vandalisme','2023-12-21 13:54:47.553000','2023-12-21 14:13:58.057000',2,2,0),(17,'Sécurité','2023-12-21 14:15:04.250000','2023-12-21 14:15:04.250000',2,2,0);
/*!40000 ALTER TABLE `categories` ENABLE KEYS */;
UNLOCK TABLES;

--
-- Table structure for table `certificates`
--

DROP TABLE IF EXISTS `certificates`;
/*!40101 SET @saved_cs_client     = @@character_set_client */;
/*!50503 SET character_set_client = utf8mb4 */;
CREATE TABLE `certificates` (
  `id` int(10) unsigned NOT NULL AUTO_INCREMENT,
  `name` varchar(255) DEFAULT NULL,
  `created_at` datetime(6) DEFAULT NULL,
  `updated_at` datetime(6) DEFAULT NULL,
  `created_by_id` int(10) unsigned DEFAULT NULL,
  `updated_by_id` int(10) unsigned DEFAULT NULL,
  PRIMARY KEY (`id`),
  KEY `certificates_created_by_id_fk` (`created_by_id`),
  KEY `certificates_updated_by_id_fk` (`updated_by_id`),
  CONSTRAINT `certificates_created_by_id_fk` FOREIGN KEY (`created_by_id`) REFERENCES `admin_users` (`id`) ON DELETE SET NULL,
  CONSTRAINT `certificates_updated_by_id_fk` FOREIGN KEY (`updated_by_id`) REFERENCES `admin_users` (`id`) ON DELETE SET NULL
) ENGINE=InnoDB AUTO_INCREMENT=5 DEFAULT CHARSET=utf8mb3 COLLATE=utf8mb3_general_ci;
/*!40101 SET character_set_client = @saved_cs_client */;

--
-- Dumping data for table `certificates`
--

LOCK TABLES `certificates` WRITE;
/*!40000 ALTER TABLE `certificates` DISABLE KEYS */;
INSERT INTO `certificates` VALUES (1,'Cadre Supérieur','2023-10-17 06:07:24.371000','2023-10-17 06:07:24.371000',2,2),(2,'Cadre','2023-10-17 06:07:38.983000','2023-10-17 06:07:38.983000',2,2),(3,'Agent de Maitrise','2023-10-17 06:07:59.079000','2023-10-17 06:08:10.172000',2,2),(4,'Employé','2023-10-17 06:08:22.070000','2023-10-17 06:08:22.070000',2,2);
/*!40000 ALTER TABLE `certificates` ENABLE KEYS */;
UNLOCK TABLES;

--
-- Table structure for table `client_contract_services`
--

DROP TABLE IF EXISTS `client_contract_services`;
/*!40101 SET @saved_cs_client     = @@character_set_client */;
/*!50503 SET character_set_client = utf8mb4 */;
CREATE TABLE `client_contract_services` (
  `id` int(10) unsigned NOT NULL AUTO_INCREMENT,
  `name` varchar(255) DEFAULT NULL,
  `created_at` datetime(6) DEFAULT NULL,
  `updated_at` datetime(6) DEFAULT NULL,
  `published_at` datetime(6) DEFAULT NULL,
  `created_by_id` int(10) unsigned DEFAULT NULL,
  `updated_by_id` int(10) unsigned DEFAULT NULL,
  PRIMARY KEY (`id`),
  KEY `client_contract_services_created_by_id_fk` (`created_by_id`),
  KEY `client_contract_services_updated_by_id_fk` (`updated_by_id`),
  CONSTRAINT `client_contract_services_created_by_id_fk` FOREIGN KEY (`created_by_id`) REFERENCES `admin_users` (`id`) ON DELETE SET NULL,
  CONSTRAINT `client_contract_services_updated_by_id_fk` FOREIGN KEY (`updated_by_id`) REFERENCES `admin_users` (`id`) ON DELETE SET NULL
) ENGINE=InnoDB AUTO_INCREMENT=4 DEFAULT CHARSET=utf8mb3 COLLATE=utf8mb3_general_ci;
/*!40101 SET character_set_client = @saved_cs_client */;

--
-- Dumping data for table `client_contract_services`
--

LOCK TABLES `client_contract_services` WRITE;
/*!40000 ALTER TABLE `client_contract_services` DISABLE KEYS */;
INSERT INTO `client_contract_services` VALUES (1,'Gestion de sollicitations','2023-12-22 08:19:42.653000','2023-12-22 08:21:26.347000','2023-12-22 08:21:26.257000',2,2),(2,'Gestion de sollicitations + Interventions','2023-12-22 08:20:07.159000','2023-12-22 08:21:21.251000','2023-12-22 08:21:21.243000',2,2),(3,'Interventions','2023-12-22 08:20:19.150000','2023-12-22 08:21:14.150000','2023-12-22 08:21:14.143000',2,2);
/*!40000 ALTER TABLE `client_contract_services` ENABLE KEYS */;
UNLOCK TABLES;

--
-- Table structure for table `coefficients`
--

DROP TABLE IF EXISTS `coefficients`;
/*!40101 SET @saved_cs_client     = @@character_set_client */;
/*!50503 SET character_set_client = utf8mb4 */;
CREATE TABLE `coefficients` (
  `id` int(10) unsigned NOT NULL AUTO_INCREMENT,
  `name` varchar(255) DEFAULT NULL,
  `created_at` datetime(6) DEFAULT NULL,
  `updated_at` datetime(6) DEFAULT NULL,
  `created_by_id` int(10) unsigned DEFAULT NULL,
  `updated_by_id` int(10) unsigned DEFAULT NULL,
  PRIMARY KEY (`id`),
  KEY `coefficients_created_by_id_fk` (`created_by_id`),
  KEY `coefficients_updated_by_id_fk` (`updated_by_id`),
  CONSTRAINT `coefficients_created_by_id_fk` FOREIGN KEY (`created_by_id`) REFERENCES `admin_users` (`id`) ON DELETE SET NULL,
  CONSTRAINT `coefficients_updated_by_id_fk` FOREIGN KEY (`updated_by_id`) REFERENCES `admin_users` (`id`) ON DELETE SET NULL
) ENGINE=InnoDB AUTO_INCREMENT=10 DEFAULT CHARSET=utf8mb3 COLLATE=utf8mb3_general_ci;
/*!40101 SET character_set_client = @saved_cs_client */;

--
-- Dumping data for table `coefficients`
--

LOCK TABLES `coefficients` WRITE;
/*!40000 ALTER TABLE `coefficients` DISABLE KEYS */;
INSERT INTO `coefficients` VALUES (1,'250','2023-10-16 08:12:36.108000','2023-10-16 08:12:36.108000',2,2),(2,'240','2023-12-08 08:29:53.871000','2023-12-08 08:29:53.871000',2,2),(3,'230','2023-12-08 08:30:06.070000','2023-12-08 08:30:06.070000',2,2),(4,'220','2023-12-08 08:30:15.684000','2023-12-08 08:30:15.684000',2,2),(5,'210','2023-12-08 08:30:24.787000','2023-12-08 08:30:24.787000',2,2),(6,'200','2023-12-08 08:30:33.562000','2023-12-08 08:30:33.562000',2,2),(7,'190','2023-12-08 08:30:46.285000','2023-12-08 08:30:46.285000',2,2),(8,'180','2023-12-08 08:30:54.481000','2023-12-08 08:30:54.481000',2,2),(9,'170','2023-12-08 08:31:04.157000','2023-12-08 08:31:04.157000',2,2);
/*!40000 ALTER TABLE `coefficients` ENABLE KEYS */;
UNLOCK TABLES;

--
-- Table structure for table `comments`
--

DROP TABLE IF EXISTS `comments`;
/*!40101 SET @saved_cs_client     = @@character_set_client */;
/*!50503 SET character_set_client = utf8mb4 */;
CREATE TABLE `comments` (
  `id` int(10) unsigned NOT NULL AUTO_INCREMENT,
  `message` longtext DEFAULT NULL,
  `created_at` datetime(6) DEFAULT NULL,
  `updated_at` datetime(6) DEFAULT NULL,
  `created_by_id` int(10) unsigned DEFAULT NULL,
  `updated_by_id` int(10) unsigned DEFAULT NULL,
  `seen` tinyint(1) DEFAULT NULL,
  PRIMARY KEY (`id`),
  KEY `comments_created_by_id_fk` (`created_by_id`),
  KEY `comments_updated_by_id_fk` (`updated_by_id`),
  CONSTRAINT `comments_created_by_id_fk` FOREIGN KEY (`created_by_id`) REFERENCES `admin_users` (`id`) ON DELETE SET NULL,
  CONSTRAINT `comments_updated_by_id_fk` FOREIGN KEY (`updated_by_id`) REFERENCES `admin_users` (`id`) ON DELETE SET NULL
) ENGINE=InnoDB AUTO_INCREMENT=38 DEFAULT CHARSET=utf8mb3 COLLATE=utf8mb3_general_ci;
/*!40101 SET character_set_client = @saved_cs_client */;

--
-- Dumping data for table `comments`
--

LOCK TABLES `comments` WRITE;
/*!40000 ALTER TABLE `comments` DISABLE KEYS */;
INSERT INTO `comments` VALUES (23,'ffffffffff trdtr','2024-05-08 08:23:42.642000','2024-05-08 08:28:42.667000',NULL,NULL,1),(24,'Pédé','2024-05-08 08:27:36.497000','2024-05-08 08:27:55.660000',NULL,NULL,1),(25,'jjjghghhg hjhgjhjhkjkj','2024-05-08 09:00:38.803000','2024-05-08 09:28:53.447000',NULL,NULL,1),(26,'fgfhfgfghf','2024-05-08 09:26:18.256000','2024-05-08 09:27:10.563000',NULL,NULL,1),(27,'Bonjour, il n\'y a pas de PJ','2024-05-10 09:47:22.698000','2024-05-10 09:47:51.192000',NULL,NULL,1),(28,'Il n\'y en a pas','2024-05-10 09:48:04.378000','2024-05-10 09:48:22.916000',NULL,NULL,1),(29,'Merci de nous communiquer une date d\'intervention','2024-05-21 13:46:26.666000','2024-05-21 13:47:35.149000',NULL,NULL,1),(30,'Il intervient sous 4 heures','2024-05-21 13:47:51.168000','2024-05-21 13:48:30.326000',NULL,NULL,1),(31,'Test du commentaire \"VU\"','2024-06-10 14:07:54.211000','2024-06-10 14:08:20.244000',NULL,NULL,1),(32,'J\'ai vu le commentaire mais le \"vu\" été déjà utilisé','2024-06-10 14:09:44.957000','2024-06-10 14:10:17.436000',NULL,NULL,1),(33,'tesy','2024-06-21 11:48:17.023000','2024-06-21 11:56:22.745000',NULL,NULL,1),(34,'tesy','2024-06-21 11:48:22.083000','2024-06-21 11:56:23.930000',NULL,NULL,1),(35,'test 1\n','2024-06-21 11:48:36.471000','2024-06-21 11:56:24.876000',NULL,NULL,1),(36,'test 2\n','2024-06-21 11:48:45.756000','2024-06-21 11:56:26.056000',NULL,NULL,1),(37,'test 3\n','2024-06-21 11:48:51.302000','2024-06-21 11:56:26.957000',NULL,NULL,1);
/*!40000 ALTER TABLE `comments` ENABLE KEYS */;
UNLOCK TABLES;

--
-- Table structure for table `comments_ticket_links`
--

DROP TABLE IF EXISTS `comments_ticket_links`;
/*!40101 SET @saved_cs_client     = @@character_set_client */;
/*!50503 SET character_set_client = utf8mb4 */;
CREATE TABLE `comments_ticket_links` (
  `id` int(10) unsigned NOT NULL AUTO_INCREMENT,
  `comment_id` int(10) unsigned DEFAULT NULL,
  `ticket_id` int(10) unsigned DEFAULT NULL,
  `comment_order` int(10) unsigned DEFAULT NULL,
  PRIMARY KEY (`id`),
  UNIQUE KEY `comments_ticket_links_unique` (`comment_id`,`ticket_id`),
  KEY `comments_ticket_links_fk` (`comment_id`),
  KEY `comments_ticket_links_inv_fk` (`ticket_id`),
  KEY `comments_ticket_links_order_inv_fk` (`comment_order`),
  CONSTRAINT `comments_ticket_links_fk` FOREIGN KEY (`comment_id`) REFERENCES `comments` (`id`) ON DELETE CASCADE,
  CONSTRAINT `comments_ticket_links_inv_fk` FOREIGN KEY (`ticket_id`) REFERENCES `tickets` (`id`) ON DELETE CASCADE
) ENGINE=InnoDB AUTO_INCREMENT=38 DEFAULT CHARSET=utf8mb3 COLLATE=utf8mb3_general_ci;
/*!40101 SET character_set_client = @saved_cs_client */;

--
-- Dumping data for table `comments_ticket_links`
--

LOCK TABLES `comments_ticket_links` WRITE;
/*!40000 ALTER TABLE `comments_ticket_links` DISABLE KEYS */;
INSERT INTO `comments_ticket_links` VALUES (31,31,210,1),(32,32,210,2),(33,33,224,1),(34,34,224,2),(35,35,224,3),(36,36,224,4),(37,37,224,5);
/*!40000 ALTER TABLE `comments_ticket_links` ENABLE KEYS */;
UNLOCK TABLES;

--
-- Table structure for table `comments_users_permissions_user_links`
--

DROP TABLE IF EXISTS `comments_users_permissions_user_links`;
/*!40101 SET @saved_cs_client     = @@character_set_client */;
/*!50503 SET character_set_client = utf8mb4 */;
CREATE TABLE `comments_users_permissions_user_links` (
  `id` int(10) unsigned NOT NULL AUTO_INCREMENT,
  `comment_id` int(10) unsigned DEFAULT NULL,
  `user_id` int(10) unsigned DEFAULT NULL,
  `comment_order` int(10) unsigned DEFAULT NULL,
  PRIMARY KEY (`id`),
  UNIQUE KEY `comments_users_permissions_user_links_unique` (`comment_id`,`user_id`),
  KEY `comments_users_permissions_user_links_fk` (`comment_id`),
  KEY `comments_users_permissions_user_links_inv_fk` (`user_id`),
  KEY `comments_users_permissions_user_links_order_inv_fk` (`comment_order`),
  CONSTRAINT `comments_users_permissions_user_links_fk` FOREIGN KEY (`comment_id`) REFERENCES `comments` (`id`) ON DELETE CASCADE,
  CONSTRAINT `comments_users_permissions_user_links_inv_fk` FOREIGN KEY (`user_id`) REFERENCES `up_users` (`id`) ON DELETE CASCADE
) ENGINE=InnoDB AUTO_INCREMENT=38 DEFAULT CHARSET=utf8mb3 COLLATE=utf8mb3_general_ci;
/*!40101 SET character_set_client = @saved_cs_client */;

--
-- Dumping data for table `comments_users_permissions_user_links`
--

LOCK TABLES `comments_users_permissions_user_links` WRITE;
/*!40000 ALTER TABLE `comments_users_permissions_user_links` DISABLE KEYS */;
INSERT INTO `comments_users_permissions_user_links` VALUES (23,23,71,1),(24,24,1,1),(25,25,72,1),(26,26,75,1),(27,27,72,2),(28,28,73,1),(29,29,1,2),(30,30,79,1),(31,31,1,3),(32,32,79,2),(33,33,1,4),(34,34,1,5),(35,35,1,6),(36,36,1,7),(37,37,1,8);
/*!40000 ALTER TABLE `comments_users_permissions_user_links` ENABLE KEYS */;
UNLOCK TABLES;

--
-- Table structure for table `contracts`
--

DROP TABLE IF EXISTS `contracts`;
/*!40101 SET @saved_cs_client     = @@character_set_client */;
/*!50503 SET character_set_client = utf8mb4 */;
CREATE TABLE `contracts` (
  `id` int(10) unsigned NOT NULL AUTO_INCREMENT,
  `name` varchar(255) DEFAULT NULL,
  `start_date` date DEFAULT NULL,
  `end_date` date DEFAULT NULL,
  `state` varchar(255) DEFAULT NULL,
  `billing` varchar(255) DEFAULT NULL,
  `total` decimal(10,2) DEFAULT NULL,
  `communication_management` bigint(20) DEFAULT NULL,
  `intervention_hours` bigint(20) DEFAULT NULL,
  `created_at` datetime(6) DEFAULT NULL,
  `updated_at` datetime(6) DEFAULT NULL,
  `created_by_id` int(10) unsigned DEFAULT NULL,
  `updated_by_id` int(10) unsigned DEFAULT NULL,
  `social_reason` varchar(255) DEFAULT NULL,
  `mail_society` varchar(255) DEFAULT NULL,
  `phone_society` varchar(255) DEFAULT NULL,
  `address_society` varchar(255) DEFAULT NULL,
  `zip_code_society` varchar(255) DEFAULT NULL,
  `city_society` varchar(255) DEFAULT NULL,
  `astreinte` varchar(255) DEFAULT NULL,
  `firstname` varchar(255) DEFAULT NULL,
  `lastname` varchar(255) DEFAULT NULL,
  `mail` varchar(255) DEFAULT NULL,
  `phone` varchar(255) DEFAULT NULL,
  `contact_firt` varchar(255) DEFAULT NULL,
  `contact_second` varchar(255) DEFAULT NULL,
  `reference` varchar(255) DEFAULT NULL,
  `object` varchar(255) DEFAULT NULL,
  `activity` varchar(255) DEFAULT NULL,
  `deadline` date DEFAULT NULL,
  `annual_solicitation_price` decimal(10,2) DEFAULT NULL,
  `annual_travel_price` decimal(10,2) DEFAULT NULL,
  `annual_hours_out_contract` bigint(20) DEFAULT NULL,
  `duration` varchar(255) DEFAULT NULL,
  `address` varchar(255) DEFAULT NULL,
  `zip_code` varchar(255) DEFAULT NULL,
  `city` varchar(255) DEFAULT NULL,
  `date_of_birth` varchar(255) DEFAULT NULL,
  `secu_number` varchar(255) DEFAULT NULL,
  `mail_pro` varchar(255) DEFAULT NULL,
  `phone_pro` varchar(255) DEFAULT NULL,
  `hours_worked` varchar(255) DEFAULT NULL,
  `annual_hours` decimal(10,2) DEFAULT NULL,
  PRIMARY KEY (`id`),
  KEY `contracts_created_by_id_fk` (`created_by_id`),
  KEY `contracts_updated_by_id_fk` (`updated_by_id`),
  CONSTRAINT `contracts_created_by_id_fk` FOREIGN KEY (`created_by_id`) REFERENCES `admin_users` (`id`) ON DELETE SET NULL,
  CONSTRAINT `contracts_updated_by_id_fk` FOREIGN KEY (`updated_by_id`) REFERENCES `admin_users` (`id`) ON DELETE SET NULL
) ENGINE=InnoDB AUTO_INCREMENT=75 DEFAULT CHARSET=utf8mb3 COLLATE=utf8mb3_general_ci;
/*!40101 SET character_set_client = @saved_cs_client */;

--
-- Dumping data for table `contracts`
--

LOCK TABLES `contracts` WRITE;
/*!40000 ALTER TABLE `contracts` DISABLE KEYS */;
INSERT INTO `contracts` VALUES (70,'COPRO 1',NULL,NULL,'inProgress','',0.00,NULL,0,'2024-06-07 16:37:16.877000','2024-06-07 16:37:16.877000',NULL,NULL,NULL,NULL,NULL,NULL,NULL,NULL,NULL,NULL,NULL,NULL,NULL,NULL,NULL,NULL,NULL,NULL,'1969-12-31',0.00,0.00,0,NULL,'Rue de la copro','13002','MARSEILLE',NULL,NULL,NULL,NULL,NULL,0.00),(71,'COPRO 2',NULL,NULL,'inProgress','',0.00,NULL,0,'2024-06-07 16:37:18.944000','2024-06-07 16:38:20.695000',NULL,NULL,NULL,NULL,NULL,NULL,NULL,NULL,NULL,NULL,NULL,NULL,NULL,NULL,NULL,NULL,NULL,NULL,'1969-12-31',0.00,0.00,0,NULL,'Rue du Syndic','13600','LA CIOTAT',NULL,NULL,NULL,NULL,NULL,0.00),(72,'COPRO 3',NULL,NULL,'inProgress','',0.00,NULL,0,'2024-06-07 16:38:54.650000','2024-06-07 16:38:54.650000',NULL,NULL,NULL,NULL,NULL,NULL,NULL,NULL,NULL,NULL,NULL,NULL,NULL,NULL,NULL,NULL,NULL,NULL,'1969-12-31',0.00,0.00,0,NULL,'Avenue de l\'AG','13400','AUBAGNE',NULL,NULL,NULL,NULL,NULL,0.00),(73,'TUNNEL',NULL,NULL,'inProgress','',0.00,NULL,0,'2024-06-07 16:58:47.222000','2024-06-07 17:29:24.182000',NULL,NULL,NULL,NULL,NULL,NULL,NULL,NULL,NULL,NULL,NULL,NULL,NULL,NULL,NULL,NULL,NULL,NULL,'1969-12-31',0.00,0.00,0,NULL,'Avenue des clients','13002','MARSEILLE',NULL,NULL,NULL,NULL,NULL,0.00);
/*!40000 ALTER TABLE `contracts` ENABLE KEYS */;
UNLOCK TABLES;

--
-- Table structure for table `contracts_agency_links`
--

DROP TABLE IF EXISTS `contracts_agency_links`;
/*!40101 SET @saved_cs_client     = @@character_set_client */;
/*!50503 SET character_set_client = utf8mb4 */;
CREATE TABLE `contracts_agency_links` (
  `id` int(10) unsigned NOT NULL AUTO_INCREMENT,
  `contract_id` int(10) unsigned DEFAULT NULL,
  `agency_id` int(10) unsigned DEFAULT NULL,
  `contract_order` int(10) unsigned DEFAULT NULL,
  PRIMARY KEY (`id`),
  UNIQUE KEY `contracts_agency_links_unique` (`contract_id`,`agency_id`),
  KEY `contracts_agency_links_fk` (`contract_id`),
  KEY `contracts_agency_links_inv_fk` (`agency_id`),
  KEY `contracts_agency_links_order_inv_fk` (`contract_order`),
  CONSTRAINT `contracts_agency_links_fk` FOREIGN KEY (`contract_id`) REFERENCES `contracts` (`id`) ON DELETE CASCADE,
  CONSTRAINT `contracts_agency_links_inv_fk` FOREIGN KEY (`agency_id`) REFERENCES `agencies` (`id`) ON DELETE CASCADE
) ENGINE=InnoDB AUTO_INCREMENT=17 DEFAULT CHARSET=utf8mb3 COLLATE=utf8mb3_general_ci;
/*!40101 SET character_set_client = @saved_cs_client */;

--
-- Dumping data for table `contracts_agency_links`
--

LOCK TABLES `contracts_agency_links` WRITE;
/*!40000 ALTER TABLE `contracts_agency_links` DISABLE KEYS */;
/*!40000 ALTER TABLE `contracts_agency_links` ENABLE KEYS */;
UNLOCK TABLES;

--
-- Table structure for table `contracts_attachment_services_links`
--

DROP TABLE IF EXISTS `contracts_attachment_services_links`;
/*!40101 SET @saved_cs_client     = @@character_set_client */;
/*!50503 SET character_set_client = utf8mb4 */;
CREATE TABLE `contracts_attachment_services_links` (
  `id` int(10) unsigned NOT NULL AUTO_INCREMENT,
  `contract_id` int(10) unsigned DEFAULT NULL,
  `attachment_service_id` int(10) unsigned DEFAULT NULL,
  `attachment_service_order` int(10) unsigned DEFAULT NULL,
  PRIMARY KEY (`id`),
  UNIQUE KEY `contracts_attachment_services_links_unique` (`contract_id`,`attachment_service_id`),
  KEY `contracts_attachment_services_links_fk` (`contract_id`),
  KEY `contracts_attachment_services_links_inv_fk` (`attachment_service_id`),
  KEY `contracts_attachment_services_links_order_fk` (`attachment_service_order`),
  CONSTRAINT `contracts_attachment_services_links_fk` FOREIGN KEY (`contract_id`) REFERENCES `contracts` (`id`) ON DELETE CASCADE,
  CONSTRAINT `contracts_attachment_services_links_inv_fk` FOREIGN KEY (`attachment_service_id`) REFERENCES `attachment_services` (`id`) ON DELETE CASCADE
) ENGINE=InnoDB DEFAULT CHARSET=utf8mb3 COLLATE=utf8mb3_general_ci;
/*!40101 SET character_set_client = @saved_cs_client */;

--
-- Dumping data for table `contracts_attachment_services_links`
--

LOCK TABLES `contracts_attachment_services_links` WRITE;
/*!40000 ALTER TABLE `contracts_attachment_services_links` DISABLE KEYS */;
/*!40000 ALTER TABLE `contracts_attachment_services_links` ENABLE KEYS */;
UNLOCK TABLES;

--
-- Table structure for table `contracts_authorizations_links`
--

DROP TABLE IF EXISTS `contracts_authorizations_links`;
/*!40101 SET @saved_cs_client     = @@character_set_client */;
/*!50503 SET character_set_client = utf8mb4 */;
CREATE TABLE `contracts_authorizations_links` (
  `id` int(10) unsigned NOT NULL AUTO_INCREMENT,
  `contract_id` int(10) unsigned DEFAULT NULL,
  `authorization_id` int(10) unsigned DEFAULT NULL,
  `authorization_order` int(10) unsigned DEFAULT NULL,
  PRIMARY KEY (`id`),
  UNIQUE KEY `contracts_authorizations_links_unique` (`contract_id`,`authorization_id`),
  KEY `contracts_authorizations_links_fk` (`contract_id`),
  KEY `contracts_authorizations_links_inv_fk` (`authorization_id`),
  KEY `contracts_authorizations_links_order_fk` (`authorization_order`),
  CONSTRAINT `contracts_authorizations_links_fk` FOREIGN KEY (`contract_id`) REFERENCES `contracts` (`id`) ON DELETE CASCADE,
  CONSTRAINT `contracts_authorizations_links_inv_fk` FOREIGN KEY (`authorization_id`) REFERENCES `authorizations` (`id`) ON DELETE CASCADE
) ENGINE=InnoDB DEFAULT CHARSET=utf8mb3 COLLATE=utf8mb3_general_ci;
/*!40101 SET character_set_client = @saved_cs_client */;

--
-- Dumping data for table `contracts_authorizations_links`
--

LOCK TABLES `contracts_authorizations_links` WRITE;
/*!40000 ALTER TABLE `contracts_authorizations_links` DISABLE KEYS */;
/*!40000 ALTER TABLE `contracts_authorizations_links` ENABLE KEYS */;
UNLOCK TABLES;

--
-- Table structure for table `contracts_certificates_links`
--

DROP TABLE IF EXISTS `contracts_certificates_links`;
/*!40101 SET @saved_cs_client     = @@character_set_client */;
/*!50503 SET character_set_client = utf8mb4 */;
CREATE TABLE `contracts_certificates_links` (
  `id` int(10) unsigned NOT NULL AUTO_INCREMENT,
  `contract_id` int(10) unsigned DEFAULT NULL,
  `certificate_id` int(10) unsigned DEFAULT NULL,
  `certificate_order` int(10) unsigned DEFAULT NULL,
  PRIMARY KEY (`id`),
  UNIQUE KEY `contracts_certificates_links_unique` (`contract_id`,`certificate_id`),
  KEY `contracts_certificates_links_fk` (`contract_id`),
  KEY `contracts_certificates_links_inv_fk` (`certificate_id`),
  KEY `contracts_certificates_links_order_fk` (`certificate_order`),
  CONSTRAINT `contracts_certificates_links_fk` FOREIGN KEY (`contract_id`) REFERENCES `contracts` (`id`) ON DELETE CASCADE,
  CONSTRAINT `contracts_certificates_links_inv_fk` FOREIGN KEY (`certificate_id`) REFERENCES `certificates` (`id`) ON DELETE CASCADE
) ENGINE=InnoDB DEFAULT CHARSET=utf8mb3 COLLATE=utf8mb3_general_ci;
/*!40101 SET character_set_client = @saved_cs_client */;

--
-- Dumping data for table `contracts_certificates_links`
--

LOCK TABLES `contracts_certificates_links` WRITE;
/*!40000 ALTER TABLE `contracts_certificates_links` DISABLE KEYS */;
/*!40000 ALTER TABLE `contracts_certificates_links` ENABLE KEYS */;
UNLOCK TABLES;

--
-- Table structure for table `contracts_client_contract_services_links`
--

DROP TABLE IF EXISTS `contracts_client_contract_services_links`;
/*!40101 SET @saved_cs_client     = @@character_set_client */;
/*!50503 SET character_set_client = utf8mb4 */;
CREATE TABLE `contracts_client_contract_services_links` (
  `id` int(10) unsigned NOT NULL AUTO_INCREMENT,
  `contract_id` int(10) unsigned DEFAULT NULL,
  `client_contract_service_id` int(10) unsigned DEFAULT NULL,
  `client_contract_service_order` int(10) unsigned DEFAULT NULL,
  PRIMARY KEY (`id`),
  UNIQUE KEY `contracts_client_contract_services_links_unique` (`contract_id`,`client_contract_service_id`),
  KEY `contracts_client_contract_services_links_fk` (`contract_id`),
  KEY `contracts_client_contract_services_links_inv_fk` (`client_contract_service_id`),
  KEY `contracts_client_contract_services_links_order_fk` (`client_contract_service_order`),
  CONSTRAINT `contracts_client_contract_services_links_fk` FOREIGN KEY (`contract_id`) REFERENCES `contracts` (`id`) ON DELETE CASCADE,
  CONSTRAINT `contracts_client_contract_services_links_inv_fk` FOREIGN KEY (`client_contract_service_id`) REFERENCES `client_contract_services` (`id`) ON DELETE CASCADE
) ENGINE=InnoDB AUTO_INCREMENT=91 DEFAULT CHARSET=utf8mb3 COLLATE=utf8mb3_general_ci;
/*!40101 SET character_set_client = @saved_cs_client */;

--
-- Dumping data for table `contracts_client_contract_services_links`
--

LOCK TABLES `contracts_client_contract_services_links` WRITE;
/*!40000 ALTER TABLE `contracts_client_contract_services_links` DISABLE KEYS */;
/*!40000 ALTER TABLE `contracts_client_contract_services_links` ENABLE KEYS */;
UNLOCK TABLES;

--
-- Table structure for table `contracts_coefficients_links`
--

DROP TABLE IF EXISTS `contracts_coefficients_links`;
/*!40101 SET @saved_cs_client     = @@character_set_client */;
/*!50503 SET character_set_client = utf8mb4 */;
CREATE TABLE `contracts_coefficients_links` (
  `id` int(10) unsigned NOT NULL AUTO_INCREMENT,
  `contract_id` int(10) unsigned DEFAULT NULL,
  `coefficient_id` int(10) unsigned DEFAULT NULL,
  `coefficient_order` int(10) unsigned DEFAULT NULL,
  PRIMARY KEY (`id`),
  UNIQUE KEY `contracts_coefficients_links_unique` (`contract_id`,`coefficient_id`),
  KEY `contracts_coefficients_links_fk` (`contract_id`),
  KEY `contracts_coefficients_links_inv_fk` (`coefficient_id`),
  KEY `contracts_coefficients_links_order_fk` (`coefficient_order`),
  CONSTRAINT `contracts_coefficients_links_fk` FOREIGN KEY (`contract_id`) REFERENCES `contracts` (`id`) ON DELETE CASCADE,
  CONSTRAINT `contracts_coefficients_links_inv_fk` FOREIGN KEY (`coefficient_id`) REFERENCES `coefficients` (`id`) ON DELETE CASCADE
) ENGINE=InnoDB DEFAULT CHARSET=utf8mb3 COLLATE=utf8mb3_general_ci;
/*!40101 SET character_set_client = @saved_cs_client */;

--
-- Dumping data for table `contracts_coefficients_links`
--

LOCK TABLES `contracts_coefficients_links` WRITE;
/*!40000 ALTER TABLE `contracts_coefficients_links` DISABLE KEYS */;
/*!40000 ALTER TABLE `contracts_coefficients_links` ENABLE KEYS */;
UNLOCK TABLES;

--
-- Table structure for table `contracts_days_workeds_links`
--

DROP TABLE IF EXISTS `contracts_days_workeds_links`;
/*!40101 SET @saved_cs_client     = @@character_set_client */;
/*!50503 SET character_set_client = utf8mb4 */;
CREATE TABLE `contracts_days_workeds_links` (
  `id` int(10) unsigned NOT NULL AUTO_INCREMENT,
  `contract_id` int(10) unsigned DEFAULT NULL,
  `days_worked_id` int(10) unsigned DEFAULT NULL,
  `days_worked_order` int(10) unsigned DEFAULT NULL,
  PRIMARY KEY (`id`),
  UNIQUE KEY `contracts_days_workeds_links_unique` (`contract_id`,`days_worked_id`),
  KEY `contracts_days_workeds_links_fk` (`contract_id`),
  KEY `contracts_days_workeds_links_inv_fk` (`days_worked_id`),
  KEY `contracts_days_workeds_links_order_fk` (`days_worked_order`),
  CONSTRAINT `contracts_days_workeds_links_fk` FOREIGN KEY (`contract_id`) REFERENCES `contracts` (`id`) ON DELETE CASCADE,
  CONSTRAINT `contracts_days_workeds_links_inv_fk` FOREIGN KEY (`days_worked_id`) REFERENCES `days_workeds` (`id`) ON DELETE CASCADE
) ENGINE=InnoDB DEFAULT CHARSET=utf8mb3 COLLATE=utf8mb3_general_ci;
/*!40101 SET character_set_client = @saved_cs_client */;

--
-- Dumping data for table `contracts_days_workeds_links`
--

LOCK TABLES `contracts_days_workeds_links` WRITE;
/*!40000 ALTER TABLE `contracts_days_workeds_links` DISABLE KEYS */;
/*!40000 ALTER TABLE `contracts_days_workeds_links` ENABLE KEYS */;
UNLOCK TABLES;

--
-- Table structure for table `contracts_functions_links`
--

DROP TABLE IF EXISTS `contracts_functions_links`;
/*!40101 SET @saved_cs_client     = @@character_set_client */;
/*!50503 SET character_set_client = utf8mb4 */;
CREATE TABLE `contracts_functions_links` (
  `id` int(10) unsigned NOT NULL AUTO_INCREMENT,
  `contract_id` int(10) unsigned DEFAULT NULL,
  `function_id` int(10) unsigned DEFAULT NULL,
  `function_order` int(10) unsigned DEFAULT NULL,
  PRIMARY KEY (`id`),
  UNIQUE KEY `contracts_functions_links_unique` (`contract_id`,`function_id`),
  KEY `contracts_functions_links_fk` (`contract_id`),
  KEY `contracts_functions_links_inv_fk` (`function_id`),
  KEY `contracts_functions_links_order_fk` (`function_order`),
  CONSTRAINT `contracts_functions_links_fk` FOREIGN KEY (`contract_id`) REFERENCES `contracts` (`id`) ON DELETE CASCADE,
  CONSTRAINT `contracts_functions_links_inv_fk` FOREIGN KEY (`function_id`) REFERENCES `functions` (`id`) ON DELETE CASCADE
) ENGINE=InnoDB DEFAULT CHARSET=utf8mb3 COLLATE=utf8mb3_general_ci;
/*!40101 SET character_set_client = @saved_cs_client */;

--
-- Dumping data for table `contracts_functions_links`
--

LOCK TABLES `contracts_functions_links` WRITE;
/*!40000 ALTER TABLE `contracts_functions_links` DISABLE KEYS */;
/*!40000 ALTER TABLE `contracts_functions_links` ENABLE KEYS */;
UNLOCK TABLES;

--
-- Table structure for table `contracts_line_managers_links`
--

DROP TABLE IF EXISTS `contracts_line_managers_links`;
/*!40101 SET @saved_cs_client     = @@character_set_client */;
/*!50503 SET character_set_client = utf8mb4 */;
CREATE TABLE `contracts_line_managers_links` (
  `id` int(10) unsigned NOT NULL AUTO_INCREMENT,
  `contract_id` int(10) unsigned DEFAULT NULL,
  `user_id` int(10) unsigned DEFAULT NULL,
  `user_order` int(10) unsigned DEFAULT NULL,
  PRIMARY KEY (`id`),
  UNIQUE KEY `contracts_line_managers_links_unique` (`contract_id`,`user_id`),
  KEY `contracts_line_managers_links_fk` (`contract_id`),
  KEY `contracts_line_managers_links_inv_fk` (`user_id`),
  KEY `contracts_line_managers_links_order_fk` (`user_order`),
  CONSTRAINT `contracts_line_managers_links_fk` FOREIGN KEY (`contract_id`) REFERENCES `contracts` (`id`) ON DELETE CASCADE,
  CONSTRAINT `contracts_line_managers_links_inv_fk` FOREIGN KEY (`user_id`) REFERENCES `up_users` (`id`) ON DELETE CASCADE
) ENGINE=InnoDB DEFAULT CHARSET=utf8mb3 COLLATE=utf8mb3_general_ci;
/*!40101 SET character_set_client = @saved_cs_client */;

--
-- Dumping data for table `contracts_line_managers_links`
--

LOCK TABLES `contracts_line_managers_links` WRITE;
/*!40000 ALTER TABLE `contracts_line_managers_links` DISABLE KEYS */;
/*!40000 ALTER TABLE `contracts_line_managers_links` ENABLE KEYS */;
UNLOCK TABLES;

--
-- Table structure for table `contracts_property_links`
--

DROP TABLE IF EXISTS `contracts_property_links`;
/*!40101 SET @saved_cs_client     = @@character_set_client */;
/*!50503 SET character_set_client = utf8mb4 */;
CREATE TABLE `contracts_property_links` (
  `id` int(10) unsigned NOT NULL AUTO_INCREMENT,
  `contract_id` int(10) unsigned DEFAULT NULL,
  `property_id` int(10) unsigned DEFAULT NULL,
  `contract_order` int(10) unsigned DEFAULT NULL,
  PRIMARY KEY (`id`),
  UNIQUE KEY `contracts_property_links_unique` (`contract_id`,`property_id`),
  KEY `contracts_property_links_fk` (`contract_id`),
  KEY `contracts_property_links_inv_fk` (`property_id`),
  KEY `contracts_property_links_order_inv_fk` (`contract_order`),
  CONSTRAINT `contracts_property_links_fk` FOREIGN KEY (`contract_id`) REFERENCES `contracts` (`id`) ON DELETE CASCADE,
  CONSTRAINT `contracts_property_links_inv_fk` FOREIGN KEY (`property_id`) REFERENCES `properties` (`id`) ON DELETE CASCADE
) ENGINE=InnoDB AUTO_INCREMENT=91 DEFAULT CHARSET=utf8mb3 COLLATE=utf8mb3_general_ci;
/*!40101 SET character_set_client = @saved_cs_client */;

--
-- Dumping data for table `contracts_property_links`
--

LOCK TABLES `contracts_property_links` WRITE;
/*!40000 ALTER TABLE `contracts_property_links` DISABLE KEYS */;
INSERT INTO `contracts_property_links` VALUES (84,70,26,1),(86,71,28,1),(87,72,27,1),(88,73,29,1);
/*!40000 ALTER TABLE `contracts_property_links` ENABLE KEYS */;
UNLOCK TABLES;

--
-- Table structure for table `contracts_skills_links`
--

DROP TABLE IF EXISTS `contracts_skills_links`;
/*!40101 SET @saved_cs_client     = @@character_set_client */;
/*!50503 SET character_set_client = utf8mb4 */;
CREATE TABLE `contracts_skills_links` (
  `id` int(10) unsigned NOT NULL AUTO_INCREMENT,
  `contract_id` int(10) unsigned DEFAULT NULL,
  `skill_id` int(10) unsigned DEFAULT NULL,
  `skill_order` int(10) unsigned DEFAULT NULL,
  PRIMARY KEY (`id`),
  UNIQUE KEY `contracts_skills_links_unique` (`contract_id`,`skill_id`),
  KEY `contracts_skills_links_fk` (`contract_id`),
  KEY `contracts_skills_links_inv_fk` (`skill_id`),
  KEY `contracts_skills_links_order_fk` (`skill_order`),
  CONSTRAINT `contracts_skills_links_fk` FOREIGN KEY (`contract_id`) REFERENCES `contracts` (`id`) ON DELETE CASCADE,
  CONSTRAINT `contracts_skills_links_inv_fk` FOREIGN KEY (`skill_id`) REFERENCES `skills` (`id`) ON DELETE CASCADE
) ENGINE=InnoDB DEFAULT CHARSET=utf8mb3 COLLATE=utf8mb3_general_ci;
/*!40101 SET character_set_client = @saved_cs_client */;

--
-- Dumping data for table `contracts_skills_links`
--

LOCK TABLES `contracts_skills_links` WRITE;
/*!40000 ALTER TABLE `contracts_skills_links` DISABLE KEYS */;
/*!40000 ALTER TABLE `contracts_skills_links` ENABLE KEYS */;
UNLOCK TABLES;

--
-- Table structure for table `contracts_users_links`
--

DROP TABLE IF EXISTS `contracts_users_links`;
/*!40101 SET @saved_cs_client     = @@character_set_client */;
/*!50503 SET character_set_client = utf8mb4 */;
CREATE TABLE `contracts_users_links` (
  `id` int(10) unsigned NOT NULL AUTO_INCREMENT,
  `contract_id` int(10) unsigned DEFAULT NULL,
  `user_id` int(10) unsigned DEFAULT NULL,
  `user_order` int(10) unsigned DEFAULT NULL,
  PRIMARY KEY (`id`),
  UNIQUE KEY `contracts_users_links_unique` (`contract_id`,`user_id`),
  KEY `contracts_users_links_fk` (`contract_id`),
  KEY `contracts_users_links_inv_fk` (`user_id`),
  KEY `contracts_users_links_order_fk` (`user_order`),
  CONSTRAINT `contracts_users_links_fk` FOREIGN KEY (`contract_id`) REFERENCES `contracts` (`id`) ON DELETE CASCADE,
  CONSTRAINT `contracts_users_links_inv_fk` FOREIGN KEY (`user_id`) REFERENCES `up_users` (`id`) ON DELETE CASCADE
) ENGINE=InnoDB AUTO_INCREMENT=83 DEFAULT CHARSET=utf8mb3 COLLATE=utf8mb3_general_ci;
/*!40101 SET character_set_client = @saved_cs_client */;

--
-- Dumping data for table `contracts_users_links`
--

LOCK TABLES `contracts_users_links` WRITE;
/*!40000 ALTER TABLE `contracts_users_links` DISABLE KEYS */;
INSERT INTO `contracts_users_links` VALUES (78,70,74,0),(79,71,74,0),(81,72,74,0),(82,73,1,1);
/*!40000 ALTER TABLE `contracts_users_links` ENABLE KEYS */;
UNLOCK TABLES;

--
-- Table structure for table `days_workeds`
--

DROP TABLE IF EXISTS `days_workeds`;
/*!40101 SET @saved_cs_client     = @@character_set_client */;
/*!50503 SET character_set_client = utf8mb4 */;
CREATE TABLE `days_workeds` (
  `id` int(10) unsigned NOT NULL AUTO_INCREMENT,
  `name` varchar(255) DEFAULT NULL,
  `created_at` datetime(6) DEFAULT NULL,
  `updated_at` datetime(6) DEFAULT NULL,
  `created_by_id` int(10) unsigned DEFAULT NULL,
  `updated_by_id` int(10) unsigned DEFAULT NULL,
  PRIMARY KEY (`id`),
  KEY `days_workeds_created_by_id_fk` (`created_by_id`),
  KEY `days_workeds_updated_by_id_fk` (`updated_by_id`),
  CONSTRAINT `days_workeds_created_by_id_fk` FOREIGN KEY (`created_by_id`) REFERENCES `admin_users` (`id`) ON DELETE SET NULL,
  CONSTRAINT `days_workeds_updated_by_id_fk` FOREIGN KEY (`updated_by_id`) REFERENCES `admin_users` (`id`) ON DELETE SET NULL
) ENGINE=InnoDB AUTO_INCREMENT=8 DEFAULT CHARSET=utf8mb3 COLLATE=utf8mb3_general_ci;
/*!40101 SET character_set_client = @saved_cs_client */;

--
-- Dumping data for table `days_workeds`
--

LOCK TABLES `days_workeds` WRITE;
/*!40000 ALTER TABLE `days_workeds` DISABLE KEYS */;
INSERT INTO `days_workeds` VALUES (1,'Dimanche','2023-10-16 07:09:36.167000','2023-10-16 07:10:31.387000',2,2),(2,'Samedi','2023-10-16 07:10:58.815000','2023-10-16 07:10:58.815000',2,2),(3,'Vendredi','2023-10-16 07:11:21.188000','2023-10-16 07:11:21.188000',2,2),(4,'Jeudi','2023-10-16 07:11:35.689000','2023-10-16 07:11:35.689000',2,2),(5,'Mercredi','2023-10-16 07:11:50.493000','2023-10-16 07:11:50.493000',2,2),(6,'Mardi','2023-10-16 07:12:02.105000','2023-10-16 07:12:02.105000',2,2),(7,'Lundi','2023-10-16 07:12:13.176000','2023-10-16 07:12:13.176000',2,2);
/*!40000 ALTER TABLE `days_workeds` ENABLE KEYS */;
UNLOCK TABLES;

--
-- Table structure for table `employee_contract_services`
--

DROP TABLE IF EXISTS `employee_contract_services`;
/*!40101 SET @saved_cs_client     = @@character_set_client */;
/*!50503 SET character_set_client = utf8mb4 */;
CREATE TABLE `employee_contract_services` (
  `id` int(10) unsigned NOT NULL AUTO_INCREMENT,
  `name` varchar(255) DEFAULT NULL,
  `created_at` datetime(6) DEFAULT NULL,
  `updated_at` datetime(6) DEFAULT NULL,
  `published_at` datetime(6) DEFAULT NULL,
  `created_by_id` int(10) unsigned DEFAULT NULL,
  `updated_by_id` int(10) unsigned DEFAULT NULL,
  PRIMARY KEY (`id`),
  KEY `employee_contract_services_created_by_id_fk` (`created_by_id`),
  KEY `employee_contract_services_updated_by_id_fk` (`updated_by_id`),
  CONSTRAINT `employee_contract_services_created_by_id_fk` FOREIGN KEY (`created_by_id`) REFERENCES `admin_users` (`id`) ON DELETE SET NULL,
  CONSTRAINT `employee_contract_services_updated_by_id_fk` FOREIGN KEY (`updated_by_id`) REFERENCES `admin_users` (`id`) ON DELETE SET NULL
) ENGINE=InnoDB AUTO_INCREMENT=7 DEFAULT CHARSET=utf8mb3 COLLATE=utf8mb3_general_ci;
/*!40101 SET character_set_client = @saved_cs_client */;

--
-- Dumping data for table `employee_contract_services`
--

LOCK TABLES `employee_contract_services` WRITE;
/*!40000 ALTER TABLE `employee_contract_services` DISABLE KEYS */;
/*!40000 ALTER TABLE `employee_contract_services` ENABLE KEYS */;
UNLOCK TABLES;

--
-- Table structure for table `employee_contracts`
--

DROP TABLE IF EXISTS `employee_contracts`;
/*!40101 SET @saved_cs_client     = @@character_set_client */;
/*!50503 SET character_set_client = utf8mb4 */;
CREATE TABLE `employee_contracts` (
  `id` int(10) unsigned NOT NULL AUTO_INCREMENT,
  `lastname` varchar(255) DEFAULT NULL,
  `firstname` varchar(255) DEFAULT NULL,
  `birth_date` date DEFAULT NULL,
  `social_security_number` varchar(255) DEFAULT NULL,
  `address` varchar(255) DEFAULT NULL,
  `zip_code` varchar(255) DEFAULT NULL,
  `city` varchar(255) DEFAULT NULL,
  `personal_mail` varchar(255) DEFAULT NULL,
  `professional_mail` varchar(255) DEFAULT NULL,
  `personal_phone` varchar(255) DEFAULT NULL,
  `professional_phone` varchar(255) DEFAULT NULL,
  `start_date` date DEFAULT NULL,
  `end_date` date DEFAULT NULL,
  `state` varchar(255) DEFAULT NULL,
  `hours_worked` int(11) DEFAULT NULL,
  `created_at` datetime(6) DEFAULT NULL,
  `updated_at` datetime(6) DEFAULT NULL,
  `published_at` datetime(6) DEFAULT NULL,
  `created_by_id` int(10) unsigned DEFAULT NULL,
  `updated_by_id` int(10) unsigned DEFAULT NULL,
  PRIMARY KEY (`id`),
  KEY `employee_contracts_created_by_id_fk` (`created_by_id`),
  KEY `employee_contracts_updated_by_id_fk` (`updated_by_id`),
  CONSTRAINT `employee_contracts_created_by_id_fk` FOREIGN KEY (`created_by_id`) REFERENCES `admin_users` (`id`) ON DELETE SET NULL,
  CONSTRAINT `employee_contracts_updated_by_id_fk` FOREIGN KEY (`updated_by_id`) REFERENCES `admin_users` (`id`) ON DELETE SET NULL
) ENGINE=InnoDB AUTO_INCREMENT=27 DEFAULT CHARSET=utf8mb3 COLLATE=utf8mb3_general_ci;
/*!40101 SET character_set_client = @saved_cs_client */;

--
-- Dumping data for table `employee_contracts`
--

LOCK TABLES `employee_contracts` WRITE;
/*!40000 ALTER TABLE `employee_contracts` DISABLE KEYS */;
INSERT INTO `employee_contracts` VALUES (26,'FAISANT','Jean-Marc','1979-06-21','','Chemin de la Madrague Ville ','','',NULL,'hello@astrallys.com','07 65 45 87 92',NULL,'2024-06-21',NULL,'inProgress',NULL,'2024-06-21 11:49:17.387000','2024-06-21 11:49:17.387000','2024-06-21 11:49:17.372000',NULL,NULL);
/*!40000 ALTER TABLE `employee_contracts` ENABLE KEYS */;
UNLOCK TABLES;

--
-- Table structure for table `employee_contracts_attachment_services_links`
--

DROP TABLE IF EXISTS `employee_contracts_attachment_services_links`;
/*!40101 SET @saved_cs_client     = @@character_set_client */;
/*!50503 SET character_set_client = utf8mb4 */;
CREATE TABLE `employee_contracts_attachment_services_links` (
  `id` int(10) unsigned NOT NULL AUTO_INCREMENT,
  `employee_contract_id` int(10) unsigned DEFAULT NULL,
  `attachment_service_id` int(10) unsigned DEFAULT NULL,
  `attachment_service_order` int(10) unsigned DEFAULT NULL,
  PRIMARY KEY (`id`),
  UNIQUE KEY `employee_contracts_attachment_services_links_unique` (`employee_contract_id`,`attachment_service_id`),
  KEY `employee_contracts_attachment_services_links_fk` (`employee_contract_id`),
  KEY `employee_contracts_attachment_services_links_inv_fk` (`attachment_service_id`),
  KEY `employee_contracts_attachment_services_links_order_fk` (`attachment_service_order`),
  CONSTRAINT `employee_contracts_attachment_services_links_fk` FOREIGN KEY (`employee_contract_id`) REFERENCES `employee_contracts` (`id`) ON DELETE CASCADE,
  CONSTRAINT `employee_contracts_attachment_services_links_inv_fk` FOREIGN KEY (`attachment_service_id`) REFERENCES `attachment_services` (`id`) ON DELETE CASCADE
) ENGINE=InnoDB AUTO_INCREMENT=56 DEFAULT CHARSET=utf8mb3 COLLATE=utf8mb3_general_ci;
/*!40101 SET character_set_client = @saved_cs_client */;

--
-- Dumping data for table `employee_contracts_attachment_services_links`
--

LOCK TABLES `employee_contracts_attachment_services_links` WRITE;
/*!40000 ALTER TABLE `employee_contracts_attachment_services_links` DISABLE KEYS */;
/*!40000 ALTER TABLE `employee_contracts_attachment_services_links` ENABLE KEYS */;
UNLOCK TABLES;

--
-- Table structure for table `employee_contracts_authorizations_links`
--

DROP TABLE IF EXISTS `employee_contracts_authorizations_links`;
/*!40101 SET @saved_cs_client     = @@character_set_client */;
/*!50503 SET character_set_client = utf8mb4 */;
CREATE TABLE `employee_contracts_authorizations_links` (
  `id` int(10) unsigned NOT NULL AUTO_INCREMENT,
  `employee_contract_id` int(10) unsigned DEFAULT NULL,
  `authorization_id` int(10) unsigned DEFAULT NULL,
  `authorization_order` int(10) unsigned DEFAULT NULL,
  PRIMARY KEY (`id`),
  UNIQUE KEY `employee_contracts_authorizations_links_unique` (`employee_contract_id`,`authorization_id`),
  KEY `employee_contracts_authorizations_links_fk` (`employee_contract_id`),
  KEY `employee_contracts_authorizations_links_inv_fk` (`authorization_id`),
  KEY `employee_contracts_authorizations_links_order_fk` (`authorization_order`),
  CONSTRAINT `employee_contracts_authorizations_links_fk` FOREIGN KEY (`employee_contract_id`) REFERENCES `employee_contracts` (`id`) ON DELETE CASCADE,
  CONSTRAINT `employee_contracts_authorizations_links_inv_fk` FOREIGN KEY (`authorization_id`) REFERENCES `authorizations` (`id`) ON DELETE CASCADE
) ENGINE=InnoDB AUTO_INCREMENT=39 DEFAULT CHARSET=utf8mb3 COLLATE=utf8mb3_general_ci;
/*!40101 SET character_set_client = @saved_cs_client */;

--
-- Dumping data for table `employee_contracts_authorizations_links`
--

LOCK TABLES `employee_contracts_authorizations_links` WRITE;
/*!40000 ALTER TABLE `employee_contracts_authorizations_links` DISABLE KEYS */;
/*!40000 ALTER TABLE `employee_contracts_authorizations_links` ENABLE KEYS */;
UNLOCK TABLES;

--
-- Table structure for table `employee_contracts_certificates_links`
--

DROP TABLE IF EXISTS `employee_contracts_certificates_links`;
/*!40101 SET @saved_cs_client     = @@character_set_client */;
/*!50503 SET character_set_client = utf8mb4 */;
CREATE TABLE `employee_contracts_certificates_links` (
  `id` int(10) unsigned NOT NULL AUTO_INCREMENT,
  `employee_contract_id` int(10) unsigned DEFAULT NULL,
  `certificate_id` int(10) unsigned DEFAULT NULL,
  `certificate_order` int(10) unsigned DEFAULT NULL,
  PRIMARY KEY (`id`),
  UNIQUE KEY `employee_contracts_certificates_links_unique` (`employee_contract_id`,`certificate_id`),
  KEY `employee_contracts_certificates_links_fk` (`employee_contract_id`),
  KEY `employee_contracts_certificates_links_inv_fk` (`certificate_id`),
  KEY `employee_contracts_certificates_links_order_fk` (`certificate_order`),
  CONSTRAINT `employee_contracts_certificates_links_fk` FOREIGN KEY (`employee_contract_id`) REFERENCES `employee_contracts` (`id`) ON DELETE CASCADE,
  CONSTRAINT `employee_contracts_certificates_links_inv_fk` FOREIGN KEY (`certificate_id`) REFERENCES `certificates` (`id`) ON DELETE CASCADE
) ENGINE=InnoDB AUTO_INCREMENT=48 DEFAULT CHARSET=utf8mb3 COLLATE=utf8mb3_general_ci;
/*!40101 SET character_set_client = @saved_cs_client */;

--
-- Dumping data for table `employee_contracts_certificates_links`
--

LOCK TABLES `employee_contracts_certificates_links` WRITE;
/*!40000 ALTER TABLE `employee_contracts_certificates_links` DISABLE KEYS */;
/*!40000 ALTER TABLE `employee_contracts_certificates_links` ENABLE KEYS */;
UNLOCK TABLES;

--
-- Table structure for table `employee_contracts_coefficients_links`
--

DROP TABLE IF EXISTS `employee_contracts_coefficients_links`;
/*!40101 SET @saved_cs_client     = @@character_set_client */;
/*!50503 SET character_set_client = utf8mb4 */;
CREATE TABLE `employee_contracts_coefficients_links` (
  `id` int(10) unsigned NOT NULL AUTO_INCREMENT,
  `employee_contract_id` int(10) unsigned DEFAULT NULL,
  `coefficient_id` int(10) unsigned DEFAULT NULL,
  `coefficient_order` int(10) unsigned DEFAULT NULL,
  PRIMARY KEY (`id`),
  UNIQUE KEY `employee_contracts_coefficients_links_unique` (`employee_contract_id`,`coefficient_id`),
  KEY `employee_contracts_coefficients_links_fk` (`employee_contract_id`),
  KEY `employee_contracts_coefficients_links_inv_fk` (`coefficient_id`),
  KEY `employee_contracts_coefficients_links_order_fk` (`coefficient_order`),
  CONSTRAINT `employee_contracts_coefficients_links_fk` FOREIGN KEY (`employee_contract_id`) REFERENCES `employee_contracts` (`id`) ON DELETE CASCADE,
  CONSTRAINT `employee_contracts_coefficients_links_inv_fk` FOREIGN KEY (`coefficient_id`) REFERENCES `coefficients` (`id`) ON DELETE CASCADE
) ENGINE=InnoDB AUTO_INCREMENT=37 DEFAULT CHARSET=utf8mb3 COLLATE=utf8mb3_general_ci;
/*!40101 SET character_set_client = @saved_cs_client */;

--
-- Dumping data for table `employee_contracts_coefficients_links`
--

LOCK TABLES `employee_contracts_coefficients_links` WRITE;
/*!40000 ALTER TABLE `employee_contracts_coefficients_links` DISABLE KEYS */;
/*!40000 ALTER TABLE `employee_contracts_coefficients_links` ENABLE KEYS */;
UNLOCK TABLES;

--
-- Table structure for table `employee_contracts_days_workeds_links`
--

DROP TABLE IF EXISTS `employee_contracts_days_workeds_links`;
/*!40101 SET @saved_cs_client     = @@character_set_client */;
/*!50503 SET character_set_client = utf8mb4 */;
CREATE TABLE `employee_contracts_days_workeds_links` (
  `id` int(10) unsigned NOT NULL AUTO_INCREMENT,
  `employee_contract_id` int(10) unsigned DEFAULT NULL,
  `days_worked_id` int(10) unsigned DEFAULT NULL,
  `days_worked_order` int(10) unsigned DEFAULT NULL,
  PRIMARY KEY (`id`),
  UNIQUE KEY `employee_contracts_days_workeds_links_unique` (`employee_contract_id`,`days_worked_id`),
  KEY `employee_contracts_days_workeds_links_fk` (`employee_contract_id`),
  KEY `employee_contracts_days_workeds_links_inv_fk` (`days_worked_id`),
  KEY `employee_contracts_days_workeds_links_order_fk` (`days_worked_order`),
  CONSTRAINT `employee_contracts_days_workeds_links_fk` FOREIGN KEY (`employee_contract_id`) REFERENCES `employee_contracts` (`id`) ON DELETE CASCADE,
  CONSTRAINT `employee_contracts_days_workeds_links_inv_fk` FOREIGN KEY (`days_worked_id`) REFERENCES `days_workeds` (`id`) ON DELETE CASCADE
) ENGINE=InnoDB AUTO_INCREMENT=192 DEFAULT CHARSET=utf8mb3 COLLATE=utf8mb3_general_ci;
/*!40101 SET character_set_client = @saved_cs_client */;

--
-- Dumping data for table `employee_contracts_days_workeds_links`
--

LOCK TABLES `employee_contracts_days_workeds_links` WRITE;
/*!40000 ALTER TABLE `employee_contracts_days_workeds_links` DISABLE KEYS */;
/*!40000 ALTER TABLE `employee_contracts_days_workeds_links` ENABLE KEYS */;
UNLOCK TABLES;

--
-- Table structure for table `employee_contracts_functions_links`
--

DROP TABLE IF EXISTS `employee_contracts_functions_links`;
/*!40101 SET @saved_cs_client     = @@character_set_client */;
/*!50503 SET character_set_client = utf8mb4 */;
CREATE TABLE `employee_contracts_functions_links` (
  `id` int(10) unsigned NOT NULL AUTO_INCREMENT,
  `employee_contract_id` int(10) unsigned DEFAULT NULL,
  `function_id` int(10) unsigned DEFAULT NULL,
  `function_order` int(10) unsigned DEFAULT NULL,
  PRIMARY KEY (`id`),
  UNIQUE KEY `employee_contracts_functions_links_unique` (`employee_contract_id`,`function_id`),
  KEY `employee_contracts_functions_links_fk` (`employee_contract_id`),
  KEY `employee_contracts_functions_links_inv_fk` (`function_id`),
  KEY `employee_contracts_functions_links_order_fk` (`function_order`),
  CONSTRAINT `employee_contracts_functions_links_fk` FOREIGN KEY (`employee_contract_id`) REFERENCES `employee_contracts` (`id`) ON DELETE CASCADE,
  CONSTRAINT `employee_contracts_functions_links_inv_fk` FOREIGN KEY (`function_id`) REFERENCES `functions` (`id`) ON DELETE CASCADE
) ENGINE=InnoDB AUTO_INCREMENT=39 DEFAULT CHARSET=utf8mb3 COLLATE=utf8mb3_general_ci;
/*!40101 SET character_set_client = @saved_cs_client */;

--
-- Dumping data for table `employee_contracts_functions_links`
--

LOCK TABLES `employee_contracts_functions_links` WRITE;
/*!40000 ALTER TABLE `employee_contracts_functions_links` DISABLE KEYS */;
/*!40000 ALTER TABLE `employee_contracts_functions_links` ENABLE KEYS */;
UNLOCK TABLES;

--
-- Table structure for table `employee_contracts_skills_links`
--

DROP TABLE IF EXISTS `employee_contracts_skills_links`;
/*!40101 SET @saved_cs_client     = @@character_set_client */;
/*!50503 SET character_set_client = utf8mb4 */;
CREATE TABLE `employee_contracts_skills_links` (
  `id` int(10) unsigned NOT NULL AUTO_INCREMENT,
  `employee_contract_id` int(10) unsigned DEFAULT NULL,
  `skill_id` int(10) unsigned DEFAULT NULL,
  `skill_order` int(10) unsigned DEFAULT NULL,
  PRIMARY KEY (`id`),
  UNIQUE KEY `employee_contracts_skills_links_unique` (`employee_contract_id`,`skill_id`),
  KEY `employee_contracts_skills_links_fk` (`employee_contract_id`),
  KEY `employee_contracts_skills_links_inv_fk` (`skill_id`),
  KEY `employee_contracts_skills_links_order_fk` (`skill_order`),
  CONSTRAINT `employee_contracts_skills_links_fk` FOREIGN KEY (`employee_contract_id`) REFERENCES `employee_contracts` (`id`) ON DELETE CASCADE,
  CONSTRAINT `employee_contracts_skills_links_inv_fk` FOREIGN KEY (`skill_id`) REFERENCES `skills` (`id`) ON DELETE CASCADE
) ENGINE=InnoDB AUTO_INCREMENT=48 DEFAULT CHARSET=utf8mb3 COLLATE=utf8mb3_general_ci;
/*!40101 SET character_set_client = @saved_cs_client */;

--
-- Dumping data for table `employee_contracts_skills_links`
--

LOCK TABLES `employee_contracts_skills_links` WRITE;
/*!40000 ALTER TABLE `employee_contracts_skills_links` DISABLE KEYS */;
/*!40000 ALTER TABLE `employee_contracts_skills_links` ENABLE KEYS */;
UNLOCK TABLES;

--
-- Table structure for table `employee_contracts_superiors_links`
--

DROP TABLE IF EXISTS `employee_contracts_superiors_links`;
/*!40101 SET @saved_cs_client     = @@character_set_client */;
/*!50503 SET character_set_client = utf8mb4 */;
CREATE TABLE `employee_contracts_superiors_links` (
  `id` int(10) unsigned NOT NULL AUTO_INCREMENT,
  `employee_contract_id` int(10) unsigned DEFAULT NULL,
  `user_id` int(10) unsigned DEFAULT NULL,
  `user_order` int(10) unsigned DEFAULT NULL,
  PRIMARY KEY (`id`),
  UNIQUE KEY `employee_contracts_superiors_links_unique` (`employee_contract_id`,`user_id`),
  KEY `employee_contracts_superiors_links_fk` (`employee_contract_id`),
  KEY `employee_contracts_superiors_links_inv_fk` (`user_id`),
  KEY `employee_contracts_superiors_links_order_fk` (`user_order`),
  CONSTRAINT `employee_contracts_superiors_links_fk` FOREIGN KEY (`employee_contract_id`) REFERENCES `employee_contracts` (`id`) ON DELETE CASCADE,
  CONSTRAINT `employee_contracts_superiors_links_inv_fk` FOREIGN KEY (`user_id`) REFERENCES `up_users` (`id`) ON DELETE CASCADE
) ENGINE=InnoDB AUTO_INCREMENT=29 DEFAULT CHARSET=utf8mb3 COLLATE=utf8mb3_general_ci;
/*!40101 SET character_set_client = @saved_cs_client */;

--
-- Dumping data for table `employee_contracts_superiors_links`
--

LOCK TABLES `employee_contracts_superiors_links` WRITE;
/*!40000 ALTER TABLE `employee_contracts_superiors_links` DISABLE KEYS */;
/*!40000 ALTER TABLE `employee_contracts_superiors_links` ENABLE KEYS */;
UNLOCK TABLES;

--
-- Table structure for table `employee_contracts_user_links`
--

DROP TABLE IF EXISTS `employee_contracts_user_links`;
/*!40101 SET @saved_cs_client     = @@character_set_client */;
/*!50503 SET character_set_client = utf8mb4 */;
CREATE TABLE `employee_contracts_user_links` (
  `id` int(10) unsigned NOT NULL AUTO_INCREMENT,
  `employee_contract_id` int(10) unsigned DEFAULT NULL,
  `user_id` int(10) unsigned DEFAULT NULL,
  PRIMARY KEY (`id`),
  UNIQUE KEY `employee_contracts_user_links_unique` (`employee_contract_id`,`user_id`),
  KEY `employee_contracts_user_links_fk` (`employee_contract_id`),
  KEY `employee_contracts_user_links_inv_fk` (`user_id`),
  CONSTRAINT `employee_contracts_user_links_fk` FOREIGN KEY (`employee_contract_id`) REFERENCES `employee_contracts` (`id`) ON DELETE CASCADE,
  CONSTRAINT `employee_contracts_user_links_inv_fk` FOREIGN KEY (`user_id`) REFERENCES `up_users` (`id`) ON DELETE CASCADE
) ENGINE=InnoDB AUTO_INCREMENT=41 DEFAULT CHARSET=utf8mb3 COLLATE=utf8mb3_general_ci;
/*!40101 SET character_set_client = @saved_cs_client */;

--
-- Dumping data for table `employee_contracts_user_links`
--

LOCK TABLES `employee_contracts_user_links` WRITE;
/*!40000 ALTER TABLE `employee_contracts_user_links` DISABLE KEYS */;
INSERT INTO `employee_contracts_user_links` VALUES (40,26,1);
/*!40000 ALTER TABLE `employee_contracts_user_links` ENABLE KEYS */;
UNLOCK TABLES;

--
-- Table structure for table `equipment_of_sites`
--

DROP TABLE IF EXISTS `equipment_of_sites`;
/*!40101 SET @saved_cs_client     = @@character_set_client */;
/*!50503 SET character_set_client = utf8mb4 */;
CREATE TABLE `equipment_of_sites` (
  `id` int(10) unsigned NOT NULL AUTO_INCREMENT,
  `title` varchar(255) DEFAULT NULL,
  `created_at` datetime(6) DEFAULT NULL,
  `updated_at` datetime(6) DEFAULT NULL,
  `published_at` datetime(6) DEFAULT NULL,
  `created_by_id` int(10) unsigned DEFAULT NULL,
  `updated_by_id` int(10) unsigned DEFAULT NULL,
  PRIMARY KEY (`id`),
  KEY `equipment_of_sites_created_by_id_fk` (`created_by_id`),
  KEY `equipment_of_sites_updated_by_id_fk` (`updated_by_id`),
  CONSTRAINT `equipment_of_sites_created_by_id_fk` FOREIGN KEY (`created_by_id`) REFERENCES `admin_users` (`id`) ON DELETE SET NULL,
  CONSTRAINT `equipment_of_sites_updated_by_id_fk` FOREIGN KEY (`updated_by_id`) REFERENCES `admin_users` (`id`) ON DELETE SET NULL
) ENGINE=InnoDB AUTO_INCREMENT=51 DEFAULT CHARSET=utf8mb3 COLLATE=utf8mb3_general_ci;
/*!40101 SET character_set_client = @saved_cs_client */;

--
-- Dumping data for table `equipment_of_sites`
--

LOCK TABLES `equipment_of_sites` WRITE;
/*!40000 ALTER TABLE `equipment_of_sites` DISABLE KEYS */;
INSERT INTO `equipment_of_sites` VALUES (1,'Antenne TV collective','2023-07-27 13:35:42.366000','2023-08-07 13:30:35.446000','2023-07-27 13:35:43.596000',1,2),(2,'Aire de jeux pour enfants','2023-08-07 13:29:19.447000','2023-08-07 13:29:19.447000','2023-08-07 13:29:19.444000',NULL,NULL),(3,'Terrain de tennis','2023-08-07 13:29:33.715000','2023-08-07 13:29:33.715000','2023-08-07 13:29:33.713000',NULL,NULL),(4,'Ascenseurs','2023-08-07 13:31:19.183000','2023-08-07 13:31:19.183000','2023-08-07 13:31:19.181000',NULL,NULL),(5,'Buanderie collective','2023-08-07 13:31:36.678000','2023-08-07 13:31:36.678000','2023-08-07 13:31:36.676000',NULL,NULL),(6,'Buanderie collective équipée (MAL et/ou SL)','2023-08-07 13:32:15.857000','2023-08-07 13:32:15.857000','2023-08-07 13:32:15.855000',NULL,NULL),(7,'Chauffage central','2023-08-07 13:32:33.331000','2023-08-07 13:32:33.331000','2023-08-07 13:32:33.329000',NULL,NULL),(8,'Chauffage urbain (raccordement réseau chauffage urbain)','2023-08-07 13:33:11.233000','2023-08-07 13:33:11.233000','2023-08-07 13:33:11.231000',NULL,NULL),(9,'Chauffe-eau collectif','2023-08-07 13:33:42.043000','2023-08-07 13:33:42.043000','2023-08-07 13:33:42.041000',NULL,NULL),(10,'Climatisation centrale','2023-08-07 13:33:56.711000','2023-08-07 13:33:56.711000','2023-08-07 13:33:56.710000',NULL,NULL),(11,'Eclairage de sécurité ( balisage évacuation, éclairage de secours, etc...) ','2023-08-07 13:38:12.912000','2023-08-07 13:38:12.912000','2023-08-07 13:38:12.910000',NULL,NULL),(12,'Eclairage des parties communes','2023-08-07 13:38:43.749000','2023-08-07 13:38:43.749000','2023-08-07 13:38:43.747000',NULL,NULL),(13,'Equipements de communication ( interphone vidéo, système de com. interne, etc...)','2023-08-07 13:39:45.324000','2023-08-07 13:39:45.324000','2023-08-07 13:39:45.323000',NULL,NULL),(14,'Equipements de lutte incendie','2023-08-07 13:40:22.209000','2023-08-07 13:40:22.209000','2023-08-07 13:40:22.206000',NULL,NULL),(15,'Equipements de sécurité ( détecteurs de fumée, détecteur de chaleur, etc ...)','2023-08-07 13:41:19.344000','2023-08-07 13:41:19.344000','2023-08-07 13:41:19.342000',NULL,NULL),(16,'Equipements PMR ( rampe d\'accès, ascenseur adapté, etc...)','2023-08-07 13:42:16.237000','2023-08-07 13:42:16.237000','2023-08-07 13:42:16.236000',NULL,NULL),(17,'Espaces commun de détente ( salle de réunion, salon, etc...) ','2023-08-07 13:42:59.185000','2023-08-07 13:42:59.185000','2023-08-07 13:42:59.183000',NULL,NULL),(18,'Espaces de stockage collectif ( caves, grenier, etc...)','2023-08-07 13:43:37.246000','2023-08-07 13:43:37.246000','2023-08-07 13:43:37.243000',NULL,NULL),(19,'Extincteurs','2023-08-07 13:51:10.647000','2023-08-07 13:51:10.647000','2023-08-07 13:51:10.646000',NULL,NULL),(20,'Générateur d\'énergie de secours ( Onduleur, groupe électrogène, etc...)','2023-08-07 13:51:50.414000','2023-08-07 13:51:50.414000','2023-08-07 13:51:50.411000',NULL,NULL),(21,'Gestion de l\'eau (compteurs d\'eau, compteurs individuels, répartiteurs de frais de chauffage)','2023-08-07 13:52:56.584000','2023-08-07 13:52:56.584000','2023-08-07 13:52:56.582000',NULL,NULL),(22,'Gestion des ordures ménagères','2023-08-07 13:53:17.186000','2023-08-07 13:53:17.186000','2023-08-07 13:53:17.184000',NULL,NULL),(23,'Groupe électrogène de secours','2023-08-07 13:53:38.642000','2023-08-07 13:53:38.642000','2023-08-07 13:53:38.641000',NULL,NULL),(24,'Interphone','2023-08-07 13:53:56.795000','2023-08-07 13:53:56.795000','2023-08-07 13:53:56.792000',NULL,NULL),(25,'jardins ou espaces verts communs','2023-08-07 13:54:18.292000','2023-08-07 13:54:18.292000','2023-08-07 13:54:18.290000',NULL,NULL),(26,'Local vélos','2023-08-07 13:54:32.302000','2023-08-07 13:54:32.302000','2023-08-07 13:54:32.300000',NULL,NULL),(27,'Local poubelles','2023-08-07 13:54:43.696000','2023-08-07 13:54:43.696000','2023-08-07 13:54:43.692000',NULL,NULL),(28,'Piscine','2023-08-07 13:54:53.190000','2023-08-07 13:54:53.190000','2023-08-07 13:54:53.188000',NULL,NULL),(29,'Portail d\'accès collectif','2023-08-07 13:55:10.877000','2023-08-07 13:55:10.877000','2023-08-07 13:55:10.875000',NULL,NULL),(30,'Porte d\'accès collectif','2023-08-07 13:55:25.736000','2023-08-07 13:55:25.736000','2023-08-07 13:55:25.734000',NULL,NULL),(31,'Portes automatiques ou portes motorisées','2023-08-07 13:55:50.877000','2023-08-07 13:55:50.877000','2023-08-07 13:55:50.875000',NULL,NULL),(32,'Portes coupe-feu','2023-08-07 13:56:04.826000','2023-08-07 13:56:04.826000','2023-08-07 13:56:04.825000',NULL,NULL),(33,'Réseau informatique collectif','2023-08-07 13:56:19.375000','2023-08-07 13:56:19.375000','2023-08-07 13:56:19.373000',NULL,NULL),(34,'Stationnement collectif ( parking souterrain, parking extérieur, etc...)','2023-08-07 13:57:22.055000','2023-08-07 13:57:22.055000','2023-08-07 13:57:22.053000',NULL,NULL),(35,'Système de contrôle d\'accès','2023-08-07 13:58:00.229000','2023-08-07 13:58:00.229000','2023-08-07 13:58:00.227000',NULL,NULL),(36,'Système de contrôle de la consommation d\'eau ou d\'énergie','2023-08-07 13:58:43.401000','2023-08-07 13:58:43.401000','2023-08-07 13:58:43.399000',NULL,NULL),(37,'Système de gestion des clés et des accès','2023-08-07 13:59:25.235000','2023-08-07 13:59:25.235000','2023-08-07 13:59:25.233000',NULL,NULL),(38,'Système de sécurité anti intrusion ','2023-08-07 13:59:52.137000','2023-08-07 13:59:52.137000','2023-08-07 13:59:52.135000',NULL,NULL),(39,'Système de sécurité d\'alarme incendie','2023-08-07 14:00:15.031000','2023-08-07 14:00:15.031000','2023-08-07 14:00:15.028000',NULL,NULL),(40,'Système de sécurité de vidéosurveillance','2023-08-07 14:00:35.083000','2023-08-07 14:00:35.083000','2023-08-07 14:00:35.081000',NULL,NULL),(41,'Système de traitement des déchets ( tri sélectif, compostage, etc...) ','2023-08-07 14:01:11.409000','2023-08-07 14:01:11.409000','2023-08-07 14:01:11.408000',NULL,NULL),(42,'Système de ventilation','2023-08-07 14:01:26.412000','2023-08-07 14:01:26.412000','2023-08-07 14:01:26.410000',NULL,NULL),(44,'Test','2024-01-11 09:32:47.705000','2024-01-11 09:32:47.705000','2024-01-11 09:32:47.703000',NULL,NULL),(45,'Portes','2024-05-02 14:35:06.543000','2024-05-02 14:35:06.543000','2024-05-02 14:35:06.542000',NULL,NULL),(46,'Fenêtres','2024-05-02 14:35:33.254000','2024-05-02 14:35:33.254000','2024-05-02 14:35:33.252000',NULL,NULL),(47,'Vitrage','2024-05-02 14:35:48.281000','2024-05-02 14:35:48.281000','2024-05-02 14:35:48.279000',NULL,NULL),(48,'Autre','2024-05-06 15:10:37.341000','2024-05-06 15:10:37.341000','2024-05-06 15:10:37.339000',NULL,NULL),(49,'Boites aux lettres','2024-05-09 09:54:35.064000','2024-05-09 09:54:35.064000','2024-05-09 09:54:35.063000',NULL,NULL),(50,'Plafond','2024-05-09 13:06:57.144000','2024-05-09 13:06:57.144000','2024-05-09 13:06:57.141000',NULL,NULL);
/*!40000 ALTER TABLE `equipment_of_sites` ENABLE KEYS */;
UNLOCK TABLES;

--
-- Table structure for table `equipment_of_sites_properties_links`
--

DROP TABLE IF EXISTS `equipment_of_sites_properties_links`;
/*!40101 SET @saved_cs_client     = @@character_set_client */;
/*!50503 SET character_set_client = utf8mb4 */;
CREATE TABLE `equipment_of_sites_properties_links` (
  `id` int(10) unsigned NOT NULL AUTO_INCREMENT,
  `equipment_of_site_id` int(10) unsigned DEFAULT NULL,
  `property_id` int(10) unsigned DEFAULT NULL,
  `property_order` int(10) unsigned DEFAULT NULL,
  `equipment_of_site_order` int(10) unsigned DEFAULT NULL,
  PRIMARY KEY (`id`),
  UNIQUE KEY `equipment_of_sites_properties_links_unique` (`equipment_of_site_id`,`property_id`),
  KEY `equipment_of_sites_properties_links_fk` (`equipment_of_site_id`),
  KEY `equipment_of_sites_properties_links_inv_fk` (`property_id`),
  KEY `equipment_of_sites_properties_links_order_fk` (`property_order`),
  KEY `equipment_of_sites_properties_links_order_inv_fk` (`equipment_of_site_order`),
  CONSTRAINT `equipment_of_sites_properties_links_fk` FOREIGN KEY (`equipment_of_site_id`) REFERENCES `equipment_of_sites` (`id`) ON DELETE CASCADE,
  CONSTRAINT `equipment_of_sites_properties_links_inv_fk` FOREIGN KEY (`property_id`) REFERENCES `properties` (`id`) ON DELETE CASCADE
) ENGINE=InnoDB AUTO_INCREMENT=617 DEFAULT CHARSET=utf8mb3 COLLATE=utf8mb3_general_ci;
/*!40101 SET character_set_client = @saved_cs_client */;

--
-- Dumping data for table `equipment_of_sites_properties_links`
--

LOCK TABLES `equipment_of_sites_properties_links` WRITE;
/*!40000 ALTER TABLE `equipment_of_sites_properties_links` DISABLE KEYS */;
INSERT INTO `equipment_of_sites_properties_links` VALUES (360,4,26,1,0),(361,12,26,1,0),(362,18,26,1,0),(363,19,26,1,0),(364,22,26,1,0),(365,24,26,1,0),(366,27,26,1,0),(367,29,26,1,0),(368,30,26,1,0),(369,31,26,1,0),(370,42,26,1,0),(371,45,26,1,0),(372,46,26,1,0),(373,47,26,1,0),(374,48,26,1,0),(375,1,27,1,0),(376,4,27,2,0),(377,12,27,2,0),(378,19,27,2,0),(379,18,27,2,0),(380,22,27,2,0),(381,24,27,2,0),(382,25,27,1,0),(383,26,27,1,0),(384,27,27,2,0),(385,29,27,2,0),(386,30,27,2,0),(387,31,27,2,0),(388,45,27,2,0),(389,46,27,2,0),(390,47,27,2,0),(391,48,27,2,0),(392,42,27,2,0),(426,1,28,2,0),(427,4,28,3,0),(428,11,28,1,0),(429,12,28,3,0),(430,18,28,3,0),(431,19,28,3,0),(432,22,28,3,0),(433,24,28,3,0),(434,25,28,2,0),(435,26,28,2,0),(436,27,28,3,0),(437,29,28,3,0),(438,30,28,3,0),(439,31,28,3,0),(440,34,28,1,0),(441,35,28,1,0),(442,42,28,3,0),(443,45,28,3,0),(444,46,28,3,0),(445,47,28,3,0),(446,48,28,3,0),(447,49,28,1,0),(448,50,28,1,0),(550,7,29,1,12),(551,4,29,4,2),(552,9,29,1,5),(553,16,29,1,7),(554,17,29,1,9),(555,18,29,4,11),(556,25,29,3,1),(557,24,29,4,4),(558,46,29,4,6),(559,45,29,4,8),(560,47,29,4,10),(561,49,29,2,13),(562,48,29,4,3);
/*!40000 ALTER TABLE `equipment_of_sites_properties_links` ENABLE KEYS */;
UNLOCK TABLES;

--
-- Table structure for table `expenses_contents`
--

DROP TABLE IF EXISTS `expenses_contents`;
/*!40101 SET @saved_cs_client     = @@character_set_client */;
/*!50503 SET character_set_client = utf8mb4 */;
CREATE TABLE `expenses_contents` (
  `id` int(10) unsigned NOT NULL AUTO_INCREMENT,
  `date` date DEFAULT NULL,
  `category` varchar(255) DEFAULT NULL,
  `description` varchar(255) DEFAULT NULL,
  `amount` decimal(10,2) DEFAULT NULL,
  `vat` decimal(10,2) DEFAULT NULL,
  `created_at` datetime(6) DEFAULT NULL,
  `updated_at` datetime(6) DEFAULT NULL,
  `published_at` datetime(6) DEFAULT NULL,
  `created_by_id` int(10) unsigned DEFAULT NULL,
  `updated_by_id` int(10) unsigned DEFAULT NULL,
  PRIMARY KEY (`id`),
  KEY `expenses_contents_created_by_id_fk` (`created_by_id`),
  KEY `expenses_contents_updated_by_id_fk` (`updated_by_id`),
  CONSTRAINT `expenses_contents_created_by_id_fk` FOREIGN KEY (`created_by_id`) REFERENCES `admin_users` (`id`) ON DELETE SET NULL,
  CONSTRAINT `expenses_contents_updated_by_id_fk` FOREIGN KEY (`updated_by_id`) REFERENCES `admin_users` (`id`) ON DELETE SET NULL
) ENGINE=InnoDB AUTO_INCREMENT=6 DEFAULT CHARSET=utf8mb3 COLLATE=utf8mb3_general_ci;
/*!40101 SET character_set_client = @saved_cs_client */;

--
-- Dumping data for table `expenses_contents`
--

LOCK TABLES `expenses_contents` WRITE;
/*!40000 ALTER TABLE `expenses_contents` DISABLE KEYS */;
INSERT INTO `expenses_contents` VALUES (4,'2024-05-08','Essence','TEST',50.00,10.00,'2024-05-08 10:14:22.198000','2024-05-08 10:14:22.198000','2024-05-08 10:14:22.190000',NULL,NULL),(5,'2024-05-17','Essence','test ana ',500.00,100.00,'2024-05-17 12:33:30.634000','2024-05-17 12:33:30.634000','2024-05-17 12:33:30.629000',NULL,NULL);
/*!40000 ALTER TABLE `expenses_contents` ENABLE KEYS */;
UNLOCK TABLES;

--
-- Table structure for table `expenses_contents_expense_links`
--

DROP TABLE IF EXISTS `expenses_contents_expense_links`;
/*!40101 SET @saved_cs_client     = @@character_set_client */;
/*!50503 SET character_set_client = utf8mb4 */;
CREATE TABLE `expenses_contents_expense_links` (
  `id` int(10) unsigned NOT NULL AUTO_INCREMENT,
  `expense_content_id` int(10) unsigned DEFAULT NULL,
  `frai_id` int(10) unsigned DEFAULT NULL,
  `expense_content_order` int(10) unsigned DEFAULT NULL,
  PRIMARY KEY (`id`),
  UNIQUE KEY `expenses_contents_expense_links_unique` (`expense_content_id`,`frai_id`),
  KEY `expenses_contents_expense_links_fk` (`expense_content_id`),
  KEY `expenses_contents_expense_links_inv_fk` (`frai_id`),
  KEY `expenses_contents_expense_links_order_inv_fk` (`expense_content_order`),
  CONSTRAINT `expenses_contents_expense_links_fk` FOREIGN KEY (`expense_content_id`) REFERENCES `expenses_contents` (`id`) ON DELETE CASCADE,
  CONSTRAINT `expenses_contents_expense_links_inv_fk` FOREIGN KEY (`frai_id`) REFERENCES `frais` (`id`) ON DELETE CASCADE
) ENGINE=InnoDB AUTO_INCREMENT=6 DEFAULT CHARSET=utf8mb3 COLLATE=utf8mb3_general_ci;
/*!40101 SET character_set_client = @saved_cs_client */;

--
-- Dumping data for table `expenses_contents_expense_links`
--

LOCK TABLES `expenses_contents_expense_links` WRITE;
/*!40000 ALTER TABLE `expenses_contents_expense_links` DISABLE KEYS */;
INSERT INTO `expenses_contents_expense_links` VALUES (4,4,6,1),(5,5,7,1);
/*!40000 ALTER TABLE `expenses_contents_expense_links` ENABLE KEYS */;
UNLOCK TABLES;

--
-- Table structure for table `expenses_types`
--

DROP TABLE IF EXISTS `expenses_types`;
/*!40101 SET @saved_cs_client     = @@character_set_client */;
/*!50503 SET character_set_client = utf8mb4 */;
CREATE TABLE `expenses_types` (
  `id` int(10) unsigned NOT NULL AUTO_INCREMENT,
  `name` varchar(255) DEFAULT NULL,
  `created_at` datetime(6) DEFAULT NULL,
  `updated_at` datetime(6) DEFAULT NULL,
  `published_at` datetime(6) DEFAULT NULL,
  `created_by_id` int(10) unsigned DEFAULT NULL,
  `updated_by_id` int(10) unsigned DEFAULT NULL,
  PRIMARY KEY (`id`),
  KEY `expenses_types_created_by_id_fk` (`created_by_id`),
  KEY `expenses_types_updated_by_id_fk` (`updated_by_id`),
  CONSTRAINT `expenses_types_created_by_id_fk` FOREIGN KEY (`created_by_id`) REFERENCES `admin_users` (`id`) ON DELETE SET NULL,
  CONSTRAINT `expenses_types_updated_by_id_fk` FOREIGN KEY (`updated_by_id`) REFERENCES `admin_users` (`id`) ON DELETE SET NULL
) ENGINE=InnoDB AUTO_INCREMENT=3 DEFAULT CHARSET=utf8mb3 COLLATE=utf8mb3_general_ci;
/*!40101 SET character_set_client = @saved_cs_client */;

--
-- Dumping data for table `expenses_types`
--

LOCK TABLES `expenses_types` WRITE;
/*!40000 ALTER TABLE `expenses_types` DISABLE KEYS */;
INSERT INTO `expenses_types` VALUES (1,'Essence','2023-12-15 09:00:51.043000','2023-12-15 09:00:53.747000','2023-12-15 09:00:53.660000',3,3),(2,'Panier repas ','2023-12-15 09:01:03.769000','2023-12-15 09:01:04.963000','2023-12-15 09:01:04.960000',3,3);
/*!40000 ALTER TABLE `expenses_types` ENABLE KEYS */;
UNLOCK TABLES;

--
-- Table structure for table `files`
--

DROP TABLE IF EXISTS `files`;
/*!40101 SET @saved_cs_client     = @@character_set_client */;
/*!50503 SET character_set_client = utf8mb4 */;
CREATE TABLE `files` (
  `id` int(10) unsigned NOT NULL AUTO_INCREMENT,
  `name` varchar(255) DEFAULT NULL,
  `alternative_text` varchar(255) DEFAULT NULL,
  `caption` varchar(255) DEFAULT NULL,
  `width` int(11) DEFAULT NULL,
  `height` int(11) DEFAULT NULL,
  `formats` longtext CHARACTER SET utf8mb4 COLLATE utf8mb4_bin DEFAULT NULL CHECK (json_valid(`formats`)),
  `hash` varchar(255) DEFAULT NULL,
  `ext` varchar(255) DEFAULT NULL,
  `mime` varchar(255) DEFAULT NULL,
  `size` decimal(10,2) DEFAULT NULL,
  `url` varchar(255) DEFAULT NULL,
  `preview_url` varchar(255) DEFAULT NULL,
  `provider` varchar(255) DEFAULT NULL,
  `provider_metadata` longtext CHARACTER SET utf8mb4 COLLATE utf8mb4_bin DEFAULT NULL CHECK (json_valid(`provider_metadata`)),
  `folder_path` varchar(255) DEFAULT NULL,
  `created_at` datetime(6) DEFAULT NULL,
  `updated_at` datetime(6) DEFAULT NULL,
  `created_by_id` int(10) unsigned DEFAULT NULL,
  `updated_by_id` int(10) unsigned DEFAULT NULL,
  PRIMARY KEY (`id`),
  KEY `upload_files_folder_path_index` (`folder_path`),
  KEY `files_created_by_id_fk` (`created_by_id`),
  KEY `files_updated_by_id_fk` (`updated_by_id`),
  CONSTRAINT `files_created_by_id_fk` FOREIGN KEY (`created_by_id`) REFERENCES `admin_users` (`id`) ON DELETE SET NULL,
  CONSTRAINT `files_updated_by_id_fk` FOREIGN KEY (`updated_by_id`) REFERENCES `admin_users` (`id`) ON DELETE SET NULL
) ENGINE=InnoDB AUTO_INCREMENT=145 DEFAULT CHARSET=utf8mb3 COLLATE=utf8mb3_general_ci;
/*!40101 SET character_set_client = @saved_cs_client */;

--
-- Dumping data for table `files`
--

LOCK TABLES `files` WRITE;
/*!40000 ALTER TABLE `files` DISABLE KEYS */;
INSERT INTO `files` VALUES (1,'2.png',NULL,NULL,330,225,'{\"thumbnail\":{\"name\":\"thumbnail_2.png\",\"hash\":\"thumbnail_2_c3510805b9\",\"ext\":\".png\",\"mime\":\"image/png\",\"path\":null,\"width\":229,\"height\":156,\"size\":0.89,\"url\":\"https://minio.new-atelier.athomas.io:443/astralysprod/media/thumbnail_2_c3510805b9.png\"}}','2_c3510805b9','.png','image/png',0.19,'https://minio.new-atelier.athomas.io:443/astralysprod/media/2_c3510805b9.png',NULL,'strapi-provider-upload-minio-ce',NULL,'/1','2023-06-22 08:14:45.761000','2023-06-22 08:14:45.761000',NULL,NULL),(2,'2.png',NULL,NULL,330,225,'{\"thumbnail\":{\"name\":\"thumbnail_2.png\",\"hash\":\"thumbnail_2_74a620f8ed\",\"ext\":\".png\",\"mime\":\"image/png\",\"path\":null,\"width\":229,\"height\":156,\"size\":0.89,\"url\":\"https://minio.new-atelier.athomas.io:443/astralysprod/media/thumbnail_2_74a620f8ed.png\"}}','2_74a620f8ed','.png','image/png',0.19,'https://minio.new-atelier.athomas.io:443/astralysprod/media/2_74a620f8ed.png',NULL,'strapi-provider-upload-minio-ce',NULL,'/1','2023-06-22 08:35:13.425000','2023-06-22 08:35:13.425000',NULL,NULL),(3,'2.png',NULL,NULL,330,225,'{\"thumbnail\":{\"name\":\"thumbnail_2.png\",\"hash\":\"thumbnail_2_afa5a67162\",\"ext\":\".png\",\"mime\":\"image/png\",\"path\":null,\"width\":229,\"height\":156,\"size\":0.89,\"url\":\"https://minio.new-atelier.athomas.io:443/astralysprod/media/thumbnail_2_afa5a67162.png\"}}','2_afa5a67162','.png','image/png',0.19,'https://minio.new-atelier.athomas.io:443/astralysprod/media/2_afa5a67162.png',NULL,'strapi-provider-upload-minio-ce',NULL,'/1','2023-06-22 08:58:47.191000','2023-06-22 08:58:47.191000',NULL,NULL),(4,'Capture d\'écran_20221219_135708.png',NULL,NULL,217,207,'{\"thumbnail\":{\"name\":\"thumbnail_Capture d\'écran_20221219_135708.png\",\"hash\":\"thumbnail_Capture_d_ecran_20221219_135708_68ce69581e\",\"ext\":\".png\",\"mime\":\"image/png\",\"path\":null,\"width\":164,\"height\":156,\"size\":60.81,\"url\":\"https://minio.new-atelier.athomas.io/astralysprod/media/thumbnail_Capture_d_ecran_20221219_135708_68ce69581e.png\"}}','Capture_d_ecran_20221219_135708_68ce69581e','.png','image/png',32.96,'https://minio.new-atelier.athomas.io/astralysprod/media/Capture_d_ecran_20221219_135708_68ce69581e.png',NULL,'strapi-provider-upload-minio-ce',NULL,'/1','2023-08-08 12:41:01.768000','2023-08-08 12:41:01.768000',NULL,NULL),(5,'Capture d\'écran_20221219_135708.png',NULL,NULL,217,207,'{\"thumbnail\":{\"name\":\"thumbnail_Capture d\'écran_20221219_135708.png\",\"hash\":\"thumbnail_Capture_d_ecran_20221219_135708_60b3ee8403\",\"ext\":\".png\",\"mime\":\"image/png\",\"path\":null,\"width\":164,\"height\":156,\"size\":60.81,\"url\":\"https://minio.new-atelier.athomas.io/astralysprod/media/thumbnail_Capture_d_ecran_20221219_135708_60b3ee8403.png\"}}','Capture_d_ecran_20221219_135708_60b3ee8403','.png','image/png',32.96,'https://minio.new-atelier.athomas.io/astralysprod/media/Capture_d_ecran_20221219_135708_60b3ee8403.png',NULL,'strapi-provider-upload-minio-ce',NULL,'/1','2023-08-08 12:41:09.767000','2023-08-08 12:41:09.767000',NULL,NULL),(6,'Capture d\'écran_20221219_135708.png',NULL,NULL,217,207,'{\"thumbnail\":{\"name\":\"thumbnail_Capture d\'écran_20221219_135708.png\",\"hash\":\"thumbnail_Capture_d_ecran_20221219_135708_9eccdea1cd\",\"ext\":\".png\",\"mime\":\"image/png\",\"path\":null,\"width\":164,\"height\":156,\"size\":60.81,\"url\":\"https://minio.new-atelier.athomas.io/astralysprod/media/thumbnail_Capture_d_ecran_20221219_135708_9eccdea1cd.png\"}}','Capture_d_ecran_20221219_135708_9eccdea1cd','.png','image/png',32.96,'https://minio.new-atelier.athomas.io/astralysprod/media/Capture_d_ecran_20221219_135708_9eccdea1cd.png',NULL,'strapi-provider-upload-minio-ce',NULL,'/1','2023-08-08 12:43:00.113000','2023-08-08 12:43:00.113000',NULL,NULL),(7,'papier.png',NULL,NULL,730,661,'{\"small\":{\"name\":\"small_papier.png\",\"hash\":\"small_papier_54e1569911\",\"ext\":\".png\",\"mime\":\"image/png\",\"path\":null,\"width\":500,\"height\":453,\"size\":167.94,\"url\":\"https://minio.new-atelier.athomas.io/astralysprod/media/small_papier_54e1569911.png\"},\"thumbnail\":{\"name\":\"thumbnail_papier.png\",\"hash\":\"thumbnail_papier_54e1569911\",\"ext\":\".png\",\"mime\":\"image/png\",\"path\":null,\"width\":172,\"height\":156,\"size\":27.05,\"url\":\"https://minio.new-atelier.athomas.io/astralysprod/media/thumbnail_papier_54e1569911.png\"}}','papier_54e1569911','.png','image/png',88.66,'https://minio.new-atelier.athomas.io/astralysprod/media/papier_54e1569911.png',NULL,'strapi-provider-upload-minio-ce',NULL,'/1','2023-08-16 07:35:44.704000','2023-08-16 07:35:44.704000',NULL,NULL),(8,'blob',NULL,NULL,NULL,NULL,NULL,'blob_c901618917','.weba','audio/webm;codecs=opus',76.55,'https://minio.new-atelier.athomas.io/astralysprod/media/blob_c901618917.weba',NULL,'strapi-provider-upload-minio-ce',NULL,'/1','2023-08-18 07:10:23.698000','2023-08-18 07:10:23.698000',NULL,NULL),(9,'NDF-Labrid-Transport-49,50EUR.pdf',NULL,NULL,NULL,NULL,NULL,'NDF_Labrid_Transport_49_50_EUR_d0ec304aa8','.pdf','application/pdf',33.13,'https://minio.new-atelier.athomas.io/astralys/media/NDF_Labrid_Transport_49_50_EUR_d0ec304aa8.pdf',NULL,'strapi-provider-upload-minio-ce',NULL,'/1','2023-11-13 10:35:55.343000','2023-11-13 10:35:55.343000',NULL,NULL),(10,'NDF-Labrid-Transport-49,50EUR.pdf',NULL,NULL,NULL,NULL,NULL,'NDF_Labrid_Transport_49_50_EUR_8b40e06484','.pdf','application/pdf',33.13,'https://minio.new-atelier.athomas.io/astralys/media/NDF_Labrid_Transport_49_50_EUR_8b40e06484.pdf',NULL,'strapi-provider-upload-minio-ce',NULL,'/1','2023-11-13 10:36:42.589000','2023-11-13 10:36:42.589000',NULL,NULL),(11,'suivi-tma-2023-11-15T10-45-27.686Z.jpg',NULL,NULL,1643,1696,'{\"thumbnail\":{\"name\":\"thumbnail_suivi-tma-2023-11-15T10-45-27.686Z.jpg\",\"hash\":\"thumbnail_suivi_tma_2023_11_15_T10_45_27_686_Z_dc815972d6\",\"ext\":\".jpg\",\"mime\":\"image/jpeg\",\"path\":null,\"width\":151,\"height\":156,\"size\":3.27,\"url\":\"https://minio.new-atelier.athomas.io/astralys/media/thumbnail_suivi_tma_2023_11_15_T10_45_27_686_Z_dc815972d6.jpg\"},\"small\":{\"name\":\"small_suivi-tma-2023-11-15T10-45-27.686Z.jpg\",\"hash\":\"small_suivi_tma_2023_11_15_T10_45_27_686_Z_dc815972d6\",\"ext\":\".jpg\",\"mime\":\"image/jpeg\",\"path\":null,\"width\":484,\"height\":500,\"size\":22.57,\"url\":\"https://minio.new-atelier.athomas.io/astralys/media/small_suivi_tma_2023_11_15_T10_45_27_686_Z_dc815972d6.jpg\"},\"medium\":{\"name\":\"medium_suivi-tma-2023-11-15T10-45-27.686Z.jpg\",\"hash\":\"medium_suivi_tma_2023_11_15_T10_45_27_686_Z_dc815972d6\",\"ext\":\".jpg\",\"mime\":\"image/jpeg\",\"path\":null,\"width\":727,\"height\":750,\"size\":44.58,\"url\":\"https://minio.new-atelier.athomas.io/astralys/media/medium_suivi_tma_2023_11_15_T10_45_27_686_Z_dc815972d6.jpg\"},\"large\":{\"name\":\"large_suivi-tma-2023-11-15T10-45-27.686Z.jpg\",\"hash\":\"large_suivi_tma_2023_11_15_T10_45_27_686_Z_dc815972d6\",\"ext\":\".jpg\",\"mime\":\"image/jpeg\",\"path\":null,\"width\":969,\"height\":1000,\"size\":71.25,\"url\":\"https://minio.new-atelier.athomas.io/astralys/media/large_suivi_tma_2023_11_15_T10_45_27_686_Z_dc815972d6.jpg\"}}','suivi_tma_2023_11_15_T10_45_27_686_Z_dc815972d6','.jpg','image/jpeg',151.86,'https://minio.new-atelier.athomas.io/astralys/media/suivi_tma_2023_11_15_T10_45_27_686_Z_dc815972d6.jpg',NULL,'strapi-provider-upload-minio-ce',NULL,'/1','2023-11-15 13:14:58.328000','2023-11-15 13:14:58.328000',NULL,NULL),(12,'Compte rendu Modifications SRIAS.pdf',NULL,NULL,NULL,NULL,NULL,'Compte_rendu_Modifications_SRIAS_e2ec2fd3ca','.pdf','application/pdf',1195.54,'https://minio.new-atelier.athomas.io/astralys/media/Compte_rendu_Modifications_SRIAS_e2ec2fd3ca.pdf',NULL,'strapi-provider-upload-minio-ce',NULL,'/1','2023-11-15 13:18:08.430000','2023-11-15 13:18:08.430000',NULL,NULL),(13,'Compte rendu Modifications SRIAS.pdf',NULL,NULL,NULL,NULL,NULL,'Compte_rendu_Modifications_SRIAS_14653cb96d','.pdf','application/pdf',1195.54,'https://minio.new-atelier.athomas.io/astralys/media/Compte_rendu_Modifications_SRIAS_14653cb96d.pdf',NULL,'strapi-provider-upload-minio-ce',NULL,'/1','2023-11-15 13:18:59.162000','2023-11-15 13:18:59.162000',NULL,NULL),(14,'Document-Atelier.pdf',NULL,NULL,NULL,NULL,NULL,'Document_Atelier_8c55b54fa9','.pdf','application/pdf',15.37,'https://minio.new-atelier.athomas.io/astralys/media/Document_Atelier_8c55b54fa9.pdf',NULL,'strapi-provider-upload-minio-ce',NULL,'/1','2023-11-21 13:13:37.924000','2023-11-21 13:13:37.924000',NULL,NULL),(15,'CV_MORAD_LABRID.pdf',NULL,NULL,NULL,NULL,NULL,'CV_MORAD_LABRID_ccdcca2047','.pdf','application/pdf',409.68,'https://minio.new-atelier.athomas.io/astralys/media/CV_MORAD_LABRID_ccdcca2047.pdf',NULL,'strapi-provider-upload-minio-ce',NULL,'/1','2023-11-21 13:13:37.940000','2023-11-21 13:13:37.940000',NULL,NULL),(16,'Document-Atelier.pdf',NULL,NULL,NULL,NULL,NULL,'Document_Atelier_4849125dcc','.pdf','application/pdf',15.37,'https://minio.new-atelier.athomas.io/astralys/media/Document_Atelier_4849125dcc.pdf',NULL,'strapi-provider-upload-minio-ce',NULL,'/1','2023-11-21 13:32:48.846000','2023-11-21 13:32:48.846000',NULL,NULL),(17,'1290330161833.png',NULL,NULL,256,192,'{\"thumbnail\":{\"name\":\"thumbnail_1290330161833.png\",\"hash\":\"thumbnail_1290330161833_6297a5d118\",\"ext\":\".png\",\"mime\":\"image/png\",\"path\":null,\"width\":208,\"height\":156,\"size\":7.71,\"url\":\"https://minio.new-atelier.athomas.io/astralys/media/thumbnail_1290330161833_6297a5d118.png\"}}','1290330161833_6297a5d118','.png','image/png',11.32,'https://minio.new-atelier.athomas.io/astralys/media/1290330161833_6297a5d118.png',NULL,'strapi-provider-upload-minio-ce',NULL,'/1','2023-11-24 09:07:41.423000','2023-11-24 09:07:41.423000',NULL,NULL),(18,'image.jpg',NULL,NULL,256,192,'{\"thumbnail\":{\"name\":\"thumbnail_image.jpg\",\"hash\":\"thumbnail_image_5795be6180\",\"ext\":\".jpg\",\"mime\":\"image/jpeg\",\"path\":null,\"width\":208,\"height\":156,\"size\":6.98,\"url\":\"https://minio.new-atelier.athomas.io/astralys/media/thumbnail_image_5795be6180.jpg\"}}','image_5795be6180','.jpg','image/jpeg',9.95,'https://minio.new-atelier.athomas.io/astralys/media/image_5795be6180.jpg',NULL,'strapi-provider-upload-minio-ce',NULL,'/1','2023-11-24 09:23:48.912000','2023-11-24 09:23:48.912000',NULL,NULL),(19,'Document-Atelier-1.pdf',NULL,NULL,NULL,NULL,NULL,'Document_Atelier_1_a3354e1c27','.pdf','application/pdf',15.37,'https://minio.new-atelier.athomas.io/astralys/media/Document_Atelier_1_a3354e1c27.pdf',NULL,'strapi-provider-upload-minio-ce',NULL,'/1','2023-11-24 15:04:51.391000','2023-11-24 15:04:51.391000',NULL,NULL),(20,'Document-Atelier-1.pdf',NULL,NULL,NULL,NULL,NULL,'Document_Atelier_1_6b4b904a67','.pdf','application/pdf',15.37,'https://minio.new-atelier.athomas.io/astralys/media/Document_Atelier_1_6b4b904a67.pdf',NULL,'strapi-provider-upload-minio-ce',NULL,'/1','2023-11-24 15:05:09.346000','2023-11-24 15:05:09.346000',NULL,NULL),(21,'Document-Atelier-2.pdf',NULL,NULL,NULL,NULL,NULL,'Document_Atelier_2_59ed372e18','.pdf','application/pdf',15.05,'https://minio.new-atelier.athomas.io/astralys/media/Document_Atelier_2_59ed372e18.pdf',NULL,'strapi-provider-upload-minio-ce',NULL,'/1','2023-11-24 15:05:09.492000','2023-11-24 15:05:09.492000',NULL,NULL),(22,'Document-Atelier-2.pdf',NULL,NULL,NULL,NULL,NULL,'Document_Atelier_2_63d01e4145','.pdf','application/pdf',15.05,'https://minio.new-atelier.athomas.io/astralys/media/Document_Atelier_2_63d01e4145.pdf',NULL,'strapi-provider-upload-minio-ce',NULL,'/1','2023-11-24 15:05:31.762000','2023-11-24 15:05:31.762000',NULL,NULL),(23,'Document-Atelier-1.pdf',NULL,NULL,NULL,NULL,NULL,'Document_Atelier_1_b7db077db8','.pdf','application/pdf',15.37,'https://minio.new-atelier.athomas.io/astralys/media/Document_Atelier_1_b7db077db8.pdf',NULL,'strapi-provider-upload-minio-ce',NULL,'/1','2023-11-24 15:05:31.765000','2023-11-24 15:05:31.765000',NULL,NULL),(24,'Document-Atelier-1.pdf',NULL,NULL,NULL,NULL,NULL,'Document_Atelier_1_1f738332df','.pdf','application/pdf',15.37,'https://minio.new-atelier.athomas.io/astralys/media/Document_Atelier_1_1f738332df.pdf',NULL,'strapi-provider-upload-minio-ce',NULL,'/1','2023-11-24 15:07:34.147000','2023-11-24 15:07:34.147000',NULL,NULL),(25,'Document-Atelier-2.pdf',NULL,NULL,NULL,NULL,NULL,'Document_Atelier_2_26db162bd2','.pdf','application/pdf',15.05,'https://minio.new-atelier.athomas.io/astralys/media/Document_Atelier_2_26db162bd2.pdf',NULL,'strapi-provider-upload-minio-ce',NULL,'/1','2023-11-24 15:07:34.244000','2023-11-24 15:07:34.244000',NULL,NULL),(26,'Document-Atelier-1.pdf',NULL,NULL,NULL,NULL,NULL,'Document_Atelier_1_94a6b7725b','.pdf','application/pdf',15.37,'https://minio.new-atelier.athomas.io/astralys/media/Document_Atelier_1_94a6b7725b.pdf',NULL,'strapi-provider-upload-minio-ce',NULL,'/1','2023-11-24 15:09:24.318000','2023-11-24 15:09:24.318000',NULL,NULL),(27,'Document-Atelier-2.pdf',NULL,NULL,NULL,NULL,NULL,'Document_Atelier_2_338c109c15','.pdf','application/pdf',15.05,'https://minio.new-atelier.athomas.io/astralys/media/Document_Atelier_2_338c109c15.pdf',NULL,'strapi-provider-upload-minio-ce',NULL,'/1','2023-11-24 15:09:24.426000','2023-11-24 15:09:24.426000',NULL,NULL),(28,'Document-Atelier-1.pdf',NULL,NULL,NULL,NULL,NULL,'Document_Atelier_1_358f4d6396','.pdf','application/pdf',15.37,'https://minio.new-atelier.athomas.io/astralys/media/Document_Atelier_1_358f4d6396.pdf',NULL,'strapi-provider-upload-minio-ce',NULL,'/1','2023-11-27 10:15:21.825000','2023-11-27 10:15:21.825000',NULL,NULL),(29,'Document-Atelier-2.pdf',NULL,NULL,NULL,NULL,NULL,'Document_Atelier_2_6bdcfcbbe1','.pdf','application/pdf',15.05,'https://minio.new-atelier.athomas.io/astralys/media/Document_Atelier_2_6bdcfcbbe1.pdf',NULL,'strapi-provider-upload-minio-ce',NULL,'/1','2023-11-27 10:15:21.855000','2023-11-27 10:15:21.855000',NULL,NULL),(30,'image.jpg',NULL,NULL,175,117,NULL,'image_14980cb929','.jpg','image/jpeg',8.91,'https://minio.new-atelier.athomas.io/astralys/media/image_14980cb929.jpg',NULL,'strapi-provider-upload-minio-ce',NULL,'/1','2023-11-30 13:18:58.967000','2023-11-30 13:18:58.967000',NULL,NULL),(31,'1290330022709.png',NULL,NULL,256,192,'{\"thumbnail\":{\"name\":\"thumbnail_1290330022709.png\",\"hash\":\"thumbnail_1290330022709_c0a2f79552\",\"ext\":\".png\",\"mime\":\"image/png\",\"path\":null,\"width\":208,\"height\":156,\"size\":6.98,\"url\":\"https://minio.new-atelier.athomas.io/astralys/media/thumbnail_1290330022709_c0a2f79552.png\"}}','1290330022709_c0a2f79552','.png','image/png',9.95,'https://minio.new-atelier.athomas.io/astralys/media/1290330022709_c0a2f79552.png',NULL,'strapi-provider-upload-minio-ce',NULL,'/1','2023-11-30 13:31:52.446000','2023-11-30 13:31:52.446000',NULL,NULL),(32,'MOV20101127_001.mp4',NULL,NULL,NULL,NULL,NULL,'MOV_20101127_001_8d67f0ff22','.mp4','video/mp4',10736.05,'https://minio.new-atelier.athomas.io/astralys/media/MOV_20101127_001_8d67f0ff22.mp4',NULL,'strapi-provider-upload-minio-ce',NULL,'/1','2023-11-30 13:31:55.593000','2023-11-30 13:31:55.593000',NULL,NULL),(33,'Partenaires (1).png',NULL,NULL,958,151,'{\"thumbnail\":{\"name\":\"thumbnail_Partenaires (1).png\",\"hash\":\"thumbnail_Partenaires_1_708c004602\",\"ext\":\".png\",\"mime\":\"image/png\",\"path\":null,\"width\":245,\"height\":39,\"size\":4.65,\"url\":\"https://minio.new-atelier.athomas.io/astralys/media/thumbnail_Partenaires_1_708c004602.png\"},\"medium\":{\"name\":\"medium_Partenaires (1).png\",\"hash\":\"medium_Partenaires_1_708c004602\",\"ext\":\".png\",\"mime\":\"image/png\",\"path\":null,\"width\":750,\"height\":118,\"size\":24.26,\"url\":\"https://minio.new-atelier.athomas.io/astralys/media/medium_Partenaires_1_708c004602.png\"},\"small\":{\"name\":\"small_Partenaires (1).png\",\"hash\":\"small_Partenaires_1_708c004602\",\"ext\":\".png\",\"mime\":\"image/png\",\"path\":null,\"width\":500,\"height\":79,\"size\":13.16,\"url\":\"https://minio.new-atelier.athomas.io/astralys/media/small_Partenaires_1_708c004602.png\"}}','Partenaires_1_708c004602','.png','image/png',9.94,'https://minio.new-atelier.athomas.io/astralys/media/Partenaires_1_708c004602.png',NULL,'strapi-provider-upload-minio-ce',NULL,'/1','2023-11-30 14:05:56.197000','2023-11-30 14:05:56.197000',NULL,NULL),(34,'image.jpg',NULL,NULL,175,117,NULL,'image_ebf0433e29','.jpg','image/jpeg',8.91,'https://minio.new-atelier.athomas.io/astralys/media/image_ebf0433e29.jpg',NULL,'strapi-provider-upload-minio-ce',NULL,'/1','2023-12-01 10:28:45.416000','2023-12-01 10:28:45.416000',NULL,NULL),(35,'1290330038275.jpg',NULL,NULL,175,117,NULL,'1290330038275_da484ecf2f','.jpg','image/jpeg',8.91,'https://minio.new-atelier.athomas.io/astralys/media/1290330038275_da484ecf2f.jpg',NULL,'strapi-provider-upload-minio-ce',NULL,'/1','2023-12-01 10:29:17.265000','2023-12-01 10:29:17.265000',NULL,NULL),(36,'Document-Atelier-1.pdf',NULL,NULL,NULL,NULL,NULL,'Document_Atelier_1_1826ae9283','.pdf','application/pdf',15.37,'https://minio.new-atelier.athomas.io/astralys/media/Document_Atelier_1_1826ae9283.pdf',NULL,'strapi-provider-upload-minio-ce',NULL,'/1','2023-12-04 14:10:01.552000','2023-12-04 14:10:01.552000',NULL,NULL),(37,'Document-Atelier-2.pdf',NULL,NULL,NULL,NULL,NULL,'Document_Atelier_2_be8e45ec86','.pdf','application/pdf',15.05,'https://minio.new-atelier.athomas.io/astralys/media/Document_Atelier_2_be8e45ec86.pdf',NULL,'strapi-provider-upload-minio-ce',NULL,'/1','2023-12-04 14:10:01.644000','2023-12-04 14:10:01.644000',NULL,NULL),(38,'Profile.jpg',NULL,NULL,1480,1480,'{\"thumbnail\":{\"name\":\"thumbnail_Profile.jpg\",\"hash\":\"thumbnail_Profile_615135c972\",\"ext\":\".jpg\",\"mime\":\"image/jpeg\",\"path\":null,\"width\":156,\"height\":156,\"size\":3.51,\"url\":\"https://minio.new-atelier.athomas.io/astralys/media/thumbnail_Profile_615135c972.jpg\"},\"small\":{\"name\":\"small_Profile.jpg\",\"hash\":\"small_Profile_615135c972\",\"ext\":\".jpg\",\"mime\":\"image/jpeg\",\"path\":null,\"width\":500,\"height\":500,\"size\":15.08,\"url\":\"https://minio.new-atelier.athomas.io/astralys/media/small_Profile_615135c972.jpg\"},\"medium\":{\"name\":\"medium_Profile.jpg\",\"hash\":\"medium_Profile_615135c972\",\"ext\":\".jpg\",\"mime\":\"image/jpeg\",\"path\":null,\"width\":750,\"height\":750,\"size\":26.27,\"url\":\"https://minio.new-atelier.athomas.io/astralys/media/medium_Profile_615135c972.jpg\"},\"large\":{\"name\":\"large_Profile.jpg\",\"hash\":\"large_Profile_615135c972\",\"ext\":\".jpg\",\"mime\":\"image/jpeg\",\"path\":null,\"width\":1000,\"height\":1000,\"size\":40.14,\"url\":\"https://minio.new-atelier.athomas.io/astralys/media/large_Profile_615135c972.jpg\"}}','Profile_615135c972','.jpg','image/jpeg',74.72,'https://minio.new-atelier.athomas.io/astralys/media/Profile_615135c972.jpg',NULL,'strapi-provider-upload-minio-ce',NULL,'/1','2023-12-04 14:10:01.689000','2023-12-04 14:10:01.689000',NULL,NULL),(39,'Document-Atelier-1.pdf',NULL,NULL,NULL,NULL,NULL,'Document_Atelier_1_d98bd40da6','.pdf','application/pdf',15.37,'https://minio.new-atelier.athomas.io/astralys/media/Document_Atelier_1_d98bd40da6.pdf',NULL,'strapi-provider-upload-minio-ce',NULL,'/1','2023-12-04 14:23:09.251000','2023-12-04 14:23:09.251000',NULL,NULL),(40,'Document-Atelier-1.pdf',NULL,NULL,NULL,NULL,NULL,'Document_Atelier_1_0572ee9d0d','.pdf','application/pdf',15.37,'https://minio.new-atelier.athomas.io/astralys/media/Document_Atelier_1_0572ee9d0d.pdf',NULL,'strapi-provider-upload-minio-ce',NULL,'/1','2023-12-04 14:23:09.254000','2023-12-04 14:23:09.254000',NULL,NULL),(41,'Document-Atelier-2.pdf',NULL,NULL,NULL,NULL,NULL,'Document_Atelier_2_81c66d1d3c','.pdf','application/pdf',15.05,'https://minio.new-atelier.athomas.io/astralys/media/Document_Atelier_2_81c66d1d3c.pdf',NULL,'strapi-provider-upload-minio-ce',NULL,'/1','2023-12-04 14:23:09.344000','2023-12-04 14:23:09.344000',NULL,NULL),(42,'Document-Atelier-1.pdf',NULL,NULL,NULL,NULL,NULL,'Document_Atelier_1_4d449bc80b','.pdf','application/pdf',15.37,'https://minio.new-atelier.athomas.io/astralys/media/Document_Atelier_1_4d449bc80b.pdf',NULL,'strapi-provider-upload-minio-ce',NULL,'/1','2023-12-04 15:00:11.651000','2023-12-04 15:00:11.651000',NULL,NULL),(43,'Document-Atelier-2.pdf',NULL,NULL,NULL,NULL,NULL,'Document_Atelier_2_9b5cf6ba9e','.pdf','application/pdf',15.05,'https://minio.new-atelier.athomas.io/astralys/media/Document_Atelier_2_9b5cf6ba9e.pdf',NULL,'strapi-provider-upload-minio-ce',NULL,'/1','2023-12-04 15:00:11.654000','2023-12-04 15:00:11.654000',NULL,NULL),(44,'Document-Atelier-1.pdf',NULL,NULL,NULL,NULL,NULL,'Document_Atelier_1_d163fe0803','.pdf','application/pdf',15.37,'https://minio.new-atelier.athomas.io/astralys/media/Document_Atelier_1_d163fe0803.pdf',NULL,'strapi-provider-upload-minio-ce',NULL,'/1','2023-12-04 15:00:11.744000','2023-12-04 15:00:11.744000',NULL,NULL),(45,'Profile.png',NULL,NULL,1480,1480,'{\"medium\":{\"name\":\"medium_Profile.png\",\"hash\":\"medium_Profile_23e2b7edc4\",\"ext\":\".png\",\"mime\":\"image/png\",\"path\":null,\"width\":750,\"height\":750,\"size\":26.27,\"url\":\"https://minio.new-atelier.athomas.io/astralys/media/medium_Profile_23e2b7edc4.png\"},\"thumbnail\":{\"name\":\"thumbnail_Profile.png\",\"hash\":\"thumbnail_Profile_23e2b7edc4\",\"ext\":\".png\",\"mime\":\"image/png\",\"path\":null,\"width\":156,\"height\":156,\"size\":3.51,\"url\":\"https://minio.new-atelier.athomas.io/astralys/media/thumbnail_Profile_23e2b7edc4.png\"},\"small\":{\"name\":\"small_Profile.png\",\"hash\":\"small_Profile_23e2b7edc4\",\"ext\":\".png\",\"mime\":\"image/png\",\"path\":null,\"width\":500,\"height\":500,\"size\":15.08,\"url\":\"https://minio.new-atelier.athomas.io/astralys/media/small_Profile_23e2b7edc4.png\"},\"large\":{\"name\":\"large_Profile.png\",\"hash\":\"large_Profile_23e2b7edc4\",\"ext\":\".png\",\"mime\":\"image/png\",\"path\":null,\"width\":1000,\"height\":1000,\"size\":40.14,\"url\":\"https://minio.new-atelier.athomas.io/astralys/media/large_Profile_23e2b7edc4.png\"}}','Profile_23e2b7edc4','.png','image/png',74.72,'https://minio.new-atelier.athomas.io/astralys/media/Profile_23e2b7edc4.png',NULL,'strapi-provider-upload-minio-ce',NULL,'/1','2023-12-04 15:00:12.107000','2023-12-04 15:00:12.107000',NULL,NULL),(46,'image.jpg',NULL,NULL,956,895,'{\"thumbnail\":{\"name\":\"thumbnail_image.jpg\",\"hash\":\"thumbnail_image_9223d10e42\",\"ext\":\".jpg\",\"mime\":\"image/png\",\"path\":null,\"width\":167,\"height\":156,\"size\":23.15,\"url\":\"https://minio.new-atelier.athomas.io/astralys/media/thumbnail_image_9223d10e42.jpg\"},\"small\":{\"name\":\"small_image.jpg\",\"hash\":\"small_image_9223d10e42\",\"ext\":\".jpg\",\"mime\":\"image/png\",\"path\":null,\"width\":500,\"height\":468,\"size\":102.55,\"url\":\"https://minio.new-atelier.athomas.io/astralys/media/small_image_9223d10e42.jpg\"},\"medium\":{\"name\":\"medium_image.jpg\",\"hash\":\"medium_image_9223d10e42\",\"ext\":\".jpg\",\"mime\":\"image/png\",\"path\":null,\"width\":750,\"height\":702,\"size\":169.74,\"url\":\"https://minio.new-atelier.athomas.io/astralys/media/medium_image_9223d10e42.jpg\"}}','image_9223d10e42','.jpg','image/png',33.05,'https://minio.new-atelier.athomas.io/astralys/media/image_9223d10e42.jpg',NULL,'strapi-provider-upload-minio-ce',NULL,'/1','2023-12-08 08:47:47.355000','2023-12-08 08:47:47.355000',NULL,NULL),(48,'20220609_214231_306.jpg',NULL,NULL,1800,1200,'{\"thumbnail\":{\"name\":\"thumbnail_20220609_214231_306.jpg\",\"hash\":\"thumbnail_20220609_214231_306_a9f4f7af06\",\"ext\":\".jpg\",\"mime\":\"image/jpeg\",\"path\":null,\"width\":234,\"height\":156,\"size\":11.02,\"url\":\"https://minio.new-atelier.athomas.io/astralys/media/thumbnail_20220609_214231_306_a9f4f7af06.jpg\"},\"medium\":{\"name\":\"medium_20220609_214231_306.jpg\",\"hash\":\"medium_20220609_214231_306_a9f4f7af06\",\"ext\":\".jpg\",\"mime\":\"image/jpeg\",\"path\":null,\"width\":750,\"height\":500,\"size\":66.95,\"url\":\"https://minio.new-atelier.athomas.io/astralys/media/medium_20220609_214231_306_a9f4f7af06.jpg\"},\"small\":{\"name\":\"small_20220609_214231_306.jpg\",\"hash\":\"small_20220609_214231_306_a9f4f7af06\",\"ext\":\".jpg\",\"mime\":\"image/jpeg\",\"path\":null,\"width\":500,\"height\":333,\"size\":35.96,\"url\":\"https://minio.new-atelier.athomas.io/astralys/media/small_20220609_214231_306_a9f4f7af06.jpg\"},\"large\":{\"name\":\"large_20220609_214231_306.jpg\",\"hash\":\"large_20220609_214231_306_a9f4f7af06\",\"ext\":\".jpg\",\"mime\":\"image/jpeg\",\"path\":null,\"width\":1000,\"height\":667,\"size\":104.38,\"url\":\"https://minio.new-atelier.athomas.io/astralys/media/large_20220609_214231_306_a9f4f7af06.jpg\"}}','20220609_214231_306_a9f4f7af06','.jpg','image/jpeg',259.60,'https://minio.new-atelier.athomas.io/astralys/media/20220609_214231_306_a9f4f7af06.jpg',NULL,'strapi-provider-upload-minio-ce',NULL,'/1','2023-12-08 09:08:43.816000','2023-12-08 09:08:43.816000',NULL,NULL),(49,'image.jpg',NULL,NULL,730,661,'{\"thumbnail\":{\"name\":\"thumbnail_image.jpg\",\"hash\":\"thumbnail_image_0c58e90469\",\"ext\":\".jpg\",\"mime\":\"image/png\",\"path\":null,\"width\":172,\"height\":156,\"size\":27.05,\"url\":\"https://minio.new-atelier.athomas.io/astralys/media/thumbnail_image_0c58e90469.jpg\"},\"small\":{\"name\":\"small_image.jpg\",\"hash\":\"small_image_0c58e90469\",\"ext\":\".jpg\",\"mime\":\"image/png\",\"path\":null,\"width\":500,\"height\":453,\"size\":167.94,\"url\":\"https://minio.new-atelier.athomas.io/astralys/media/small_image_0c58e90469.jpg\"}}','image_0c58e90469','.jpg','image/png',88.66,'https://minio.new-atelier.athomas.io/astralys/media/image_0c58e90469.jpg',NULL,'strapi-provider-upload-minio-ce',NULL,'/1','2023-12-08 09:49:04.322000','2023-12-08 09:49:04.322000',NULL,NULL),(50,'Document-Atelier-1.pdf',NULL,NULL,NULL,NULL,NULL,'Document_Atelier_1_bff79adc18','.pdf','application/pdf',15.37,'https://minio.new-atelier.athomas.io/astralys/media/Document_Atelier_1_bff79adc18.pdf',NULL,'strapi-provider-upload-minio-ce',NULL,'/1','2023-12-08 12:57:57.392000','2023-12-08 12:57:57.392000',NULL,NULL),(51,'Document-Atelier-2.pdf',NULL,NULL,NULL,NULL,NULL,'Document_Atelier_2_fb553bdcd8','.pdf','application/pdf',15.05,'https://minio.new-atelier.athomas.io/astralys/media/Document_Atelier_2_fb553bdcd8.pdf',NULL,'strapi-provider-upload-minio-ce',NULL,'/1','2023-12-08 12:57:57.397000','2023-12-08 12:57:57.397000',NULL,NULL),(52,'Fire.mp4',NULL,NULL,NULL,NULL,NULL,'Fire_8c8fcb93af','.mp4','video/mp4',6288.98,'https://minio.new-atelier.athomas.io/astralys/media/Fire_8c8fcb93af.mp4',NULL,'strapi-provider-upload-minio-ce',NULL,'/1','2023-12-08 12:57:58.917000','2023-12-08 12:57:58.917000',NULL,NULL),(53,'OUTIL_ASTRALLYS (3).pdf',NULL,NULL,NULL,NULL,NULL,'OUTIL_ASTRALLYS_3_980910b932','.pdf','application/pdf',138.78,'https://minio.new-atelier.athomas.io/astralys/media/OUTIL_ASTRALLYS_3_980910b932.pdf',NULL,'strapi-provider-upload-minio-ce',NULL,'/1','2023-12-08 14:10:08.131000','2023-12-08 14:10:08.131000',NULL,NULL),(54,'image.jpg',NULL,NULL,956,895,'{\"thumbnail\":{\"name\":\"thumbnail_image.jpg\",\"hash\":\"thumbnail_image_f6fd8b4fef\",\"ext\":\".jpg\",\"mime\":\"image/png\",\"path\":null,\"width\":167,\"height\":156,\"size\":23.15,\"url\":\"https://minio.new-atelier.athomas.io/astralys/media/thumbnail_image_f6fd8b4fef.jpg\"},\"medium\":{\"name\":\"medium_image.jpg\",\"hash\":\"medium_image_f6fd8b4fef\",\"ext\":\".jpg\",\"mime\":\"image/png\",\"path\":null,\"width\":750,\"height\":702,\"size\":169.74,\"url\":\"https://minio.new-atelier.athomas.io/astralys/media/medium_image_f6fd8b4fef.jpg\"},\"small\":{\"name\":\"small_image.jpg\",\"hash\":\"small_image_f6fd8b4fef\",\"ext\":\".jpg\",\"mime\":\"image/png\",\"path\":null,\"width\":500,\"height\":468,\"size\":102.55,\"url\":\"https://minio.new-atelier.athomas.io/astralys/media/small_image_f6fd8b4fef.jpg\"}}','image_f6fd8b4fef','.jpg','image/png',33.05,'https://minio.new-atelier.athomas.io/astralys/media/image_f6fd8b4fef.jpg',NULL,'strapi-provider-upload-minio-ce',NULL,'/1','2023-12-11 15:58:23.910000','2023-12-11 15:58:23.910000',NULL,NULL),(55,'image.jpg',NULL,NULL,1167,138,'{\"small\":{\"name\":\"small_image.jpg\",\"hash\":\"small_image_0b52d4ff93\",\"ext\":\".jpg\",\"mime\":\"image/png\",\"path\":null,\"width\":500,\"height\":59,\"size\":21.71,\"url\":\"https://minio.new-atelier.athomas.io/astralys/media/small_image_0b52d4ff93.jpg\"},\"medium\":{\"name\":\"medium_image.jpg\",\"hash\":\"medium_image_0b52d4ff93\",\"ext\":\".jpg\",\"mime\":\"image/png\",\"path\":null,\"width\":750,\"height\":89,\"size\":38.67,\"url\":\"https://minio.new-atelier.athomas.io/astralys/media/medium_image_0b52d4ff93.jpg\"},\"large\":{\"name\":\"large_image.jpg\",\"hash\":\"large_image_0b52d4ff93\",\"ext\":\".jpg\",\"mime\":\"image/png\",\"path\":null,\"width\":1000,\"height\":118,\"size\":60.27,\"url\":\"https://minio.new-atelier.athomas.io/astralys/media/large_image_0b52d4ff93.jpg\"},\"thumbnail\":{\"name\":\"thumbnail_image.jpg\",\"hash\":\"thumbnail_image_0b52d4ff93\",\"ext\":\".jpg\",\"mime\":\"image/png\",\"path\":null,\"width\":245,\"height\":29,\"size\":7.55,\"url\":\"https://minio.new-atelier.athomas.io/astralys/media/thumbnail_image_0b52d4ff93.jpg\"}}','image_0b52d4ff93','.jpg','image/png',14.93,'https://minio.new-atelier.athomas.io/astralys/media/image_0b52d4ff93.jpg',NULL,'strapi-provider-upload-minio-ce',NULL,'/1','2023-12-18 14:24:26.601000','2023-12-18 14:24:26.601000',NULL,NULL),(56,'image.jpg',NULL,NULL,1167,138,'{\"thumbnail\":{\"name\":\"thumbnail_image.jpg\",\"hash\":\"thumbnail_image_86e9f9997c\",\"ext\":\".jpg\",\"mime\":\"image/png\",\"path\":null,\"width\":245,\"height\":29,\"size\":7.55,\"url\":\"https://minio.new-atelier.athomas.io/astralys/media/thumbnail_image_86e9f9997c.jpg\"},\"small\":{\"name\":\"small_image.jpg\",\"hash\":\"small_image_86e9f9997c\",\"ext\":\".jpg\",\"mime\":\"image/png\",\"path\":null,\"width\":500,\"height\":59,\"size\":21.71,\"url\":\"https://minio.new-atelier.athomas.io/astralys/media/small_image_86e9f9997c.jpg\"},\"large\":{\"name\":\"large_image.jpg\",\"hash\":\"large_image_86e9f9997c\",\"ext\":\".jpg\",\"mime\":\"image/png\",\"path\":null,\"width\":1000,\"height\":118,\"size\":60.27,\"url\":\"https://minio.new-atelier.athomas.io/astralys/media/large_image_86e9f9997c.jpg\"},\"medium\":{\"name\":\"medium_image.jpg\",\"hash\":\"medium_image_86e9f9997c\",\"ext\":\".jpg\",\"mime\":\"image/png\",\"path\":null,\"width\":750,\"height\":89,\"size\":38.67,\"url\":\"https://minio.new-atelier.athomas.io/astralys/media/medium_image_86e9f9997c.jpg\"}}','image_86e9f9997c','.jpg','image/png',14.93,'https://minio.new-atelier.athomas.io/astralys/media/image_86e9f9997c.jpg',NULL,'strapi-provider-upload-minio-ce',NULL,'/1','2023-12-18 14:24:56.922000','2023-12-18 14:24:56.922000',NULL,NULL),(57,'2972E8AA-8148-4684-A7C9-501DACFE0A68.png',NULL,NULL,828,1792,'{\"thumbnail\":{\"name\":\"thumbnail_2972E8AA-8148-4684-A7C9-501DACFE0A68.png\",\"hash\":\"thumbnail_2972_E8_AA_8148_4684_A7_C9_501_DACFE_0_A68_b441dc91d5\",\"ext\":\".png\",\"mime\":\"image/png\",\"path\":null,\"width\":72,\"height\":156,\"size\":8.41,\"url\":\"https://minio.new-atelier.athomas.io/astralys/media/thumbnail_2972_E8_AA_8148_4684_A7_C9_501_DACFE_0_A68_b441dc91d5.png\"},\"medium\":{\"name\":\"medium_2972E8AA-8148-4684-A7C9-501DACFE0A68.png\",\"hash\":\"medium_2972_E8_AA_8148_4684_A7_C9_501_DACFE_0_A68_b441dc91d5\",\"ext\":\".png\",\"mime\":\"image/png\",\"path\":null,\"width\":347,\"height\":750,\"size\":84.12,\"url\":\"https://minio.new-atelier.athomas.io/astralys/media/medium_2972_E8_AA_8148_4684_A7_C9_501_DACFE_0_A68_b441dc91d5.png\"},\"large\":{\"name\":\"large_2972E8AA-8148-4684-A7C9-501DACFE0A68.png\",\"hash\":\"large_2972_E8_AA_8148_4684_A7_C9_501_DACFE_0_A68_b441dc91d5\",\"ext\":\".png\",\"mime\":\"image/png\",\"path\":null,\"width\":462,\"height\":1000,\"size\":140.77,\"url\":\"https://minio.new-atelier.athomas.io/astralys/media/large_2972_E8_AA_8148_4684_A7_C9_501_DACFE_0_A68_b441dc91d5.png\"},\"small\":{\"name\":\"small_2972E8AA-8148-4684-A7C9-501DACFE0A68.png\",\"hash\":\"small_2972_E8_AA_8148_4684_A7_C9_501_DACFE_0_A68_b441dc91d5\",\"ext\":\".png\",\"mime\":\"image/png\",\"path\":null,\"width\":231,\"height\":500,\"size\":42.38,\"url\":\"https://minio.new-atelier.athomas.io/astralys/media/small_2972_E8_AA_8148_4684_A7_C9_501_DACFE_0_A68_b441dc91d5.png\"}}','2972_E8_AA_8148_4684_A7_C9_501_DACFE_0_A68_b441dc91d5','.png','image/png',107.39,'https://minio.new-atelier.athomas.io/astralys/media/2972_E8_AA_8148_4684_A7_C9_501_DACFE_0_A68_b441dc91d5.png',NULL,'strapi-provider-upload-minio-ce',NULL,'/1','2023-12-18 16:19:44.345000','2023-12-18 16:19:44.345000',NULL,NULL),(58,'17029171167671058709633739169058.png',NULL,NULL,3000,4000,'{\"thumbnail\":{\"name\":\"thumbnail_17029171167671058709633739169058.png\",\"hash\":\"thumbnail_17029171167671058709633739169058_2af743793b\",\"ext\":\".png\",\"mime\":\"image/png\",\"path\":null,\"width\":117,\"height\":156,\"size\":3.54,\"url\":\"https://minio.new-atelier.athomas.io/astralys/media/thumbnail_17029171167671058709633739169058_2af743793b.png\"},\"small\":{\"name\":\"small_17029171167671058709633739169058.png\",\"hash\":\"small_17029171167671058709633739169058_2af743793b\",\"ext\":\".png\",\"mime\":\"image/png\",\"path\":null,\"width\":375,\"height\":500,\"size\":20.03,\"url\":\"https://minio.new-atelier.athomas.io/astralys/media/small_17029171167671058709633739169058_2af743793b.png\"},\"medium\":{\"name\":\"medium_17029171167671058709633739169058.png\",\"hash\":\"medium_17029171167671058709633739169058_2af743793b\",\"ext\":\".png\",\"mime\":\"image/png\",\"path\":null,\"width\":563,\"height\":750,\"size\":40.07,\"url\":\"https://minio.new-atelier.athomas.io/astralys/media/medium_17029171167671058709633739169058_2af743793b.png\"},\"large\":{\"name\":\"large_17029171167671058709633739169058.png\",\"hash\":\"large_17029171167671058709633739169058_2af743793b\",\"ext\":\".png\",\"mime\":\"image/png\",\"path\":null,\"width\":750,\"height\":1000,\"size\":69.76,\"url\":\"https://minio.new-atelier.athomas.io/astralys/media/large_17029171167671058709633739169058_2af743793b.png\"}}','17029171167671058709633739169058_2af743793b','.png','image/png',975.57,'https://minio.new-atelier.athomas.io/astralys/media/17029171167671058709633739169058_2af743793b.png',NULL,'strapi-provider-upload-minio-ce',NULL,'/1','2023-12-18 16:32:22.253000','2023-12-18 16:32:22.253000',NULL,NULL),(59,'image.jpg',NULL,NULL,450,455,'{\"thumbnail\":{\"name\":\"thumbnail_image.jpg\",\"hash\":\"thumbnail_image_6058b01bf7\",\"ext\":\".jpg\",\"mime\":\"image/webp\",\"path\":null,\"width\":154,\"height\":156,\"size\":2.48,\"url\":\"https://minio.new-atelier.athomas.io/astralys/media/thumbnail_image_6058b01bf7.jpg\"}}','image_6058b01bf7','.jpg','image/webp',10.08,'https://minio.new-atelier.athomas.io/astralys/media/image_6058b01bf7.jpg',NULL,'strapi-provider-upload-minio-ce',NULL,'/1','2023-12-20 13:58:32.125000','2023-12-20 13:58:32.125000',NULL,NULL),(60,'image.jpg',NULL,NULL,450,455,'{\"thumbnail\":{\"name\":\"thumbnail_image.jpg\",\"hash\":\"thumbnail_image_9f1dbda348\",\"ext\":\".jpg\",\"mime\":\"image/webp\",\"path\":null,\"width\":154,\"height\":156,\"size\":2.48,\"url\":\"https://minio.new-atelier.athomas.io/astralys/media/thumbnail_image_9f1dbda348.jpg\"}}','image_9f1dbda348','.jpg','image/webp',10.08,'https://minio.new-atelier.athomas.io/astralys/media/image_9f1dbda348.jpg',NULL,'strapi-provider-upload-minio-ce',NULL,'/1','2023-12-20 14:05:56.815000','2023-12-20 14:05:56.815000',NULL,NULL),(61,'LicenseCertificate (003).pdf',NULL,NULL,NULL,NULL,NULL,'License_Certificate_003_5e0a90f12f','.pdf','application/pdf',77.53,'https://minio.new-atelier.athomas.io/astralys/media/License_Certificate_003_5e0a90f12f.pdf',NULL,'strapi-provider-upload-minio-ce',NULL,'/1','2023-12-20 14:10:13.456000','2023-12-20 14:10:13.456000',NULL,NULL),(62,'site champ équipement.png',NULL,NULL,868,861,'{\"thumbnail\":{\"name\":\"thumbnail_site champ équipement.png\",\"hash\":\"thumbnail_site_champ_equipement_122b90641b\",\"ext\":\".png\",\"mime\":\"image/png\",\"path\":null,\"width\":157,\"height\":156,\"size\":14.3,\"url\":\"https://minio.new-atelier.athomas.io/astralys/media/thumbnail_site_champ_equipement_122b90641b.png\"},\"medium\":{\"name\":\"medium_site champ équipement.png\",\"hash\":\"medium_site_champ_equipement_122b90641b\",\"ext\":\".png\",\"mime\":\"image/png\",\"path\":null,\"width\":750,\"height\":744,\"size\":157.31,\"url\":\"https://minio.new-atelier.athomas.io/astralys/media/medium_site_champ_equipement_122b90641b.png\"},\"small\":{\"name\":\"small_site champ équipement.png\",\"hash\":\"small_site_champ_equipement_122b90641b\",\"ext\":\".png\",\"mime\":\"image/png\",\"path\":null,\"width\":500,\"height\":496,\"size\":85.19,\"url\":\"https://minio.new-atelier.athomas.io/astralys/media/small_site_champ_equipement_122b90641b.png\"}}','site_champ_equipement_122b90641b','.png','image/png',26.15,'https://minio.new-atelier.athomas.io/astralys/media/site_champ_equipement_122b90641b.png',NULL,'strapi-provider-upload-minio-ce',NULL,'/1','2023-12-20 14:10:14.815000','2023-12-20 14:10:14.815000',NULL,NULL),(64,'image.jpg',NULL,NULL,612,495,'{\"thumbnail\":{\"name\":\"thumbnail_image.jpg\",\"hash\":\"thumbnail_image_1baf0e926e\",\"ext\":\".jpg\",\"mime\":\"image/jpeg\",\"path\":null,\"width\":193,\"height\":156,\"size\":6.66,\"url\":\"https://minio.new-atelier.athomas.io/astralys/media/thumbnail_image_1baf0e926e.jpg\"},\"small\":{\"name\":\"small_image.jpg\",\"hash\":\"small_image_1baf0e926e\",\"ext\":\".jpg\",\"mime\":\"image/jpeg\",\"path\":null,\"width\":500,\"height\":404,\"size\":28.13,\"url\":\"https://minio.new-atelier.athomas.io/astralys/media/small_image_1baf0e926e.jpg\"}}','image_1baf0e926e','.jpg','image/jpeg',34.26,'https://minio.new-atelier.athomas.io/astralys/media/image_1baf0e926e.jpg',NULL,'strapi-provider-upload-minio-ce',NULL,'/1','2023-12-20 15:47:31.187000','2023-12-20 15:47:31.187000',NULL,NULL),(65,'modif client.png',NULL,NULL,827,678,'{\"thumbnail\":{\"name\":\"thumbnail_modif client.png\",\"hash\":\"thumbnail_modif_client_3ab652f4e5\",\"ext\":\".png\",\"mime\":\"image/png\",\"path\":null,\"width\":190,\"height\":156,\"size\":10.25,\"url\":\"https://minio.new-atelier.athomas.io/astralys/media/thumbnail_modif_client_3ab652f4e5.png\"},\"small\":{\"name\":\"small_modif client.png\",\"hash\":\"small_modif_client_3ab652f4e5\",\"ext\":\".png\",\"mime\":\"image/png\",\"path\":null,\"width\":500,\"height\":410,\"size\":41.53,\"url\":\"https://minio.new-atelier.athomas.io/astralys/media/small_modif_client_3ab652f4e5.png\"},\"medium\":{\"name\":\"medium_modif client.png\",\"hash\":\"medium_modif_client_3ab652f4e5\",\"ext\":\".png\",\"mime\":\"image/png\",\"path\":null,\"width\":750,\"height\":615,\"size\":74.57,\"url\":\"https://minio.new-atelier.athomas.io/astralys/media/medium_modif_client_3ab652f4e5.png\"}}','modif_client_3ab652f4e5','.png','image/png',13.98,'https://minio.new-atelier.athomas.io/astralys/media/modif_client_3ab652f4e5.png',NULL,'strapi-provider-upload-minio-ce',NULL,'/1','2023-12-20 15:51:54.720000','2023-12-20 15:51:54.720000',NULL,NULL),(66,'image.jpg',NULL,NULL,500,500,'{\"thumbnail\":{\"name\":\"thumbnail_image.jpg\",\"hash\":\"thumbnail_image_a360b2ba11\",\"ext\":\".jpg\",\"mime\":\"image/jpeg\",\"path\":null,\"width\":156,\"height\":156,\"size\":4.2,\"url\":\"https://minio.new-atelier.athomas.io/astralys/media/thumbnail_image_a360b2ba11.jpg\"}}','image_a360b2ba11','.jpg','image/jpeg',19.26,'https://minio.new-atelier.athomas.io/astralys/media/image_a360b2ba11.jpg',NULL,'strapi-provider-upload-minio-ce',NULL,'/1','2023-12-21 09:01:51.025000','2023-12-21 09:01:51.025000',NULL,NULL),(67,'audio',NULL,NULL,NULL,NULL,NULL,'audio_03ba54a5c3','.wav','audio/wav',54.81,'https://minio.new-atelier.athomas.io/astralys/media/audio_03ba54a5c3.wav',NULL,'strapi-provider-upload-minio-ce',NULL,'/1','2023-12-21 14:55:10.622000','2023-12-21 14:55:10.622000',NULL,NULL),(68,'image.jpg',NULL,NULL,1200,1522,'{\"thumbnail\":{\"name\":\"thumbnail_image.jpg\",\"hash\":\"thumbnail_image_53e4d555bb\",\"ext\":\".jpg\",\"mime\":\"image/jpeg\",\"path\":null,\"width\":123,\"height\":156,\"size\":5.07,\"url\":\"https://minio.new-atelier.athomas.io/astralys/media/thumbnail_image_53e4d555bb.jpg\"},\"large\":{\"name\":\"large_image.jpg\",\"hash\":\"large_image_53e4d555bb\",\"ext\":\".jpg\",\"mime\":\"image/jpeg\",\"path\":null,\"width\":788,\"height\":1000,\"size\":138.7,\"url\":\"https://minio.new-atelier.athomas.io/astralys/media/large_image_53e4d555bb.jpg\"},\"small\":{\"name\":\"small_image.jpg\",\"hash\":\"small_image_53e4d555bb\",\"ext\":\".jpg\",\"mime\":\"image/jpeg\",\"path\":null,\"width\":394,\"height\":500,\"size\":42.47,\"url\":\"https://minio.new-atelier.athomas.io/astralys/media/small_image_53e4d555bb.jpg\"},\"medium\":{\"name\":\"medium_image.jpg\",\"hash\":\"medium_image_53e4d555bb\",\"ext\":\".jpg\",\"mime\":\"image/jpeg\",\"path\":null,\"width\":591,\"height\":750,\"size\":85.85,\"url\":\"https://minio.new-atelier.athomas.io/astralys/media/medium_image_53e4d555bb.jpg\"}}','image_53e4d555bb','.jpg','image/jpeg',243.15,'https://minio.new-atelier.athomas.io/astralys/media/image_53e4d555bb.jpg',NULL,'strapi-provider-upload-minio-ce',NULL,'/1','2023-12-21 15:51:36.816000','2023-12-21 15:51:36.816000',NULL,NULL),(69,'LicenseCertificate (003).pdf',NULL,NULL,NULL,NULL,NULL,'License_Certificate_003_023a31409e','.pdf','application/pdf',77.53,'https://minio.new-atelier.athomas.io/astralys/media/License_Certificate_003_023a31409e.pdf',NULL,'strapi-provider-upload-minio-ce',NULL,'/1','2023-12-22 08:24:48.058000','2023-12-22 08:24:48.058000',NULL,NULL),(70,'image.jpg',NULL,NULL,450,455,'{\"thumbnail\":{\"name\":\"thumbnail_image.jpg\",\"hash\":\"thumbnail_image_b51e771995\",\"ext\":\".jpg\",\"mime\":\"image/webp\",\"path\":null,\"width\":154,\"height\":156,\"size\":2.48,\"url\":\"https://minio.new-atelier.athomas.io/astralys/media/thumbnail_image_b51e771995.jpg\"}}','image_b51e771995','.jpg','image/webp',10.08,'https://minio.new-atelier.athomas.io/astralys/media/image_b51e771995.jpg',NULL,'strapi-provider-upload-minio-ce',NULL,'/1','2024-01-17 09:53:16.599000','2024-01-17 09:53:16.599000',NULL,NULL),(71,'CT.pdf',NULL,NULL,NULL,NULL,NULL,'CT_b974e4e04e','.pdf','application/pdf',71.01,'https://minio.new-atelier.athomas.io/astralys/media/CT_b974e4e04e.pdf',NULL,'strapi-provider-upload-minio-ce',NULL,'/1','2024-01-17 10:01:50.814000','2024-01-17 10:01:50.814000',NULL,NULL),(73,'image.jpg',NULL,NULL,612,495,'{\"thumbnail\":{\"name\":\"thumbnail_image.jpg\",\"hash\":\"thumbnail_image_57940420b9\",\"ext\":\".jpg\",\"mime\":\"image/jpeg\",\"path\":null,\"width\":193,\"height\":156,\"size\":6.66,\"url\":\"https://minio.new-atelier.athomas.io/astralys/media/thumbnail_image_57940420b9.jpg\"},\"small\":{\"name\":\"small_image.jpg\",\"hash\":\"small_image_57940420b9\",\"ext\":\".jpg\",\"mime\":\"image/jpeg\",\"path\":null,\"width\":500,\"height\":404,\"size\":28.13,\"url\":\"https://minio.new-atelier.athomas.io/astralys/media/small_image_57940420b9.jpg\"}}','image_57940420b9','.jpg','image/jpeg',34.26,'https://minio.new-atelier.athomas.io/astralys/media/image_57940420b9.jpg',NULL,'strapi-provider-upload-minio-ce',NULL,'/1','2024-01-17 10:34:16.128000','2024-01-17 10:34:16.128000',NULL,NULL),(74,'ampli.pdf',NULL,NULL,NULL,NULL,NULL,'ampli_3d324779fa','.pdf','application/pdf',1001.67,'https://minio.new-atelier.athomas.io/astralys/media/ampli_3d324779fa.pdf',NULL,'strapi-provider-upload-minio-ce',NULL,'/1','2024-01-17 10:40:04.090000','2024-01-17 10:40:04.090000',NULL,NULL),(75,'albert.jpg',NULL,NULL,1200,1522,'{\"thumbnail\":{\"name\":\"thumbnail_albert.jpg\",\"hash\":\"thumbnail_albert_d830e1ff03\",\"ext\":\".jpg\",\"mime\":\"image/jpeg\",\"path\":null,\"width\":123,\"height\":156,\"size\":5.07,\"url\":\"https://minio.new-atelier.athomas.io/astralys/media/thumbnail_albert_d830e1ff03.jpg\"},\"small\":{\"name\":\"small_albert.jpg\",\"hash\":\"small_albert_d830e1ff03\",\"ext\":\".jpg\",\"mime\":\"image/jpeg\",\"path\":null,\"width\":394,\"height\":500,\"size\":42.47,\"url\":\"https://minio.new-atelier.athomas.io/astralys/media/small_albert_d830e1ff03.jpg\"},\"medium\":{\"name\":\"medium_albert.jpg\",\"hash\":\"medium_albert_d830e1ff03\",\"ext\":\".jpg\",\"mime\":\"image/jpeg\",\"path\":null,\"width\":591,\"height\":750,\"size\":85.85,\"url\":\"https://minio.new-atelier.athomas.io/astralys/media/medium_albert_d830e1ff03.jpg\"},\"large\":{\"name\":\"large_albert.jpg\",\"hash\":\"large_albert_d830e1ff03\",\"ext\":\".jpg\",\"mime\":\"image/jpeg\",\"path\":null,\"width\":788,\"height\":1000,\"size\":138.7,\"url\":\"https://minio.new-atelier.athomas.io/astralys/media/large_albert_d830e1ff03.jpg\"}}','albert_d830e1ff03','.jpg','image/jpeg',243.15,'https://minio.new-atelier.athomas.io/astralys/media/albert_d830e1ff03.jpg',NULL,'strapi-provider-upload-minio-ce',NULL,'/1','2024-01-17 10:56:42.237000','2024-01-17 10:56:42.237000',NULL,NULL),(76,'albert.jpg',NULL,NULL,1200,1522,'{\"thumbnail\":{\"name\":\"thumbnail_albert.jpg\",\"hash\":\"thumbnail_albert_601833cb81\",\"ext\":\".jpg\",\"mime\":\"image/jpeg\",\"path\":null,\"width\":123,\"height\":156,\"size\":5.07,\"url\":\"https://minio.new-atelier.athomas.io/astralys/media/thumbnail_albert_601833cb81.jpg\"},\"large\":{\"name\":\"large_albert.jpg\",\"hash\":\"large_albert_601833cb81\",\"ext\":\".jpg\",\"mime\":\"image/jpeg\",\"path\":null,\"width\":788,\"height\":1000,\"size\":138.7,\"url\":\"https://minio.new-atelier.athomas.io/astralys/media/large_albert_601833cb81.jpg\"},\"small\":{\"name\":\"small_albert.jpg\",\"hash\":\"small_albert_601833cb81\",\"ext\":\".jpg\",\"mime\":\"image/jpeg\",\"path\":null,\"width\":394,\"height\":500,\"size\":42.47,\"url\":\"https://minio.new-atelier.athomas.io/astralys/media/small_albert_601833cb81.jpg\"},\"medium\":{\"name\":\"medium_albert.jpg\",\"hash\":\"medium_albert_601833cb81\",\"ext\":\".jpg\",\"mime\":\"image/jpeg\",\"path\":null,\"width\":591,\"height\":750,\"size\":85.85,\"url\":\"https://minio.new-atelier.athomas.io/astralys/media/medium_albert_601833cb81.jpg\"}}','albert_601833cb81','.jpg','image/jpeg',243.15,'https://minio.new-atelier.athomas.io/astralys/media/albert_601833cb81.jpg',NULL,'strapi-provider-upload-minio-ce',NULL,'/1','2024-01-17 10:56:42.355000','2024-01-17 10:56:42.355000',NULL,NULL),(77,'image.jpg',NULL,NULL,500,500,'{\"thumbnail\":{\"name\":\"thumbnail_image.jpg\",\"hash\":\"thumbnail_image_a747247146\",\"ext\":\".jpg\",\"mime\":\"image/jpeg\",\"path\":null,\"width\":156,\"height\":156,\"size\":4.2,\"url\":\"https://minio.new-atelier.athomas.io/astralys/media/thumbnail_image_a747247146.jpg\"}}','image_a747247146','.jpg','image/jpeg',19.26,'https://minio.new-atelier.athomas.io/astralys/media/image_a747247146.jpg',NULL,'strapi-provider-upload-minio-ce',NULL,'/1','2024-01-17 15:51:10.150000','2024-01-17 15:51:10.150000',NULL,NULL),(78,'CT.pdf',NULL,NULL,NULL,NULL,NULL,'CT_a0fb5b5ad9','.pdf','application/pdf',71.01,'https://minio.new-atelier.athomas.io/astralys/media/CT_a0fb5b5ad9.pdf',NULL,'strapi-provider-upload-minio-ce',NULL,'/1','2024-01-18 09:34:38.270000','2024-01-18 09:34:38.270000',NULL,NULL),(79,'CT.pdf',NULL,NULL,NULL,NULL,NULL,'CT_691ce6495c','.pdf','application/pdf',71.01,'https://minio.new-atelier.athomas.io/astralys/media/CT_691ce6495c.pdf',NULL,'strapi-provider-upload-minio-ce',NULL,'/1','2024-01-18 09:50:10.327000','2024-01-18 09:50:10.327000',NULL,NULL),(80,'CT.pdf',NULL,NULL,NULL,NULL,NULL,'CT_b8cb9f5e62','.pdf','application/pdf',71.01,'https://minio.new-atelier.athomas.io/astralys/media/CT_b8cb9f5e62.pdf',NULL,'strapi-provider-upload-minio-ce',NULL,'/1','2024-01-18 10:11:36.467000','2024-01-18 10:11:36.467000',NULL,NULL),(81,'image.jpg',NULL,NULL,1200,1522,'{\"thumbnail\":{\"name\":\"thumbnail_image.jpg\",\"hash\":\"thumbnail_image_3c0870d382\",\"ext\":\".jpg\",\"mime\":\"image/jpeg\",\"path\":null,\"width\":123,\"height\":156,\"size\":5.07,\"url\":\"https://minio.new-atelier.athomas.io/astralys/media/thumbnail_image_3c0870d382.jpg\"},\"small\":{\"name\":\"small_image.jpg\",\"hash\":\"small_image_3c0870d382\",\"ext\":\".jpg\",\"mime\":\"image/jpeg\",\"path\":null,\"width\":394,\"height\":500,\"size\":42.47,\"url\":\"https://minio.new-atelier.athomas.io/astralys/media/small_image_3c0870d382.jpg\"},\"medium\":{\"name\":\"medium_image.jpg\",\"hash\":\"medium_image_3c0870d382\",\"ext\":\".jpg\",\"mime\":\"image/jpeg\",\"path\":null,\"width\":591,\"height\":750,\"size\":85.85,\"url\":\"https://minio.new-atelier.athomas.io/astralys/media/medium_image_3c0870d382.jpg\"},\"large\":{\"name\":\"large_image.jpg\",\"hash\":\"large_image_3c0870d382\",\"ext\":\".jpg\",\"mime\":\"image/jpeg\",\"path\":null,\"width\":788,\"height\":1000,\"size\":138.7,\"url\":\"https://minio.new-atelier.athomas.io/astralys/media/large_image_3c0870d382.jpg\"}}','image_3c0870d382','.jpg','image/jpeg',243.15,'https://minio.new-atelier.athomas.io/astralys/media/image_3c0870d382.jpg',NULL,'strapi-provider-upload-minio-ce',NULL,'/1','2024-01-18 10:29:12.620000','2024-01-18 10:29:12.620000',NULL,NULL),(82,'image.jpg',NULL,NULL,330,343,'{\"thumbnail\":{\"name\":\"thumbnail_image.jpg\",\"hash\":\"thumbnail_image_5eac7d4027\",\"ext\":\".jpg\",\"mime\":\"image/jpeg\",\"path\":null,\"width\":150,\"height\":156,\"size\":4.37,\"url\":\"https://minio.new-atelier.athomas.io/astralys/media/thumbnail_image_5eac7d4027.jpg\"}}','image_5eac7d4027','.jpg','image/jpeg',14.88,'https://minio.new-atelier.athomas.io/astralys/media/image_5eac7d4027.jpg',NULL,'strapi-provider-upload-minio-ce',NULL,'/1','2024-01-18 10:44:30.468000','2024-01-18 10:44:30.468000',NULL,NULL),(83,'image.jpg',NULL,NULL,330,343,'{\"thumbnail\":{\"name\":\"thumbnail_image.jpg\",\"hash\":\"thumbnail_image_1df9be31d7\",\"ext\":\".jpg\",\"mime\":\"image/jpeg\",\"path\":null,\"width\":150,\"height\":156,\"size\":4.37,\"url\":\"https://minio.new-atelier.athomas.io/astralys/media/thumbnail_image_1df9be31d7.jpg\"}}','image_1df9be31d7','.jpg','image/jpeg',14.88,'https://minio.new-atelier.athomas.io/astralys/media/image_1df9be31d7.jpg',NULL,'strapi-provider-upload-minio-ce',NULL,'/1','2024-01-18 10:47:54.331000','2024-01-18 10:47:54.331000',NULL,NULL),(84,'image.jpg',NULL,NULL,330,343,'{\"thumbnail\":{\"name\":\"thumbnail_image.jpg\",\"hash\":\"thumbnail_image_418c814acc\",\"ext\":\".jpg\",\"mime\":\"image/jpeg\",\"path\":null,\"width\":150,\"height\":156,\"size\":4.37,\"url\":\"https://minio.new-atelier.athomas.io/astralys/media/thumbnail_image_418c814acc.jpg\"}}','image_418c814acc','.jpg','image/jpeg',14.88,'https://minio.new-atelier.athomas.io/astralys/media/image_418c814acc.jpg',NULL,'strapi-provider-upload-minio-ce',NULL,'/1','2024-01-18 10:48:25.723000','2024-01-18 10:48:25.723000',NULL,NULL),(85,'image.jpg',NULL,NULL,330,343,'{\"thumbnail\":{\"name\":\"thumbnail_image.jpg\",\"hash\":\"thumbnail_image_0e79b800d4\",\"ext\":\".jpg\",\"mime\":\"image/jpeg\",\"path\":null,\"width\":150,\"height\":156,\"size\":4.37,\"url\":\"https://minio.new-atelier.athomas.io/astralys/media/thumbnail_image_0e79b800d4.jpg\"}}','image_0e79b800d4','.jpg','image/jpeg',14.88,'https://minio.new-atelier.athomas.io/astralys/media/image_0e79b800d4.jpg',NULL,'strapi-provider-upload-minio-ce',NULL,'/1','2024-01-18 10:48:30.868000','2024-01-18 10:48:30.868000',NULL,NULL),(86,'image.jpg',NULL,NULL,330,343,'{\"thumbnail\":{\"name\":\"thumbnail_image.jpg\",\"hash\":\"thumbnail_image_24781fa8ab\",\"ext\":\".jpg\",\"mime\":\"image/jpeg\",\"path\":null,\"width\":150,\"height\":156,\"size\":4.37,\"url\":\"https://minio.new-atelier.athomas.io/astralys/media/thumbnail_image_24781fa8ab.jpg\"}}','image_24781fa8ab','.jpg','image/jpeg',14.88,'https://minio.new-atelier.athomas.io/astralys/media/image_24781fa8ab.jpg',NULL,'strapi-provider-upload-minio-ce',NULL,'/1','2024-01-18 12:25:52.962000','2024-01-18 12:25:52.962000',NULL,NULL),(87,'image.jpg',NULL,NULL,330,343,'{\"thumbnail\":{\"name\":\"thumbnail_image.jpg\",\"hash\":\"thumbnail_image_e786ab3a79\",\"ext\":\".jpg\",\"mime\":\"image/jpeg\",\"path\":null,\"width\":150,\"height\":156,\"size\":4.37,\"url\":\"https://minio.new-atelier.athomas.io/astralys/media/thumbnail_image_e786ab3a79.jpg\"}}','image_e786ab3a79','.jpg','image/jpeg',14.88,'https://minio.new-atelier.athomas.io/astralys/media/image_e786ab3a79.jpg',NULL,'strapi-provider-upload-minio-ce',NULL,'/1','2024-01-18 12:26:09.189000','2024-01-18 12:26:09.189000',NULL,NULL),(88,'ampli.pdf',NULL,NULL,NULL,NULL,NULL,'ampli_cc5666b3b8','.pdf','application/pdf',1001.67,'https://minio.new-atelier.athomas.io/astralys/media/ampli_cc5666b3b8.pdf',NULL,'strapi-provider-upload-minio-ce',NULL,'/1','2024-01-18 13:10:21.207000','2024-01-18 13:10:21.207000',NULL,NULL),(89,'Êtes-vous ou étiez vous pleinement satisfait de votre syndic_.png',NULL,NULL,605,381,'{\"small\":{\"name\":\"small_Êtes-vous ou étiez vous pleinement satisfait de votre syndic_.png\",\"hash\":\"small_Etes_vous_ou_etiez_vous_pleinement_satisfait_de_votre_syndic_ef26736942\",\"ext\":\".png\",\"mime\":\"image/png\",\"path\":null,\"width\":500,\"height\":315,\"size\":33.75,\"url\":\"https://minio.new-atelier.athomas.io/astralys/media/small_Etes_vous_ou_etiez_vous_pleinement_satisfait_de_votre_syndic_ef26736942.png\"},\"thumbnail\":{\"name\":\"thumbnail_Êtes-vous ou étiez vous pleinement satisfait de votre syndic_.png\",\"hash\":\"thumbnail_Etes_vous_ou_etiez_vous_pleinement_satisfait_de_votre_syndic_ef26736942\",\"ext\":\".png\",\"mime\":\"image/png\",\"path\":null,\"width\":245,\"height\":154,\"size\":13.99,\"url\":\"https://minio.new-atelier.athomas.io/astralys/media/thumbnail_Etes_vous_ou_etiez_vous_pleinement_satisfait_de_votre_syndic_ef26736942.png\"}}','Etes_vous_ou_etiez_vous_pleinement_satisfait_de_votre_syndic_ef26736942','.png','image/png',6.21,'https://minio.new-atelier.athomas.io/astralys/media/Etes_vous_ou_etiez_vous_pleinement_satisfait_de_votre_syndic_ef26736942.png',NULL,'strapi-provider-upload-minio-ce',NULL,'/1','2024-02-14 12:37:16.720000','2024-02-14 12:37:16.720000',NULL,NULL),(90,'image (4).png',NULL,NULL,416,350,'{\"thumbnail\":{\"name\":\"thumbnail_image (4).png\",\"hash\":\"thumbnail_image_4_d26d605c42\",\"ext\":\".png\",\"mime\":\"image/png\",\"path\":null,\"width\":185,\"height\":156,\"size\":5.65,\"url\":\"https://minio.new-atelier.athomas.io/astralys/media/thumbnail_image_4_d26d605c42.png\"}}','image_4_d26d605c42','.png','image/png',1.88,'https://minio.new-atelier.athomas.io/astralys/media/image_4_d26d605c42.png',NULL,'strapi-provider-upload-minio-ce',NULL,'/1','2024-02-26 09:37:47.121000','2024-02-26 09:37:47.121000',NULL,NULL),(91,'image0.png',NULL,NULL,1284,1742,'{\"thumbnail\":{\"name\":\"thumbnail_image0.png\",\"hash\":\"thumbnail_image0_6a65ff9d51\",\"ext\":\".png\",\"mime\":\"image/png\",\"path\":null,\"width\":115,\"height\":156,\"size\":2.4,\"url\":\"https://minio.new-atelier.athomas.io/astralys/media/thumbnail_image0_6a65ff9d51.png\"},\"medium\":{\"name\":\"medium_image0.png\",\"hash\":\"medium_image0_6a65ff9d51\",\"ext\":\".png\",\"mime\":\"image/png\",\"path\":null,\"width\":553,\"height\":750,\"size\":29.07,\"url\":\"https://minio.new-atelier.athomas.io/astralys/media/medium_image0_6a65ff9d51.png\"},\"small\":{\"name\":\"small_image0.png\",\"hash\":\"small_image0_6a65ff9d51\",\"ext\":\".png\",\"mime\":\"image/png\",\"path\":null,\"width\":369,\"height\":500,\"size\":14.7,\"url\":\"https://minio.new-atelier.athomas.io/astralys/media/small_image0_6a65ff9d51.png\"},\"large\":{\"name\":\"large_image0.png\",\"hash\":\"large_image0_6a65ff9d51\",\"ext\":\".png\",\"mime\":\"image/png\",\"path\":null,\"width\":737,\"height\":1000,\"size\":41.36,\"url\":\"https://minio.new-atelier.athomas.io/astralys/media/large_image0_6a65ff9d51.png\"}}','image0_6a65ff9d51','.png','image/png',93.22,'https://minio.new-atelier.athomas.io/astralys/media/image0_6a65ff9d51.png',NULL,'strapi-provider-upload-minio-ce',NULL,'/1','2024-03-07 14:04:32.236000','2024-03-07 14:04:32.236000',NULL,NULL),(92,'Document-Atelier-1.pdf',NULL,NULL,NULL,NULL,NULL,'Document_Atelier_1_7c80630c38','.pdf','application/pdf',15.37,'https://minio.new-atelier.athomas.io/astralys/media/Document_Atelier_1_7c80630c38.pdf',NULL,'strapi-provider-upload-minio-ce',NULL,'/1','2024-04-05 12:33:29.494000','2024-04-05 12:33:29.494000',NULL,NULL),(93,'Profile.jpg',NULL,NULL,1480,1480,'{\"thumbnail\":{\"name\":\"thumbnail_Profile.jpg\",\"hash\":\"thumbnail_Profile_24afc5a04e\",\"ext\":\".jpg\",\"mime\":\"image/jpeg\",\"path\":null,\"width\":156,\"height\":156,\"size\":3.51,\"url\":\"https://minio.new-atelier.athomas.io/astralys/media/thumbnail_Profile_24afc5a04e.jpg\"},\"small\":{\"name\":\"small_Profile.jpg\",\"hash\":\"small_Profile_24afc5a04e\",\"ext\":\".jpg\",\"mime\":\"image/jpeg\",\"path\":null,\"width\":500,\"height\":500,\"size\":15.08,\"url\":\"https://minio.new-atelier.athomas.io/astralys/media/small_Profile_24afc5a04e.jpg\"},\"medium\":{\"name\":\"medium_Profile.jpg\",\"hash\":\"medium_Profile_24afc5a04e\",\"ext\":\".jpg\",\"mime\":\"image/jpeg\",\"path\":null,\"width\":750,\"height\":750,\"size\":26.27,\"url\":\"https://minio.new-atelier.athomas.io/astralys/media/medium_Profile_24afc5a04e.jpg\"},\"large\":{\"name\":\"large_Profile.jpg\",\"hash\":\"large_Profile_24afc5a04e\",\"ext\":\".jpg\",\"mime\":\"image/jpeg\",\"path\":null,\"width\":1000,\"height\":1000,\"size\":40.14,\"url\":\"https://minio.new-atelier.athomas.io/astralys/media/large_Profile_24afc5a04e.jpg\"}}','Profile_24afc5a04e','.jpg','image/jpeg',74.72,'https://minio.new-atelier.athomas.io/astralys/media/Profile_24afc5a04e.jpg',NULL,'strapi-provider-upload-minio-ce',NULL,'/1','2024-04-05 12:33:30.384000','2024-04-05 12:33:30.384000',NULL,NULL),(94,'Document-Atelier-2.pdf',NULL,NULL,NULL,NULL,NULL,'Document_Atelier_2_1bf1c03364','.pdf','application/pdf',15.05,'https://minio.new-atelier.athomas.io/astralys/media/Document_Atelier_2_1bf1c03364.pdf',NULL,'strapi-provider-upload-minio-ce',NULL,'/1','2024-04-05 13:00:00.387000','2024-04-05 13:00:00.387000',NULL,NULL),(95,'Document-Atelier-1.pdf',NULL,NULL,NULL,NULL,NULL,'Document_Atelier_1_0ed35b098d','.pdf','application/pdf',15.37,'https://minio.new-atelier.athomas.io/astralys/media/Document_Atelier_1_0ed35b098d.pdf',NULL,'strapi-provider-upload-minio-ce',NULL,'/1','2024-04-05 13:24:22.026000','2024-04-05 13:24:22.026000',NULL,NULL),(96,'Document-Atelier-1.pdf',NULL,NULL,NULL,NULL,NULL,'Document_Atelier_1_82ad35e853','.pdf','application/pdf',15.37,'https://minio.new-atelier.athomas.io/astralys/media/Document_Atelier_1_82ad35e853.pdf',NULL,'strapi-provider-upload-minio-ce',NULL,'/1','2024-04-05 13:28:24.252000','2024-04-05 13:28:24.252000',NULL,NULL),(97,'image.png',NULL,NULL,4032,3024,'{\"thumbnail\":{\"name\":\"thumbnail_image.png\",\"hash\":\"thumbnail_image_b5c6eff5b2\",\"ext\":\".png\",\"mime\":\"image/png\",\"path\":null,\"width\":208,\"height\":156,\"size\":6.28,\"url\":\"https://minio.new-atelier.athomas.io/astralys/media/thumbnail_image_b5c6eff5b2.png\"},\"small\":{\"name\":\"small_image.png\",\"hash\":\"small_image_b5c6eff5b2\",\"ext\":\".png\",\"mime\":\"image/png\",\"path\":null,\"width\":500,\"height\":375,\"size\":35.17,\"url\":\"https://minio.new-atelier.athomas.io/astralys/media/small_image_b5c6eff5b2.png\"},\"medium\":{\"name\":\"medium_image.png\",\"hash\":\"medium_image_b5c6eff5b2\",\"ext\":\".png\",\"mime\":\"image/png\",\"path\":null,\"width\":750,\"height\":563,\"size\":79.37,\"url\":\"https://minio.new-atelier.athomas.io/astralys/media/medium_image_b5c6eff5b2.png\"},\"large\":{\"name\":\"large_image.png\",\"hash\":\"large_image_b5c6eff5b2\",\"ext\":\".png\",\"mime\":\"image/png\",\"path\":null,\"width\":1000,\"height\":750,\"size\":144.14,\"url\":\"https://minio.new-atelier.athomas.io/astralys/media/large_image_b5c6eff5b2.png\"}}','image_b5c6eff5b2','.png','image/png',2139.14,'https://minio.new-atelier.athomas.io/astralys/media/image_b5c6eff5b2.png',NULL,'strapi-provider-upload-minio-ce',NULL,'/1','2024-04-05 14:16:02.208000','2024-04-05 14:16:02.208000',NULL,NULL),(98,'audio',NULL,NULL,NULL,NULL,NULL,'audio_eaa3f5ca86','.wav','audio/wav',76.39,'https://minio.new-atelier.athomas.io/astralys/media/audio_eaa3f5ca86.wav',NULL,'strapi-provider-upload-minio-ce',NULL,'/1','2024-04-05 14:19:09.648000','2024-04-05 14:19:09.648000',NULL,NULL),(99,'73401951931__2108E0DC-A873-4F58-A50B-D7F7CF3A1DA2.mp4',NULL,NULL,NULL,NULL,NULL,'73401951931_2108_E0_DC_A873_4_F58_A50_B_D7_F7_CF_3_A1_DA_2_a568764ee0','.mp4','video/mp4',256.37,'https://minio.new-atelier.athomas.io/astralys/media/73401951931_2108_E0_DC_A873_4_F58_A50_B_D7_F7_CF_3_A1_DA_2_a568764ee0.mp4',NULL,'strapi-provider-upload-minio-ce',NULL,'/1','2024-04-05 14:19:09.740000','2024-04-05 14:19:09.740000',NULL,NULL),(100,'Attestation_vaccination_covid.pdf',NULL,NULL,NULL,NULL,NULL,'Attestation_vaccination_covid_5e8ad16abc','.pdf','application/pdf',39.69,'https://minio.new-atelier.athomas.io/astralys/media/Attestation_vaccination_covid_5e8ad16abc.pdf',NULL,'strapi-provider-upload-minio-ce',NULL,'/1','2024-04-05 14:19:51.780000','2024-04-05 14:19:51.780000',NULL,NULL),(101,'Screenshot_20240405_105327_Drive.png',NULL,NULL,1080,2400,'{\"thumbnail\":{\"name\":\"thumbnail_Screenshot_20240405_105327_Drive.png\",\"hash\":\"thumbnail_Screenshot_20240405_105327_Drive_17e960ef3d\",\"ext\":\".png\",\"mime\":\"image/png\",\"path\":null,\"width\":70,\"height\":156,\"size\":4.16,\"url\":\"https://minio.new-atelier.athomas.io/astralys/media/thumbnail_Screenshot_20240405_105327_Drive_17e960ef3d.png\"},\"small\":{\"name\":\"small_Screenshot_20240405_105327_Drive.png\",\"hash\":\"small_Screenshot_20240405_105327_Drive_17e960ef3d\",\"ext\":\".png\",\"mime\":\"image/png\",\"path\":null,\"width\":225,\"height\":500,\"size\":30.07,\"url\":\"https://minio.new-atelier.athomas.io/astralys/media/small_Screenshot_20240405_105327_Drive_17e960ef3d.png\"},\"medium\":{\"name\":\"medium_Screenshot_20240405_105327_Drive.png\",\"hash\":\"medium_Screenshot_20240405_105327_Drive_17e960ef3d\",\"ext\":\".png\",\"mime\":\"image/png\",\"path\":null,\"width\":338,\"height\":750,\"size\":55.11,\"url\":\"https://minio.new-atelier.athomas.io/astralys/media/medium_Screenshot_20240405_105327_Drive_17e960ef3d.png\"},\"large\":{\"name\":\"large_Screenshot_20240405_105327_Drive.png\",\"hash\":\"large_Screenshot_20240405_105327_Drive_17e960ef3d\",\"ext\":\".png\",\"mime\":\"image/png\",\"path\":null,\"width\":450,\"height\":1000,\"size\":82.96,\"url\":\"https://minio.new-atelier.athomas.io/astralys/media/large_Screenshot_20240405_105327_Drive_17e960ef3d.png\"}}','Screenshot_20240405_105327_Drive_17e960ef3d','.png','image/png',242.66,'https://minio.new-atelier.athomas.io/astralys/media/Screenshot_20240405_105327_Drive_17e960ef3d.png',NULL,'strapi-provider-upload-minio-ce',NULL,'/1','2024-04-05 14:20:59.772000','2024-04-05 14:20:59.772000',NULL,NULL),(102,'17126822811364980849689041707927.png',NULL,NULL,3060,4080,'{\"thumbnail\":{\"name\":\"thumbnail_17126822811364980849689041707927.png\",\"hash\":\"thumbnail_17126822811364980849689041707927_49bfa14b45\",\"ext\":\".png\",\"mime\":\"image/png\",\"path\":null,\"width\":117,\"height\":156,\"size\":5.2,\"url\":\"https://minio.new-atelier.athomas.io/astralys/media/thumbnail_17126822811364980849689041707927_49bfa14b45.png\"},\"small\":{\"name\":\"small_17126822811364980849689041707927.png\",\"hash\":\"small_17126822811364980849689041707927_49bfa14b45\",\"ext\":\".png\",\"mime\":\"image/png\",\"path\":null,\"width\":375,\"height\":500,\"size\":34.21,\"url\":\"https://minio.new-atelier.athomas.io/astralys/media/small_17126822811364980849689041707927_49bfa14b45.png\"},\"large\":{\"name\":\"large_17126822811364980849689041707927.png\",\"hash\":\"large_17126822811364980849689041707927_49bfa14b45\",\"ext\":\".png\",\"mime\":\"image/png\",\"path\":null,\"width\":750,\"height\":1000,\"size\":110.91,\"url\":\"https://minio.new-atelier.athomas.io/astralys/media/large_17126822811364980849689041707927_49bfa14b45.png\"},\"medium\":{\"name\":\"medium_17126822811364980849689041707927.png\",\"hash\":\"medium_17126822811364980849689041707927_49bfa14b45\",\"ext\":\".png\",\"mime\":\"image/png\",\"path\":null,\"width\":563,\"height\":750,\"size\":67.55,\"url\":\"https://minio.new-atelier.athomas.io/astralys/media/medium_17126822811364980849689041707927_49bfa14b45.png\"}}','17126822811364980849689041707927_49bfa14b45','.png','image/png',1276.74,'https://minio.new-atelier.athomas.io/astralys/media/17126822811364980849689041707927_49bfa14b45.png',NULL,'strapi-provider-upload-minio-ce',NULL,'/1','2024-04-09 17:05:12.508000','2024-04-09 17:05:12.508000',NULL,NULL),(103,'2024-04-1015.41.225607961947489494303.png',NULL,NULL,3456,4608,'{\"thumbnail\":{\"name\":\"thumbnail_2024-04-1015.41.225607961947489494303.png\",\"hash\":\"thumbnail_2024_04_1015_41_225607961947489494303_e085dc1c89\",\"ext\":\".png\",\"mime\":\"image/png\",\"path\":null,\"width\":117,\"height\":156,\"size\":3.82,\"url\":\"https://minio.new-atelier.athomas.io/astralys/media/thumbnail_2024_04_1015_41_225607961947489494303_e085dc1c89.png\"},\"medium\":{\"name\":\"medium_2024-04-1015.41.225607961947489494303.png\",\"hash\":\"medium_2024_04_1015_41_225607961947489494303_e085dc1c89\",\"ext\":\".png\",\"mime\":\"image/png\",\"path\":null,\"width\":563,\"height\":750,\"size\":40.64,\"url\":\"https://minio.new-atelier.athomas.io/astralys/media/medium_2024_04_1015_41_225607961947489494303_e085dc1c89.png\"},\"small\":{\"name\":\"small_2024-04-1015.41.225607961947489494303.png\",\"hash\":\"small_2024_04_1015_41_225607961947489494303_e085dc1c89\",\"ext\":\".png\",\"mime\":\"image/png\",\"path\":null,\"width\":375,\"height\":500,\"size\":20.54,\"url\":\"https://minio.new-atelier.athomas.io/astralys/media/small_2024_04_1015_41_225607961947489494303_e085dc1c89.png\"},\"large\":{\"name\":\"large_2024-04-1015.41.225607961947489494303.png\",\"hash\":\"large_2024_04_1015_41_225607961947489494303_e085dc1c89\",\"ext\":\".png\",\"mime\":\"image/png\",\"path\":null,\"width\":750,\"height\":1000,\"size\":67.36,\"url\":\"https://minio.new-atelier.athomas.io/astralys/media/large_2024_04_1015_41_225607961947489494303_e085dc1c89.png\"}}','2024_04_1015_41_225607961947489494303_e085dc1c89','.png','image/png',730.73,'https://minio.new-atelier.athomas.io/astralys/media/2024_04_1015_41_225607961947489494303_e085dc1c89.png',NULL,'strapi-provider-upload-minio-ce',NULL,'/1','2024-04-10 13:42:00.398000','2024-04-10 13:42:00.398000',NULL,NULL),(104,'image.jpg',NULL,NULL,591,591,'{\"thumbnail\":{\"name\":\"thumbnail_image.jpg\",\"hash\":\"thumbnail_image_e1471b6efd\",\"ext\":\".jpg\",\"mime\":\"image/png\",\"path\":null,\"width\":156,\"height\":156,\"size\":14.57,\"url\":\"https://minio.new-atelier.athomas.io/astralys/media/thumbnail_image_e1471b6efd.jpg\"},\"small\":{\"name\":\"small_image.jpg\",\"hash\":\"small_image_e1471b6efd\",\"ext\":\".jpg\",\"mime\":\"image/png\",\"path\":null,\"width\":500,\"height\":500,\"size\":66.39,\"url\":\"https://minio.new-atelier.athomas.io/astralys/media/small_image_e1471b6efd.jpg\"}}','image_e1471b6efd','.jpg','image/png',15.32,'https://minio.new-atelier.athomas.io/astralys/media/image_e1471b6efd.jpg',NULL,'strapi-provider-upload-minio-ce',NULL,'/1','2024-04-11 14:03:50.592000','2024-04-11 14:03:50.592000',NULL,NULL),(105,'image.jpg',NULL,NULL,320,320,'{\"thumbnail\":{\"name\":\"thumbnail_image.jpg\",\"hash\":\"thumbnail_image_a45a0a527b\",\"ext\":\".jpg\",\"mime\":\"image/png\",\"path\":null,\"width\":156,\"height\":156,\"size\":34.05,\"url\":\"https://minio.new-atelier.athomas.io/astralys/media/thumbnail_image_a45a0a527b.jpg\"}}','image_a45a0a527b','.jpg','image/png',32.72,'https://minio.new-atelier.athomas.io/astralys/media/image_a45a0a527b.jpg',NULL,'strapi-provider-upload-minio-ce',NULL,'/1','2024-04-11 14:04:54.259000','2024-04-11 14:04:54.259000',NULL,NULL),(106,'image.jpg',NULL,NULL,320,320,'{\"thumbnail\":{\"name\":\"thumbnail_image.jpg\",\"hash\":\"thumbnail_image_c3da4fcce0\",\"ext\":\".jpg\",\"mime\":\"image/png\",\"path\":null,\"width\":156,\"height\":156,\"size\":29.42,\"url\":\"https://minio.new-atelier.athomas.io/astralys/media/thumbnail_image_c3da4fcce0.jpg\"}}','image_c3da4fcce0','.jpg','image/png',17.27,'https://minio.new-atelier.athomas.io/astralys/media/image_c3da4fcce0.jpg',NULL,'strapi-provider-upload-minio-ce',NULL,'/1','2024-04-12 08:39:06.229000','2024-04-12 08:39:06.229000',NULL,NULL),(107,'Copie de Logo_LaPLateforme_blue.png',NULL,NULL,798,186,'{\"thumbnail\":{\"name\":\"thumbnail_Copie de Logo_LaPLateforme_blue.png\",\"hash\":\"thumbnail_Copie_de_Logo_La_P_Lateforme_blue_045294992c\",\"ext\":\".png\",\"mime\":\"image/png\",\"path\":null,\"width\":245,\"height\":57,\"size\":7.43,\"url\":\"https://minio.new-atelier.athomas.io/astralys/media/thumbnail_Copie_de_Logo_La_P_Lateforme_blue_045294992c.png\"},\"small\":{\"name\":\"small_Copie de Logo_LaPLateforme_blue.png\",\"hash\":\"small_Copie_de_Logo_La_P_Lateforme_blue_045294992c\",\"ext\":\".png\",\"mime\":\"image/png\",\"path\":null,\"width\":500,\"height\":117,\"size\":18.47,\"url\":\"https://minio.new-atelier.athomas.io/astralys/media/small_Copie_de_Logo_La_P_Lateforme_blue_045294992c.png\"},\"medium\":{\"name\":\"medium_Copie de Logo_LaPLateforme_blue.png\",\"hash\":\"medium_Copie_de_Logo_La_P_Lateforme_blue_045294992c\",\"ext\":\".png\",\"mime\":\"image/png\",\"path\":null,\"width\":750,\"height\":175,\"size\":30.13,\"url\":\"https://minio.new-atelier.athomas.io/astralys/media/medium_Copie_de_Logo_La_P_Lateforme_blue_045294992c.png\"}}','Copie_de_Logo_La_P_Lateforme_blue_045294992c','.png','image/png',4.67,'https://minio.new-atelier.athomas.io/astralys/media/Copie_de_Logo_La_P_Lateforme_blue_045294992c.png',NULL,'strapi-provider-upload-minio-ce',NULL,'/1','2024-04-24 13:08:46.420000','2024-04-24 13:08:46.420000',NULL,NULL),(108,'image.jpg',NULL,NULL,320,320,'{\"thumbnail\":{\"name\":\"thumbnail_image.jpg\",\"hash\":\"thumbnail_image_58ed352408\",\"ext\":\".jpg\",\"mime\":\"image/png\",\"path\":null,\"width\":156,\"height\":156,\"size\":29.42,\"url\":\"https://minio.new-atelier.athomas.io/astralys/media/thumbnail_image_58ed352408.jpg\"}}','image_58ed352408','.jpg','image/png',17.27,'https://minio.new-atelier.athomas.io/astralys/media/image_58ed352408.jpg',NULL,'strapi-provider-upload-minio-ce',NULL,'/1','2024-04-26 14:13:06.588000','2024-04-26 14:13:06.588000',NULL,NULL),(109,'stamp_11253727.png',NULL,NULL,512,512,'{\"thumbnail\":{\"name\":\"thumbnail_stamp_11253727.png\",\"hash\":\"thumbnail_stamp_11253727_0ebcc63eb4\",\"ext\":\".png\",\"mime\":\"image/png\",\"path\":null,\"width\":156,\"height\":156,\"size\":20.46,\"url\":\"https://minio.new-atelier.athomas.io/astralys/media/thumbnail_stamp_11253727_0ebcc63eb4.png\"},\"small\":{\"name\":\"small_stamp_11253727.png\",\"hash\":\"small_stamp_11253727_0ebcc63eb4\",\"ext\":\".png\",\"mime\":\"image/png\",\"path\":null,\"width\":500,\"height\":500,\"size\":77.05,\"url\":\"https://minio.new-atelier.athomas.io/astralys/media/small_stamp_11253727_0ebcc63eb4.png\"}}','stamp_11253727_0ebcc63eb4','.png','image/png',10.88,'https://minio.new-atelier.athomas.io/astralys/media/stamp_11253727_0ebcc63eb4.png',NULL,'strapi-provider-upload-minio-ce',NULL,'/1','2024-05-02 16:40:12.786000','2024-05-02 16:40:12.786000',NULL,NULL),(110,'stamp_11253727.png',NULL,NULL,512,512,'{\"thumbnail\":{\"name\":\"thumbnail_stamp_11253727.png\",\"hash\":\"thumbnail_stamp_11253727_aa51d644b4\",\"ext\":\".png\",\"mime\":\"image/png\",\"path\":null,\"width\":156,\"height\":156,\"size\":20.46,\"url\":\"https://minio.new-atelier.athomas.io/astralys/media/thumbnail_stamp_11253727_aa51d644b4.png\"},\"small\":{\"name\":\"small_stamp_11253727.png\",\"hash\":\"small_stamp_11253727_aa51d644b4\",\"ext\":\".png\",\"mime\":\"image/png\",\"path\":null,\"width\":500,\"height\":500,\"size\":77.05,\"url\":\"https://minio.new-atelier.athomas.io/astralys/media/small_stamp_11253727_aa51d644b4.png\"}}','stamp_11253727_aa51d644b4','.png','image/png',10.88,'https://minio.new-atelier.athomas.io/astralys/media/stamp_11253727_aa51d644b4.png',NULL,'strapi-provider-upload-minio-ce',NULL,'/1','2024-05-02 16:40:13.990000','2024-05-02 16:40:13.990000',NULL,NULL),(111,'Picto habitation bleu.png',NULL,NULL,142,142,NULL,'Picto_habitation_bleu_a9af4c220e','.png','image/png',0.74,'https://minio.new-atelier.athomas.io/astralys/media/Picto_habitation_bleu_a9af4c220e.png',NULL,'strapi-provider-upload-minio-ce',NULL,'/1','2024-05-03 17:39:27.347000','2024-05-03 17:39:27.347000',NULL,NULL),(112,'audio',NULL,NULL,NULL,NULL,NULL,'audio_0d2210c5c4','.wav','audio/wav',215.21,'https://minio.new-atelier.athomas.io/astralys/media/audio_0d2210c5c4.wav',NULL,'strapi-provider-upload-minio-ce',NULL,'/1','2024-05-03 17:59:49.617000','2024-05-03 17:59:49.617000',NULL,NULL),(113,'image.jpg',NULL,NULL,320,320,'{\"thumbnail\":{\"name\":\"thumbnail_image.jpg\",\"hash\":\"thumbnail_image_ac3e764028\",\"ext\":\".jpg\",\"mime\":\"image/png\",\"path\":null,\"width\":156,\"height\":156,\"size\":34.05,\"url\":\"https://minio.new-atelier.athomas.io/astralys/media/thumbnail_image_ac3e764028.jpg\"}}','image_ac3e764028','.jpg','image/png',32.72,'https://minio.new-atelier.athomas.io/astralys/media/image_ac3e764028.jpg',NULL,'strapi-provider-upload-minio-ce',NULL,'/1','2024-05-06 15:26:05.176000','2024-05-06 15:26:05.176000',NULL,NULL),(114,'image.jpg',NULL,NULL,320,320,'{\"thumbnail\":{\"name\":\"thumbnail_image.jpg\",\"hash\":\"thumbnail_image_eb65dc69e5\",\"ext\":\".jpg\",\"mime\":\"image/png\",\"path\":null,\"width\":156,\"height\":156,\"size\":32.42,\"url\":\"https://minio.new-atelier.athomas.io/astralys/media/thumbnail_image_eb65dc69e5.jpg\"}}','image_eb65dc69e5','.jpg','image/png',21.96,'https://minio.new-atelier.athomas.io/astralys/media/image_eb65dc69e5.jpg',NULL,'strapi-provider-upload-minio-ce',NULL,'/1','2024-05-06 15:28:04.331000','2024-05-06 15:28:04.331000',NULL,NULL),(115,'Picto habitation bleu.png',NULL,NULL,142,142,NULL,'Picto_habitation_bleu_56b91d3bd7','.png','image/png',0.74,'https://minio.new-atelier.athomas.io/astralys/media/Picto_habitation_bleu_56b91d3bd7.png',NULL,'strapi-provider-upload-minio-ce',NULL,'/1','2024-05-06 15:52:58.362000','2024-05-06 15:52:58.362000',NULL,NULL),(116,'Picto habitation bleu.png',NULL,NULL,142,142,NULL,'Picto_habitation_bleu_d665105169','.png','image/png',0.74,'https://minio.new-atelier.athomas.io/astralys/media/Picto_habitation_bleu_d665105169.png',NULL,'strapi-provider-upload-minio-ce',NULL,'/1','2024-05-06 16:12:56.904000','2024-05-06 16:12:56.904000',NULL,NULL),(117,'sun_869869.png',NULL,NULL,512,512,'{\"thumbnail\":{\"name\":\"thumbnail_sun_869869.png\",\"hash\":\"thumbnail_sun_869869_a1052fe9fc\",\"ext\":\".png\",\"mime\":\"image/png\",\"path\":null,\"width\":156,\"height\":156,\"size\":8.23,\"url\":\"https://minio.new-atelier.athomas.io/astralys/media/thumbnail_sun_869869_a1052fe9fc.png\"},\"small\":{\"name\":\"small_sun_869869.png\",\"hash\":\"small_sun_869869_a1052fe9fc\",\"ext\":\".png\",\"mime\":\"image/png\",\"path\":null,\"width\":500,\"height\":500,\"size\":34.17,\"url\":\"https://minio.new-atelier.athomas.io/astralys/media/small_sun_869869_a1052fe9fc.png\"}}','sun_869869_a1052fe9fc','.png','image/png',3.96,'https://minio.new-atelier.athomas.io/astralys/media/sun_869869_a1052fe9fc.png',NULL,'strapi-provider-upload-minio-ce',NULL,'/1','2024-05-13 07:50:38.231000','2024-05-13 07:50:38.231000',NULL,NULL),(118,'Vidéo sans titre ‐ Réalisée avec Clipchamp.mp4',NULL,NULL,NULL,NULL,NULL,'Video_sans_titre_Realisee_avec_Clipchamp_3553bc5321','.mp4','video/mp4',702.55,'https://minio.new-atelier.athomas.io/astralys/media/Video_sans_titre_Realisee_avec_Clipchamp_3553bc5321.mp4',NULL,'strapi-provider-upload-minio-ce',NULL,'/1','2024-05-13 07:56:15.264000','2024-05-13 07:56:15.264000',NULL,NULL),(119,'Logo HD.png',NULL,NULL,1563,1563,'{\"medium\":{\"name\":\"medium_Logo HD.png\",\"hash\":\"medium_Logo_HD_653597364f\",\"ext\":\".png\",\"mime\":\"image/png\",\"path\":null,\"width\":750,\"height\":750,\"size\":67.02,\"url\":\"https://astrallys.s3.rbx.io.cloud.ovh.net/medium_Logo_HD_653597364f.png\"},\"thumbnail\":{\"name\":\"thumbnail_Logo HD.png\",\"hash\":\"thumbnail_Logo_HD_653597364f\",\"ext\":\".png\",\"mime\":\"image/png\",\"path\":null,\"width\":156,\"height\":156,\"size\":10.91,\"url\":\"https://astrallys.s3.rbx.io.cloud.ovh.net/thumbnail_Logo_HD_653597364f.png\"},\"large\":{\"name\":\"large_Logo HD.png\",\"hash\":\"large_Logo_HD_653597364f\",\"ext\":\".png\",\"mime\":\"image/png\",\"path\":null,\"width\":1000,\"height\":1000,\"size\":98.04,\"url\":\"https://astrallys.s3.rbx.io.cloud.ovh.net/large_Logo_HD_653597364f.png\"},\"small\":{\"name\":\"small_Logo HD.png\",\"hash\":\"small_Logo_HD_653597364f\",\"ext\":\".png\",\"mime\":\"image/png\",\"path\":null,\"width\":500,\"height\":500,\"size\":40.24,\"url\":\"https://astrallys.s3.rbx.io.cloud.ovh.net/small_Logo_HD_653597364f.png\"}}','Logo_HD_653597364f','.png','image/png',24.47,'https://astrallys.s3.rbx.io.cloud.ovh.net/Logo_HD_653597364f.png',NULL,'aws-s3',NULL,'/1','2024-05-17 09:37:55.986000','2024-05-17 09:37:55.986000',NULL,NULL),(120,'stamp_11253727.png',NULL,NULL,512,512,'{\"thumbnail\":{\"name\":\"thumbnail_stamp_11253727.png\",\"hash\":\"thumbnail_stamp_11253727_d596dfd90c\",\"ext\":\".png\",\"mime\":\"image/png\",\"path\":null,\"width\":156,\"height\":156,\"size\":20.46,\"url\":\"https://astrallys.s3.rbx.io.cloud.ovh.net/thumbnail_stamp_11253727_d596dfd90c.png\"},\"small\":{\"name\":\"small_stamp_11253727.png\",\"hash\":\"small_stamp_11253727_d596dfd90c\",\"ext\":\".png\",\"mime\":\"image/png\",\"path\":null,\"width\":500,\"height\":500,\"size\":77.05,\"url\":\"https://astrallys.s3.rbx.io.cloud.ovh.net/small_stamp_11253727_d596dfd90c.png\"}}','stamp_11253727_d596dfd90c','.png','image/png',10.88,'https://astrallys.s3.rbx.io.cloud.ovh.net/stamp_11253727_d596dfd90c.png',NULL,'aws-s3',NULL,'/1','2024-05-17 11:47:32.498000','2024-05-17 11:47:32.498000',NULL,NULL),(121,'anchor_3860038 (1).png',NULL,NULL,512,512,'{\"small\":{\"name\":\"small_anchor_3860038 (1).png\",\"hash\":\"small_anchor_3860038_1_8733d29dc1\",\"ext\":\".png\",\"mime\":\"image/png\",\"path\":null,\"width\":500,\"height\":500,\"size\":42.75,\"url\":\"https://astrallys.s3.rbx.io.cloud.ovh.net/small_anchor_3860038_1_8733d29dc1.png\"},\"thumbnail\":{\"name\":\"thumbnail_anchor_3860038 (1).png\",\"hash\":\"thumbnail_anchor_3860038_1_8733d29dc1\",\"ext\":\".png\",\"mime\":\"image/png\",\"path\":null,\"width\":156,\"height\":156,\"size\":12.07,\"url\":\"https://astrallys.s3.rbx.io.cloud.ovh.net/thumbnail_anchor_3860038_1_8733d29dc1.png\"}}','anchor_3860038_1_8733d29dc1','.png','image/png',6.69,'https://astrallys.s3.rbx.io.cloud.ovh.net/anchor_3860038_1_8733d29dc1.png',NULL,'aws-s3',NULL,'/1','2024-05-17 11:47:32.797000','2024-05-17 11:47:32.797000',NULL,NULL),(122,'Template A7 (1).png',NULL,NULL,584,828,'{\"medium\":{\"name\":\"medium_Template A7 (1).png\",\"hash\":\"medium_Template_A7_1_3788634891\",\"ext\":\".png\",\"mime\":\"image/png\",\"path\":null,\"width\":529,\"height\":750,\"size\":4.89,\"url\":\"https://astrallys.s3.rbx.io.cloud.ovh.net/medium_Template_A7_1_3788634891.png\"},\"thumbnail\":{\"name\":\"thumbnail_Template A7 (1).png\",\"hash\":\"thumbnail_Template_A7_1_3788634891\",\"ext\":\".png\",\"mime\":\"image/png\",\"path\":null,\"width\":110,\"height\":156,\"size\":0.69,\"url\":\"https://astrallys.s3.rbx.io.cloud.ovh.net/thumbnail_Template_A7_1_3788634891.png\"},\"small\":{\"name\":\"small_Template A7 (1).png\",\"hash\":\"small_Template_A7_1_3788634891\",\"ext\":\".png\",\"mime\":\"image/png\",\"path\":null,\"width\":353,\"height\":500,\"size\":2.88,\"url\":\"https://astrallys.s3.rbx.io.cloud.ovh.net/small_Template_A7_1_3788634891.png\"}}','Template_A7_1_3788634891','.png','image/png',1.44,'https://astrallys.s3.rbx.io.cloud.ovh.net/Template_A7_1_3788634891.png',NULL,'aws-s3',NULL,'/1','2024-05-17 12:33:32.344000','2024-05-17 12:33:32.344000',NULL,NULL),(123,'Capture d\'écran 2024-05-15 173617.png',NULL,NULL,1207,1210,'{\"large\":{\"name\":\"large_Capture d\'écran 2024-05-15 173617.png\",\"hash\":\"large_Capture_d_ecran_2024_05_15_173617_e3875c8e8f\",\"ext\":\".png\",\"mime\":\"image/png\",\"path\":null,\"width\":998,\"height\":1000,\"size\":2320.57,\"url\":\"https://astrallys.s3.rbx.io.cloud.ovh.net/large_Capture_d_ecran_2024_05_15_173617_e3875c8e8f.png\"},\"small\":{\"name\":\"small_Capture d\'écran 2024-05-15 173617.png\",\"hash\":\"small_Capture_d_ecran_2024_05_15_173617_e3875c8e8f\",\"ext\":\".png\",\"mime\":\"image/png\",\"path\":null,\"width\":499,\"height\":500,\"size\":633.72,\"url\":\"https://astrallys.s3.rbx.io.cloud.ovh.net/small_Capture_d_ecran_2024_05_15_173617_e3875c8e8f.png\"},\"thumbnail\":{\"name\":\"thumbnail_Capture d\'écran 2024-05-15 173617.png\",\"hash\":\"thumbnail_Capture_d_ecran_2024_05_15_173617_e3875c8e8f\",\"ext\":\".png\",\"mime\":\"image/png\",\"path\":null,\"width\":156,\"height\":156,\"size\":64.59,\"url\":\"https://astrallys.s3.rbx.io.cloud.ovh.net/thumbnail_Capture_d_ecran_2024_05_15_173617_e3875c8e8f.png\"},\"medium\":{\"name\":\"medium_Capture d\'écran 2024-05-15 173617.png\",\"hash\":\"medium_Capture_d_ecran_2024_05_15_173617_e3875c8e8f\",\"ext\":\".png\",\"mime\":\"image/png\",\"path\":null,\"width\":748,\"height\":750,\"size\":1361.5,\"url\":\"https://astrallys.s3.rbx.io.cloud.ovh.net/medium_Capture_d_ecran_2024_05_15_173617_e3875c8e8f.png\"}}','Capture_d_ecran_2024_05_15_173617_e3875c8e8f','.png','image/png',623.90,'https://astrallys.s3.rbx.io.cloud.ovh.net/Capture_d_ecran_2024_05_15_173617_e3875c8e8f.png',NULL,'aws-s3',NULL,'/1','2024-05-18 19:57:47.156000','2024-05-18 19:57:47.156000',NULL,NULL),(124,'audio',NULL,NULL,NULL,NULL,NULL,'audio_5497db686a','.wav','audio/wav',62.54,'https://astrallys.s3.rbx.io.cloud.ovh.net/audio_5497db686a.wav',NULL,'aws-s3',NULL,'/1','2024-05-27 07:27:59.635000','2024-05-27 07:27:59.635000',NULL,NULL),(125,'image.jpg',NULL,NULL,512,512,'{\"thumbnail\":{\"name\":\"thumbnail_image.jpg\",\"hash\":\"thumbnail_image_bb64b254a5\",\"ext\":\".jpg\",\"mime\":\"image/png\",\"path\":null,\"width\":156,\"height\":156,\"size\":20.46,\"url\":\"https://astrallys.s3.rbx.io.cloud.ovh.net/thumbnail_image_bb64b254a5.jpg\"},\"small\":{\"name\":\"small_image.jpg\",\"hash\":\"small_image_bb64b254a5\",\"ext\":\".jpg\",\"mime\":\"image/png\",\"path\":null,\"width\":500,\"height\":500,\"size\":77.05,\"url\":\"https://astrallys.s3.rbx.io.cloud.ovh.net/small_image_bb64b254a5.jpg\"}}','image_bb64b254a5','.jpg','image/png',10.88,'https://astrallys.s3.rbx.io.cloud.ovh.net/image_bb64b254a5.jpg',NULL,'aws-s3',NULL,'/1','2024-06-04 11:59:51.403000','2024-06-04 11:59:51.403000',NULL,NULL),(126,'image.jpg',NULL,NULL,512,512,'{\"thumbnail\":{\"name\":\"thumbnail_image.jpg\",\"hash\":\"thumbnail_image_d794027271\",\"ext\":\".jpg\",\"mime\":\"image/png\",\"path\":null,\"width\":156,\"height\":156,\"size\":20.46,\"url\":\"https://astrallys.s3.rbx.io.cloud.ovh.net/thumbnail_image_d794027271.jpg\"},\"small\":{\"name\":\"small_image.jpg\",\"hash\":\"small_image_d794027271\",\"ext\":\".jpg\",\"mime\":\"image/png\",\"path\":null,\"width\":500,\"height\":500,\"size\":77.05,\"url\":\"https://astrallys.s3.rbx.io.cloud.ovh.net/small_image_d794027271.jpg\"}}','image_d794027271','.jpg','image/png',10.88,'https://astrallys.s3.rbx.io.cloud.ovh.net/image_d794027271.jpg',NULL,'aws-s3',NULL,'/1','2024-06-04 11:59:51.485000','2024-06-04 11:59:51.485000',NULL,NULL),(127,'image009.png',NULL,NULL,37,37,NULL,'image009_189a1698a2','.png','image/png',0.49,'https://astrallys.s3.rbx.io.cloud.ovh.net/image009_189a1698a2.png',NULL,'aws-s3',NULL,'/','2024-06-04 13:13:52.721000','2024-06-04 13:13:52.721000',3,3),(128,'image.jpg',NULL,NULL,512,512,'{\"thumbnail\":{\"name\":\"thumbnail_image.jpg\",\"hash\":\"thumbnail_image_7de3da8e7d\",\"ext\":\".jpg\",\"mime\":\"image/png\",\"path\":null,\"width\":156,\"height\":156,\"size\":8.23,\"url\":\"https://astrallys.s3.rbx.io.cloud.ovh.net/thumbnail_image_7de3da8e7d.jpg\"},\"small\":{\"name\":\"small_image.jpg\",\"hash\":\"small_image_7de3da8e7d\",\"ext\":\".jpg\",\"mime\":\"image/png\",\"path\":null,\"width\":500,\"height\":500,\"size\":34.17,\"url\":\"https://astrallys.s3.rbx.io.cloud.ovh.net/small_image_7de3da8e7d.jpg\"}}','image_7de3da8e7d','.jpg','image/png',3.96,'https://astrallys.s3.rbx.io.cloud.ovh.net/image_7de3da8e7d.jpg',NULL,'aws-s3',NULL,'/1','2024-06-06 08:26:26.581000','2024-06-06 08:26:26.581000',NULL,NULL),(129,'Logo Astrallys bleu.png',NULL,NULL,750,750,'{\"small\":{\"name\":\"small_Logo Astrallys bleu.png\",\"hash\":\"small_Logo_Astrallys_bleu_82ec2a3313\",\"ext\":\".png\",\"mime\":\"image/png\",\"path\":null,\"width\":500,\"height\":500,\"size\":47.41,\"url\":\"https://astrallys.s3.rbx.io.cloud.ovh.net/small_Logo_Astrallys_bleu_82ec2a3313.png\"},\"thumbnail\":{\"name\":\"thumbnail_Logo Astrallys bleu.png\",\"hash\":\"thumbnail_Logo_Astrallys_bleu_82ec2a3313\",\"ext\":\".png\",\"mime\":\"image/png\",\"path\":null,\"width\":156,\"height\":156,\"size\":12.15,\"url\":\"https://astrallys.s3.rbx.io.cloud.ovh.net/thumbnail_Logo_Astrallys_bleu_82ec2a3313.png\"}}','Logo_Astrallys_bleu_82ec2a3313','.png','image/png',10.04,'https://astrallys.s3.rbx.io.cloud.ovh.net/Logo_Astrallys_bleu_82ec2a3313.png',NULL,'aws-s3',NULL,'/1','2024-06-07 10:22:12.794000','2024-06-07 10:22:12.794000',NULL,NULL),(130,'image.jpg',NULL,NULL,750,750,'{\"thumbnail\":{\"name\":\"thumbnail_image.jpg\",\"hash\":\"thumbnail_image_2da6725bc8\",\"ext\":\".jpg\",\"mime\":\"image/png\",\"path\":null,\"width\":156,\"height\":156,\"size\":12.15,\"url\":\"https://astrallys.s3.rbx.io.cloud.ovh.net/thumbnail_image_2da6725bc8.jpg\"},\"small\":{\"name\":\"small_image.jpg\",\"hash\":\"small_image_2da6725bc8\",\"ext\":\".jpg\",\"mime\":\"image/png\",\"path\":null,\"width\":500,\"height\":500,\"size\":47.41,\"url\":\"https://astrallys.s3.rbx.io.cloud.ovh.net/small_image_2da6725bc8.jpg\"}}','image_2da6725bc8','.jpg','image/png',10.04,'https://astrallys.s3.rbx.io.cloud.ovh.net/image_2da6725bc8.jpg',NULL,'aws-s3',NULL,'/1','2024-06-07 16:06:20.296000','2024-06-07 16:06:20.296000',NULL,NULL),(131,'image.jpg',NULL,NULL,750,750,'{\"thumbnail\":{\"name\":\"thumbnail_image.jpg\",\"hash\":\"thumbnail_image_11adccff5c\",\"ext\":\".jpg\",\"mime\":\"image/png\",\"path\":null,\"width\":156,\"height\":156,\"size\":12.15,\"url\":\"https://astrallys.s3.rbx.io.cloud.ovh.net/thumbnail_image_11adccff5c.jpg\"},\"small\":{\"name\":\"small_image.jpg\",\"hash\":\"small_image_11adccff5c\",\"ext\":\".jpg\",\"mime\":\"image/png\",\"path\":null,\"width\":500,\"height\":500,\"size\":47.41,\"url\":\"https://astrallys.s3.rbx.io.cloud.ovh.net/small_image_11adccff5c.jpg\"}}','image_11adccff5c','.jpg','image/png',10.04,'https://astrallys.s3.rbx.io.cloud.ovh.net/image_11adccff5c.jpg',NULL,'aws-s3',NULL,'/1','2024-06-07 16:08:54.905000','2024-06-07 16:08:54.905000',NULL,NULL),(132,'image.jpg',NULL,NULL,320,320,'{\"thumbnail\":{\"name\":\"thumbnail_image.jpg\",\"hash\":\"thumbnail_image_ddc57ae03b\",\"ext\":\".jpg\",\"mime\":\"image/png\",\"path\":null,\"width\":156,\"height\":156,\"size\":32.42,\"url\":\"https://astrallys.s3.rbx.io.cloud.ovh.net/thumbnail_image_ddc57ae03b.jpg\"}}','image_ddc57ae03b','.jpg','image/png',21.96,'https://astrallys.s3.rbx.io.cloud.ovh.net/image_ddc57ae03b.jpg',NULL,'aws-s3',NULL,'/1','2024-06-07 16:09:55.610000','2024-06-07 16:09:55.610000',NULL,NULL),(133,'Picto habitation bleu.png',NULL,NULL,142,142,NULL,'Picto_habitation_bleu_329112ddec','.png','image/png',0.74,'https://astrallys.s3.rbx.io.cloud.ovh.net/Picto_habitation_bleu_329112ddec.png',NULL,'aws-s3',NULL,'/1','2024-06-07 16:37:17.794000','2024-06-07 16:37:17.794000',NULL,NULL),(134,'Picto habitation bleu.png',NULL,NULL,142,142,NULL,'Picto_habitation_bleu_72a526e353','.png','image/png',0.74,'https://astrallys.s3.rbx.io.cloud.ovh.net/Picto_habitation_bleu_72a526e353.png',NULL,'aws-s3',NULL,'/1','2024-06-07 16:37:19.259000','2024-06-07 16:37:19.259000',NULL,NULL),(135,'Picto public bleu.png',NULL,NULL,142,142,NULL,'Picto_public_bleu_8fecabded8','.png','image/png',0.96,'https://astrallys.s3.rbx.io.cloud.ovh.net/Picto_public_bleu_8fecabded8.png',NULL,'aws-s3',NULL,'/1','2024-06-07 16:38:21.323000','2024-06-07 16:38:21.323000',NULL,NULL),(136,'Picto industrie bleu.png',NULL,NULL,142,142,NULL,'Picto_industrie_bleu_5772ca8b86','.png','image/png',0.64,'https://astrallys.s3.rbx.io.cloud.ovh.net/Picto_industrie_bleu_5772ca8b86.png',NULL,'aws-s3',NULL,'/1','2024-06-07 16:38:54.974000','2024-06-07 16:38:54.974000',NULL,NULL),(137,'Logo Astrallys bleu.png',NULL,NULL,750,750,'{\"thumbnail\":{\"name\":\"thumbnail_Logo Astrallys bleu.png\",\"hash\":\"thumbnail_Logo_Astrallys_bleu_647a21e3f9\",\"ext\":\".png\",\"mime\":\"image/png\",\"path\":null,\"width\":156,\"height\":156,\"size\":12.15,\"url\":\"https://astrallys.s3.rbx.io.cloud.ovh.net/thumbnail_Logo_Astrallys_bleu_647a21e3f9.png\"},\"small\":{\"name\":\"small_Logo Astrallys bleu.png\",\"hash\":\"small_Logo_Astrallys_bleu_647a21e3f9\",\"ext\":\".png\",\"mime\":\"image/png\",\"path\":null,\"width\":500,\"height\":500,\"size\":47.41,\"url\":\"https://astrallys.s3.rbx.io.cloud.ovh.net/small_Logo_Astrallys_bleu_647a21e3f9.png\"}}','Logo_Astrallys_bleu_647a21e3f9','.png','image/png',10.04,'https://astrallys.s3.rbx.io.cloud.ovh.net/Logo_Astrallys_bleu_647a21e3f9.png',NULL,'aws-s3',NULL,'/1','2024-06-07 16:58:47.890000','2024-06-07 16:58:47.890000',NULL,NULL),(138,'Logo Astrallys bleu.png',NULL,NULL,750,750,'{\"thumbnail\":{\"name\":\"thumbnail_Logo Astrallys bleu.png\",\"hash\":\"thumbnail_Logo_Astrallys_bleu_60f9cee21f\",\"ext\":\".png\",\"mime\":\"image/png\",\"path\":null,\"width\":156,\"height\":156,\"size\":12.15,\"url\":\"https://astrallys.s3.rbx.io.cloud.ovh.net/thumbnail_Logo_Astrallys_bleu_60f9cee21f.png\"},\"small\":{\"name\":\"small_Logo Astrallys bleu.png\",\"hash\":\"small_Logo_Astrallys_bleu_60f9cee21f\",\"ext\":\".png\",\"mime\":\"image/png\",\"path\":null,\"width\":500,\"height\":500,\"size\":47.41,\"url\":\"https://astrallys.s3.rbx.io.cloud.ovh.net/small_Logo_Astrallys_bleu_60f9cee21f.png\"}}','Logo_Astrallys_bleu_60f9cee21f','.png','image/png',10.04,'https://astrallys.s3.rbx.io.cloud.ovh.net/Logo_Astrallys_bleu_60f9cee21f.png',NULL,'aws-s3',NULL,'/1','2024-06-07 16:58:50.295000','2024-06-07 16:58:50.295000',NULL,NULL),(139,'audio',NULL,NULL,NULL,NULL,NULL,'audio_7f8424426a','.wav','audio/wav',73.04,'https://astrallys.s3.rbx.io.cloud.ovh.net/audio_7f8424426a.wav',NULL,'aws-s3',NULL,'/1','2024-06-07 20:42:07.332000','2024-06-07 20:42:07.332000',NULL,NULL),(140,'17180878947558639198363696823097.png',NULL,NULL,3648,2736,'{\"medium\":{\"name\":\"medium_17180878947558639198363696823097.png\",\"hash\":\"medium_17180878947558639198363696823097_95e4846d86\",\"ext\":\".png\",\"mime\":\"image/png\",\"path\":null,\"width\":750,\"height\":563,\"size\":59.21,\"url\":\"https://astrallys.s3.rbx.io.cloud.ovh.net/medium_17180878947558639198363696823097_95e4846d86.png\"},\"thumbnail\":{\"name\":\"thumbnail_17180878947558639198363696823097.png\",\"hash\":\"thumbnail_17180878947558639198363696823097_95e4846d86\",\"ext\":\".png\",\"mime\":\"image/png\",\"path\":null,\"width\":208,\"height\":156,\"size\":6.79,\"url\":\"https://astrallys.s3.rbx.io.cloud.ovh.net/thumbnail_17180878947558639198363696823097_95e4846d86.png\"},\"large\":{\"name\":\"large_17180878947558639198363696823097.png\",\"hash\":\"large_17180878947558639198363696823097_95e4846d86\",\"ext\":\".png\",\"mime\":\"image/png\",\"path\":null,\"width\":1000,\"height\":750,\"size\":102.09,\"url\":\"https://astrallys.s3.rbx.io.cloud.ovh.net/large_17180878947558639198363696823097_95e4846d86.png\"},\"small\":{\"name\":\"small_17180878947558639198363696823097.png\",\"hash\":\"small_17180878947558639198363696823097_95e4846d86\",\"ext\":\".png\",\"mime\":\"image/png\",\"path\":null,\"width\":500,\"height\":375,\"size\":28.52,\"url\":\"https://astrallys.s3.rbx.io.cloud.ovh.net/small_17180878947558639198363696823097_95e4846d86.png\"}}','17180878947558639198363696823097_95e4846d86','.png','image/png',1180.57,'https://astrallys.s3.rbx.io.cloud.ovh.net/17180878947558639198363696823097_95e4846d86.png',NULL,'aws-s3',NULL,'/1','2024-06-11 06:38:35.503000','2024-06-11 06:38:35.503000',NULL,NULL),(141,'17180879390468242954859457733240.png',NULL,NULL,3456,4608,'{\"thumbnail\":{\"name\":\"thumbnail_17180879390468242954859457733240.png\",\"hash\":\"thumbnail_17180879390468242954859457733240_643f87a928\",\"ext\":\".png\",\"mime\":\"image/png\",\"path\":null,\"width\":117,\"height\":156,\"size\":4.34,\"url\":\"https://astrallys.s3.rbx.io.cloud.ovh.net/thumbnail_17180879390468242954859457733240_643f87a928.png\"},\"small\":{\"name\":\"small_17180879390468242954859457733240.png\",\"hash\":\"small_17180879390468242954859457733240_643f87a928\",\"ext\":\".png\",\"mime\":\"image/png\",\"path\":null,\"width\":375,\"height\":500,\"size\":31.48,\"url\":\"https://astrallys.s3.rbx.io.cloud.ovh.net/small_17180879390468242954859457733240_643f87a928.png\"},\"large\":{\"name\":\"large_17180879390468242954859457733240.png\",\"hash\":\"large_17180879390468242954859457733240_643f87a928\",\"ext\":\".png\",\"mime\":\"image/png\",\"path\":null,\"width\":750,\"height\":1000,\"size\":139.33,\"url\":\"https://astrallys.s3.rbx.io.cloud.ovh.net/large_17180879390468242954859457733240_643f87a928.png\"},\"medium\":{\"name\":\"medium_17180879390468242954859457733240.png\",\"hash\":\"medium_17180879390468242954859457733240_643f87a928\",\"ext\":\".png\",\"mime\":\"image/png\",\"path\":null,\"width\":563,\"height\":750,\"size\":73.54,\"url\":\"https://astrallys.s3.rbx.io.cloud.ovh.net/medium_17180879390468242954859457733240_643f87a928.png\"}}','17180879390468242954859457733240_643f87a928','.png','image/png',2163.67,'https://astrallys.s3.rbx.io.cloud.ovh.net/17180879390468242954859457733240_643f87a928.png',NULL,'aws-s3',NULL,'/1','2024-06-11 06:40:16.168000','2024-06-11 06:40:16.168000',NULL,NULL),(142,'IMG_3059.png',NULL,NULL,5712,4284,'{\"thumbnail\":{\"name\":\"thumbnail_IMG_3059.png\",\"hash\":\"thumbnail_IMG_3059_e25bdf8fa9\",\"ext\":\".png\",\"mime\":\"image/png\",\"path\":null,\"width\":208,\"height\":156,\"size\":11.88,\"url\":\"https://astrallys.s3.rbx.io.cloud.ovh.net/thumbnail_IMG_3059_e25bdf8fa9.png\"},\"medium\":{\"name\":\"medium_IMG_3059.png\",\"hash\":\"medium_IMG_3059_e25bdf8fa9\",\"ext\":\".png\",\"mime\":\"image/png\",\"path\":null,\"width\":750,\"height\":563,\"size\":86.12,\"url\":\"https://astrallys.s3.rbx.io.cloud.ovh.net/medium_IMG_3059_e25bdf8fa9.png\"},\"small\":{\"name\":\"small_IMG_3059.png\",\"hash\":\"small_IMG_3059_e25bdf8fa9\",\"ext\":\".png\",\"mime\":\"image/png\",\"path\":null,\"width\":500,\"height\":375,\"size\":45.67,\"url\":\"https://astrallys.s3.rbx.io.cloud.ovh.net/small_IMG_3059_e25bdf8fa9.png\"},\"large\":{\"name\":\"large_IMG_3059.png\",\"hash\":\"large_IMG_3059_e25bdf8fa9\",\"ext\":\".png\",\"mime\":\"image/png\",\"path\":null,\"width\":1000,\"height\":750,\"size\":132.39,\"url\":\"https://astrallys.s3.rbx.io.cloud.ovh.net/large_IMG_3059_e25bdf8fa9.png\"}}','IMG_3059_e25bdf8fa9','.png','image/png',2335.55,'https://astrallys.s3.rbx.io.cloud.ovh.net/IMG_3059_e25bdf8fa9.png',NULL,'aws-s3',NULL,'/1','2024-06-11 06:41:09.189000','2024-06-11 06:41:09.189000',NULL,NULL),(143,'image.png',NULL,NULL,4032,3024,'{\"thumbnail\":{\"name\":\"thumbnail_image.png\",\"hash\":\"thumbnail_image_3b75826868\",\"ext\":\".png\",\"mime\":\"image/png\",\"path\":null,\"width\":208,\"height\":156,\"size\":5.97,\"url\":\"https://astrallys.s3.rbx.io.cloud.ovh.net/thumbnail_image_3b75826868.png\"},\"large\":{\"name\":\"large_image.png\",\"hash\":\"large_image_3b75826868\",\"ext\":\".png\",\"mime\":\"image/png\",\"path\":null,\"width\":1000,\"height\":750,\"size\":67.51,\"url\":\"https://astrallys.s3.rbx.io.cloud.ovh.net/large_image_3b75826868.png\"},\"small\":{\"name\":\"small_image.png\",\"hash\":\"small_image_3b75826868\",\"ext\":\".png\",\"mime\":\"image/png\",\"path\":null,\"width\":500,\"height\":375,\"size\":20.17,\"url\":\"https://astrallys.s3.rbx.io.cloud.ovh.net/small_image_3b75826868.png\"},\"medium\":{\"name\":\"medium_image.png\",\"hash\":\"medium_image_3b75826868\",\"ext\":\".png\",\"mime\":\"image/png\",\"path\":null,\"width\":750,\"height\":563,\"size\":39.03,\"url\":\"https://astrallys.s3.rbx.io.cloud.ovh.net/medium_image_3b75826868.png\"}}','image_3b75826868','.png','image/png',1660.75,'https://astrallys.s3.rbx.io.cloud.ovh.net/image_3b75826868.png',NULL,'aws-s3',NULL,'/1','2024-06-20 07:31:09.490000','2024-06-20 07:31:09.490000',NULL,NULL),(144,'image.png',NULL,NULL,4032,3024,'{\"medium\":{\"name\":\"medium_image.png\",\"hash\":\"medium_image_82bf06c9b4\",\"ext\":\".png\",\"mime\":\"image/png\",\"path\":null,\"width\":750,\"height\":563,\"size\":68.41,\"url\":\"https://astrallys.s3.rbx.io.cloud.ovh.net/medium_image_82bf06c9b4.png\"},\"small\":{\"name\":\"small_image.png\",\"hash\":\"small_image_82bf06c9b4\",\"ext\":\".png\",\"mime\":\"image/png\",\"path\":null,\"width\":500,\"height\":375,\"size\":33.48,\"url\":\"https://astrallys.s3.rbx.io.cloud.ovh.net/small_image_82bf06c9b4.png\"},\"large\":{\"name\":\"large_image.png\",\"hash\":\"large_image_82bf06c9b4\",\"ext\":\".png\",\"mime\":\"image/png\",\"path\":null,\"width\":1000,\"height\":750,\"size\":117.37,\"url\":\"https://astrallys.s3.rbx.io.cloud.ovh.net/large_image_82bf06c9b4.png\"},\"thumbnail\":{\"name\":\"thumbnail_image.png\",\"hash\":\"thumbnail_image_82bf06c9b4\",\"ext\":\".png\",\"mime\":\"image/png\",\"path\":null,\"width\":208,\"height\":156,\"size\":7.52,\"url\":\"https://astrallys.s3.rbx.io.cloud.ovh.net/thumbnail_image_82bf06c9b4.png\"}}','image_82bf06c9b4','.png','image/png',1605.14,'https://astrallys.s3.rbx.io.cloud.ovh.net/image_82bf06c9b4.png',NULL,'aws-s3',NULL,'/1','2024-07-02 06:08:00.905000','2024-07-02 06:08:00.905000',NULL,NULL);
/*!40000 ALTER TABLE `files` ENABLE KEYS */;
UNLOCK TABLES;

--
-- Table structure for table `files_folder_links`
--

DROP TABLE IF EXISTS `files_folder_links`;
/*!40101 SET @saved_cs_client     = @@character_set_client */;
/*!50503 SET character_set_client = utf8mb4 */;
CREATE TABLE `files_folder_links` (
  `id` int(10) unsigned NOT NULL AUTO_INCREMENT,
  `file_id` int(10) unsigned DEFAULT NULL,
  `folder_id` int(10) unsigned DEFAULT NULL,
  `file_order` int(10) unsigned DEFAULT NULL,
  PRIMARY KEY (`id`),
  UNIQUE KEY `files_folder_links_unique` (`file_id`,`folder_id`),
  KEY `files_folder_links_fk` (`file_id`),
  KEY `files_folder_links_inv_fk` (`folder_id`),
  KEY `files_folder_links_order_inv_fk` (`file_order`),
  CONSTRAINT `files_folder_links_fk` FOREIGN KEY (`file_id`) REFERENCES `files` (`id`) ON DELETE CASCADE,
  CONSTRAINT `files_folder_links_inv_fk` FOREIGN KEY (`folder_id`) REFERENCES `upload_folders` (`id`) ON DELETE CASCADE
) ENGINE=InnoDB AUTO_INCREMENT=142 DEFAULT CHARSET=utf8mb3 COLLATE=utf8mb3_general_ci;
/*!40101 SET character_set_client = @saved_cs_client */;

--
-- Dumping data for table `files_folder_links`
--

LOCK TABLES `files_folder_links` WRITE;
/*!40000 ALTER TABLE `files_folder_links` DISABLE KEYS */;
INSERT INTO `files_folder_links` VALUES (1,1,1,1),(2,2,1,2),(3,3,1,3),(4,4,1,4),(5,5,1,5),(6,6,1,6),(7,7,1,7),(8,8,1,8),(9,9,1,9),(10,10,1,10),(11,11,1,11),(12,12,1,12),(13,13,1,13),(14,14,1,14),(15,15,1,15),(16,16,1,16),(17,17,1,17),(18,18,1,18),(19,19,1,19),(20,20,1,20),(21,21,1,21),(22,22,1,22),(23,23,1,23),(24,24,1,24),(25,25,1,25),(26,26,1,26),(27,27,1,27),(28,28,1,28),(29,29,1,29),(30,30,1,30),(31,31,1,31),(32,32,1,32),(33,33,1,33),(34,34,1,34),(35,35,1,35),(36,36,1,36),(37,37,1,36),(38,38,1,37),(40,42,1,38),(41,43,1,39),(42,44,1,40),(43,45,1,41),(44,46,1,42),(46,48,1,44),(47,49,1,45),(48,50,1,46),(49,51,1,46),(50,52,1,47),(51,53,1,48),(52,54,1,49),(53,55,1,50),(54,56,1,51),(55,57,1,52),(56,58,1,53),(57,59,1,54),(58,60,1,55),(59,61,1,56),(60,62,1,57),(62,64,1,58),(63,65,1,59),(64,66,1,60),(65,67,1,61),(66,68,1,62),(67,69,1,63),(68,70,1,64),(69,71,1,65),(71,73,1,66),(72,74,1,67),(73,75,1,68),(74,76,1,69),(75,77,1,70),(76,78,1,71),(77,79,1,72),(78,80,1,73),(79,81,1,74),(80,82,1,75),(81,83,1,76),(82,84,1,77),(83,85,1,78),(84,86,1,79),(85,87,1,80),(86,88,1,81),(87,89,1,82),(88,90,1,83),(89,91,1,84),(90,92,1,85),(91,93,1,86),(92,94,1,87),(93,95,1,88),(94,96,1,89),(95,97,1,90),(96,98,1,91),(97,99,1,92),(98,100,1,93),(99,101,1,94),(100,102,1,95),(101,103,1,96),(102,104,1,97),(103,105,1,98),(104,106,1,99),(105,107,1,100),(106,108,1,101),(107,109,1,102),(108,110,1,103),(109,111,1,104),(110,112,1,105),(111,113,1,106),(112,114,1,107),(113,115,1,108),(114,116,1,109),(115,117,1,110),(116,118,1,111),(117,119,1,112),(118,120,1,113),(119,121,1,114),(120,122,1,115),(121,123,1,116),(122,124,1,117),(123,125,1,118),(124,126,1,119),(125,128,1,120),(126,129,1,121),(127,130,1,122),(128,131,1,123),(129,132,1,124),(130,133,1,125),(131,134,1,126),(132,135,1,127),(133,136,1,128),(134,137,1,129),(135,138,1,130),(136,139,1,131),(137,140,1,132),(138,141,1,133),(139,142,1,134),(140,143,1,135),(141,144,1,136);
/*!40000 ALTER TABLE `files_folder_links` ENABLE KEYS */;
UNLOCK TABLES;

--
-- Table structure for table `files_related_morphs`
--

DROP TABLE IF EXISTS `files_related_morphs`;
/*!40101 SET @saved_cs_client     = @@character_set_client */;
/*!50503 SET character_set_client = utf8mb4 */;
CREATE TABLE `files_related_morphs` (
  `id` int(10) unsigned NOT NULL AUTO_INCREMENT,
  `file_id` int(10) unsigned DEFAULT NULL,
  `related_id` int(10) unsigned DEFAULT NULL,
  `related_type` varchar(255) DEFAULT NULL,
  `field` varchar(255) DEFAULT NULL,
  `order` int(10) unsigned DEFAULT NULL,
  PRIMARY KEY (`id`),
  KEY `files_related_morphs_fk` (`file_id`),
  CONSTRAINT `files_related_morphs_fk` FOREIGN KEY (`file_id`) REFERENCES `files` (`id`) ON DELETE CASCADE
) ENGINE=InnoDB AUTO_INCREMENT=141 DEFAULT CHARSET=utf8mb3 COLLATE=utf8mb3_general_ci;
/*!40101 SET character_set_client = @saved_cs_client */;

--
-- Dumping data for table `files_related_morphs`
--

LOCK TABLES `files_related_morphs` WRITE;
/*!40000 ALTER TABLE `files_related_morphs` DISABLE KEYS */;
INSERT INTO `files_related_morphs` VALUES (1,1,1,'api::media.media','file',1),(2,2,2,'api::media.media','file',1),(3,3,3,'api::media.media','file',1),(12,12,17,'api::employee-contract.employee-contract','file',1),(13,13,11,'api::employee-contract.employee-contract','file',1),(14,14,18,'api::employee-contract.employee-contract','files',1),(15,15,18,'api::employee-contract.employee-contract','files',1),(16,16,61,'api::ticket.ticket','media',1),(17,17,64,'api::ticket.ticket','media',1),(18,18,28,'plugin::users-permissions.user','image',1),(19,19,18,'api::employee-contract.employee-contract','files',1),(20,20,18,'api::employee-contract.employee-contract','files',1),(21,21,18,'api::employee-contract.employee-contract','files',1),(22,22,18,'api::employee-contract.employee-contract','files',1),(23,23,18,'api::employee-contract.employee-contract','files',1),(24,24,18,'api::employee-contract.employee-contract','files',1),(25,25,18,'api::employee-contract.employee-contract','files',1),(26,26,18,'api::employee-contract.employee-contract','files',1),(27,27,18,'api::employee-contract.employee-contract','files',1),(28,28,18,'api::employee-contract.employee-contract','files',1),(29,29,18,'api::employee-contract.employee-contract','files',1),(31,31,70,'api::ticket.ticket','media',1),(32,32,70,'api::ticket.ticket','media',1),(33,33,71,'api::ticket.ticket','media',1),(34,34,23,'plugin::users-permissions.user','image',1),(35,35,11,'api::employee-contract.employee-contract','files',1),(36,36,18,'api::employee-contract.employee-contract','files',1),(37,37,18,'api::employee-contract.employee-contract','files',1),(38,38,18,'api::employee-contract.employee-contract','files',1),(40,42,80,'api::ticket.ticket','media',1),(41,43,80,'api::ticket.ticket','media',1),(42,44,80,'api::ticket.ticket','media',1),(43,45,80,'api::ticket.ticket','media',1),(44,46,31,'plugin::users-permissions.user','image',1),(46,48,19,'api::employee-contract.employee-contract','files',1),(47,49,33,'plugin::users-permissions.user','image',1),(48,50,83,'api::ticket.ticket','media',1),(49,51,83,'api::ticket.ticket','media',1),(50,52,83,'api::ticket.ticket','media',1),(51,53,19,'api::employee-contract.employee-contract','files',1),(52,54,34,'plugin::users-permissions.user','image',1),(53,56,40,'plugin::users-permissions.user','image',1),(54,57,95,'api::ticket.ticket','media',1),(55,58,98,'api::ticket.ticket','media',1),(57,59,44,'plugin::users-permissions.user','image',1),(58,60,45,'plugin::users-permissions.user','image',1),(59,61,20,'api::employee-contract.employee-contract','files',1),(60,62,20,'api::employee-contract.employee-contract','files',1),(62,64,46,'plugin::users-permissions.user','image',1),(63,65,21,'api::employee-contract.employee-contract','files',1),(64,66,48,'plugin::users-permissions.user','image',1),(65,67,100,'api::ticket.ticket','media',1),(66,68,49,'plugin::users-permissions.user','image',1),(67,69,8,'api::contract.contract','file',1),(68,70,51,'plugin::users-permissions.user','image',1),(69,71,22,'api::employee-contract.employee-contract','files',1),(71,73,52,'plugin::users-permissions.user','image',1),(72,74,23,'api::employee-contract.employee-contract','files',1),(73,75,1,'api::expense-content.expense-content','file',1),(74,76,2,'api::expense-content.expense-content','file',1),(75,77,54,'plugin::users-permissions.user','image',1),(76,78,10,'api::contract.contract','file',1),(77,79,2,'api::vehicle.vehicle','document',1),(78,80,3,'api::tool.tool','document',1),(79,81,55,'plugin::users-permissions.user','image',1),(80,88,2,'api::tier-contract.tier-contract','file',1),(81,89,108,'api::ticket.ticket','media',1),(82,90,3,'api::expense-content.expense-content','file',1),(83,91,118,'api::ticket.ticket','media',1),(84,92,24,'api::employee-contract.employee-contract','files',1),(85,93,24,'api::employee-contract.employee-contract','files',1),(86,94,11,'api::contract.contract','file',1),(87,95,6,'api::tier-contract.tier-contract','file',1),(88,96,7,'api::tier-contract.tier-contract','file',1),(89,97,133,'api::ticket.ticket','media',1),(90,98,134,'api::ticket.ticket','media',1),(91,99,134,'api::ticket.ticket','media',1),(92,100,135,'api::ticket.ticket','media',1),(93,101,136,'api::ticket.ticket','media',1),(94,102,137,'api::ticket.ticket','media',1),(95,103,148,'api::ticket.ticket','media',1),(99,107,11,'api::contract.contract','logo',1),(102,109,12,'api::contract.contract','logo',1),(103,110,13,'api::contract.contract','logo',1),(104,111,14,'api::contract.contract','logo',1),(105,112,166,'api::ticket.ticket','media',1),(108,115,15,'api::contract.contract','logo',1),(110,117,179,'api::ticket.ticket','media',1),(111,118,180,'api::ticket.ticket','media',1),(113,113,73,'plugin::users-permissions.user','image',1),(115,119,190,'api::ticket.ticket','media',1),(116,120,191,'api::ticket.ticket','media',1),(117,121,191,'api::ticket.ticket','media',1),(118,122,5,'api::expense-content.expense-content','file',1),(119,123,193,'api::ticket.ticket','media',1),(120,124,199,'api::ticket.ticket','media',1),(124,128,1,'plugin::users-permissions.user','image',1),(125,129,16,'api::contract.contract','logo',1),(126,130,74,'plugin::users-permissions.user','image',1),(127,131,76,'plugin::users-permissions.user','image',1),(128,132,78,'plugin::users-permissions.user','image',1),(129,133,70,'api::contract.contract','logo',1),(131,135,71,'api::contract.contract','logo',1),(132,136,72,'api::contract.contract','logo',1),(133,137,73,'api::contract.contract','logo',1),(134,138,74,'api::contract.contract','logo',1),(135,139,209,'api::ticket.ticket','media',1),(136,140,212,'api::ticket.ticket','media',1),(137,141,217,'api::ticket.ticket','media',1),(138,142,219,'api::ticket.ticket','media',1),(139,143,224,'api::ticket.ticket','media',1),(140,144,234,'api::ticket.ticket','media',1);
/*!40000 ALTER TABLE `files_related_morphs` ENABLE KEYS */;
UNLOCK TABLES;

--
-- Table structure for table `fluids`
--

DROP TABLE IF EXISTS `fluids`;
/*!40101 SET @saved_cs_client     = @@character_set_client */;
/*!50503 SET character_set_client = utf8mb4 */;
CREATE TABLE `fluids` (
  `id` int(10) unsigned NOT NULL AUTO_INCREMENT,
  `title` varchar(255) DEFAULT NULL,
  `created_at` datetime(6) DEFAULT NULL,
  `updated_at` datetime(6) DEFAULT NULL,
  `published_at` datetime(6) DEFAULT NULL,
  `created_by_id` int(10) unsigned DEFAULT NULL,
  `updated_by_id` int(10) unsigned DEFAULT NULL,
  PRIMARY KEY (`id`),
  KEY `fluids_created_by_id_fk` (`created_by_id`),
  KEY `fluids_updated_by_id_fk` (`updated_by_id`),
  CONSTRAINT `fluids_created_by_id_fk` FOREIGN KEY (`created_by_id`) REFERENCES `admin_users` (`id`) ON DELETE SET NULL,
  CONSTRAINT `fluids_updated_by_id_fk` FOREIGN KEY (`updated_by_id`) REFERENCES `admin_users` (`id`) ON DELETE SET NULL
) ENGINE=InnoDB AUTO_INCREMENT=31 DEFAULT CHARSET=utf8mb3 COLLATE=utf8mb3_general_ci;
/*!40101 SET character_set_client = @saved_cs_client */;

--
-- Dumping data for table `fluids`
--

LOCK TABLES `fluids` WRITE;
/*!40000 ALTER TABLE `fluids` DISABLE KEYS */;
INSERT INTO `fluids` VALUES (9,'Autre','2023-12-08 09:25:41.244000','2023-12-08 09:25:48.170000','2023-12-08 09:25:48.167000',2,2),(10,'Sonore','2023-12-21 14:17:38.470000','2023-12-21 14:17:38.470000','2023-12-21 14:17:38.468000',NULL,NULL),(11,'Visuelle','2023-12-21 14:19:42.263000','2023-12-21 14:19:42.263000','2023-12-21 14:19:42.261000',NULL,NULL),(12,'Olfactive','2023-12-21 14:19:59.468000','2023-12-21 14:19:59.468000','2023-12-21 14:19:59.467000',NULL,NULL),(13,'Environnementale','2023-12-21 14:20:12.968000','2023-12-21 14:20:12.968000','2023-12-21 14:20:12.967000',NULL,NULL),(14,'Fissure','2023-12-21 14:20:48.769000','2023-12-21 14:20:48.769000','2023-12-21 14:20:48.768000',NULL,NULL),(15,'Casse','2023-12-21 14:20:57.867000','2023-12-21 14:20:57.867000','2023-12-21 14:20:57.865000',NULL,NULL),(16,'Trou','2023-12-21 14:21:13.967000','2023-12-21 14:21:13.967000','2023-12-21 14:21:13.965000',NULL,NULL),(17,'Tache','2023-12-21 14:21:22.566000','2023-12-21 14:21:22.566000','2023-12-21 14:21:22.565000',NULL,NULL),(18,'Absence','2023-12-21 14:21:33.167000','2023-12-21 14:21:33.167000','2023-12-21 14:21:33.166000',NULL,NULL),(19,'Dégats des eaux','2023-12-21 14:21:55.666000','2023-12-21 14:21:55.666000','2023-12-21 14:21:55.664000',NULL,NULL),(20,'Incendie','2023-12-21 14:22:05.466000','2023-12-21 14:22:05.466000','2023-12-21 14:22:05.465000',NULL,NULL),(21,'Vol','2023-12-21 14:22:15.567000','2023-12-21 14:22:15.567000','2023-12-21 14:22:15.565000',NULL,NULL),(22,'Casse','2023-12-21 14:22:24.767000','2023-12-21 14:22:24.767000','2023-12-21 14:22:24.766000',NULL,NULL),(23,'Explosion','2023-12-21 14:22:36.266000','2023-12-21 14:22:36.266000','2023-12-21 14:22:36.265000',NULL,NULL),(24,'Bien','2023-12-21 14:23:00.268000','2023-12-21 14:23:00.268000','2023-12-21 14:23:00.266000',NULL,NULL),(25,'Personne','2023-12-21 14:23:10.468000','2023-12-21 14:23:10.468000','2023-12-21 14:23:10.467000',NULL,NULL),(26,'Immeuble','2023-12-21 14:23:25.269000','2023-12-21 14:23:25.269000','2023-12-21 14:23:25.267000',NULL,NULL),(27,'Bris de glace','2023-12-21 14:23:52.868000','2023-12-21 14:23:52.868000','2023-12-21 14:23:52.867000',NULL,NULL),(28,'Tag','2023-12-21 14:25:47.577000','2023-12-21 14:25:47.577000','2023-12-21 14:25:47.576000',NULL,NULL),(29,'Innondation','2023-12-21 14:27:16.679000','2023-12-21 14:27:16.679000','2023-12-21 14:27:16.677000',NULL,NULL),(30,'Arrachement','2023-12-21 14:45:36.754000','2023-12-21 14:48:14.547000','2023-12-21 14:48:14.454000',2,2);
/*!40000 ALTER TABLE `fluids` ENABLE KEYS */;
UNLOCK TABLES;

--
-- Table structure for table `frais`
--

DROP TABLE IF EXISTS `frais`;
/*!40101 SET @saved_cs_client     = @@character_set_client */;
/*!50503 SET character_set_client = utf8mb4 */;
CREATE TABLE `frais` (
  `id` int(10) unsigned NOT NULL AUTO_INCREMENT,
  `name` varchar(255) DEFAULT NULL,
  `amount` decimal(10,2) DEFAULT NULL,
  `created_at` datetime(6) DEFAULT NULL,
  `updated_at` datetime(6) DEFAULT NULL,
  `published_at` datetime(6) DEFAULT NULL,
  `created_by_id` int(10) unsigned DEFAULT NULL,
  `updated_by_id` int(10) unsigned DEFAULT NULL,
  `firstname` varchar(255) DEFAULT NULL,
  `lastname` varchar(255) DEFAULT NULL,
  `state` varchar(255) DEFAULT NULL,
  PRIMARY KEY (`id`),
  KEY `frais_created_by_id_fk` (`created_by_id`),
  KEY `frais_updated_by_id_fk` (`updated_by_id`),
  CONSTRAINT `frais_created_by_id_fk` FOREIGN KEY (`created_by_id`) REFERENCES `admin_users` (`id`) ON DELETE SET NULL,
  CONSTRAINT `frais_updated_by_id_fk` FOREIGN KEY (`updated_by_id`) REFERENCES `admin_users` (`id`) ON DELETE SET NULL
) ENGINE=InnoDB AUTO_INCREMENT=8 DEFAULT CHARSET=utf8mb3 COLLATE=utf8mb3_general_ci;
/*!40101 SET character_set_client = @saved_cs_client */;

--
-- Dumping data for table `frais`
--

LOCK TABLES `frais` WRITE;
/*!40000 ALTER TABLE `frais` DISABLE KEYS */;
INSERT INTO `frais` VALUES (6,'Frédéric LORGEOUX- 08/05/2024',60.00,'2024-05-08 10:14:21.798000','2024-05-08 10:14:21.798000','2024-05-08 10:14:21.792000',NULL,NULL,'Frédéric','LORGEOUX',NULL),(7,'Jean-Marc FAISANT- 17/05/2024',600.00,'2024-05-17 12:33:30.382000','2024-05-17 12:33:42.952000','2024-05-17 12:33:30.377000',NULL,NULL,'Jean-Marc','FAISANT','Acceptée');
/*!40000 ALTER TABLE `frais` ENABLE KEYS */;
UNLOCK TABLES;

--
-- Table structure for table `frais_agency_links`
--

DROP TABLE IF EXISTS `frais_agency_links`;
/*!40101 SET @saved_cs_client     = @@character_set_client */;
/*!50503 SET character_set_client = utf8mb4 */;
CREATE TABLE `frais_agency_links` (
  `id` int(10) unsigned NOT NULL AUTO_INCREMENT,
  `frai_id` int(10) unsigned DEFAULT NULL,
  `agency_id` int(10) unsigned DEFAULT NULL,
  `frai_order` int(10) unsigned DEFAULT NULL,
  PRIMARY KEY (`id`),
  UNIQUE KEY `frais_agency_links_unique` (`frai_id`,`agency_id`),
  KEY `frais_agency_links_fk` (`frai_id`),
  KEY `frais_agency_links_inv_fk` (`agency_id`),
  KEY `frais_agency_links_order_inv_fk` (`frai_order`),
  CONSTRAINT `frais_agency_links_fk` FOREIGN KEY (`frai_id`) REFERENCES `frais` (`id`) ON DELETE CASCADE,
  CONSTRAINT `frais_agency_links_inv_fk` FOREIGN KEY (`agency_id`) REFERENCES `agencies` (`id`) ON DELETE CASCADE
) ENGINE=InnoDB DEFAULT CHARSET=utf8mb3 COLLATE=utf8mb3_general_ci;
/*!40101 SET character_set_client = @saved_cs_client */;

--
-- Dumping data for table `frais_agency_links`
--

LOCK TABLES `frais_agency_links` WRITE;
/*!40000 ALTER TABLE `frais_agency_links` DISABLE KEYS */;
/*!40000 ALTER TABLE `frais_agency_links` ENABLE KEYS */;
UNLOCK TABLES;

--
-- Table structure for table `frais_users_frai_links`
--

DROP TABLE IF EXISTS `frais_users_frai_links`;
/*!40101 SET @saved_cs_client     = @@character_set_client */;
/*!50503 SET character_set_client = utf8mb4 */;
CREATE TABLE `frais_users_frai_links` (
  `id` int(10) unsigned NOT NULL AUTO_INCREMENT,
  `frai_id` int(10) unsigned DEFAULT NULL,
  `user_id` int(10) unsigned DEFAULT NULL,
  PRIMARY KEY (`id`),
  UNIQUE KEY `frais_users_frai_links_unique` (`frai_id`,`user_id`),
  KEY `frais_users_frai_links_fk` (`frai_id`),
  KEY `frais_users_frai_links_inv_fk` (`user_id`),
  CONSTRAINT `frais_users_frai_links_fk` FOREIGN KEY (`frai_id`) REFERENCES `frais` (`id`) ON DELETE CASCADE,
  CONSTRAINT `frais_users_frai_links_inv_fk` FOREIGN KEY (`user_id`) REFERENCES `up_users` (`id`) ON DELETE CASCADE
) ENGINE=InnoDB AUTO_INCREMENT=8 DEFAULT CHARSET=utf8mb3 COLLATE=utf8mb3_general_ci;
/*!40101 SET character_set_client = @saved_cs_client */;

--
-- Dumping data for table `frais_users_frai_links`
--

LOCK TABLES `frais_users_frai_links` WRITE;
/*!40000 ALTER TABLE `frais_users_frai_links` DISABLE KEYS */;
INSERT INTO `frais_users_frai_links` VALUES (6,6,73),(7,7,1);
/*!40000 ALTER TABLE `frais_users_frai_links` ENABLE KEYS */;
UNLOCK TABLES;

--
-- Table structure for table `functions`
--

DROP TABLE IF EXISTS `functions`;
/*!40101 SET @saved_cs_client     = @@character_set_client */;
/*!50503 SET character_set_client = utf8mb4 */;
CREATE TABLE `functions` (
  `id` int(10) unsigned NOT NULL AUTO_INCREMENT,
  `name` varchar(255) DEFAULT NULL,
  `created_at` datetime(6) DEFAULT NULL,
  `updated_at` datetime(6) DEFAULT NULL,
  `created_by_id` int(10) unsigned DEFAULT NULL,
  `updated_by_id` int(10) unsigned DEFAULT NULL,
  PRIMARY KEY (`id`),
  KEY `functions_created_by_id_fk` (`created_by_id`),
  KEY `functions_updated_by_id_fk` (`updated_by_id`),
  CONSTRAINT `functions_created_by_id_fk` FOREIGN KEY (`created_by_id`) REFERENCES `admin_users` (`id`) ON DELETE SET NULL,
  CONSTRAINT `functions_updated_by_id_fk` FOREIGN KEY (`updated_by_id`) REFERENCES `admin_users` (`id`) ON DELETE SET NULL
) ENGINE=InnoDB AUTO_INCREMENT=6 DEFAULT CHARSET=utf8mb3 COLLATE=utf8mb3_general_ci;
/*!40101 SET character_set_client = @saved_cs_client */;

--
-- Dumping data for table `functions`
--

LOCK TABLES `functions` WRITE;
/*!40000 ALTER TABLE `functions` DISABLE KEYS */;
INSERT INTO `functions` VALUES (2,'Président','2023-10-16 08:11:22.878000','2023-10-16 08:11:22.878000',2,2),(3,'Directeur Général','2023-10-16 08:11:40.309000','2023-10-16 08:11:40.309000',2,2),(4,'Opérateur','2023-10-16 08:11:55.606000','2023-10-16 08:11:55.606000',2,2),(5,'Technicien','2023-10-16 08:12:08.368000','2023-10-16 08:12:08.368000',2,2);
/*!40000 ALTER TABLE `functions` ENABLE KEYS */;
UNLOCK TABLES;

--
-- Table structure for table `i18n_locale`
--

DROP TABLE IF EXISTS `i18n_locale`;
/*!40101 SET @saved_cs_client     = @@character_set_client */;
/*!50503 SET character_set_client = utf8mb4 */;
CREATE TABLE `i18n_locale` (
  `id` int(10) unsigned NOT NULL AUTO_INCREMENT,
  `name` varchar(255) DEFAULT NULL,
  `code` varchar(255) DEFAULT NULL,
  `created_at` datetime(6) DEFAULT NULL,
  `updated_at` datetime(6) DEFAULT NULL,
  `created_by_id` int(10) unsigned DEFAULT NULL,
  `updated_by_id` int(10) unsigned DEFAULT NULL,
  PRIMARY KEY (`id`),
  KEY `i18n_locale_created_by_id_fk` (`created_by_id`),
  KEY `i18n_locale_updated_by_id_fk` (`updated_by_id`),
  CONSTRAINT `i18n_locale_created_by_id_fk` FOREIGN KEY (`created_by_id`) REFERENCES `admin_users` (`id`) ON DELETE SET NULL,
  CONSTRAINT `i18n_locale_updated_by_id_fk` FOREIGN KEY (`updated_by_id`) REFERENCES `admin_users` (`id`) ON DELETE SET NULL
) ENGINE=InnoDB AUTO_INCREMENT=3 DEFAULT CHARSET=utf8mb3 COLLATE=utf8mb3_general_ci;
/*!40101 SET character_set_client = @saved_cs_client */;

--
-- Dumping data for table `i18n_locale`
--

LOCK TABLES `i18n_locale` WRITE;
/*!40000 ALTER TABLE `i18n_locale` DISABLE KEYS */;
INSERT INTO `i18n_locale` VALUES (1,'English (en)','en','2023-05-15 07:56:02.858000','2023-05-15 07:56:02.858000',NULL,NULL);
/*!40000 ALTER TABLE `i18n_locale` ENABLE KEYS */;
UNLOCK TABLES;

--
-- Table structure for table `individuals`
--

DROP TABLE IF EXISTS `individuals`;
/*!40101 SET @saved_cs_client     = @@character_set_client */;
/*!50503 SET character_set_client = utf8mb4 */;
CREATE TABLE `individuals` (
  `id` int(10) unsigned NOT NULL AUTO_INCREMENT,
  `firstname` varchar(255) DEFAULT NULL,
  `lastname` varchar(255) DEFAULT NULL,
  `mail` varchar(255) DEFAULT NULL,
  `phone` varchar(255) DEFAULT NULL,
  `created_at` datetime(6) DEFAULT NULL,
  `updated_at` datetime(6) DEFAULT NULL,
  `created_by_id` int(10) unsigned DEFAULT NULL,
  `updated_by_id` int(10) unsigned DEFAULT NULL,
  `from_qrcode` tinyint(1) DEFAULT NULL,
  PRIMARY KEY (`id`),
  KEY `individuals_created_by_id_fk` (`created_by_id`),
  KEY `individuals_updated_by_id_fk` (`updated_by_id`),
  CONSTRAINT `individuals_created_by_id_fk` FOREIGN KEY (`created_by_id`) REFERENCES `admin_users` (`id`) ON DELETE SET NULL,
  CONSTRAINT `individuals_updated_by_id_fk` FOREIGN KEY (`updated_by_id`) REFERENCES `admin_users` (`id`) ON DELETE SET NULL
) ENGINE=InnoDB AUTO_INCREMENT=38 DEFAULT CHARSET=utf8mb3 COLLATE=utf8mb3_general_ci;
/*!40101 SET character_set_client = @saved_cs_client */;

--
-- Dumping data for table `individuals`
--

LOCK TABLES `individuals` WRITE;
/*!40000 ALTER TABLE `individuals` DISABLE KEYS */;
INSERT INTO `individuals` VALUES (36,'Fred','INTERVENANT 2','fredlorgeoux+intervenant2@gmail.com','0659037455','2024-05-06 15:45:28.927000','2024-06-07 18:00:09.707000',NULL,NULL,0),(37,'Fred','INTERVENANT 1','fredlorgeoux+intervenant1@gmail.com','0659037455','2024-06-07 17:54:56.342000','2024-06-21 11:43:55.695000',NULL,NULL,0);
/*!40000 ALTER TABLE `individuals` ENABLE KEYS */;
UNLOCK TABLES;

--
-- Table structure for table `individuals_properties_links`
--

DROP TABLE IF EXISTS `individuals_properties_links`;
/*!40101 SET @saved_cs_client     = @@character_set_client */;
/*!50503 SET character_set_client = utf8mb4 */;
CREATE TABLE `individuals_properties_links` (
  `id` int(10) unsigned NOT NULL AUTO_INCREMENT,
  `individual_id` int(10) unsigned DEFAULT NULL,
  `property_id` int(10) unsigned DEFAULT NULL,
  `property_order` int(10) unsigned DEFAULT NULL,
  `individual_order` int(10) unsigned DEFAULT NULL,
  PRIMARY KEY (`id`),
  UNIQUE KEY `individuals_properties_links_unique` (`individual_id`,`property_id`),
  KEY `individuals_properties_links_fk` (`individual_id`),
  KEY `individuals_properties_links_inv_fk` (`property_id`),
  KEY `individuals_properties_links_order_fk` (`property_order`),
  KEY `individuals_properties_links_order_inv_fk` (`individual_order`),
  CONSTRAINT `individuals_properties_links_fk` FOREIGN KEY (`individual_id`) REFERENCES `individuals` (`id`) ON DELETE CASCADE,
  CONSTRAINT `individuals_properties_links_inv_fk` FOREIGN KEY (`property_id`) REFERENCES `properties` (`id`) ON DELETE CASCADE
) ENGINE=InnoDB AUTO_INCREMENT=96 DEFAULT CHARSET=utf8mb3 COLLATE=utf8mb3_general_ci;
/*!40101 SET character_set_client = @saved_cs_client */;

--
-- Dumping data for table `individuals_properties_links`
--

LOCK TABLES `individuals_properties_links` WRITE;
/*!40000 ALTER TABLE `individuals_properties_links` DISABLE KEYS */;
INSERT INTO `individuals_properties_links` VALUES (82,36,27,0,0),(83,36,26,0,0),(84,36,28,0,0);
/*!40000 ALTER TABLE `individuals_properties_links` ENABLE KEYS */;
UNLOCK TABLES;

--
-- Table structure for table `individuals_tiers_links`
--

DROP TABLE IF EXISTS `individuals_tiers_links`;
/*!40101 SET @saved_cs_client     = @@character_set_client */;
/*!50503 SET character_set_client = utf8mb4 */;
CREATE TABLE `individuals_tiers_links` (
  `id` int(10) unsigned NOT NULL AUTO_INCREMENT,
  `individual_id` int(10) unsigned DEFAULT NULL,
  `tier_id` int(10) unsigned DEFAULT NULL,
  `tier_order` int(10) unsigned DEFAULT NULL,
  `individual_order` int(10) unsigned DEFAULT NULL,
  PRIMARY KEY (`id`),
  UNIQUE KEY `individuals_tiers_links_unique` (`individual_id`,`tier_id`),
  KEY `individuals_tiers_links_fk` (`individual_id`),
  KEY `individuals_tiers_links_inv_fk` (`tier_id`),
  KEY `individuals_tiers_links_order_fk` (`tier_order`),
  KEY `individuals_tiers_links_order_inv_fk` (`individual_order`),
  CONSTRAINT `individuals_tiers_links_fk` FOREIGN KEY (`individual_id`) REFERENCES `individuals` (`id`) ON DELETE CASCADE,
  CONSTRAINT `individuals_tiers_links_inv_fk` FOREIGN KEY (`tier_id`) REFERENCES `tiers` (`id`) ON DELETE CASCADE
) ENGINE=InnoDB AUTO_INCREMENT=51 DEFAULT CHARSET=utf8mb3 COLLATE=utf8mb3_general_ci;
/*!40101 SET character_set_client = @saved_cs_client */;

--
-- Dumping data for table `individuals_tiers_links`
--

LOCK TABLES `individuals_tiers_links` WRITE;
/*!40000 ALTER TABLE `individuals_tiers_links` DISABLE KEYS */;
INSERT INTO `individuals_tiers_links` VALUES (44,36,37,0,1),(45,37,38,1,0);
/*!40000 ALTER TABLE `individuals_tiers_links` ENABLE KEYS */;
UNLOCK TABLES;

--
-- Table structure for table `interventions`
--

DROP TABLE IF EXISTS `interventions`;
/*!40101 SET @saved_cs_client     = @@character_set_client */;
/*!50503 SET character_set_client = utf8mb4 */;
CREATE TABLE `interventions` (
  `id` int(10) unsigned NOT NULL AUTO_INCREMENT,
  `description` varchar(255) DEFAULT NULL,
  `state` varchar(255) DEFAULT NULL,
  `start_date` datetime(6) DEFAULT NULL,
  `end_date` datetime(6) DEFAULT NULL,
  `created_at` datetime(6) DEFAULT NULL,
  `updated_at` datetime(6) DEFAULT NULL,
  `created_by_id` int(10) unsigned DEFAULT NULL,
  `updated_by_id` int(10) unsigned DEFAULT NULL,
  PRIMARY KEY (`id`),
  KEY `interventions_created_by_id_fk` (`created_by_id`),
  KEY `interventions_updated_by_id_fk` (`updated_by_id`),
  CONSTRAINT `interventions_created_by_id_fk` FOREIGN KEY (`created_by_id`) REFERENCES `admin_users` (`id`) ON DELETE SET NULL,
  CONSTRAINT `interventions_updated_by_id_fk` FOREIGN KEY (`updated_by_id`) REFERENCES `admin_users` (`id`) ON DELETE SET NULL
) ENGINE=InnoDB AUTO_INCREMENT=6 DEFAULT CHARSET=utf8mb3 COLLATE=utf8mb3_general_ci;
/*!40101 SET character_set_client = @saved_cs_client */;

--
-- Dumping data for table `interventions`
--

LOCK TABLES `interventions` WRITE;
/*!40000 ALTER TABLE `interventions` DISABLE KEYS */;
INSERT INTO `interventions` VALUES (5,'Test','inProgress','2024-05-17 14:05:00.000000','2024-05-18 14:05:00.000000','2024-05-10 12:05:30.690000','2024-05-10 12:05:30.690000',NULL,NULL);
/*!40000 ALTER TABLE `interventions` ENABLE KEYS */;
UNLOCK TABLES;

--
-- Table structure for table `interventions_agency_links`
--

DROP TABLE IF EXISTS `interventions_agency_links`;
/*!40101 SET @saved_cs_client     = @@character_set_client */;
/*!50503 SET character_set_client = utf8mb4 */;
CREATE TABLE `interventions_agency_links` (
  `id` int(10) unsigned NOT NULL AUTO_INCREMENT,
  `intervention_id` int(10) unsigned DEFAULT NULL,
  `agency_id` int(10) unsigned DEFAULT NULL,
  `intervention_order` int(10) unsigned DEFAULT NULL,
  PRIMARY KEY (`id`),
  UNIQUE KEY `interventions_agency_links_unique` (`intervention_id`,`agency_id`),
  KEY `interventions_agency_links_fk` (`intervention_id`),
  KEY `interventions_agency_links_inv_fk` (`agency_id`),
  KEY `interventions_agency_links_order_inv_fk` (`intervention_order`),
  CONSTRAINT `interventions_agency_links_fk` FOREIGN KEY (`intervention_id`) REFERENCES `interventions` (`id`) ON DELETE CASCADE,
  CONSTRAINT `interventions_agency_links_inv_fk` FOREIGN KEY (`agency_id`) REFERENCES `agencies` (`id`) ON DELETE CASCADE
) ENGINE=InnoDB AUTO_INCREMENT=2 DEFAULT CHARSET=utf8mb3 COLLATE=utf8mb3_general_ci;
/*!40101 SET character_set_client = @saved_cs_client */;

--
-- Dumping data for table `interventions_agency_links`
--

LOCK TABLES `interventions_agency_links` WRITE;
/*!40000 ALTER TABLE `interventions_agency_links` DISABLE KEYS */;
/*!40000 ALTER TABLE `interventions_agency_links` ENABLE KEYS */;
UNLOCK TABLES;

--
-- Table structure for table `interventions_ticket_links`
--

DROP TABLE IF EXISTS `interventions_ticket_links`;
/*!40101 SET @saved_cs_client     = @@character_set_client */;
/*!50503 SET character_set_client = utf8mb4 */;
CREATE TABLE `interventions_ticket_links` (
  `id` int(10) unsigned NOT NULL AUTO_INCREMENT,
  `intervention_id` int(10) unsigned DEFAULT NULL,
  `ticket_id` int(10) unsigned DEFAULT NULL,
  `intervention_order` int(10) unsigned DEFAULT NULL,
  PRIMARY KEY (`id`),
  UNIQUE KEY `interventions_ticket_links_unique` (`intervention_id`,`ticket_id`),
  KEY `interventions_ticket_links_fk` (`intervention_id`),
  KEY `interventions_ticket_links_inv_fk` (`ticket_id`),
  KEY `interventions_ticket_links_order_inv_fk` (`intervention_order`),
  CONSTRAINT `interventions_ticket_links_fk` FOREIGN KEY (`intervention_id`) REFERENCES `interventions` (`id`) ON DELETE CASCADE,
  CONSTRAINT `interventions_ticket_links_inv_fk` FOREIGN KEY (`ticket_id`) REFERENCES `tickets` (`id`) ON DELETE CASCADE
) ENGINE=InnoDB AUTO_INCREMENT=5 DEFAULT CHARSET=utf8mb3 COLLATE=utf8mb3_general_ci;
/*!40101 SET character_set_client = @saved_cs_client */;

--
-- Dumping data for table `interventions_ticket_links`
--

LOCK TABLES `interventions_ticket_links` WRITE;
/*!40000 ALTER TABLE `interventions_ticket_links` DISABLE KEYS */;
/*!40000 ALTER TABLE `interventions_ticket_links` ENABLE KEYS */;
UNLOCK TABLES;

--
-- Table structure for table `interventions_users_permissions_users_links`
--

DROP TABLE IF EXISTS `interventions_users_permissions_users_links`;
/*!40101 SET @saved_cs_client     = @@character_set_client */;
/*!50503 SET character_set_client = utf8mb4 */;
CREATE TABLE `interventions_users_permissions_users_links` (
  `id` int(10) unsigned NOT NULL AUTO_INCREMENT,
  `intervention_id` int(10) unsigned DEFAULT NULL,
  `user_id` int(10) unsigned DEFAULT NULL,
  `user_order` int(10) unsigned DEFAULT NULL,
  `intervention_order` int(10) unsigned DEFAULT NULL,
  PRIMARY KEY (`id`),
  UNIQUE KEY `interventions_users_permissions_users_links_unique` (`intervention_id`,`user_id`),
  KEY `interventions_users_permissions_users_links_fk` (`intervention_id`),
  KEY `interventions_users_permissions_users_links_inv_fk` (`user_id`),
  KEY `interventions_users_permissions_users_links_order_fk` (`user_order`),
  KEY `interventions_users_permissions_users_links_order_inv_fk` (`intervention_order`),
  CONSTRAINT `interventions_users_permissions_users_links_fk` FOREIGN KEY (`intervention_id`) REFERENCES `interventions` (`id`) ON DELETE CASCADE,
  CONSTRAINT `interventions_users_permissions_users_links_inv_fk` FOREIGN KEY (`user_id`) REFERENCES `up_users` (`id`) ON DELETE CASCADE
) ENGINE=InnoDB AUTO_INCREMENT=5 DEFAULT CHARSET=utf8mb3 COLLATE=utf8mb3_general_ci;
/*!40101 SET character_set_client = @saved_cs_client */;

--
-- Dumping data for table `interventions_users_permissions_users_links`
--

LOCK TABLES `interventions_users_permissions_users_links` WRITE;
/*!40000 ALTER TABLE `interventions_users_permissions_users_links` DISABLE KEYS */;
INSERT INTO `interventions_users_permissions_users_links` VALUES (4,5,76,1,1);
/*!40000 ALTER TABLE `interventions_users_permissions_users_links` ENABLE KEYS */;
UNLOCK TABLES;

--
-- Table structure for table `interventions_vehicles_links`
--

DROP TABLE IF EXISTS `interventions_vehicles_links`;
/*!40101 SET @saved_cs_client     = @@character_set_client */;
/*!50503 SET character_set_client = utf8mb4 */;
CREATE TABLE `interventions_vehicles_links` (
  `id` int(10) unsigned NOT NULL AUTO_INCREMENT,
  `intervention_id` int(10) unsigned DEFAULT NULL,
  `vehicle_id` int(10) unsigned DEFAULT NULL,
  `vehicle_order` int(10) unsigned DEFAULT NULL,
  `intervention_order` int(10) unsigned DEFAULT NULL,
  PRIMARY KEY (`id`),
  UNIQUE KEY `interventions_vehicles_links_unique` (`intervention_id`,`vehicle_id`),
  KEY `interventions_vehicles_links_fk` (`intervention_id`),
  KEY `interventions_vehicles_links_inv_fk` (`vehicle_id`),
  KEY `interventions_vehicles_links_order_fk` (`vehicle_order`),
  KEY `interventions_vehicles_links_order_inv_fk` (`intervention_order`),
  CONSTRAINT `interventions_vehicles_links_fk` FOREIGN KEY (`intervention_id`) REFERENCES `interventions` (`id`) ON DELETE CASCADE,
  CONSTRAINT `interventions_vehicles_links_inv_fk` FOREIGN KEY (`vehicle_id`) REFERENCES `vehicles` (`id`) ON DELETE CASCADE
) ENGINE=InnoDB AUTO_INCREMENT=4 DEFAULT CHARSET=utf8mb3 COLLATE=utf8mb3_general_ci;
/*!40101 SET character_set_client = @saved_cs_client */;

--
-- Dumping data for table `interventions_vehicles_links`
--

LOCK TABLES `interventions_vehicles_links` WRITE;
/*!40000 ALTER TABLE `interventions_vehicles_links` DISABLE KEYS */;
INSERT INTO `interventions_vehicles_links` VALUES (3,5,3,1,1);
/*!40000 ALTER TABLE `interventions_vehicles_links` ENABLE KEYS */;
UNLOCK TABLES;

--
-- Table structure for table `issuers_roles`
--

DROP TABLE IF EXISTS `issuers_roles`;
/*!40101 SET @saved_cs_client     = @@character_set_client */;
/*!50503 SET character_set_client = utf8mb4 */;
CREATE TABLE `issuers_roles` (
  `id` int(10) unsigned NOT NULL AUTO_INCREMENT,
  `name` varchar(255) DEFAULT NULL,
  `created_at` datetime(6) DEFAULT NULL,
  `updated_at` datetime(6) DEFAULT NULL,
  `created_by_id` int(10) unsigned DEFAULT NULL,
  `updated_by_id` int(10) unsigned DEFAULT NULL,
  PRIMARY KEY (`id`),
  KEY `issuers_roles_created_by_id_fk` (`created_by_id`),
  KEY `issuers_roles_updated_by_id_fk` (`updated_by_id`),
  CONSTRAINT `issuers_roles_created_by_id_fk` FOREIGN KEY (`created_by_id`) REFERENCES `admin_users` (`id`) ON DELETE SET NULL,
  CONSTRAINT `issuers_roles_updated_by_id_fk` FOREIGN KEY (`updated_by_id`) REFERENCES `admin_users` (`id`) ON DELETE SET NULL
) ENGINE=InnoDB AUTO_INCREMENT=5 DEFAULT CHARSET=utf8mb3 COLLATE=utf8mb3_general_ci;
/*!40101 SET character_set_client = @saved_cs_client */;

--
-- Dumping data for table `issuers_roles`
--

LOCK TABLES `issuers_roles` WRITE;
/*!40000 ALTER TABLE `issuers_roles` DISABLE KEYS */;
INSERT INTO `issuers_roles` VALUES (1,'Locataire','2023-06-21 11:57:35.994000','2023-06-21 11:57:35.994000',2,2),(2,'Propriétaire','2023-06-21 12:01:53.359000','2023-06-21 12:01:53.359000',2,2),(3,'Intervenant','2023-08-08 12:25:43.297000','2023-08-08 12:25:43.297000',2,2),(4,'Visiteur','2023-08-08 12:25:53.061000','2023-08-08 12:25:53.061000',2,2);
/*!40000 ALTER TABLE `issuers_roles` ENABLE KEYS */;
UNLOCK TABLES;

--
-- Table structure for table `jobs`
--

DROP TABLE IF EXISTS `jobs`;
/*!40101 SET @saved_cs_client     = @@character_set_client */;
/*!50503 SET character_set_client = utf8mb4 */;
CREATE TABLE `jobs` (
  `id` int(10) unsigned NOT NULL AUTO_INCREMENT,
  `name` varchar(255) DEFAULT NULL,
  `created_at` datetime(6) DEFAULT NULL,
  `updated_at` datetime(6) DEFAULT NULL,
  `published_at` datetime(6) DEFAULT NULL,
  `created_by_id` int(10) unsigned DEFAULT NULL,
  `updated_by_id` int(10) unsigned DEFAULT NULL,
  PRIMARY KEY (`id`),
  KEY `jobs_created_by_id_fk` (`created_by_id`),
  KEY `jobs_updated_by_id_fk` (`updated_by_id`),
  CONSTRAINT `jobs_created_by_id_fk` FOREIGN KEY (`created_by_id`) REFERENCES `admin_users` (`id`) ON DELETE SET NULL,
  CONSTRAINT `jobs_updated_by_id_fk` FOREIGN KEY (`updated_by_id`) REFERENCES `admin_users` (`id`) ON DELETE SET NULL
) ENGINE=InnoDB AUTO_INCREMENT=2 DEFAULT CHARSET=utf8mb3 COLLATE=utf8mb3_general_ci;
/*!40101 SET character_set_client = @saved_cs_client */;

--
-- Dumping data for table `jobs`
--

LOCK TABLES `jobs` WRITE;
/*!40000 ALTER TABLE `jobs` DISABLE KEYS */;
INSERT INTO `jobs` VALUES (1,'Responsable technicien','2024-01-31 18:10:03.769000','2024-02-01 08:59:17.453000','2024-02-01 08:59:17.448000',3,2);
/*!40000 ALTER TABLE `jobs` ENABLE KEYS */;
UNLOCK TABLES;

--
-- Table structure for table `medias`
--

DROP TABLE IF EXISTS `medias`;
/*!40101 SET @saved_cs_client     = @@character_set_client */;
/*!50503 SET character_set_client = utf8mb4 */;
CREATE TABLE `medias` (
  `id` int(10) unsigned NOT NULL AUTO_INCREMENT,
  `name` varchar(255) DEFAULT NULL,
  `created_at` datetime(6) DEFAULT NULL,
  `updated_at` datetime(6) DEFAULT NULL,
  `created_by_id` int(10) unsigned DEFAULT NULL,
  `updated_by_id` int(10) unsigned DEFAULT NULL,
  PRIMARY KEY (`id`),
  KEY `medias_created_by_id_fk` (`created_by_id`),
  KEY `medias_updated_by_id_fk` (`updated_by_id`),
  CONSTRAINT `medias_created_by_id_fk` FOREIGN KEY (`created_by_id`) REFERENCES `admin_users` (`id`) ON DELETE SET NULL,
  CONSTRAINT `medias_updated_by_id_fk` FOREIGN KEY (`updated_by_id`) REFERENCES `admin_users` (`id`) ON DELETE SET NULL
) ENGINE=InnoDB AUTO_INCREMENT=9 DEFAULT CHARSET=utf8mb3 COLLATE=utf8mb3_general_ci;
/*!40101 SET character_set_client = @saved_cs_client */;

--
-- Dumping data for table `medias`
--

LOCK TABLES `medias` WRITE;
/*!40000 ALTER TABLE `medias` DISABLE KEYS */;
/*!40000 ALTER TABLE `medias` ENABLE KEYS */;
UNLOCK TABLES;

--
-- Table structure for table `nature_of_sites`
--

DROP TABLE IF EXISTS `nature_of_sites`;
/*!40101 SET @saved_cs_client     = @@character_set_client */;
/*!50503 SET character_set_client = utf8mb4 */;
CREATE TABLE `nature_of_sites` (
  `id` int(10) unsigned NOT NULL AUTO_INCREMENT,
  `nature` varchar(255) DEFAULT NULL,
  `created_at` datetime(6) DEFAULT NULL,
  `updated_at` datetime(6) DEFAULT NULL,
  `published_at` datetime(6) DEFAULT NULL,
  `created_by_id` int(10) unsigned DEFAULT NULL,
  `updated_by_id` int(10) unsigned DEFAULT NULL,
  PRIMARY KEY (`id`),
  KEY `nature_of_sites_created_by_id_fk` (`created_by_id`),
  KEY `nature_of_sites_updated_by_id_fk` (`updated_by_id`),
  CONSTRAINT `nature_of_sites_created_by_id_fk` FOREIGN KEY (`created_by_id`) REFERENCES `admin_users` (`id`) ON DELETE SET NULL,
  CONSTRAINT `nature_of_sites_updated_by_id_fk` FOREIGN KEY (`updated_by_id`) REFERENCES `admin_users` (`id`) ON DELETE SET NULL
) ENGINE=InnoDB AUTO_INCREMENT=10 DEFAULT CHARSET=utf8mb3 COLLATE=utf8mb3_general_ci;
/*!40101 SET character_set_client = @saved_cs_client */;

--
-- Dumping data for table `nature_of_sites`
--

LOCK TABLES `nature_of_sites` WRITE;
/*!40000 ALTER TABLE `nature_of_sites` DISABLE KEYS */;
INSERT INTO `nature_of_sites` VALUES (4,'Ecole','2023-07-27 13:28:31.917000','2023-08-07 15:01:15.210000','2023-07-27 13:29:24.593000',1,2),(5,'Bureau','2023-08-07 15:01:35.747000','2023-08-08 07:44:32.220000','2023-08-08 07:43:06.624000',2,2),(6,'Privée','2023-08-08 07:44:08.145000','2023-08-08 07:44:10.655000','2023-08-08 07:44:10.652000',2,2),(7,'Immeuble','2023-08-08 07:45:23.126000','2023-08-08 07:45:25.636000','2023-08-08 07:45:25.633000',2,2),(8,'Centre commercial','2023-08-08 07:46:02.260000','2023-08-08 07:46:04.441000','2023-08-08 07:46:04.438000',2,2),(9,'Galerie marchande','2023-08-08 07:46:16.982000','2023-08-08 07:46:18.399000','2023-08-08 07:46:18.394000',2,2);
/*!40000 ALTER TABLE `nature_of_sites` ENABLE KEYS */;
UNLOCK TABLES;

--
-- Table structure for table `natures`
--

DROP TABLE IF EXISTS `natures`;
/*!40101 SET @saved_cs_client     = @@character_set_client */;
/*!50503 SET character_set_client = utf8mb4 */;
CREATE TABLE `natures` (
  `id` int(10) unsigned NOT NULL AUTO_INCREMENT,
  `name` varchar(255) DEFAULT NULL,
  `created_at` datetime(6) DEFAULT NULL,
  `updated_at` datetime(6) DEFAULT NULL,
  `created_by_id` int(10) unsigned DEFAULT NULL,
  `updated_by_id` int(10) unsigned DEFAULT NULL,
  PRIMARY KEY (`id`),
  KEY `natures_created_by_id_fk` (`created_by_id`),
  KEY `natures_updated_by_id_fk` (`updated_by_id`),
  CONSTRAINT `natures_created_by_id_fk` FOREIGN KEY (`created_by_id`) REFERENCES `admin_users` (`id`) ON DELETE SET NULL,
  CONSTRAINT `natures_updated_by_id_fk` FOREIGN KEY (`updated_by_id`) REFERENCES `admin_users` (`id`) ON DELETE SET NULL
) ENGINE=InnoDB AUTO_INCREMENT=37 DEFAULT CHARSET=utf8mb3 COLLATE=utf8mb3_general_ci;
/*!40101 SET character_set_client = @saved_cs_client */;

--
-- Dumping data for table `natures`
--

LOCK TABLES `natures` WRITE;
/*!40000 ALTER TABLE `natures` DISABLE KEYS */;
/*!40000 ALTER TABLE `natures` ENABLE KEYS */;
UNLOCK TABLES;

--
-- Table structure for table `natures_category_links`
--

DROP TABLE IF EXISTS `natures_category_links`;
/*!40101 SET @saved_cs_client     = @@character_set_client */;
/*!50503 SET character_set_client = utf8mb4 */;
CREATE TABLE `natures_category_links` (
  `id` int(10) unsigned NOT NULL AUTO_INCREMENT,
  `nature_id` int(10) unsigned DEFAULT NULL,
  `category_id` int(10) unsigned DEFAULT NULL,
  `nature_order` int(10) unsigned DEFAULT NULL,
  PRIMARY KEY (`id`),
  UNIQUE KEY `natures_category_links_unique` (`nature_id`,`category_id`),
  KEY `natures_category_links_fk` (`nature_id`),
  KEY `natures_category_links_inv_fk` (`category_id`),
  KEY `natures_category_links_order_inv_fk` (`nature_order`),
  CONSTRAINT `natures_category_links_fk` FOREIGN KEY (`nature_id`) REFERENCES `natures` (`id`) ON DELETE CASCADE,
  CONSTRAINT `natures_category_links_inv_fk` FOREIGN KEY (`category_id`) REFERENCES `categories` (`id`) ON DELETE CASCADE
) ENGINE=InnoDB AUTO_INCREMENT=40 DEFAULT CHARSET=utf8mb3 COLLATE=utf8mb3_general_ci;
/*!40101 SET character_set_client = @saved_cs_client */;

--
-- Dumping data for table `natures_category_links`
--

LOCK TABLES `natures_category_links` WRITE;
/*!40000 ALTER TABLE `natures_category_links` DISABLE KEYS */;
/*!40000 ALTER TABLE `natures_category_links` ENABLE KEYS */;
UNLOCK TABLES;

--
-- Table structure for table `no_visible_comments`
--

DROP TABLE IF EXISTS `no_visible_comments`;
/*!40101 SET @saved_cs_client     = @@character_set_client */;
/*!50503 SET character_set_client = utf8mb4 */;
CREATE TABLE `no_visible_comments` (
  `id` int(10) unsigned NOT NULL AUTO_INCREMENT,
  `comment` longtext DEFAULT NULL,
  `created_at` datetime(6) DEFAULT NULL,
  `updated_at` datetime(6) DEFAULT NULL,
  `published_at` datetime(6) DEFAULT NULL,
  `created_by_id` int(10) unsigned DEFAULT NULL,
  `updated_by_id` int(10) unsigned DEFAULT NULL,
  PRIMARY KEY (`id`),
  KEY `no_visible_comments_created_by_id_fk` (`created_by_id`),
  KEY `no_visible_comments_updated_by_id_fk` (`updated_by_id`),
  CONSTRAINT `no_visible_comments_created_by_id_fk` FOREIGN KEY (`created_by_id`) REFERENCES `admin_users` (`id`) ON DELETE SET NULL,
  CONSTRAINT `no_visible_comments_updated_by_id_fk` FOREIGN KEY (`updated_by_id`) REFERENCES `admin_users` (`id`) ON DELETE SET NULL
) ENGINE=InnoDB AUTO_INCREMENT=17 DEFAULT CHARSET=utf8mb3 COLLATE=utf8mb3_general_ci;
/*!40101 SET character_set_client = @saved_cs_client */;

--
-- Dumping data for table `no_visible_comments`
--

LOCK TABLES `no_visible_comments` WRITE;
/*!40000 ALTER TABLE `no_visible_comments` DISABLE KEYS */;
/*!40000 ALTER TABLE `no_visible_comments` ENABLE KEYS */;
UNLOCK TABLES;

--
-- Table structure for table `no_visible_comments_agency_links`
--

DROP TABLE IF EXISTS `no_visible_comments_agency_links`;
/*!40101 SET @saved_cs_client     = @@character_set_client */;
/*!50503 SET character_set_client = utf8mb4 */;
CREATE TABLE `no_visible_comments_agency_links` (
  `id` int(10) unsigned NOT NULL AUTO_INCREMENT,
  `no_visible_comment_id` int(10) unsigned DEFAULT NULL,
  `agency_id` int(10) unsigned DEFAULT NULL,
  `no_visible_comment_order` int(10) unsigned DEFAULT NULL,
  PRIMARY KEY (`id`),
  UNIQUE KEY `no_visible_comments_agency_links_unique` (`no_visible_comment_id`,`agency_id`),
  KEY `no_visible_comments_agency_links_fk` (`no_visible_comment_id`),
  KEY `no_visible_comments_agency_links_inv_fk` (`agency_id`),
  KEY `no_visible_comments_agency_links_order_inv_fk` (`no_visible_comment_order`),
  CONSTRAINT `no_visible_comments_agency_links_fk` FOREIGN KEY (`no_visible_comment_id`) REFERENCES `no_visible_comments` (`id`) ON DELETE CASCADE,
  CONSTRAINT `no_visible_comments_agency_links_inv_fk` FOREIGN KEY (`agency_id`) REFERENCES `agencies` (`id`) ON DELETE CASCADE
) ENGINE=InnoDB AUTO_INCREMENT=6 DEFAULT CHARSET=utf8mb3 COLLATE=utf8mb3_general_ci;
/*!40101 SET character_set_client = @saved_cs_client */;

--
-- Dumping data for table `no_visible_comments_agency_links`
--

LOCK TABLES `no_visible_comments_agency_links` WRITE;
/*!40000 ALTER TABLE `no_visible_comments_agency_links` DISABLE KEYS */;
/*!40000 ALTER TABLE `no_visible_comments_agency_links` ENABLE KEYS */;
UNLOCK TABLES;

--
-- Table structure for table `no_visible_comments_individual_links`
--

DROP TABLE IF EXISTS `no_visible_comments_individual_links`;
/*!40101 SET @saved_cs_client     = @@character_set_client */;
/*!50503 SET character_set_client = utf8mb4 */;
CREATE TABLE `no_visible_comments_individual_links` (
  `id` int(10) unsigned NOT NULL AUTO_INCREMENT,
  `no_visible_comment_id` int(10) unsigned DEFAULT NULL,
  `individual_id` int(10) unsigned DEFAULT NULL,
  `no_visible_comment_order` int(10) unsigned DEFAULT NULL,
  PRIMARY KEY (`id`),
  UNIQUE KEY `no_visible_comments_individual_links_unique` (`no_visible_comment_id`,`individual_id`),
  KEY `no_visible_comments_individual_links_fk` (`no_visible_comment_id`),
  KEY `no_visible_comments_individual_links_inv_fk` (`individual_id`),
  KEY `no_visible_comments_individual_links_order_inv_fk` (`no_visible_comment_order`),
  CONSTRAINT `no_visible_comments_individual_links_fk` FOREIGN KEY (`no_visible_comment_id`) REFERENCES `no_visible_comments` (`id`) ON DELETE CASCADE,
  CONSTRAINT `no_visible_comments_individual_links_inv_fk` FOREIGN KEY (`individual_id`) REFERENCES `individuals` (`id`) ON DELETE CASCADE
) ENGINE=InnoDB AUTO_INCREMENT=4 DEFAULT CHARSET=utf8mb3 COLLATE=utf8mb3_general_ci;
/*!40101 SET character_set_client = @saved_cs_client */;

--
-- Dumping data for table `no_visible_comments_individual_links`
--

LOCK TABLES `no_visible_comments_individual_links` WRITE;
/*!40000 ALTER TABLE `no_visible_comments_individual_links` DISABLE KEYS */;
/*!40000 ALTER TABLE `no_visible_comments_individual_links` ENABLE KEYS */;
UNLOCK TABLES;

--
-- Table structure for table `no_visible_comments_property_links`
--

DROP TABLE IF EXISTS `no_visible_comments_property_links`;
/*!40101 SET @saved_cs_client     = @@character_set_client */;
/*!50503 SET character_set_client = utf8mb4 */;
CREATE TABLE `no_visible_comments_property_links` (
  `id` int(10) unsigned NOT NULL AUTO_INCREMENT,
  `no_visible_comment_id` int(10) unsigned DEFAULT NULL,
  `property_id` int(10) unsigned DEFAULT NULL,
  `no_visible_comment_order` int(10) unsigned DEFAULT NULL,
  PRIMARY KEY (`id`),
  UNIQUE KEY `no_visible_comments_property_links_unique` (`no_visible_comment_id`,`property_id`),
  KEY `no_visible_comments_property_links_fk` (`no_visible_comment_id`),
  KEY `no_visible_comments_property_links_inv_fk` (`property_id`),
  KEY `no_visible_comments_property_links_order_inv_fk` (`no_visible_comment_order`),
  CONSTRAINT `no_visible_comments_property_links_fk` FOREIGN KEY (`no_visible_comment_id`) REFERENCES `no_visible_comments` (`id`) ON DELETE CASCADE,
  CONSTRAINT `no_visible_comments_property_links_inv_fk` FOREIGN KEY (`property_id`) REFERENCES `properties` (`id`) ON DELETE CASCADE
) ENGINE=InnoDB AUTO_INCREMENT=4 DEFAULT CHARSET=utf8mb3 COLLATE=utf8mb3_general_ci;
/*!40101 SET character_set_client = @saved_cs_client */;

--
-- Dumping data for table `no_visible_comments_property_links`
--

LOCK TABLES `no_visible_comments_property_links` WRITE;
/*!40000 ALTER TABLE `no_visible_comments_property_links` DISABLE KEYS */;
/*!40000 ALTER TABLE `no_visible_comments_property_links` ENABLE KEYS */;
UNLOCK TABLES;

--
-- Table structure for table `no_visible_comments_tier_links`
--

DROP TABLE IF EXISTS `no_visible_comments_tier_links`;
/*!40101 SET @saved_cs_client     = @@character_set_client */;
/*!50503 SET character_set_client = utf8mb4 */;
CREATE TABLE `no_visible_comments_tier_links` (
  `id` int(10) unsigned NOT NULL AUTO_INCREMENT,
  `no_visible_comment_id` int(10) unsigned DEFAULT NULL,
  `tier_id` int(10) unsigned DEFAULT NULL,
  `no_visible_comment_order` int(10) unsigned DEFAULT NULL,
  PRIMARY KEY (`id`),
  UNIQUE KEY `no_visible_comments_tier_links_unique` (`no_visible_comment_id`,`tier_id`),
  KEY `no_visible_comments_tier_links_fk` (`no_visible_comment_id`),
  KEY `no_visible_comments_tier_links_inv_fk` (`tier_id`),
  KEY `no_visible_comments_tier_links_order_inv_fk` (`no_visible_comment_order`),
  CONSTRAINT `no_visible_comments_tier_links_fk` FOREIGN KEY (`no_visible_comment_id`) REFERENCES `no_visible_comments` (`id`) ON DELETE CASCADE,
  CONSTRAINT `no_visible_comments_tier_links_inv_fk` FOREIGN KEY (`tier_id`) REFERENCES `tiers` (`id`) ON DELETE CASCADE
) ENGINE=InnoDB AUTO_INCREMENT=6 DEFAULT CHARSET=utf8mb3 COLLATE=utf8mb3_general_ci;
/*!40101 SET character_set_client = @saved_cs_client */;

--
-- Dumping data for table `no_visible_comments_tier_links`
--

LOCK TABLES `no_visible_comments_tier_links` WRITE;
/*!40000 ALTER TABLE `no_visible_comments_tier_links` DISABLE KEYS */;
/*!40000 ALTER TABLE `no_visible_comments_tier_links` ENABLE KEYS */;
UNLOCK TABLES;

--
-- Table structure for table `no_visible_comments_users_permissions_user_links`
--

DROP TABLE IF EXISTS `no_visible_comments_users_permissions_user_links`;
/*!40101 SET @saved_cs_client     = @@character_set_client */;
/*!50503 SET character_set_client = utf8mb4 */;
CREATE TABLE `no_visible_comments_users_permissions_user_links` (
  `id` int(10) unsigned NOT NULL AUTO_INCREMENT,
  `no_visible_comment_id` int(10) unsigned DEFAULT NULL,
  `user_id` int(10) unsigned DEFAULT NULL,
  PRIMARY KEY (`id`),
  UNIQUE KEY `no_visible_comments_users_permissions_user_links_unique` (`no_visible_comment_id`,`user_id`),
  KEY `no_visible_comments_users_permissions_user_links_fk` (`no_visible_comment_id`),
  KEY `no_visible_comments_users_permissions_user_links_inv_fk` (`user_id`),
  CONSTRAINT `no_visible_comments_users_permissions_user_links_fk` FOREIGN KEY (`no_visible_comment_id`) REFERENCES `no_visible_comments` (`id`) ON DELETE CASCADE,
  CONSTRAINT `no_visible_comments_users_permissions_user_links_inv_fk` FOREIGN KEY (`user_id`) REFERENCES `up_users` (`id`) ON DELETE CASCADE
) ENGINE=InnoDB AUTO_INCREMENT=15 DEFAULT CHARSET=utf8mb3 COLLATE=utf8mb3_general_ci;
/*!40101 SET character_set_client = @saved_cs_client */;

--
-- Dumping data for table `no_visible_comments_users_permissions_user_links`
--

LOCK TABLES `no_visible_comments_users_permissions_user_links` WRITE;
/*!40000 ALTER TABLE `no_visible_comments_users_permissions_user_links` DISABLE KEYS */;
/*!40000 ALTER TABLE `no_visible_comments_users_permissions_user_links` ENABLE KEYS */;
UNLOCK TABLES;

--
-- Table structure for table `origines`
--

DROP TABLE IF EXISTS `origines`;
/*!40101 SET @saved_cs_client     = @@character_set_client */;
/*!50503 SET character_set_client = utf8mb4 */;
CREATE TABLE `origines` (
  `id` int(10) unsigned NOT NULL AUTO_INCREMENT,
  `name` varchar(255) DEFAULT NULL,
  `created_at` datetime(6) DEFAULT NULL,
  `updated_at` datetime(6) DEFAULT NULL,
  `created_by_id` int(10) unsigned DEFAULT NULL,
  `updated_by_id` int(10) unsigned DEFAULT NULL,
  PRIMARY KEY (`id`),
  KEY `origines_created_by_id_fk` (`created_by_id`),
  KEY `origines_updated_by_id_fk` (`updated_by_id`),
  CONSTRAINT `origines_created_by_id_fk` FOREIGN KEY (`created_by_id`) REFERENCES `admin_users` (`id`) ON DELETE SET NULL,
  CONSTRAINT `origines_updated_by_id_fk` FOREIGN KEY (`updated_by_id`) REFERENCES `admin_users` (`id`) ON DELETE SET NULL
) ENGINE=InnoDB AUTO_INCREMENT=5 DEFAULT CHARSET=utf8mb3 COLLATE=utf8mb3_general_ci;
/*!40101 SET character_set_client = @saved_cs_client */;

--
-- Dumping data for table `origines`
--

LOCK TABLES `origines` WRITE;
/*!40000 ALTER TABLE `origines` DISABLE KEYS */;
INSERT INTO `origines` VALUES (2,'QRCode','2023-08-16 08:00:41.344000','2023-09-28 12:20:30.272000',2,3),(3,'Téléphone','2023-08-16 08:28:16.301000','2023-08-16 08:28:16.301000',2,2),(4,'En personne','2023-08-16 08:28:50.037000','2023-08-16 08:28:50.037000',2,2);
/*!40000 ALTER TABLE `origines` ENABLE KEYS */;
UNLOCK TABLES;

--
-- Table structure for table `priorities`
--

DROP TABLE IF EXISTS `priorities`;
/*!40101 SET @saved_cs_client     = @@character_set_client */;
/*!50503 SET character_set_client = utf8mb4 */;
CREATE TABLE `priorities` (
  `id` int(10) unsigned NOT NULL AUTO_INCREMENT,
  `name` varchar(255) DEFAULT NULL,
  `created_at` datetime(6) DEFAULT NULL,
  `updated_at` datetime(6) DEFAULT NULL,
  `created_by_id` int(10) unsigned DEFAULT NULL,
  `updated_by_id` int(10) unsigned DEFAULT NULL,
  `relance_time` int(11) DEFAULT NULL,
  PRIMARY KEY (`id`),
  KEY `priorities_created_by_id_fk` (`created_by_id`),
  KEY `priorities_updated_by_id_fk` (`updated_by_id`),
  CONSTRAINT `priorities_created_by_id_fk` FOREIGN KEY (`created_by_id`) REFERENCES `admin_users` (`id`) ON DELETE SET NULL,
  CONSTRAINT `priorities_updated_by_id_fk` FOREIGN KEY (`updated_by_id`) REFERENCES `admin_users` (`id`) ON DELETE SET NULL
) ENGINE=InnoDB AUTO_INCREMENT=4 DEFAULT CHARSET=utf8mb3 COLLATE=utf8mb3_general_ci;
/*!40101 SET character_set_client = @saved_cs_client */;

--
-- Dumping data for table `priorities`
--

LOCK TABLES `priorities` WRITE;
/*!40000 ALTER TABLE `priorities` DISABLE KEYS */;
INSERT INTO `priorities` VALUES (1,'Urgent','2023-05-19 13:39:03.126000','2024-01-10 20:10:56.452000',1,1,2),(2,'Immédiat','2023-05-22 14:08:40.208000','2024-01-10 20:11:10.184000',2,1,1),(3,'Normal','2023-05-22 14:08:48.387000','2024-01-10 20:11:02.255000',2,1,4);
/*!40000 ALTER TABLE `priorities` ENABLE KEYS */;
UNLOCK TABLES;

--
-- Table structure for table `properties`
--

DROP TABLE IF EXISTS `properties`;
/*!40101 SET @saved_cs_client     = @@character_set_client */;
/*!50503 SET character_set_client = utf8mb4 */;
CREATE TABLE `properties` (
  `id` int(10) unsigned NOT NULL AUTO_INCREMENT,
  `name` longtext DEFAULT NULL,
  `address` longtext DEFAULT NULL,
  `phone` varchar(255) DEFAULT NULL,
  `zip_code` varchar(255) DEFAULT NULL,
  `city` varchar(255) DEFAULT NULL,
  `settlement_date` date DEFAULT NULL,
  `number_batches` bigint(20) DEFAULT NULL,
  `number_residential_lots` bigint(20) DEFAULT NULL,
  `number_parking` bigint(20) DEFAULT NULL,
  `type_syndicates` varchar(255) DEFAULT NULL,
  `number_union` varchar(255) DEFAULT NULL,
  `number_elevator` varchar(255) DEFAULT NULL,
  `number_auto_gate` varchar(255) DEFAULT NULL,
  `games_children` varchar(255) DEFAULT NULL,
  `type_heating` varchar(255) DEFAULT NULL,
  `created_at` datetime(6) DEFAULT NULL,
  `updated_at` datetime(6) DEFAULT NULL,
  `created_by_id` int(10) unsigned DEFAULT NULL,
  `updated_by_id` int(10) unsigned DEFAULT NULL,
  `main_batches` int(11) DEFAULT NULL,
  `secondary_batches` int(11) DEFAULT NULL,
  `tertiary_lots` int(11) DEFAULT NULL,
  `parking_lots` int(11) DEFAULT NULL,
  `immatriculation` varchar(255) DEFAULT NULL,
  `management_syndicate` varchar(255) DEFAULT NULL,
  PRIMARY KEY (`id`),
  KEY `properties_created_by_id_fk` (`created_by_id`),
  KEY `properties_updated_by_id_fk` (`updated_by_id`),
  CONSTRAINT `properties_created_by_id_fk` FOREIGN KEY (`created_by_id`) REFERENCES `admin_users` (`id`) ON DELETE SET NULL,
  CONSTRAINT `properties_updated_by_id_fk` FOREIGN KEY (`updated_by_id`) REFERENCES `admin_users` (`id`) ON DELETE SET NULL
) ENGINE=InnoDB AUTO_INCREMENT=30 DEFAULT CHARSET=utf8mb3 COLLATE=utf8mb3_general_ci;
/*!40101 SET character_set_client = @saved_cs_client */;

--
-- Dumping data for table `properties`
--

LOCK TABLES `properties` WRITE;
/*!40000 ALTER TABLE `properties` DISABLE KEYS */;
INSERT INTO `properties` VALUES (26,'COPRO 1','Rue de la copro',NULL,'13002','MARSEILLE','2023-03-19',NULL,NULL,NULL,'principal',NULL,NULL,NULL,NULL,NULL,'2024-05-06 15:19:41.001000','2024-06-07 16:12:47.075000',NULL,NULL,NULL,NULL,NULL,NULL,'','professionnelle'),(27,'COPRO 3','Avenue de l\'AG',NULL,'13400','AUBAGNE','2023-03-19',NULL,NULL,NULL,'principal',NULL,NULL,NULL,NULL,NULL,'2024-05-06 15:58:50.906000','2024-06-07 17:02:29.372000',NULL,NULL,NULL,NULL,NULL,NULL,'','professionnelle'),(28,'COPRO 2','Rue du Syndic',NULL,'13600','LA CIOTAT','2023-03-19',NULL,NULL,NULL,'principal',NULL,NULL,NULL,NULL,NULL,'2024-05-09 13:29:09.904000','2024-06-07 17:00:50.421000',NULL,NULL,NULL,NULL,NULL,NULL,'','professionnelle'),(29,'TUNNEL','Avenue des clients',NULL,'13002','MARSEILLE',NULL,NULL,NULL,NULL,'aucun',NULL,NULL,NULL,NULL,NULL,'2024-06-07 16:57:30.084000','2024-06-07 17:19:09.100000',NULL,NULL,NULL,NULL,NULL,NULL,'','aucune');
/*!40000 ALTER TABLE `properties` ENABLE KEYS */;
UNLOCK TABLES;

--
-- Table structure for table `properties_agency_links`
--

DROP TABLE IF EXISTS `properties_agency_links`;
/*!40101 SET @saved_cs_client     = @@character_set_client */;
/*!50503 SET character_set_client = utf8mb4 */;
CREATE TABLE `properties_agency_links` (
  `id` int(10) unsigned NOT NULL AUTO_INCREMENT,
  `property_id` int(10) unsigned DEFAULT NULL,
  `agency_id` int(10) unsigned DEFAULT NULL,
  `property_order` int(10) unsigned DEFAULT NULL,
  PRIMARY KEY (`id`),
  UNIQUE KEY `properties_agency_links_unique` (`property_id`,`agency_id`),
  KEY `properties_agency_links_fk` (`property_id`),
  KEY `properties_agency_links_inv_fk` (`agency_id`),
  KEY `properties_agency_links_order_inv_fk` (`property_order`),
  CONSTRAINT `properties_agency_links_fk` FOREIGN KEY (`property_id`) REFERENCES `properties` (`id`) ON DELETE CASCADE,
  CONSTRAINT `properties_agency_links_inv_fk` FOREIGN KEY (`agency_id`) REFERENCES `agencies` (`id`) ON DELETE CASCADE
) ENGINE=InnoDB AUTO_INCREMENT=101 DEFAULT CHARSET=utf8mb3 COLLATE=utf8mb3_general_ci;
/*!40101 SET character_set_client = @saved_cs_client */;

--
-- Dumping data for table `properties_agency_links`
--

LOCK TABLES `properties_agency_links` WRITE;
/*!40000 ALTER TABLE `properties_agency_links` DISABLE KEYS */;
INSERT INTO `properties_agency_links` VALUES (86,26,35,1),(87,27,35,2),(90,28,35,3),(97,29,36,1);
/*!40000 ALTER TABLE `properties_agency_links` ENABLE KEYS */;
UNLOCK TABLES;

--
-- Table structure for table `properties_fluids_links`
--

DROP TABLE IF EXISTS `properties_fluids_links`;
/*!40101 SET @saved_cs_client     = @@character_set_client */;
/*!50503 SET character_set_client = utf8mb4 */;
CREATE TABLE `properties_fluids_links` (
  `id` int(10) unsigned NOT NULL AUTO_INCREMENT,
  `property_id` int(10) unsigned DEFAULT NULL,
  `fluid_id` int(10) unsigned DEFAULT NULL,
  `fluid_order` int(10) unsigned DEFAULT NULL,
  `property_order` int(10) unsigned DEFAULT NULL,
  PRIMARY KEY (`id`),
  UNIQUE KEY `properties_fluids_links_unique` (`property_id`,`fluid_id`),
  KEY `properties_fluids_links_fk` (`property_id`),
  KEY `properties_fluids_links_inv_fk` (`fluid_id`),
  KEY `properties_fluids_links_order_fk` (`fluid_order`),
  KEY `properties_fluids_links_order_inv_fk` (`property_order`),
  CONSTRAINT `properties_fluids_links_fk` FOREIGN KEY (`property_id`) REFERENCES `properties` (`id`) ON DELETE CASCADE,
  CONSTRAINT `properties_fluids_links_inv_fk` FOREIGN KEY (`fluid_id`) REFERENCES `fluids` (`id`) ON DELETE CASCADE
) ENGINE=InnoDB AUTO_INCREMENT=911 DEFAULT CHARSET=utf8mb3 COLLATE=utf8mb3_general_ci;
/*!40101 SET character_set_client = @saved_cs_client */;

--
-- Dumping data for table `properties_fluids_links`
--

LOCK TABLES `properties_fluids_links` WRITE;
/*!40000 ALTER TABLE `properties_fluids_links` DISABLE KEYS */;
INSERT INTO `properties_fluids_links` VALUES (581,26,9,0,1),(582,26,10,0,1),(583,26,11,0,1),(584,26,12,0,1),(585,26,13,0,1),(586,26,14,0,1),(587,26,15,0,1),(588,26,16,0,1),(589,26,17,0,1),(590,26,18,0,1),(591,26,19,0,1),(592,26,20,0,1),(593,26,21,0,1),(594,26,22,0,1),(595,26,23,0,1),(596,26,24,0,1),(597,26,25,0,1),(598,26,26,0,1),(599,26,27,0,1),(600,26,28,0,1),(601,26,29,0,1),(602,26,30,0,1),(603,27,9,0,2),(604,27,10,0,2),(605,27,11,0,2),(606,27,12,0,2),(607,27,13,0,2),(608,27,14,0,2),(609,27,15,0,2),(610,27,16,0,2),(611,27,17,0,2),(612,27,18,0,2),(613,27,19,0,2),(614,27,20,0,2),(615,27,21,0,2),(616,27,22,0,2),(617,27,23,0,2),(618,27,24,0,2),(619,27,25,0,2),(620,27,26,0,2),(621,27,27,0,2),(622,27,28,0,2),(623,27,29,0,2),(624,27,30,0,2),(669,28,9,0,3),(670,28,10,0,3),(671,28,11,0,3),(672,28,12,0,3),(673,28,13,0,3),(674,28,14,0,3),(675,28,15,0,3),(676,28,16,0,3),(677,28,17,0,3),(678,28,18,0,3),(679,28,19,0,3),(680,28,20,0,3),(681,28,21,0,3),(682,28,22,0,3),(683,28,23,0,3),(684,28,24,0,3),(685,28,25,0,3),(686,28,26,0,3),(687,28,28,0,3),(688,28,27,0,3),(689,28,29,0,3),(690,28,30,0,3),(823,29,9,20,4),(824,29,10,2,4),(825,29,11,6,4),(826,29,12,10,4),(827,29,13,14,4),(828,29,14,18,4),(829,29,15,1,4),(830,29,16,5,4),(831,29,17,9,4),(832,29,18,13,4),(833,29,19,17,4),(834,29,20,22,4),(835,29,21,4,4),(836,29,22,8,4),(837,29,23,12,4),(838,29,24,16,4),(839,29,25,21,4),(840,29,26,3,4),(841,29,27,7,4),(842,29,28,11,4),(843,29,29,15,4),(844,29,30,19,4);
/*!40000 ALTER TABLE `properties_fluids_links` ENABLE KEYS */;
UNLOCK TABLES;

--
-- Table structure for table `properties_gestionnaire_links`
--

DROP TABLE IF EXISTS `properties_gestionnaire_links`;
/*!40101 SET @saved_cs_client     = @@character_set_client */;
/*!50503 SET character_set_client = utf8mb4 */;
CREATE TABLE `properties_gestionnaire_links` (
  `id` int(10) unsigned NOT NULL AUTO_INCREMENT,
  `property_id` int(10) unsigned DEFAULT NULL,
  `user_id` int(10) unsigned DEFAULT NULL,
  `property_order` int(10) unsigned DEFAULT NULL,
  PRIMARY KEY (`id`),
  UNIQUE KEY `properties_gestionnaire_links_unique` (`property_id`,`user_id`),
  KEY `properties_gestionnaire_links_fk` (`property_id`),
  KEY `properties_gestionnaire_links_inv_fk` (`user_id`),
  KEY `properties_gestionnaire_links_order_inv_fk` (`property_order`),
  CONSTRAINT `properties_gestionnaire_links_fk` FOREIGN KEY (`property_id`) REFERENCES `properties` (`id`) ON DELETE CASCADE,
  CONSTRAINT `properties_gestionnaire_links_inv_fk` FOREIGN KEY (`user_id`) REFERENCES `up_users` (`id`) ON DELETE CASCADE
) ENGINE=InnoDB AUTO_INCREMENT=67 DEFAULT CHARSET=utf8mb3 COLLATE=utf8mb3_general_ci;
/*!40101 SET character_set_client = @saved_cs_client */;

--
-- Dumping data for table `properties_gestionnaire_links`
--

LOCK TABLES `properties_gestionnaire_links` WRITE;
/*!40000 ALTER TABLE `properties_gestionnaire_links` DISABLE KEYS */;
INSERT INTO `properties_gestionnaire_links` VALUES (56,26,73,1),(57,27,73,2),(58,28,73,3);
/*!40000 ALTER TABLE `properties_gestionnaire_links` ENABLE KEYS */;
UNLOCK TABLES;

--
-- Table structure for table `properties_nature_of_site_links`
--

DROP TABLE IF EXISTS `properties_nature_of_site_links`;
/*!40101 SET @saved_cs_client     = @@character_set_client */;
/*!50503 SET character_set_client = utf8mb4 */;
CREATE TABLE `properties_nature_of_site_links` (
  `id` int(10) unsigned NOT NULL AUTO_INCREMENT,
  `property_id` int(10) unsigned DEFAULT NULL,
  `nature_of_site_id` int(10) unsigned DEFAULT NULL,
  PRIMARY KEY (`id`),
  UNIQUE KEY `properties_nature_of_site_links_unique` (`property_id`,`nature_of_site_id`),
  KEY `properties_nature_of_site_links_fk` (`property_id`),
  KEY `properties_nature_of_site_links_inv_fk` (`nature_of_site_id`),
  CONSTRAINT `properties_nature_of_site_links_fk` FOREIGN KEY (`property_id`) REFERENCES `properties` (`id`) ON DELETE CASCADE,
  CONSTRAINT `properties_nature_of_site_links_inv_fk` FOREIGN KEY (`nature_of_site_id`) REFERENCES `nature_of_sites` (`id`) ON DELETE CASCADE
) ENGINE=InnoDB AUTO_INCREMENT=94 DEFAULT CHARSET=utf8mb3 COLLATE=utf8mb3_general_ci;
/*!40101 SET character_set_client = @saved_cs_client */;

--
-- Dumping data for table `properties_nature_of_site_links`
--

LOCK TABLES `properties_nature_of_site_links` WRITE;
/*!40000 ALTER TABLE `properties_nature_of_site_links` DISABLE KEYS */;
INSERT INTO `properties_nature_of_site_links` VALUES (79,26,7),(80,27,7),(83,28,7),(90,29,6);
/*!40000 ALTER TABLE `properties_nature_of_site_links` ENABLE KEYS */;
UNLOCK TABLES;

--
-- Table structure for table `properties_stages_links`
--

DROP TABLE IF EXISTS `properties_stages_links`;
/*!40101 SET @saved_cs_client     = @@character_set_client */;
/*!50503 SET character_set_client = utf8mb4 */;
CREATE TABLE `properties_stages_links` (
  `id` int(10) unsigned NOT NULL AUTO_INCREMENT,
  `property_id` int(10) unsigned DEFAULT NULL,
  `stage_id` int(10) unsigned DEFAULT NULL,
  `stage_order` int(10) unsigned DEFAULT NULL,
  PRIMARY KEY (`id`),
  UNIQUE KEY `properties_stages_links_unique` (`property_id`,`stage_id`),
  KEY `properties_stages_links_fk` (`property_id`),
  KEY `properties_stages_links_inv_fk` (`stage_id`),
  KEY `properties_stages_links_order_fk` (`stage_order`),
  CONSTRAINT `properties_stages_links_fk` FOREIGN KEY (`property_id`) REFERENCES `properties` (`id`) ON DELETE CASCADE,
  CONSTRAINT `properties_stages_links_inv_fk` FOREIGN KEY (`stage_id`) REFERENCES `stages` (`id`) ON DELETE CASCADE
) ENGINE=InnoDB AUTO_INCREMENT=476 DEFAULT CHARSET=utf8mb3 COLLATE=utf8mb3_general_ci;
/*!40101 SET character_set_client = @saved_cs_client */;

--
-- Dumping data for table `properties_stages_links`
--

LOCK TABLES `properties_stages_links` WRITE;
/*!40000 ALTER TABLE `properties_stages_links` DISABLE KEYS */;
INSERT INTO `properties_stages_links` VALUES (348,26,9,0),(349,26,10,0),(350,26,11,0),(351,26,12,0),(352,26,13,0),(353,26,14,0),(354,26,15,0),(355,26,16,0),(356,26,17,0),(357,27,9,0),(358,27,10,0),(359,27,11,0),(360,27,12,0),(361,27,13,0),(362,27,14,0),(363,27,15,0),(364,27,16,0),(365,27,17,0),(384,28,9,0),(385,28,10,0),(386,28,11,0),(387,28,12,0),(388,28,13,0),(389,28,14,0),(390,28,15,0),(391,28,16,0),(392,28,17,0),(402,26,8,0),(450,29,11,1),(451,29,12,2),(452,29,10,4),(453,29,32,3);
/*!40000 ALTER TABLE `properties_stages_links` ENABLE KEYS */;
UNLOCK TABLES;

--
-- Table structure for table `properties_type_of_site_links`
--

DROP TABLE IF EXISTS `properties_type_of_site_links`;
/*!40101 SET @saved_cs_client     = @@character_set_client */;
/*!50503 SET character_set_client = utf8mb4 */;
CREATE TABLE `properties_type_of_site_links` (
  `id` int(10) unsigned NOT NULL AUTO_INCREMENT,
  `property_id` int(10) unsigned DEFAULT NULL,
  `type_of_site_id` int(10) unsigned DEFAULT NULL,
  PRIMARY KEY (`id`),
  UNIQUE KEY `properties_type_of_site_links_unique` (`property_id`,`type_of_site_id`),
  KEY `properties_type_of_site_links_fk` (`property_id`),
  KEY `properties_type_of_site_links_inv_fk` (`type_of_site_id`),
  CONSTRAINT `properties_type_of_site_links_fk` FOREIGN KEY (`property_id`) REFERENCES `properties` (`id`) ON DELETE CASCADE,
  CONSTRAINT `properties_type_of_site_links_inv_fk` FOREIGN KEY (`type_of_site_id`) REFERENCES `type_of_sites` (`id`) ON DELETE CASCADE
) ENGINE=InnoDB AUTO_INCREMENT=95 DEFAULT CHARSET=utf8mb3 COLLATE=utf8mb3_general_ci;
/*!40101 SET character_set_client = @saved_cs_client */;

--
-- Dumping data for table `properties_type_of_site_links`
--

LOCK TABLES `properties_type_of_site_links` WRITE;
/*!40000 ALTER TABLE `properties_type_of_site_links` DISABLE KEYS */;
INSERT INTO `properties_type_of_site_links` VALUES (80,26,2),(81,27,2),(84,28,2),(91,29,5);
/*!40000 ALTER TABLE `properties_type_of_site_links` ENABLE KEYS */;
UNLOCK TABLES;

--
-- Table structure for table `properties_users_links`
--

DROP TABLE IF EXISTS `properties_users_links`;
/*!40101 SET @saved_cs_client     = @@character_set_client */;
/*!50503 SET character_set_client = utf8mb4 */;
CREATE TABLE `properties_users_links` (
  `id` int(10) unsigned NOT NULL AUTO_INCREMENT,
  `property_id` int(10) unsigned DEFAULT NULL,
  `user_id` int(10) unsigned DEFAULT NULL,
  `user_order` int(10) unsigned DEFAULT NULL,
  `property_order` int(10) unsigned DEFAULT NULL,
  PRIMARY KEY (`id`),
  UNIQUE KEY `properties_users_links_unique` (`property_id`,`user_id`),
  KEY `properties_users_links_fk` (`property_id`),
  KEY `properties_users_links_inv_fk` (`user_id`),
  KEY `properties_users_links_order_fk` (`user_order`),
  KEY `properties_users_links_order_inv_fk` (`property_order`),
  CONSTRAINT `properties_users_links_fk` FOREIGN KEY (`property_id`) REFERENCES `properties` (`id`) ON DELETE CASCADE,
  CONSTRAINT `properties_users_links_inv_fk` FOREIGN KEY (`user_id`) REFERENCES `up_users` (`id`) ON DELETE CASCADE
) ENGINE=InnoDB AUTO_INCREMENT=67 DEFAULT CHARSET=utf8mb3 COLLATE=utf8mb3_general_ci;
/*!40101 SET character_set_client = @saved_cs_client */;

--
-- Dumping data for table `properties_users_links`
--

LOCK TABLES `properties_users_links` WRITE;
/*!40000 ALTER TABLE `properties_users_links` DISABLE KEYS */;
INSERT INTO `properties_users_links` VALUES (25,26,73,1,0),(27,26,74,2,0),(28,27,73,1,0),(30,27,74,2,0),(34,26,76,3,0),(35,27,76,3,0),(38,28,74,1,0),(47,28,73,2,0);
/*!40000 ALTER TABLE `properties_users_links` ENABLE KEYS */;
UNLOCK TABLES;

--
-- Table structure for table `qr_codes`
--

DROP TABLE IF EXISTS `qr_codes`;
/*!40101 SET @saved_cs_client     = @@character_set_client */;
/*!50503 SET character_set_client = utf8mb4 */;
CREATE TABLE `qr_codes` (
  `id` int(10) unsigned NOT NULL AUTO_INCREMENT,
  `adresse` varchar(255) DEFAULT NULL,
  `zip_code` varchar(255) DEFAULT NULL,
  `city` varchar(255) DEFAULT NULL,
  `location` varchar(255) DEFAULT NULL,
  `created_at` datetime(6) DEFAULT NULL,
  `updated_at` datetime(6) DEFAULT NULL,
  `created_by_id` int(10) unsigned DEFAULT NULL,
  `updated_by_id` int(10) unsigned DEFAULT NULL,
  PRIMARY KEY (`id`),
  KEY `qr_codes_created_by_id_fk` (`created_by_id`),
  KEY `qr_codes_updated_by_id_fk` (`updated_by_id`),
  CONSTRAINT `qr_codes_created_by_id_fk` FOREIGN KEY (`created_by_id`) REFERENCES `admin_users` (`id`) ON DELETE SET NULL,
  CONSTRAINT `qr_codes_updated_by_id_fk` FOREIGN KEY (`updated_by_id`) REFERENCES `admin_users` (`id`) ON DELETE SET NULL
) ENGINE=InnoDB AUTO_INCREMENT=175 DEFAULT CHARSET=utf8mb3 COLLATE=utf8mb3_general_ci;
/*!40101 SET character_set_client = @saved_cs_client */;

--
-- Dumping data for table `qr_codes`
--

LOCK TABLES `qr_codes` WRITE;
/*!40000 ALTER TABLE `qr_codes` DISABLE KEYS */;
INSERT INTO `qr_codes` VALUES (156,'Rue de la copro','13002','MARSEILLE','empty','2024-06-07 16:40:14.001000','2024-06-07 16:40:14.001000',NULL,NULL),(157,'Rue de la copro','13002','MARSEILLE','empty','2024-06-07 16:40:27.337000','2024-06-07 16:40:27.337000',NULL,NULL),(158,'Rue de la copro','13002','MARSEILLE','empty','2024-06-07 16:40:44.567000','2024-06-07 16:40:44.567000',NULL,NULL),(159,'Rue de la copro','13002','MARSEILLE','empty','2024-06-07 16:40:57.823000','2024-06-07 16:40:57.823000',NULL,NULL),(160,'Rue du Syndic','13600','LA CIOTAT','empty','2024-06-07 16:41:22.586000','2024-06-07 16:41:22.586000',NULL,NULL),(161,'Rue du Syndic','13600','LA CIOTAT','empty','2024-06-07 16:41:46.282000','2024-06-07 16:41:46.282000',NULL,NULL),(162,'Rue du Syndic','13600','LA CIOTAT','empty','2024-06-07 16:41:57.788000','2024-06-07 16:41:57.788000',NULL,NULL),(163,'Rue du Syndic','13600','LA CIOTAT','empty','2024-06-07 16:42:15.691000','2024-06-07 16:42:15.691000',NULL,NULL),(164,'Rue du Syndic','13600','LA CIOTAT','empty','2024-06-07 16:42:29.694000','2024-06-07 16:42:29.694000',NULL,NULL),(165,'Avenue de l\'AG','13400','AUBAGNE','empty','2024-06-07 16:43:19.377000','2024-06-07 16:43:19.377000',NULL,NULL),(166,'Avenue de l\'AG','13400','AUBAGNE','empty','2024-06-07 16:43:34.971000','2024-06-07 16:43:34.971000',NULL,NULL),(167,'Avenue de l\'AG','13400','AUBAGNE','empty','2024-06-07 16:43:58.029000','2024-06-07 16:43:58.029000',NULL,NULL),(168,'Avenue de l\'AG','13400','AUBAGNE','empty','2024-06-07 16:44:13.271000','2024-06-07 16:44:13.271000',NULL,NULL),(169,'Avenue de l\'AG','13400','AUBAGNE','empty','2024-06-07 16:44:33.540000','2024-06-07 16:44:33.540000',NULL,NULL),(170,'Avenue de l\'AG','13400','AUBAGNE','empty','2024-06-07 16:44:49.231000','2024-06-07 16:44:49.231000',NULL,NULL),(171,'Avenue des clients','13002','MARSEILLE','BNI','2024-06-07 17:19:44.956000','2024-06-07 17:19:44.956000',NULL,NULL),(173,'Avenue des clients','13002','MARSEILLE','Proches','2024-06-10 12:07:16.051000','2024-06-10 12:07:16.051000',NULL,NULL),(174,'Avenue des clients','13002','MARSEILLE','Test de scan','2024-06-13 12:03:18.959000','2024-06-13 12:03:18.959000',NULL,NULL);
/*!40000 ALTER TABLE `qr_codes` ENABLE KEYS */;
UNLOCK TABLES;

--
-- Table structure for table `qr_codes_agency_links`
--

DROP TABLE IF EXISTS `qr_codes_agency_links`;
/*!40101 SET @saved_cs_client     = @@character_set_client */;
/*!50503 SET character_set_client = utf8mb4 */;
CREATE TABLE `qr_codes_agency_links` (
  `id` int(10) unsigned NOT NULL AUTO_INCREMENT,
  `qr_code_id` int(10) unsigned DEFAULT NULL,
  `agency_id` int(10) unsigned DEFAULT NULL,
  PRIMARY KEY (`id`),
  UNIQUE KEY `qr_codes_agency_links_unique` (`qr_code_id`,`agency_id`),
  KEY `qr_codes_agency_links_fk` (`qr_code_id`),
  KEY `qr_codes_agency_links_inv_fk` (`agency_id`),
  CONSTRAINT `qr_codes_agency_links_fk` FOREIGN KEY (`qr_code_id`) REFERENCES `qr_codes` (`id`) ON DELETE CASCADE,
  CONSTRAINT `qr_codes_agency_links_inv_fk` FOREIGN KEY (`agency_id`) REFERENCES `agencies` (`id`) ON DELETE CASCADE
) ENGINE=InnoDB AUTO_INCREMENT=175 DEFAULT CHARSET=utf8mb3 COLLATE=utf8mb3_general_ci;
/*!40101 SET character_set_client = @saved_cs_client */;

--
-- Dumping data for table `qr_codes_agency_links`
--

LOCK TABLES `qr_codes_agency_links` WRITE;
/*!40000 ALTER TABLE `qr_codes_agency_links` DISABLE KEYS */;
INSERT INTO `qr_codes_agency_links` VALUES (156,156,35),(157,157,35),(158,158,35),(159,159,35),(160,160,35),(161,161,35),(162,162,35),(163,163,35),(164,164,35),(165,165,35),(166,166,35),(167,167,35),(168,168,35),(169,169,35),(170,170,35),(171,171,36),(173,173,36),(174,174,36);
/*!40000 ALTER TABLE `qr_codes_agency_links` ENABLE KEYS */;
UNLOCK TABLES;

--
-- Table structure for table `qr_codes_individual_links`
--

DROP TABLE IF EXISTS `qr_codes_individual_links`;
/*!40101 SET @saved_cs_client     = @@character_set_client */;
/*!50503 SET character_set_client = utf8mb4 */;
CREATE TABLE `qr_codes_individual_links` (
  `id` int(10) unsigned NOT NULL AUTO_INCREMENT,
  `qr_code_id` int(10) unsigned DEFAULT NULL,
  `individual_id` int(10) unsigned DEFAULT NULL,
  PRIMARY KEY (`id`),
  UNIQUE KEY `qr_codes_individual_links_unique` (`qr_code_id`,`individual_id`),
  KEY `qr_codes_individual_links_fk` (`qr_code_id`),
  KEY `qr_codes_individual_links_inv_fk` (`individual_id`),
  CONSTRAINT `qr_codes_individual_links_fk` FOREIGN KEY (`qr_code_id`) REFERENCES `qr_codes` (`id`) ON DELETE CASCADE,
  CONSTRAINT `qr_codes_individual_links_inv_fk` FOREIGN KEY (`individual_id`) REFERENCES `individuals` (`id`) ON DELETE CASCADE
) ENGINE=InnoDB AUTO_INCREMENT=23 DEFAULT CHARSET=utf8mb3 COLLATE=utf8mb3_general_ci;
/*!40101 SET character_set_client = @saved_cs_client */;

--
-- Dumping data for table `qr_codes_individual_links`
--

LOCK TABLES `qr_codes_individual_links` WRITE;
/*!40000 ALTER TABLE `qr_codes_individual_links` DISABLE KEYS */;
/*!40000 ALTER TABLE `qr_codes_individual_links` ENABLE KEYS */;
UNLOCK TABLES;

--
-- Table structure for table `qr_codes_property_links`
--

DROP TABLE IF EXISTS `qr_codes_property_links`;
/*!40101 SET @saved_cs_client     = @@character_set_client */;
/*!50503 SET character_set_client = utf8mb4 */;
CREATE TABLE `qr_codes_property_links` (
  `id` int(10) unsigned NOT NULL AUTO_INCREMENT,
  `qr_code_id` int(10) unsigned DEFAULT NULL,
  `property_id` int(10) unsigned DEFAULT NULL,
  PRIMARY KEY (`id`),
  UNIQUE KEY `qr_codes_property_links_unique` (`qr_code_id`,`property_id`),
  KEY `qr_codes_property_links_fk` (`qr_code_id`),
  KEY `qr_codes_property_links_inv_fk` (`property_id`),
  CONSTRAINT `qr_codes_property_links_fk` FOREIGN KEY (`qr_code_id`) REFERENCES `qr_codes` (`id`) ON DELETE CASCADE,
  CONSTRAINT `qr_codes_property_links_inv_fk` FOREIGN KEY (`property_id`) REFERENCES `properties` (`id`) ON DELETE CASCADE
) ENGINE=InnoDB AUTO_INCREMENT=175 DEFAULT CHARSET=utf8mb3 COLLATE=utf8mb3_general_ci;
/*!40101 SET character_set_client = @saved_cs_client */;

--
-- Dumping data for table `qr_codes_property_links`
--

LOCK TABLES `qr_codes_property_links` WRITE;
/*!40000 ALTER TABLE `qr_codes_property_links` DISABLE KEYS */;
INSERT INTO `qr_codes_property_links` VALUES (156,156,26),(157,157,26),(158,158,26),(159,159,26),(160,160,28),(161,161,28),(162,162,28),(163,163,28),(164,164,28),(165,165,27),(166,166,27),(167,167,27),(168,168,27),(169,169,27),(170,170,27),(171,171,29),(173,173,29),(174,174,29);
/*!40000 ALTER TABLE `qr_codes_property_links` ENABLE KEYS */;
UNLOCK TABLES;

--
-- Table structure for table `qr_codes_stage_links`
--

DROP TABLE IF EXISTS `qr_codes_stage_links`;
/*!40101 SET @saved_cs_client     = @@character_set_client */;
/*!50503 SET character_set_client = utf8mb4 */;
CREATE TABLE `qr_codes_stage_links` (
  `id` int(10) unsigned NOT NULL AUTO_INCREMENT,
  `qr_code_id` int(10) unsigned DEFAULT NULL,
  `stage_id` int(10) unsigned DEFAULT NULL,
  PRIMARY KEY (`id`),
  UNIQUE KEY `qr_codes_stage_links_unique` (`qr_code_id`,`stage_id`),
  KEY `qr_codes_stage_links_fk` (`qr_code_id`),
  KEY `qr_codes_stage_links_inv_fk` (`stage_id`),
  CONSTRAINT `qr_codes_stage_links_fk` FOREIGN KEY (`qr_code_id`) REFERENCES `qr_codes` (`id`) ON DELETE CASCADE,
  CONSTRAINT `qr_codes_stage_links_inv_fk` FOREIGN KEY (`stage_id`) REFERENCES `stages` (`id`) ON DELETE CASCADE
) ENGINE=InnoDB AUTO_INCREMENT=175 DEFAULT CHARSET=utf8mb3 COLLATE=utf8mb3_general_ci;
/*!40101 SET character_set_client = @saved_cs_client */;

--
-- Dumping data for table `qr_codes_stage_links`
--

LOCK TABLES `qr_codes_stage_links` WRITE;
/*!40000 ALTER TABLE `qr_codes_stage_links` DISABLE KEYS */;
INSERT INTO `qr_codes_stage_links` VALUES (156,156,11),(157,157,12),(158,158,13),(159,159,14),(160,160,9),(161,161,10),(162,162,11),(163,163,12),(164,164,13),(165,165,10),(166,166,11),(167,167,12),(168,168,13),(169,169,13),(170,170,14),(171,171,11),(173,173,32),(174,174,32);
/*!40000 ALTER TABLE `qr_codes_stage_links` ENABLE KEYS */;
UNLOCK TABLES;

--
-- Table structure for table `qr_codes_tier_links`
--

DROP TABLE IF EXISTS `qr_codes_tier_links`;
/*!40101 SET @saved_cs_client     = @@character_set_client */;
/*!50503 SET character_set_client = utf8mb4 */;
CREATE TABLE `qr_codes_tier_links` (
  `id` int(10) unsigned NOT NULL AUTO_INCREMENT,
  `qr_code_id` int(10) unsigned DEFAULT NULL,
  `tier_id` int(10) unsigned DEFAULT NULL,
  PRIMARY KEY (`id`),
  UNIQUE KEY `qr_codes_tier_links_unique` (`qr_code_id`,`tier_id`),
  KEY `qr_codes_tier_links_fk` (`qr_code_id`),
  KEY `qr_codes_tier_links_inv_fk` (`tier_id`),
  CONSTRAINT `qr_codes_tier_links_fk` FOREIGN KEY (`qr_code_id`) REFERENCES `qr_codes` (`id`) ON DELETE CASCADE,
  CONSTRAINT `qr_codes_tier_links_inv_fk` FOREIGN KEY (`tier_id`) REFERENCES `tiers` (`id`) ON DELETE CASCADE
) ENGINE=InnoDB AUTO_INCREMENT=9 DEFAULT CHARSET=utf8mb3 COLLATE=utf8mb3_general_ci;
/*!40101 SET character_set_client = @saved_cs_client */;

--
-- Dumping data for table `qr_codes_tier_links`
--

LOCK TABLES `qr_codes_tier_links` WRITE;
/*!40000 ALTER TABLE `qr_codes_tier_links` DISABLE KEYS */;
/*!40000 ALTER TABLE `qr_codes_tier_links` ENABLE KEYS */;
UNLOCK TABLES;

--
-- Table structure for table `relance_tickets`
--

DROP TABLE IF EXISTS `relance_tickets`;
/*!40101 SET @saved_cs_client     = @@character_set_client */;
/*!50503 SET character_set_client = utf8mb4 */;
CREATE TABLE `relance_tickets` (
  `id` int(10) unsigned NOT NULL AUTO_INCREMENT,
  `date` datetime(6) DEFAULT NULL,
  `created_at` datetime(6) DEFAULT NULL,
  `updated_at` datetime(6) DEFAULT NULL,
  `created_by_id` int(10) unsigned DEFAULT NULL,
  `updated_by_id` int(10) unsigned DEFAULT NULL,
  `test` varchar(255) DEFAULT NULL,
  PRIMARY KEY (`id`),
  KEY `relance_tickets_created_by_id_fk` (`created_by_id`),
  KEY `relance_tickets_updated_by_id_fk` (`updated_by_id`),
  CONSTRAINT `relance_tickets_created_by_id_fk` FOREIGN KEY (`created_by_id`) REFERENCES `admin_users` (`id`) ON DELETE SET NULL,
  CONSTRAINT `relance_tickets_updated_by_id_fk` FOREIGN KEY (`updated_by_id`) REFERENCES `admin_users` (`id`) ON DELETE SET NULL
) ENGINE=InnoDB AUTO_INCREMENT=271 DEFAULT CHARSET=utf8mb3 COLLATE=utf8mb3_general_ci;
/*!40101 SET character_set_client = @saved_cs_client */;

--
-- Dumping data for table `relance_tickets`
--

LOCK TABLES `relance_tickets` WRITE;
/*!40000 ALTER TABLE `relance_tickets` DISABLE KEYS */;
INSERT INTO `relance_tickets` VALUES (178,'2024-05-10 08:17:18.629000','2024-05-10 08:17:18.998000','2024-05-10 08:17:18.998000',NULL,NULL,NULL),(179,'2024-05-10 08:24:15.059000','2024-05-10 08:24:15.404000','2024-05-10 08:24:15.404000',NULL,NULL,NULL),(180,'2024-05-10 12:34:31.792000','2024-05-10 12:34:31.779000','2024-05-10 12:34:31.779000',NULL,NULL,NULL),(181,'2024-05-10 12:34:50.169000','2024-05-10 12:34:50.309000','2024-05-10 12:34:50.309000',NULL,NULL,NULL),(182,'2024-05-11 08:00:00.108000','2024-05-11 08:00:00.114000','2024-05-11 08:00:00.114000',NULL,NULL,NULL),(183,'2024-05-12 08:00:00.111000','2024-05-12 08:00:00.117000','2024-05-12 08:00:00.117000',NULL,NULL,NULL),(184,'2024-05-13 08:00:00.021000','2024-05-13 08:00:00.024000','2024-05-13 08:00:00.024000',NULL,NULL,NULL),(185,'2024-05-14 08:00:00.056000','2024-05-14 08:00:00.097000','2024-05-14 08:00:00.097000',NULL,NULL,NULL),(186,'2024-05-15 08:00:00.021000','2024-05-15 08:00:00.024000','2024-05-15 08:00:00.024000',NULL,NULL,NULL),(187,'2024-05-16 08:00:00.028000','2024-05-16 08:00:00.031000','2024-05-16 08:00:00.031000',NULL,NULL,NULL),(188,'2024-05-16 08:00:00.096000','2024-05-16 08:00:00.100000','2024-05-16 08:00:00.100000',NULL,NULL,NULL),(189,'2024-05-17 08:00:00.020000','2024-05-17 08:00:00.027000','2024-05-17 08:00:00.027000',NULL,NULL,NULL),(190,'2024-05-17 08:00:00.115000','2024-05-17 08:00:00.121000','2024-05-17 08:00:00.121000',NULL,NULL,NULL),(191,'2024-05-18 08:00:00.027000','2024-05-18 08:00:00.034000','2024-05-18 08:00:00.034000',NULL,NULL,NULL),(192,'2024-05-18 08:00:00.158000','2024-05-18 08:00:00.162000','2024-05-18 08:00:00.162000',NULL,NULL,NULL),(193,'2024-05-18 08:00:00.221000','2024-05-18 08:00:00.224000','2024-05-18 08:00:00.224000',NULL,NULL,NULL),(194,'2024-05-19 08:00:00.020000','2024-05-19 08:00:00.024000','2024-05-19 08:00:00.024000',NULL,NULL,NULL),(195,'2024-05-19 08:00:00.096000','2024-05-19 08:00:00.099000','2024-05-19 08:00:00.099000',NULL,NULL,NULL),(196,'2024-05-19 08:00:00.145000','2024-05-19 08:00:00.148000','2024-05-19 08:00:00.148000',NULL,NULL,NULL),(197,'2024-05-20 08:00:00.025000','2024-05-20 08:00:00.028000','2024-05-20 08:00:00.028000',NULL,NULL,NULL),(198,'2024-05-20 08:00:00.076000','2024-05-20 08:00:00.079000','2024-05-20 08:00:00.079000',NULL,NULL,NULL),(199,'2024-05-20 08:00:00.132000','2024-05-20 08:00:00.135000','2024-05-20 08:00:00.135000',NULL,NULL,NULL),(200,'2024-05-21 08:00:00.026000','2024-05-21 08:00:00.029000','2024-05-21 08:00:00.029000',NULL,NULL,NULL),(201,'2024-05-21 08:00:00.078000','2024-05-21 08:00:00.082000','2024-05-21 08:00:00.082000',NULL,NULL,NULL),(202,'2024-05-21 08:00:00.174000','2024-05-21 08:00:00.178000','2024-05-21 08:00:00.178000',NULL,NULL,NULL),(203,'2024-05-21 08:00:00.260000','2024-05-21 08:00:00.265000','2024-05-21 08:00:00.265000',NULL,NULL,NULL),(204,'2024-05-22 08:00:00.026000','2024-05-22 08:00:00.030000','2024-05-22 08:00:00.030000',NULL,NULL,NULL),(205,'2024-05-22 08:00:00.121000','2024-05-22 08:00:00.126000','2024-05-22 08:00:00.126000',NULL,NULL,NULL),(206,'2024-05-22 08:00:00.192000','2024-05-22 08:00:00.197000','2024-05-22 08:00:00.197000',NULL,NULL,NULL),(207,'2024-05-22 08:02:42.959000','2024-05-22 08:02:42.234000','2024-05-22 08:02:42.234000',NULL,NULL,NULL),(208,'2024-05-23 08:00:00.026000','2024-05-23 08:00:00.034000','2024-05-23 08:00:00.034000',NULL,NULL,NULL),(209,'2024-05-23 08:00:00.102000','2024-05-23 08:00:00.107000','2024-05-23 08:00:00.107000',NULL,NULL,NULL),(210,'2024-05-23 08:00:00.188000','2024-05-23 08:00:00.194000','2024-05-23 08:00:00.194000',NULL,NULL,NULL),(211,'2024-05-23 08:00:00.262000','2024-05-23 08:00:00.266000','2024-05-23 08:00:00.266000',NULL,NULL,NULL),(212,'2024-05-24 08:00:00.021000','2024-05-24 08:00:00.025000','2024-05-24 08:00:00.025000',NULL,NULL,NULL),(213,'2024-05-24 08:00:00.100000','2024-05-24 08:00:00.104000','2024-05-24 08:00:00.104000',NULL,NULL,NULL),(214,'2024-05-24 08:00:00.174000','2024-05-24 08:00:00.179000','2024-05-24 08:00:00.179000',NULL,NULL,NULL),(215,'2024-05-25 08:00:00.032000','2024-05-25 08:00:00.037000','2024-05-25 08:00:00.037000',NULL,NULL,NULL),(216,'2024-05-25 08:00:00.119000','2024-05-25 08:00:00.124000','2024-05-25 08:00:00.124000',NULL,NULL,NULL),(217,'2024-05-25 08:00:00.223000','2024-05-25 08:00:00.228000','2024-05-25 08:00:00.228000',NULL,NULL,NULL),(218,'2024-05-25 08:00:00.311000','2024-05-25 08:00:00.315000','2024-05-25 08:00:00.315000',NULL,NULL,NULL),(219,'2024-05-26 08:00:00.028000','2024-05-26 08:00:00.031000','2024-05-26 08:00:00.031000',NULL,NULL,NULL),(220,'2024-05-26 08:00:00.087000','2024-05-26 08:00:00.093000','2024-05-26 08:00:00.093000',NULL,NULL,NULL),(221,'2024-05-26 08:00:00.164000','2024-05-26 08:00:00.168000','2024-05-26 08:00:00.168000',NULL,NULL,NULL),(222,'2024-05-27 08:00:00.024000','2024-05-27 08:00:00.027000','2024-05-27 08:00:00.027000',NULL,NULL,NULL),(223,'2024-05-27 08:00:00.090000','2024-05-27 08:00:00.093000','2024-05-27 08:00:00.093000',NULL,NULL,NULL),(224,'2024-05-27 08:00:00.177000','2024-05-27 08:00:00.182000','2024-05-27 08:00:00.182000',NULL,NULL,NULL),(225,'2024-05-27 08:00:00.250000','2024-05-27 08:00:00.255000','2024-05-27 08:00:00.255000',NULL,NULL,NULL),(226,'2024-05-28 08:00:00.038000','2024-05-28 08:00:00.041000','2024-05-28 08:00:00.041000',NULL,NULL,NULL),(227,'2024-05-28 08:00:00.113000','2024-05-28 08:00:00.117000','2024-05-28 08:00:00.117000',NULL,NULL,NULL),(228,'2024-05-28 08:00:00.186000','2024-05-28 08:00:00.193000','2024-05-28 08:00:00.193000',NULL,NULL,NULL),(229,'2024-05-29 08:00:00.034000','2024-05-29 08:00:00.044000','2024-05-29 08:00:00.044000',NULL,NULL,NULL),(230,'2024-05-29 08:00:00.157000','2024-05-29 08:00:00.163000','2024-05-29 08:00:00.163000',NULL,NULL,NULL),(231,'2024-05-29 08:00:00.258000','2024-05-29 08:00:00.268000','2024-05-29 08:00:00.268000',NULL,NULL,NULL),(232,'2024-05-29 08:00:00.366000','2024-05-29 08:00:00.370000','2024-05-29 08:00:00.370000',NULL,NULL,NULL),(233,'2024-05-29 08:00:00.434000','2024-05-29 08:00:00.442000','2024-05-29 08:00:00.442000',NULL,NULL,NULL),(234,'2024-05-30 08:00:00.037000','2024-05-30 08:00:00.042000','2024-05-30 08:00:00.042000',NULL,NULL,NULL),(235,'2024-05-30 08:00:00.113000','2024-05-30 08:00:00.124000','2024-05-30 08:00:00.124000',NULL,NULL,NULL),(236,'2024-05-30 08:00:00.215000','2024-05-30 08:00:00.221000','2024-05-30 08:00:00.221000',NULL,NULL,NULL),(237,'2024-05-31 08:00:00.036000','2024-05-31 08:00:00.041000','2024-05-31 08:00:00.041000',NULL,NULL,NULL),(238,'2024-05-31 08:00:00.090000','2024-05-31 08:00:00.094000','2024-05-31 08:00:00.094000',NULL,NULL,NULL),(239,'2024-05-31 08:00:00.165000','2024-05-31 08:00:00.170000','2024-05-31 08:00:00.170000',NULL,NULL,NULL),(240,'2024-05-31 08:00:00.248000','2024-05-31 08:00:00.253000','2024-05-31 08:00:00.253000',NULL,NULL,NULL),(241,'2024-05-31 08:00:00.322000','2024-05-31 08:00:00.326000','2024-05-31 08:00:00.326000',NULL,NULL,NULL),(242,'2024-06-01 08:00:00.036000','2024-06-01 08:00:00.040000','2024-06-01 08:00:00.040000',NULL,NULL,NULL),(243,'2024-06-01 08:00:00.124000','2024-06-01 08:00:00.129000','2024-06-01 08:00:00.129000',NULL,NULL,NULL),(244,'2024-06-01 08:00:00.211000','2024-06-01 08:00:00.216000','2024-06-01 08:00:00.216000',NULL,NULL,NULL),(245,'2024-06-02 08:00:00.021000','2024-06-02 08:00:00.024000','2024-06-02 08:00:00.024000',NULL,NULL,NULL),(246,'2024-06-02 08:00:00.067000','2024-06-02 08:00:00.070000','2024-06-02 08:00:00.070000',NULL,NULL,NULL),(247,'2024-06-02 08:00:00.134000','2024-06-02 08:00:00.138000','2024-06-02 08:00:00.138000',NULL,NULL,NULL),(248,'2024-06-02 08:00:00.241000','2024-06-02 08:00:00.255000','2024-06-02 08:00:00.255000',NULL,NULL,NULL),(249,'2024-06-02 08:00:00.347000','2024-06-02 08:00:00.352000','2024-06-02 08:00:00.352000',NULL,NULL,NULL),(250,'2024-06-03 08:00:00.037000','2024-06-03 08:00:00.042000','2024-06-03 08:00:00.042000',NULL,NULL,NULL),(251,'2024-06-03 08:00:00.135000','2024-06-03 08:00:00.140000','2024-06-03 08:00:00.140000',NULL,NULL,NULL),(252,'2024-06-03 08:00:00.232000','2024-06-03 08:00:00.250000','2024-06-03 08:00:00.250000',NULL,NULL,NULL),(253,'2024-06-04 08:00:00.025000','2024-06-04 08:00:00.031000','2024-06-04 08:00:00.031000',NULL,NULL,NULL),(254,'2024-06-04 08:00:00.130000','2024-06-04 08:00:00.135000','2024-06-04 08:00:00.135000',NULL,NULL,NULL),(255,'2024-06-04 08:00:00.388000','2024-06-04 08:00:00.393000','2024-06-04 08:00:00.393000',NULL,NULL,NULL),(256,'2024-06-04 08:00:00.524000','2024-06-04 08:00:00.528000','2024-06-04 08:00:00.528000',NULL,NULL,NULL),(257,'2024-06-04 08:00:00.588000','2024-06-04 08:00:00.593000','2024-06-04 08:00:00.593000',NULL,NULL,NULL),(258,'2024-06-05 08:00:00.041000','2024-06-05 08:00:00.052000','2024-06-05 08:00:00.052000',NULL,NULL,NULL),(259,'2024-06-05 08:00:00.164000','2024-06-05 08:00:00.173000','2024-06-05 08:00:00.173000',NULL,NULL,NULL),(260,'2024-06-05 08:00:00.283000','2024-06-05 08:00:00.291000','2024-06-05 08:00:00.291000',NULL,NULL,NULL),(261,'2024-06-06 08:00:00.036000','2024-06-06 08:00:00.042000','2024-06-06 08:00:00.042000',NULL,NULL,NULL),(262,'2024-06-06 08:00:00.159000','2024-06-06 08:00:00.163000','2024-06-06 08:00:00.163000',NULL,NULL,NULL),(263,'2024-06-06 08:00:00.238000','2024-06-06 08:00:00.252000','2024-06-06 08:00:00.252000',NULL,NULL,NULL),(264,'2024-06-06 08:00:00.369000','2024-06-06 08:00:00.375000','2024-06-06 08:00:00.375000',NULL,NULL,NULL),(265,'2024-06-06 08:00:00.440000','2024-06-06 08:00:00.465000','2024-06-06 08:00:00.465000',NULL,NULL,NULL),(266,'2024-06-21 08:00:00.022000','2024-06-21 08:00:00.025000','2024-06-21 08:00:00.025000',NULL,NULL,NULL),(267,'2024-06-22 08:00:00.021000','2024-06-22 08:00:00.024000','2024-06-22 08:00:00.024000',NULL,NULL,NULL),(268,'2024-06-23 08:00:00.023000','2024-06-23 08:00:00.026000','2024-06-23 08:00:00.026000',NULL,NULL,NULL),(269,'2024-06-24 08:00:00.019000','2024-06-24 08:00:00.021000','2024-06-24 08:00:00.021000',NULL,NULL,NULL),(270,'2024-06-25 08:00:00.014000','2024-06-25 08:00:00.017000','2024-06-25 08:00:00.017000',NULL,NULL,NULL);
/*!40000 ALTER TABLE `relance_tickets` ENABLE KEYS */;
UNLOCK TABLES;

--
-- Table structure for table `relance_tickets_ticket_links`
--

DROP TABLE IF EXISTS `relance_tickets_ticket_links`;
/*!40101 SET @saved_cs_client     = @@character_set_client */;
/*!50503 SET character_set_client = utf8mb4 */;
CREATE TABLE `relance_tickets_ticket_links` (
  `id` int(10) unsigned NOT NULL AUTO_INCREMENT,
  `relance_ticket_id` int(10) unsigned DEFAULT NULL,
  `ticket_id` int(10) unsigned DEFAULT NULL,
  `relance_ticket_order` int(10) unsigned DEFAULT NULL,
  PRIMARY KEY (`id`),
  UNIQUE KEY `relance_tickets_ticket_links_unique` (`relance_ticket_id`,`ticket_id`),
  KEY `relance_tickets_ticket_links_fk` (`relance_ticket_id`),
  KEY `relance_tickets_ticket_links_inv_fk` (`ticket_id`),
  KEY `relance_tickets_ticket_links_order_inv_fk` (`relance_ticket_order`),
  CONSTRAINT `relance_tickets_ticket_links_fk` FOREIGN KEY (`relance_ticket_id`) REFERENCES `relance_tickets` (`id`) ON DELETE CASCADE,
  CONSTRAINT `relance_tickets_ticket_links_inv_fk` FOREIGN KEY (`ticket_id`) REFERENCES `tickets` (`id`) ON DELETE CASCADE
) ENGINE=InnoDB AUTO_INCREMENT=271 DEFAULT CHARSET=utf8mb3 COLLATE=utf8mb3_general_ci;
/*!40101 SET character_set_client = @saved_cs_client */;

--
-- Dumping data for table `relance_tickets_ticket_links`
--

LOCK TABLES `relance_tickets_ticket_links` WRITE;
/*!40000 ALTER TABLE `relance_tickets_ticket_links` DISABLE KEYS */;
INSERT INTO `relance_tickets_ticket_links` VALUES (266,266,224,1),(267,267,223,1),(268,268,223,2),(269,269,223,3),(270,270,223,4);
/*!40000 ALTER TABLE `relance_tickets_ticket_links` ENABLE KEYS */;
UNLOCK TABLES;

--
-- Table structure for table `services`
--

DROP TABLE IF EXISTS `services`;
/*!40101 SET @saved_cs_client     = @@character_set_client */;
/*!50503 SET character_set_client = utf8mb4 */;
CREATE TABLE `services` (
  `id` int(10) unsigned NOT NULL AUTO_INCREMENT,
  `title` varchar(255) DEFAULT NULL,
  `created_at` datetime(6) DEFAULT NULL,
  `updated_at` datetime(6) DEFAULT NULL,
  `published_at` datetime(6) DEFAULT NULL,
  `created_by_id` int(10) unsigned DEFAULT NULL,
  `updated_by_id` int(10) unsigned DEFAULT NULL,
  PRIMARY KEY (`id`),
  KEY `services_created_by_id_fk` (`created_by_id`),
  KEY `services_updated_by_id_fk` (`updated_by_id`),
  CONSTRAINT `services_created_by_id_fk` FOREIGN KEY (`created_by_id`) REFERENCES `admin_users` (`id`) ON DELETE SET NULL,
  CONSTRAINT `services_updated_by_id_fk` FOREIGN KEY (`updated_by_id`) REFERENCES `admin_users` (`id`) ON DELETE SET NULL
) ENGINE=InnoDB AUTO_INCREMENT=12 DEFAULT CHARSET=utf8mb3 COLLATE=utf8mb3_general_ci;
/*!40101 SET character_set_client = @saved_cs_client */;

--
-- Dumping data for table `services`
--

LOCK TABLES `services` WRITE;
/*!40000 ALTER TABLE `services` DISABLE KEYS */;
INSERT INTO `services` VALUES (9,'Comptabilité','2023-10-17 08:12:39.867000','2023-11-09 15:52:28.476000','2023-11-09 15:52:28.472000',2,2),(10,'Gestion','2023-10-17 08:12:53.193000','2023-11-09 15:53:18.364000','2023-11-09 15:53:18.351000',2,2),(11,'Administratif','2023-10-17 08:13:12.190000','2023-11-09 15:53:58.467000','2023-11-09 15:53:58.460000',2,2);
/*!40000 ALTER TABLE `services` ENABLE KEYS */;
UNLOCK TABLES;

--
-- Table structure for table `settings`
--

DROP TABLE IF EXISTS `settings`;
/*!40101 SET @saved_cs_client     = @@character_set_client */;
/*!50503 SET character_set_client = utf8mb4 */;
CREATE TABLE `settings` (
  `id` int(10) unsigned NOT NULL AUTO_INCREMENT,
  `name` varchar(255) DEFAULT NULL,
  `hour` int(11) DEFAULT NULL,
  `created_at` datetime(6) DEFAULT NULL,
  `updated_at` datetime(6) DEFAULT NULL,
  `published_at` datetime(6) DEFAULT NULL,
  `created_by_id` int(10) unsigned DEFAULT NULL,
  `updated_by_id` int(10) unsigned DEFAULT NULL,
  PRIMARY KEY (`id`),
  KEY `settings_created_by_id_fk` (`created_by_id`),
  KEY `settings_updated_by_id_fk` (`updated_by_id`),
  CONSTRAINT `settings_created_by_id_fk` FOREIGN KEY (`created_by_id`) REFERENCES `admin_users` (`id`) ON DELETE SET NULL,
  CONSTRAINT `settings_updated_by_id_fk` FOREIGN KEY (`updated_by_id`) REFERENCES `admin_users` (`id`) ON DELETE SET NULL
) ENGINE=InnoDB AUTO_INCREMENT=2 DEFAULT CHARSET=utf8mb3 COLLATE=utf8mb3_general_ci;
/*!40101 SET character_set_client = @saved_cs_client */;

--
-- Dumping data for table `settings`
--

LOCK TABLES `settings` WRITE;
/*!40000 ALTER TABLE `settings` DISABLE KEYS */;
INSERT INTO `settings` VALUES (1,'filter_hours',48,'2023-11-09 14:11:04.659000','2024-05-31 12:10:09.039000','2024-05-21 15:12:10.604000',2,2);
/*!40000 ALTER TABLE `settings` ENABLE KEYS */;
UNLOCK TABLES;

--
-- Table structure for table `skills`
--

DROP TABLE IF EXISTS `skills`;
/*!40101 SET @saved_cs_client     = @@character_set_client */;
/*!50503 SET character_set_client = utf8mb4 */;
CREATE TABLE `skills` (
  `id` int(10) unsigned NOT NULL AUTO_INCREMENT,
  `name` varchar(255) DEFAULT NULL,
  `created_at` datetime(6) DEFAULT NULL,
  `updated_at` datetime(6) DEFAULT NULL,
  `created_by_id` int(10) unsigned DEFAULT NULL,
  `updated_by_id` int(10) unsigned DEFAULT NULL,
  PRIMARY KEY (`id`),
  KEY `skills_created_by_id_fk` (`created_by_id`),
  KEY `skills_updated_by_id_fk` (`updated_by_id`),
  CONSTRAINT `skills_created_by_id_fk` FOREIGN KEY (`created_by_id`) REFERENCES `admin_users` (`id`) ON DELETE SET NULL,
  CONSTRAINT `skills_updated_by_id_fk` FOREIGN KEY (`updated_by_id`) REFERENCES `admin_users` (`id`) ON DELETE SET NULL
) ENGINE=InnoDB AUTO_INCREMENT=3 DEFAULT CHARSET=utf8mb3 COLLATE=utf8mb3_general_ci;
/*!40101 SET character_set_client = @saved_cs_client */;

--
-- Dumping data for table `skills`
--

LOCK TABLES `skills` WRITE;
/*!40000 ALTER TABLE `skills` DISABLE KEYS */;
INSERT INTO `skills` VALUES (1,'Aucune','2023-10-17 06:20:10.783000','2023-10-17 06:20:10.783000',2,2),(2,'Etablissement de devis','2023-10-17 06:20:54.592000','2023-10-17 06:20:54.592000',2,2);
/*!40000 ALTER TABLE `skills` ENABLE KEYS */;
UNLOCK TABLES;

--
-- Table structure for table `stages`
--

DROP TABLE IF EXISTS `stages`;
/*!40101 SET @saved_cs_client     = @@character_set_client */;
/*!50503 SET character_set_client = utf8mb4 */;
CREATE TABLE `stages` (
  `id` int(10) unsigned NOT NULL AUTO_INCREMENT,
  `name` varchar(255) DEFAULT NULL,
  `created_at` datetime(6) DEFAULT NULL,
  `updated_at` datetime(6) DEFAULT NULL,
  `created_by_id` int(10) unsigned DEFAULT NULL,
  `updated_by_id` int(10) unsigned DEFAULT NULL,
  PRIMARY KEY (`id`),
  KEY `stages_created_by_id_fk` (`created_by_id`),
  KEY `stages_updated_by_id_fk` (`updated_by_id`),
  CONSTRAINT `stages_created_by_id_fk` FOREIGN KEY (`created_by_id`) REFERENCES `admin_users` (`id`) ON DELETE SET NULL,
  CONSTRAINT `stages_updated_by_id_fk` FOREIGN KEY (`updated_by_id`) REFERENCES `admin_users` (`id`) ON DELETE SET NULL
) ENGINE=InnoDB AUTO_INCREMENT=33 DEFAULT CHARSET=utf8mb3 COLLATE=utf8mb3_general_ci;
/*!40101 SET character_set_client = @saved_cs_client */;

--
-- Dumping data for table `stages`
--

LOCK TABLES `stages` WRITE;
/*!40000 ALTER TABLE `stages` DISABLE KEYS */;
INSERT INTO `stages` VALUES (7,'SS-4','2023-05-24 08:34:19.287000','2023-05-24 08:34:19.287000',2,2),(8,'SS-3','2023-05-24 08:34:31.601000','2023-05-24 08:34:31.601000',2,2),(9,'SS-2','2023-05-24 08:34:44.128000','2023-05-24 08:34:44.128000',2,2),(10,'SS-1','2023-05-24 08:34:54.403000','2023-05-24 08:34:54.403000',2,2),(11,'RDC','2023-05-24 08:35:03.977000','2023-05-24 08:35:03.977000',2,2),(12,'R+1','2023-05-24 08:35:18.235000','2023-05-24 08:35:18.235000',2,2),(13,'R+2','2023-05-24 08:35:29.721000','2023-05-24 08:35:29.721000',2,2),(14,'R+3','2023-05-24 08:35:40.863000','2023-05-24 08:35:40.863000',2,2),(15,'R+4','2023-05-24 08:35:52.662000','2023-05-24 08:35:52.662000',2,2),(16,'R+5','2023-05-24 08:36:04.369000','2023-05-24 08:36:04.369000',2,2),(17,'R+6','2023-05-24 08:36:15.503000','2023-05-24 08:36:15.503000',2,2),(18,'R+7','2023-05-24 08:36:27.127000','2023-05-24 08:36:27.127000',2,2),(19,'R+8','2023-05-24 08:36:37.716000','2023-05-24 08:36:37.716000',2,2),(20,'R+9','2023-05-24 08:36:48.554000','2023-05-24 08:36:48.554000',2,2),(32,'Extérieur','2023-12-21 15:32:18.252000','2023-12-21 15:32:18.252000',2,2);
/*!40000 ALTER TABLE `stages` ENABLE KEYS */;
UNLOCK TABLES;

--
-- Table structure for table `states`
--

DROP TABLE IF EXISTS `states`;
/*!40101 SET @saved_cs_client     = @@character_set_client */;
/*!50503 SET character_set_client = utf8mb4 */;
CREATE TABLE `states` (
  `id` int(10) unsigned NOT NULL AUTO_INCREMENT,
  `name` varchar(255) DEFAULT NULL,
  `created_at` datetime(6) DEFAULT NULL,
  `updated_at` datetime(6) DEFAULT NULL,
  `created_by_id` int(10) unsigned DEFAULT NULL,
  `updated_by_id` int(10) unsigned DEFAULT NULL,
  `color` varchar(255) DEFAULT NULL,
  PRIMARY KEY (`id`),
  KEY `states_created_by_id_fk` (`created_by_id`),
  KEY `states_updated_by_id_fk` (`updated_by_id`),
  CONSTRAINT `states_created_by_id_fk` FOREIGN KEY (`created_by_id`) REFERENCES `admin_users` (`id`) ON DELETE SET NULL,
  CONSTRAINT `states_updated_by_id_fk` FOREIGN KEY (`updated_by_id`) REFERENCES `admin_users` (`id`) ON DELETE SET NULL
) ENGINE=InnoDB AUTO_INCREMENT=10 DEFAULT CHARSET=utf8mb3 COLLATE=utf8mb3_general_ci;
/*!40101 SET character_set_client = @saved_cs_client */;

--
-- Dumping data for table `states`
--

LOCK TABLES `states` WRITE;
/*!40000 ALTER TABLE `states` DISABLE KEYS */;
INSERT INTO `states` VALUES (1,'Nouveau','2023-09-07 14:02:13.798000','2024-05-09 18:09:23.215000',3,2,'#062dfb'),(2,'À traiter','2023-09-07 14:02:55.617000','2024-04-29 09:25:34.387000',3,2,'#FF9999'),(3,'Envoyé','2023-09-07 14:03:02.048000','2024-04-29 09:27:11.503000',3,2,'#66CC66'),(4,'Répondu','2023-09-07 14:03:11.255000','2024-06-10 17:08:49.470000',3,2,'#83b793'),(5,'Clôturé','2023-09-07 14:03:28.044000','2024-04-29 09:26:47.304000',3,2,'#EBEBEB'),(6,'Doublon','2023-09-07 14:03:35.822000','2024-04-29 09:28:07.986000',3,2,'#7B7BA6'),(7,'Redondance potentielle','2023-10-19 13:17:33.881000','2024-04-29 09:28:37.095000',2,2,'#FFFF99'),(9,'Redondance','2023-10-26 14:48:47.437000','2024-04-29 09:27:42.205000',2,2,'#FFCC99');
/*!40000 ALTER TABLE `states` ENABLE KEYS */;
UNLOCK TABLES;

--
-- Table structure for table `strapi_api_token_permissions`
--

DROP TABLE IF EXISTS `strapi_api_token_permissions`;
/*!40101 SET @saved_cs_client     = @@character_set_client */;
/*!50503 SET character_set_client = utf8mb4 */;
CREATE TABLE `strapi_api_token_permissions` (
  `id` int(10) unsigned NOT NULL AUTO_INCREMENT,
  `action` varchar(255) DEFAULT NULL,
  `created_at` datetime(6) DEFAULT NULL,
  `updated_at` datetime(6) DEFAULT NULL,
  `created_by_id` int(10) unsigned DEFAULT NULL,
  `updated_by_id` int(10) unsigned DEFAULT NULL,
  PRIMARY KEY (`id`),
  KEY `strapi_api_token_permissions_created_by_id_fk` (`created_by_id`),
  KEY `strapi_api_token_permissions_updated_by_id_fk` (`updated_by_id`),
  CONSTRAINT `strapi_api_token_permissions_created_by_id_fk` FOREIGN KEY (`created_by_id`) REFERENCES `admin_users` (`id`) ON DELETE SET NULL,
  CONSTRAINT `strapi_api_token_permissions_updated_by_id_fk` FOREIGN KEY (`updated_by_id`) REFERENCES `admin_users` (`id`) ON DELETE SET NULL
) ENGINE=InnoDB AUTO_INCREMENT=3 DEFAULT CHARSET=utf8mb3 COLLATE=utf8mb3_general_ci;
/*!40101 SET character_set_client = @saved_cs_client */;

--
-- Dumping data for table `strapi_api_token_permissions`
--

LOCK TABLES `strapi_api_token_permissions` WRITE;
/*!40000 ALTER TABLE `strapi_api_token_permissions` DISABLE KEYS */;
INSERT INTO `strapi_api_token_permissions` VALUES (1,'api::agency.agency.findOne','2023-07-31 14:57:28.903000','2023-07-31 14:57:28.903000',NULL,NULL),(2,'api::agency.agency.find','2023-07-31 14:57:28.903000','2023-07-31 14:57:28.903000',NULL,NULL);
/*!40000 ALTER TABLE `strapi_api_token_permissions` ENABLE KEYS */;
UNLOCK TABLES;

--
-- Table structure for table `strapi_api_token_permissions_token_links`
--

DROP TABLE IF EXISTS `strapi_api_token_permissions_token_links`;
/*!40101 SET @saved_cs_client     = @@character_set_client */;
/*!50503 SET character_set_client = utf8mb4 */;
CREATE TABLE `strapi_api_token_permissions_token_links` (
  `id` int(10) unsigned NOT NULL AUTO_INCREMENT,
  `api_token_permission_id` int(10) unsigned DEFAULT NULL,
  `api_token_id` int(10) unsigned DEFAULT NULL,
  `api_token_permission_order` int(10) unsigned DEFAULT NULL,
  PRIMARY KEY (`id`),
  UNIQUE KEY `strapi_api_token_permissions_token_links_unique` (`api_token_permission_id`,`api_token_id`),
  KEY `strapi_api_token_permissions_token_links_fk` (`api_token_permission_id`),
  KEY `strapi_api_token_permissions_token_links_inv_fk` (`api_token_id`),
  KEY `strapi_api_token_permissions_token_links_order_inv_fk` (`api_token_permission_order`),
  CONSTRAINT `strapi_api_token_permissions_token_links_fk` FOREIGN KEY (`api_token_permission_id`) REFERENCES `strapi_api_token_permissions` (`id`) ON DELETE CASCADE,
  CONSTRAINT `strapi_api_token_permissions_token_links_inv_fk` FOREIGN KEY (`api_token_id`) REFERENCES `strapi_api_tokens` (`id`) ON DELETE CASCADE
) ENGINE=InnoDB AUTO_INCREMENT=3 DEFAULT CHARSET=utf8mb3 COLLATE=utf8mb3_general_ci;
/*!40101 SET character_set_client = @saved_cs_client */;

--
-- Dumping data for table `strapi_api_token_permissions_token_links`
--

LOCK TABLES `strapi_api_token_permissions_token_links` WRITE;
/*!40000 ALTER TABLE `strapi_api_token_permissions_token_links` DISABLE KEYS */;
/*!40000 ALTER TABLE `strapi_api_token_permissions_token_links` ENABLE KEYS */;
UNLOCK TABLES;

--
-- Table structure for table `strapi_api_tokens`
--

DROP TABLE IF EXISTS `strapi_api_tokens`;
/*!40101 SET @saved_cs_client     = @@character_set_client */;
/*!50503 SET character_set_client = utf8mb4 */;
CREATE TABLE `strapi_api_tokens` (
  `id` int(10) unsigned NOT NULL AUTO_INCREMENT,
  `name` varchar(255) DEFAULT NULL,
  `description` varchar(255) DEFAULT NULL,
  `type` varchar(255) DEFAULT NULL,
  `access_key` varchar(255) DEFAULT NULL,
  `last_used_at` datetime(6) DEFAULT NULL,
  `expires_at` datetime(6) DEFAULT NULL,
  `lifespan` bigint(20) DEFAULT NULL,
  `created_at` datetime(6) DEFAULT NULL,
  `updated_at` datetime(6) DEFAULT NULL,
  `created_by_id` int(10) unsigned DEFAULT NULL,
  `updated_by_id` int(10) unsigned DEFAULT NULL,
  PRIMARY KEY (`id`),
  KEY `strapi_api_tokens_created_by_id_fk` (`created_by_id`),
  KEY `strapi_api_tokens_updated_by_id_fk` (`updated_by_id`),
  CONSTRAINT `strapi_api_tokens_created_by_id_fk` FOREIGN KEY (`created_by_id`) REFERENCES `admin_users` (`id`) ON DELETE SET NULL,
  CONSTRAINT `strapi_api_tokens_updated_by_id_fk` FOREIGN KEY (`updated_by_id`) REFERENCES `admin_users` (`id`) ON DELETE SET NULL
) ENGINE=InnoDB AUTO_INCREMENT=2 DEFAULT CHARSET=utf8mb3 COLLATE=utf8mb3_general_ci;
/*!40101 SET character_set_client = @saved_cs_client */;

--
-- Dumping data for table `strapi_api_tokens`
--

LOCK TABLES `strapi_api_tokens` WRITE;
/*!40000 ALTER TABLE `strapi_api_tokens` DISABLE KEYS */;
/*!40000 ALTER TABLE `strapi_api_tokens` ENABLE KEYS */;
UNLOCK TABLES;

--
-- Table structure for table `strapi_core_store_settings`
--

DROP TABLE IF EXISTS `strapi_core_store_settings`;
/*!40101 SET @saved_cs_client     = @@character_set_client */;
/*!50503 SET character_set_client = utf8mb4 */;
CREATE TABLE `strapi_core_store_settings` (
  `id` int(10) unsigned NOT NULL AUTO_INCREMENT,
  `key` varchar(255) DEFAULT NULL,
  `value` longtext DEFAULT NULL,
  `type` varchar(255) DEFAULT NULL,
  `environment` varchar(255) DEFAULT NULL,
  `tag` varchar(255) DEFAULT NULL,
  PRIMARY KEY (`id`)
) ENGINE=InnoDB AUTO_INCREMENT=76 DEFAULT CHARSET=utf8mb3 COLLATE=utf8mb3_general_ci;
/*!40101 SET character_set_client = @saved_cs_client */;

--
-- Dumping data for table `strapi_core_store_settings`
--

LOCK TABLES `strapi_core_store_settings` WRITE;
/*!40000 ALTER TABLE `strapi_core_store_settings` DISABLE KEYS */;
INSERT INTO `strapi_core_store_settings` VALUES (1,'strapi_content_types_schema','{\"admin::permission\":{\"collectionName\":\"admin_permissions\",\"info\":{\"name\":\"Permission\",\"description\":\"\",\"singularName\":\"permission\",\"pluralName\":\"permissions\",\"displayName\":\"Permission\"},\"options\":{},\"pluginOptions\":{\"content-manager\":{\"visible\":false},\"content-type-builder\":{\"visible\":false}},\"attributes\":{\"action\":{\"type\":\"string\",\"minLength\":1,\"configurable\":false,\"required\":true},\"subject\":{\"type\":\"string\",\"minLength\":1,\"configurable\":false,\"required\":false},\"properties\":{\"type\":\"json\",\"configurable\":false,\"required\":false,\"default\":{}},\"conditions\":{\"type\":\"json\",\"configurable\":false,\"required\":false,\"default\":[]},\"role\":{\"configurable\":false,\"type\":\"relation\",\"relation\":\"manyToOne\",\"inversedBy\":\"permissions\",\"target\":\"admin::role\"},\"createdAt\":{\"type\":\"datetime\"},\"updatedAt\":{\"type\":\"datetime\"},\"createdBy\":{\"type\":\"relation\",\"relation\":\"oneToOne\",\"target\":\"admin::user\",\"configurable\":false,\"writable\":false,\"visible\":false,\"useJoinTable\":false,\"private\":true},\"updatedBy\":{\"type\":\"relation\",\"relation\":\"oneToOne\",\"target\":\"admin::user\",\"configurable\":false,\"writable\":false,\"visible\":false,\"useJoinTable\":false,\"private\":true}},\"kind\":\"collectionType\",\"__schema__\":{\"collectionName\":\"admin_permissions\",\"info\":{\"name\":\"Permission\",\"description\":\"\",\"singularName\":\"permission\",\"pluralName\":\"permissions\",\"displayName\":\"Permission\"},\"options\":{},\"pluginOptions\":{\"content-manager\":{\"visible\":false},\"content-type-builder\":{\"visible\":false}},\"attributes\":{\"action\":{\"type\":\"string\",\"minLength\":1,\"configurable\":false,\"required\":true},\"subject\":{\"type\":\"string\",\"minLength\":1,\"configurable\":false,\"required\":false},\"properties\":{\"type\":\"json\",\"configurable\":false,\"required\":false,\"default\":{}},\"conditions\":{\"type\":\"json\",\"configurable\":false,\"required\":false,\"default\":[]},\"role\":{\"configurable\":false,\"type\":\"relation\",\"relation\":\"manyToOne\",\"inversedBy\":\"permissions\",\"target\":\"admin::role\"}},\"kind\":\"collectionType\"},\"modelType\":\"contentType\",\"modelName\":\"permission\",\"connection\":\"default\",\"uid\":\"admin::permission\",\"plugin\":\"admin\",\"globalId\":\"AdminPermission\"},\"admin::user\":{\"collectionName\":\"admin_users\",\"info\":{\"name\":\"User\",\"description\":\"\",\"singularName\":\"user\",\"pluralName\":\"users\",\"displayName\":\"User\"},\"pluginOptions\":{\"content-manager\":{\"visible\":false},\"content-type-builder\":{\"visible\":false}},\"attributes\":{\"firstname\":{\"type\":\"string\",\"unique\":false,\"minLength\":1,\"configurable\":false,\"required\":false},\"lastname\":{\"type\":\"string\",\"unique\":false,\"minLength\":1,\"configurable\":false,\"required\":false},\"username\":{\"type\":\"string\",\"unique\":false,\"configurable\":false,\"required\":false},\"email\":{\"type\":\"email\",\"minLength\":6,\"configurable\":false,\"required\":true,\"unique\":true,\"private\":true},\"password\":{\"type\":\"password\",\"minLength\":6,\"configurable\":false,\"required\":false,\"private\":true},\"resetPasswordToken\":{\"type\":\"string\",\"configurable\":false,\"private\":true},\"registrationToken\":{\"type\":\"string\",\"configurable\":false,\"private\":true},\"isActive\":{\"type\":\"boolean\",\"default\":false,\"configurable\":false,\"private\":true},\"roles\":{\"configurable\":false,\"private\":true,\"type\":\"relation\",\"relation\":\"manyToMany\",\"inversedBy\":\"users\",\"target\":\"admin::role\",\"collectionName\":\"strapi_users_roles\"},\"blocked\":{\"type\":\"boolean\",\"default\":false,\"configurable\":false,\"private\":true},\"preferedLanguage\":{\"type\":\"string\",\"configurable\":false,\"required\":false},\"createdAt\":{\"type\":\"datetime\"},\"updatedAt\":{\"type\":\"datetime\"},\"createdBy\":{\"type\":\"relation\",\"relation\":\"oneToOne\",\"target\":\"admin::user\",\"configurable\":false,\"writable\":false,\"visible\":false,\"useJoinTable\":false,\"private\":true},\"updatedBy\":{\"type\":\"relation\",\"relation\":\"oneToOne\",\"target\":\"admin::user\",\"configurable\":false,\"writable\":false,\"visible\":false,\"useJoinTable\":false,\"private\":true}},\"kind\":\"collectionType\",\"__schema__\":{\"collectionName\":\"admin_users\",\"info\":{\"name\":\"User\",\"description\":\"\",\"singularName\":\"user\",\"pluralName\":\"users\",\"displayName\":\"User\"},\"pluginOptions\":{\"content-manager\":{\"visible\":false},\"content-type-builder\":{\"visible\":false}},\"attributes\":{\"firstname\":{\"type\":\"string\",\"unique\":false,\"minLength\":1,\"configurable\":false,\"required\":false},\"lastname\":{\"type\":\"string\",\"unique\":false,\"minLength\":1,\"configurable\":false,\"required\":false},\"username\":{\"type\":\"string\",\"unique\":false,\"configurable\":false,\"required\":false},\"email\":{\"type\":\"email\",\"minLength\":6,\"configurable\":false,\"required\":true,\"unique\":true,\"private\":true},\"password\":{\"type\":\"password\",\"minLength\":6,\"configurable\":false,\"required\":false,\"private\":true},\"resetPasswordToken\":{\"type\":\"string\",\"configurable\":false,\"private\":true},\"registrationToken\":{\"type\":\"string\",\"configurable\":false,\"private\":true},\"isActive\":{\"type\":\"boolean\",\"default\":false,\"configurable\":false,\"private\":true},\"roles\":{\"configurable\":false,\"private\":true,\"type\":\"relation\",\"relation\":\"manyToMany\",\"inversedBy\":\"users\",\"target\":\"admin::role\",\"collectionName\":\"strapi_users_roles\"},\"blocked\":{\"type\":\"boolean\",\"default\":false,\"configurable\":false,\"private\":true},\"preferedLanguage\":{\"type\":\"string\",\"configurable\":false,\"required\":false}},\"kind\":\"collectionType\"},\"modelType\":\"contentType\",\"modelName\":\"user\",\"connection\":\"default\",\"uid\":\"admin::user\",\"plugin\":\"admin\",\"globalId\":\"AdminUser\"},\"admin::role\":{\"collectionName\":\"admin_roles\",\"info\":{\"name\":\"Role\",\"description\":\"\",\"singularName\":\"role\",\"pluralName\":\"roles\",\"displayName\":\"Role\"},\"options\":{},\"pluginOptions\":{\"content-manager\":{\"visible\":false},\"content-type-builder\":{\"visible\":false}},\"attributes\":{\"name\":{\"type\":\"string\",\"minLength\":1,\"unique\":true,\"configurable\":false,\"required\":true},\"code\":{\"type\":\"string\",\"minLength\":1,\"unique\":true,\"configurable\":false,\"required\":true},\"description\":{\"type\":\"string\",\"configurable\":false},\"users\":{\"configurable\":false,\"type\":\"relation\",\"relation\":\"manyToMany\",\"mappedBy\":\"roles\",\"target\":\"admin::user\"},\"permissions\":{\"configurable\":false,\"type\":\"relation\",\"relation\":\"oneToMany\",\"mappedBy\":\"role\",\"target\":\"admin::permission\"},\"createdAt\":{\"type\":\"datetime\"},\"updatedAt\":{\"type\":\"datetime\"},\"createdBy\":{\"type\":\"relation\",\"relation\":\"oneToOne\",\"target\":\"admin::user\",\"configurable\":false,\"writable\":false,\"visible\":false,\"useJoinTable\":false,\"private\":true},\"updatedBy\":{\"type\":\"relation\",\"relation\":\"oneToOne\",\"target\":\"admin::user\",\"configurable\":false,\"writable\":false,\"visible\":false,\"useJoinTable\":false,\"private\":true}},\"kind\":\"collectionType\",\"__schema__\":{\"collectionName\":\"admin_roles\",\"info\":{\"name\":\"Role\",\"description\":\"\",\"singularName\":\"role\",\"pluralName\":\"roles\",\"displayName\":\"Role\"},\"options\":{},\"pluginOptions\":{\"content-manager\":{\"visible\":false},\"content-type-builder\":{\"visible\":false}},\"attributes\":{\"name\":{\"type\":\"string\",\"minLength\":1,\"unique\":true,\"configurable\":false,\"required\":true},\"code\":{\"type\":\"string\",\"minLength\":1,\"unique\":true,\"configurable\":false,\"required\":true},\"description\":{\"type\":\"string\",\"configurable\":false},\"users\":{\"configurable\":false,\"type\":\"relation\",\"relation\":\"manyToMany\",\"mappedBy\":\"roles\",\"target\":\"admin::user\"},\"permissions\":{\"configurable\":false,\"type\":\"relation\",\"relation\":\"oneToMany\",\"mappedBy\":\"role\",\"target\":\"admin::permission\"}},\"kind\":\"collectionType\"},\"modelType\":\"contentType\",\"modelName\":\"role\",\"connection\":\"default\",\"uid\":\"admin::role\",\"plugin\":\"admin\",\"globalId\":\"AdminRole\"},\"admin::api-token\":{\"collectionName\":\"strapi_api_tokens\",\"info\":{\"name\":\"Api Token\",\"singularName\":\"api-token\",\"pluralName\":\"api-tokens\",\"displayName\":\"Api Token\",\"description\":\"\"},\"options\":{},\"pluginOptions\":{\"content-manager\":{\"visible\":false},\"content-type-builder\":{\"visible\":false}},\"attributes\":{\"name\":{\"type\":\"string\",\"minLength\":1,\"configurable\":false,\"required\":true,\"unique\":true},\"description\":{\"type\":\"string\",\"minLength\":1,\"configurable\":false,\"required\":false,\"default\":\"\"},\"type\":{\"type\":\"enumeration\",\"enum\":[\"read-only\",\"full-access\",\"custom\"],\"configurable\":false,\"required\":true,\"default\":\"read-only\"},\"accessKey\":{\"type\":\"string\",\"minLength\":1,\"configurable\":false,\"required\":true},\"lastUsedAt\":{\"type\":\"datetime\",\"configurable\":false,\"required\":false},\"permissions\":{\"type\":\"relation\",\"target\":\"admin::api-token-permission\",\"relation\":\"oneToMany\",\"mappedBy\":\"token\",\"configurable\":false,\"required\":false},\"expiresAt\":{\"type\":\"datetime\",\"configurable\":false,\"required\":false},\"lifespan\":{\"type\":\"biginteger\",\"configurable\":false,\"required\":false},\"createdAt\":{\"type\":\"datetime\"},\"updatedAt\":{\"type\":\"datetime\"},\"createdBy\":{\"type\":\"relation\",\"relation\":\"oneToOne\",\"target\":\"admin::user\",\"configurable\":false,\"writable\":false,\"visible\":false,\"useJoinTable\":false,\"private\":true},\"updatedBy\":{\"type\":\"relation\",\"relation\":\"oneToOne\",\"target\":\"admin::user\",\"configurable\":false,\"writable\":false,\"visible\":false,\"useJoinTable\":false,\"private\":true}},\"kind\":\"collectionType\",\"__schema__\":{\"collectionName\":\"strapi_api_tokens\",\"info\":{\"name\":\"Api Token\",\"singularName\":\"api-token\",\"pluralName\":\"api-tokens\",\"displayName\":\"Api Token\",\"description\":\"\"},\"options\":{},\"pluginOptions\":{\"content-manager\":{\"visible\":false},\"content-type-builder\":{\"visible\":false}},\"attributes\":{\"name\":{\"type\":\"string\",\"minLength\":1,\"configurable\":false,\"required\":true,\"unique\":true},\"description\":{\"type\":\"string\",\"minLength\":1,\"configurable\":false,\"required\":false,\"default\":\"\"},\"type\":{\"type\":\"enumeration\",\"enum\":[\"read-only\",\"full-access\",\"custom\"],\"configurable\":false,\"required\":true,\"default\":\"read-only\"},\"accessKey\":{\"type\":\"string\",\"minLength\":1,\"configurable\":false,\"required\":true},\"lastUsedAt\":{\"type\":\"datetime\",\"configurable\":false,\"required\":false},\"permissions\":{\"type\":\"relation\",\"target\":\"admin::api-token-permission\",\"relation\":\"oneToMany\",\"mappedBy\":\"token\",\"configurable\":false,\"required\":false},\"expiresAt\":{\"type\":\"datetime\",\"configurable\":false,\"required\":false},\"lifespan\":{\"type\":\"biginteger\",\"configurable\":false,\"required\":false}},\"kind\":\"collectionType\"},\"modelType\":\"contentType\",\"modelName\":\"api-token\",\"connection\":\"default\",\"uid\":\"admin::api-token\",\"plugin\":\"admin\",\"globalId\":\"AdminApiToken\"},\"admin::api-token-permission\":{\"collectionName\":\"strapi_api_token_permissions\",\"info\":{\"name\":\"API Token Permission\",\"description\":\"\",\"singularName\":\"api-token-permission\",\"pluralName\":\"api-token-permissions\",\"displayName\":\"API Token Permission\"},\"options\":{},\"pluginOptions\":{\"content-manager\":{\"visible\":false},\"content-type-builder\":{\"visible\":false}},\"attributes\":{\"action\":{\"type\":\"string\",\"minLength\":1,\"configurable\":false,\"required\":true},\"token\":{\"configurable\":false,\"type\":\"relation\",\"relation\":\"manyToOne\",\"inversedBy\":\"permissions\",\"target\":\"admin::api-token\"},\"createdAt\":{\"type\":\"datetime\"},\"updatedAt\":{\"type\":\"datetime\"},\"createdBy\":{\"type\":\"relation\",\"relation\":\"oneToOne\",\"target\":\"admin::user\",\"configurable\":false,\"writable\":false,\"visible\":false,\"useJoinTable\":false,\"private\":true},\"updatedBy\":{\"type\":\"relation\",\"relation\":\"oneToOne\",\"target\":\"admin::user\",\"configurable\":false,\"writable\":false,\"visible\":false,\"useJoinTable\":false,\"private\":true}},\"kind\":\"collectionType\",\"__schema__\":{\"collectionName\":\"strapi_api_token_permissions\",\"info\":{\"name\":\"API Token Permission\",\"description\":\"\",\"singularName\":\"api-token-permission\",\"pluralName\":\"api-token-permissions\",\"displayName\":\"API Token Permission\"},\"options\":{},\"pluginOptions\":{\"content-manager\":{\"visible\":false},\"content-type-builder\":{\"visible\":false}},\"attributes\":{\"action\":{\"type\":\"string\",\"minLength\":1,\"configurable\":false,\"required\":true},\"token\":{\"configurable\":false,\"type\":\"relation\",\"relation\":\"manyToOne\",\"inversedBy\":\"permissions\",\"target\":\"admin::api-token\"}},\"kind\":\"collectionType\"},\"modelType\":\"contentType\",\"modelName\":\"api-token-permission\",\"connection\":\"default\",\"uid\":\"admin::api-token-permission\",\"plugin\":\"admin\",\"globalId\":\"AdminApiTokenPermission\"},\"plugin::upload.file\":{\"collectionName\":\"files\",\"info\":{\"singularName\":\"file\",\"pluralName\":\"files\",\"displayName\":\"File\",\"description\":\"\"},\"options\":{},\"pluginOptions\":{\"content-manager\":{\"visible\":false},\"content-type-builder\":{\"visible\":false}},\"attributes\":{\"name\":{\"type\":\"string\",\"configurable\":false,\"required\":true},\"alternativeText\":{\"type\":\"string\",\"configurable\":false},\"caption\":{\"type\":\"string\",\"configurable\":false},\"width\":{\"type\":\"integer\",\"configurable\":false},\"height\":{\"type\":\"integer\",\"configurable\":false},\"formats\":{\"type\":\"json\",\"configurable\":false},\"hash\":{\"type\":\"string\",\"configurable\":false,\"required\":true},\"ext\":{\"type\":\"string\",\"configurable\":false},\"mime\":{\"type\":\"string\",\"configurable\":false,\"required\":true},\"size\":{\"type\":\"decimal\",\"configurable\":false,\"required\":true},\"url\":{\"type\":\"string\",\"configurable\":false,\"required\":true},\"previewUrl\":{\"type\":\"string\",\"configurable\":false},\"provider\":{\"type\":\"string\",\"configurable\":false,\"required\":true},\"provider_metadata\":{\"type\":\"json\",\"configurable\":false},\"related\":{\"type\":\"relation\",\"relation\":\"morphToMany\",\"configurable\":false},\"folder\":{\"type\":\"relation\",\"relation\":\"manyToOne\",\"target\":\"plugin::upload.folder\",\"inversedBy\":\"files\",\"private\":true},\"folderPath\":{\"type\":\"string\",\"min\":1,\"required\":true,\"private\":true},\"createdAt\":{\"type\":\"datetime\"},\"updatedAt\":{\"type\":\"datetime\"},\"createdBy\":{\"type\":\"relation\",\"relation\":\"oneToOne\",\"target\":\"admin::user\",\"configurable\":false,\"writable\":false,\"visible\":false,\"useJoinTable\":false,\"private\":true},\"updatedBy\":{\"type\":\"relation\",\"relation\":\"oneToOne\",\"target\":\"admin::user\",\"configurable\":false,\"writable\":false,\"visible\":false,\"useJoinTable\":false,\"private\":true}},\"indexes\":[{\"name\":\"upload_files_folder_path_index\",\"columns\":[\"folder_path\"],\"type\":null}],\"kind\":\"collectionType\",\"__schema__\":{\"collectionName\":\"files\",\"info\":{\"singularName\":\"file\",\"pluralName\":\"files\",\"displayName\":\"File\",\"description\":\"\"},\"options\":{},\"pluginOptions\":{\"content-manager\":{\"visible\":false},\"content-type-builder\":{\"visible\":false}},\"attributes\":{\"name\":{\"type\":\"string\",\"configurable\":false,\"required\":true},\"alternativeText\":{\"type\":\"string\",\"configurable\":false},\"caption\":{\"type\":\"string\",\"configurable\":false},\"width\":{\"type\":\"integer\",\"configurable\":false},\"height\":{\"type\":\"integer\",\"configurable\":false},\"formats\":{\"type\":\"json\",\"configurable\":false},\"hash\":{\"type\":\"string\",\"configurable\":false,\"required\":true},\"ext\":{\"type\":\"string\",\"configurable\":false},\"mime\":{\"type\":\"string\",\"configurable\":false,\"required\":true},\"size\":{\"type\":\"decimal\",\"configurable\":false,\"required\":true},\"url\":{\"type\":\"string\",\"configurable\":false,\"required\":true},\"previewUrl\":{\"type\":\"string\",\"configurable\":false},\"provider\":{\"type\":\"string\",\"configurable\":false,\"required\":true},\"provider_metadata\":{\"type\":\"json\",\"configurable\":false},\"related\":{\"type\":\"relation\",\"relation\":\"morphToMany\",\"configurable\":false},\"folder\":{\"type\":\"relation\",\"relation\":\"manyToOne\",\"target\":\"plugin::upload.folder\",\"inversedBy\":\"files\",\"private\":true},\"folderPath\":{\"type\":\"string\",\"min\":1,\"required\":true,\"private\":true}},\"kind\":\"collectionType\"},\"modelType\":\"contentType\",\"modelName\":\"file\",\"connection\":\"default\",\"uid\":\"plugin::upload.file\",\"plugin\":\"upload\",\"globalId\":\"UploadFile\"},\"plugin::upload.folder\":{\"collectionName\":\"upload_folders\",\"info\":{\"singularName\":\"folder\",\"pluralName\":\"folders\",\"displayName\":\"Folder\"},\"options\":{},\"pluginOptions\":{\"content-manager\":{\"visible\":false},\"content-type-builder\":{\"visible\":false}},\"attributes\":{\"name\":{\"type\":\"string\",\"min\":1,\"required\":true},\"pathId\":{\"type\":\"integer\",\"unique\":true,\"required\":true},\"parent\":{\"type\":\"relation\",\"relation\":\"manyToOne\",\"target\":\"plugin::upload.folder\",\"inversedBy\":\"children\"},\"children\":{\"type\":\"relation\",\"relation\":\"oneToMany\",\"target\":\"plugin::upload.folder\",\"mappedBy\":\"parent\"},\"files\":{\"type\":\"relation\",\"relation\":\"oneToMany\",\"target\":\"plugin::upload.file\",\"mappedBy\":\"folder\"},\"path\":{\"type\":\"string\",\"min\":1,\"required\":true},\"createdAt\":{\"type\":\"datetime\"},\"updatedAt\":{\"type\":\"datetime\"},\"createdBy\":{\"type\":\"relation\",\"relation\":\"oneToOne\",\"target\":\"admin::user\",\"configurable\":false,\"writable\":false,\"visible\":false,\"useJoinTable\":false,\"private\":true},\"updatedBy\":{\"type\":\"relation\",\"relation\":\"oneToOne\",\"target\":\"admin::user\",\"configurable\":false,\"writable\":false,\"visible\":false,\"useJoinTable\":false,\"private\":true}},\"indexes\":[{\"name\":\"upload_folders_path_id_index\",\"columns\":[\"path_id\"],\"type\":\"unique\"},{\"name\":\"upload_folders_path_index\",\"columns\":[\"path\"],\"type\":\"unique\"}],\"kind\":\"collectionType\",\"__schema__\":{\"collectionName\":\"upload_folders\",\"info\":{\"singularName\":\"folder\",\"pluralName\":\"folders\",\"displayName\":\"Folder\"},\"options\":{},\"pluginOptions\":{\"content-manager\":{\"visible\":false},\"content-type-builder\":{\"visible\":false}},\"attributes\":{\"name\":{\"type\":\"string\",\"min\":1,\"required\":true},\"pathId\":{\"type\":\"integer\",\"unique\":true,\"required\":true},\"parent\":{\"type\":\"relation\",\"relation\":\"manyToOne\",\"target\":\"plugin::upload.folder\",\"inversedBy\":\"children\"},\"children\":{\"type\":\"relation\",\"relation\":\"oneToMany\",\"target\":\"plugin::upload.folder\",\"mappedBy\":\"parent\"},\"files\":{\"type\":\"relation\",\"relation\":\"oneToMany\",\"target\":\"plugin::upload.file\",\"mappedBy\":\"folder\"},\"path\":{\"type\":\"string\",\"min\":1,\"required\":true}},\"kind\":\"collectionType\"},\"modelType\":\"contentType\",\"modelName\":\"folder\",\"connection\":\"default\",\"uid\":\"plugin::upload.folder\",\"plugin\":\"upload\",\"globalId\":\"UploadFolder\"},\"plugin::users-permissions.permission\":{\"collectionName\":\"up_permissions\",\"info\":{\"name\":\"permission\",\"description\":\"\",\"singularName\":\"permission\",\"pluralName\":\"permissions\",\"displayName\":\"Permission\"},\"pluginOptions\":{\"content-manager\":{\"visible\":false},\"content-type-builder\":{\"visible\":false}},\"attributes\":{\"action\":{\"type\":\"string\",\"required\":true,\"configurable\":false},\"role\":{\"type\":\"relation\",\"relation\":\"manyToOne\",\"target\":\"plugin::users-permissions.role\",\"inversedBy\":\"permissions\",\"configurable\":false},\"createdAt\":{\"type\":\"datetime\"},\"updatedAt\":{\"type\":\"datetime\"},\"createdBy\":{\"type\":\"relation\",\"relation\":\"oneToOne\",\"target\":\"admin::user\",\"configurable\":false,\"writable\":false,\"visible\":false,\"useJoinTable\":false,\"private\":true},\"updatedBy\":{\"type\":\"relation\",\"relation\":\"oneToOne\",\"target\":\"admin::user\",\"configurable\":false,\"writable\":false,\"visible\":false,\"useJoinTable\":false,\"private\":true}},\"kind\":\"collectionType\",\"__schema__\":{\"collectionName\":\"up_permissions\",\"info\":{\"name\":\"permission\",\"description\":\"\",\"singularName\":\"permission\",\"pluralName\":\"permissions\",\"displayName\":\"Permission\"},\"pluginOptions\":{\"content-manager\":{\"visible\":false},\"content-type-builder\":{\"visible\":false}},\"attributes\":{\"action\":{\"type\":\"string\",\"required\":true,\"configurable\":false},\"role\":{\"type\":\"relation\",\"relation\":\"manyToOne\",\"target\":\"plugin::users-permissions.role\",\"inversedBy\":\"permissions\",\"configurable\":false}},\"kind\":\"collectionType\"},\"modelType\":\"contentType\",\"modelName\":\"permission\",\"connection\":\"default\",\"uid\":\"plugin::users-permissions.permission\",\"plugin\":\"users-permissions\",\"globalId\":\"UsersPermissionsPermission\"},\"plugin::users-permissions.role\":{\"collectionName\":\"up_roles\",\"info\":{\"name\":\"role\",\"description\":\"\",\"singularName\":\"role\",\"pluralName\":\"roles\",\"displayName\":\"Role\"},\"pluginOptions\":{\"content-manager\":{\"visible\":false},\"content-type-builder\":{\"visible\":false}},\"attributes\":{\"name\":{\"type\":\"string\",\"minLength\":3,\"required\":true,\"configurable\":false},\"description\":{\"type\":\"string\",\"configurable\":false},\"type\":{\"type\":\"string\",\"unique\":true,\"configurable\":false},\"permissions\":{\"type\":\"relation\",\"relation\":\"oneToMany\",\"target\":\"plugin::users-permissions.permission\",\"mappedBy\":\"role\",\"configurable\":false},\"users\":{\"type\":\"relation\",\"relation\":\"oneToMany\",\"target\":\"plugin::users-permissions.user\",\"mappedBy\":\"role\",\"configurable\":false},\"createdAt\":{\"type\":\"datetime\"},\"updatedAt\":{\"type\":\"datetime\"},\"createdBy\":{\"type\":\"relation\",\"relation\":\"oneToOne\",\"target\":\"admin::user\",\"configurable\":false,\"writable\":false,\"visible\":false,\"useJoinTable\":false,\"private\":true},\"updatedBy\":{\"type\":\"relation\",\"relation\":\"oneToOne\",\"target\":\"admin::user\",\"configurable\":false,\"writable\":false,\"visible\":false,\"useJoinTable\":false,\"private\":true}},\"kind\":\"collectionType\",\"__schema__\":{\"collectionName\":\"up_roles\",\"info\":{\"name\":\"role\",\"description\":\"\",\"singularName\":\"role\",\"pluralName\":\"roles\",\"displayName\":\"Role\"},\"pluginOptions\":{\"content-manager\":{\"visible\":false},\"content-type-builder\":{\"visible\":false}},\"attributes\":{\"name\":{\"type\":\"string\",\"minLength\":3,\"required\":true,\"configurable\":false},\"description\":{\"type\":\"string\",\"configurable\":false},\"type\":{\"type\":\"string\",\"unique\":true,\"configurable\":false},\"permissions\":{\"type\":\"relation\",\"relation\":\"oneToMany\",\"target\":\"plugin::users-permissions.permission\",\"mappedBy\":\"role\",\"configurable\":false},\"users\":{\"type\":\"relation\",\"relation\":\"oneToMany\",\"target\":\"plugin::users-permissions.user\",\"mappedBy\":\"role\",\"configurable\":false}},\"kind\":\"collectionType\"},\"modelType\":\"contentType\",\"modelName\":\"role\",\"connection\":\"default\",\"uid\":\"plugin::users-permissions.role\",\"plugin\":\"users-permissions\",\"globalId\":\"UsersPermissionsRole\"},\"plugin::users-permissions.user\":{\"collectionName\":\"up_users\",\"info\":{\"name\":\"user\",\"description\":\"\",\"singularName\":\"user\",\"pluralName\":\"users\",\"displayName\":\"User\"},\"options\":{\"draftAndPublish\":false,\"timestamps\":true},\"attributes\":{\"username\":{\"type\":\"string\",\"minLength\":3,\"unique\":true,\"configurable\":false,\"required\":true},\"email\":{\"type\":\"email\",\"minLength\":6,\"configurable\":false,\"required\":true},\"provider\":{\"type\":\"string\",\"configurable\":false},\"password\":{\"type\":\"password\",\"minLength\":6,\"configurable\":false,\"private\":true},\"resetPasswordToken\":{\"type\":\"string\",\"configurable\":false,\"private\":true},\"confirmationToken\":{\"type\":\"string\",\"configurable\":false,\"private\":true},\"confirmed\":{\"type\":\"boolean\",\"default\":false,\"configurable\":false},\"blocked\":{\"type\":\"boolean\",\"default\":false,\"configurable\":false},\"role\":{\"type\":\"relation\",\"relation\":\"manyToOne\",\"target\":\"plugin::users-permissions.role\",\"inversedBy\":\"users\",\"configurable\":false},\"agency\":{\"type\":\"relation\",\"relation\":\"manyToOne\",\"target\":\"api::agency.agency\",\"inversedBy\":\"users_permissions_users\"},\"firstname\":{\"type\":\"string\"},\"phone\":{\"type\":\"string\"},\"lastname\":{\"type\":\"string\"},\"tickets\":{\"type\":\"relation\",\"relation\":\"oneToMany\",\"target\":\"api::ticket.ticket\",\"mappedBy\":\"users_permissions_user\"},\"interventions\":{\"type\":\"relation\",\"relation\":\"manyToMany\",\"target\":\"api::intervention.intervention\",\"mappedBy\":\"users_permissions_users\"},\"absences\":{\"type\":\"relation\",\"relation\":\"oneToMany\",\"target\":\"api::absence.absence\",\"mappedBy\":\"users_permissions_user\"},\"dateOfBirth\":{\"type\":\"date\"},\"address\":{\"type\":\"string\"},\"phonePerso\":{\"type\":\"string\"},\"emailPerso\":{\"type\":\"email\"},\"job\":{\"type\":\"string\"},\"sector\":{\"type\":\"string\"},\"authorization\":{\"type\":\"string\"},\"comments\":{\"type\":\"relation\",\"relation\":\"oneToMany\",\"target\":\"api::comment.comment\",\"mappedBy\":\"users_permissions_user\"},\"image\":{\"type\":\"media\",\"multiple\":false,\"required\":false,\"allowedTypes\":[\"images\",\"files\",\"videos\",\"audios\"]},\"properties\":{\"type\":\"relation\",\"relation\":\"manyToMany\",\"target\":\"api::property.property\",\"mappedBy\":\"users\"},\"sites\":{\"type\":\"relation\",\"relation\":\"oneToMany\",\"target\":\"api::property.property\",\"mappedBy\":\"gestionnaire\"},\"service\":{\"type\":\"string\"},\"is_internal\":{\"type\":\"boolean\",\"default\":false},\"employee_contract\":{\"type\":\"relation\",\"relation\":\"oneToOne\",\"target\":\"api::employee-contract.employee-contract\",\"mappedBy\":\"user\"},\"frai\":{\"type\":\"relation\",\"relation\":\"oneToOne\",\"target\":\"api::frai.frai\",\"mappedBy\":\"users_frai\"},\"service_properties\":{\"type\":\"relation\",\"relation\":\"manyToMany\",\"target\":\"api::property.property\",\"inversedBy\":\"services\"},\"createdAt\":{\"type\":\"datetime\"},\"updatedAt\":{\"type\":\"datetime\"},\"createdBy\":{\"type\":\"relation\",\"relation\":\"oneToOne\",\"target\":\"admin::user\",\"configurable\":false,\"writable\":false,\"visible\":false,\"useJoinTable\":false,\"private\":true},\"updatedBy\":{\"type\":\"relation\",\"relation\":\"oneToOne\",\"target\":\"admin::user\",\"configurable\":false,\"writable\":false,\"visible\":false,\"useJoinTable\":false,\"private\":true}},\"config\":{\"attributes\":{\"resetPasswordToken\":{\"hidden\":true},\"confirmationToken\":{\"hidden\":true},\"provider\":{\"hidden\":true}}},\"kind\":\"collectionType\",\"__filename__\":\"schema.json\",\"__schema__\":{\"collectionName\":\"up_users\",\"info\":{\"name\":\"user\",\"description\":\"\",\"singularName\":\"user\",\"pluralName\":\"users\",\"displayName\":\"User\"},\"options\":{\"draftAndPublish\":false,\"timestamps\":true},\"attributes\":{\"username\":{\"type\":\"string\",\"minLength\":3,\"unique\":true,\"configurable\":false,\"required\":true},\"email\":{\"type\":\"email\",\"minLength\":6,\"configurable\":false,\"required\":true},\"provider\":{\"type\":\"string\",\"configurable\":false},\"password\":{\"type\":\"password\",\"minLength\":6,\"configurable\":false,\"private\":true},\"resetPasswordToken\":{\"type\":\"string\",\"configurable\":false,\"private\":true},\"confirmationToken\":{\"type\":\"string\",\"configurable\":false,\"private\":true},\"confirmed\":{\"type\":\"boolean\",\"default\":false,\"configurable\":false},\"blocked\":{\"type\":\"boolean\",\"default\":false,\"configurable\":false},\"role\":{\"type\":\"relation\",\"relation\":\"manyToOne\",\"target\":\"plugin::users-permissions.role\",\"inversedBy\":\"users\",\"configurable\":false},\"agency\":{\"type\":\"relation\",\"relation\":\"manyToOne\",\"target\":\"api::agency.agency\",\"inversedBy\":\"users_permissions_users\"},\"firstname\":{\"type\":\"string\"},\"phone\":{\"type\":\"string\"},\"lastname\":{\"type\":\"string\"},\"tickets\":{\"type\":\"relation\",\"relation\":\"oneToMany\",\"target\":\"api::ticket.ticket\",\"mappedBy\":\"users_permissions_user\"},\"interventions\":{\"type\":\"relation\",\"relation\":\"manyToMany\",\"target\":\"api::intervention.intervention\",\"mappedBy\":\"users_permissions_users\"},\"absences\":{\"type\":\"relation\",\"relation\":\"oneToMany\",\"target\":\"api::absence.absence\",\"mappedBy\":\"users_permissions_user\"},\"dateOfBirth\":{\"type\":\"date\"},\"address\":{\"type\":\"string\"},\"phonePerso\":{\"type\":\"string\"},\"emailPerso\":{\"type\":\"email\"},\"job\":{\"type\":\"string\"},\"sector\":{\"type\":\"string\"},\"authorization\":{\"type\":\"string\"},\"comments\":{\"type\":\"relation\",\"relation\":\"oneToMany\",\"target\":\"api::comment.comment\",\"mappedBy\":\"users_permissions_user\"},\"image\":{\"type\":\"media\",\"multiple\":false,\"required\":false,\"allowedTypes\":[\"images\",\"files\",\"videos\",\"audios\"]},\"properties\":{\"type\":\"relation\",\"relation\":\"manyToMany\",\"target\":\"api::property.property\",\"mappedBy\":\"users\"},\"sites\":{\"type\":\"relation\",\"relation\":\"oneToMany\",\"target\":\"api::property.property\",\"mappedBy\":\"gestionnaire\"},\"service\":{\"type\":\"string\"},\"is_internal\":{\"type\":\"boolean\",\"default\":false},\"employee_contract\":{\"type\":\"relation\",\"relation\":\"oneToOne\",\"target\":\"api::employee-contract.employee-contract\",\"mappedBy\":\"user\"},\"frai\":{\"type\":\"relation\",\"relation\":\"oneToOne\",\"target\":\"api::frai.frai\",\"mappedBy\":\"users_frai\"},\"service_properties\":{\"type\":\"relation\",\"relation\":\"manyToMany\",\"target\":\"api::property.property\",\"inversedBy\":\"services\"}},\"kind\":\"collectionType\"},\"modelType\":\"contentType\",\"modelName\":\"user\",\"connection\":\"default\",\"uid\":\"plugin::users-permissions.user\",\"plugin\":\"users-permissions\",\"globalId\":\"UsersPermissionsUser\"},\"plugin::i18n.locale\":{\"info\":{\"singularName\":\"locale\",\"pluralName\":\"locales\",\"collectionName\":\"locales\",\"displayName\":\"Locale\",\"description\":\"\"},\"options\":{\"draftAndPublish\":false},\"pluginOptions\":{\"content-manager\":{\"visible\":false},\"content-type-builder\":{\"visible\":false}},\"attributes\":{\"name\":{\"type\":\"string\",\"min\":1,\"max\":50,\"configurable\":false},\"code\":{\"type\":\"string\",\"unique\":true,\"configurable\":false},\"createdAt\":{\"type\":\"datetime\"},\"updatedAt\":{\"type\":\"datetime\"},\"createdBy\":{\"type\":\"relation\",\"relation\":\"oneToOne\",\"target\":\"admin::user\",\"configurable\":false,\"writable\":false,\"visible\":false,\"useJoinTable\":false,\"private\":true},\"updatedBy\":{\"type\":\"relation\",\"relation\":\"oneToOne\",\"target\":\"admin::user\",\"configurable\":false,\"writable\":false,\"visible\":false,\"useJoinTable\":false,\"private\":true}},\"kind\":\"collectionType\",\"__schema__\":{\"info\":{\"singularName\":\"locale\",\"pluralName\":\"locales\",\"collectionName\":\"locales\",\"displayName\":\"Locale\",\"description\":\"\"},\"options\":{\"draftAndPublish\":false},\"pluginOptions\":{\"content-manager\":{\"visible\":false},\"content-type-builder\":{\"visible\":false}},\"attributes\":{\"name\":{\"type\":\"string\",\"min\":1,\"max\":50,\"configurable\":false},\"code\":{\"type\":\"string\",\"unique\":true,\"configurable\":false}},\"kind\":\"collectionType\"},\"modelType\":\"contentType\",\"modelName\":\"locale\",\"connection\":\"default\",\"uid\":\"plugin::i18n.locale\",\"plugin\":\"i18n\",\"collectionName\":\"i18n_locale\",\"globalId\":\"I18NLocale\"},\"api::absence.absence\":{\"kind\":\"collectionType\",\"collectionName\":\"absences\",\"info\":{\"singularName\":\"absence\",\"pluralName\":\"absences\",\"displayName\":\"Absence\",\"description\":\"\"},\"options\":{\"draftAndPublish\":false},\"pluginOptions\":{},\"attributes\":{\"startDate\":{\"type\":\"date\"},\"endDate\":{\"type\":\"date\"},\"users_permissions_user\":{\"type\":\"relation\",\"relation\":\"manyToOne\",\"target\":\"plugin::users-permissions.user\",\"inversedBy\":\"absences\"},\"state\":{\"type\":\"string\"},\"absence_type\":{\"type\":\"relation\",\"relation\":\"oneToOne\",\"target\":\"api::absence-type.absence-type\"},\"createdAt\":{\"type\":\"datetime\"},\"updatedAt\":{\"type\":\"datetime\"},\"createdBy\":{\"type\":\"relation\",\"relation\":\"oneToOne\",\"target\":\"admin::user\",\"configurable\":false,\"writable\":false,\"visible\":false,\"useJoinTable\":false,\"private\":true},\"updatedBy\":{\"type\":\"relation\",\"relation\":\"oneToOne\",\"target\":\"admin::user\",\"configurable\":false,\"writable\":false,\"visible\":false,\"useJoinTable\":false,\"private\":true}},\"__schema__\":{\"collectionName\":\"absences\",\"info\":{\"singularName\":\"absence\",\"pluralName\":\"absences\",\"displayName\":\"Absence\",\"description\":\"\"},\"options\":{\"draftAndPublish\":false},\"pluginOptions\":{},\"attributes\":{\"startDate\":{\"type\":\"date\"},\"endDate\":{\"type\":\"date\"},\"users_permissions_user\":{\"type\":\"relation\",\"relation\":\"manyToOne\",\"target\":\"plugin::users-permissions.user\",\"inversedBy\":\"absences\"},\"state\":{\"type\":\"string\"},\"absence_type\":{\"type\":\"relation\",\"relation\":\"oneToOne\",\"target\":\"api::absence-type.absence-type\"}},\"kind\":\"collectionType\"},\"modelType\":\"contentType\",\"modelName\":\"absence\",\"connection\":\"default\",\"uid\":\"api::absence.absence\",\"apiName\":\"absence\",\"globalId\":\"Absence\",\"actions\":{},\"lifecycles\":{}},\"api::absence-type.absence-type\":{\"kind\":\"collectionType\",\"collectionName\":\"absence_types\",\"info\":{\"singularName\":\"absence-type\",\"pluralName\":\"absence-types\",\"displayName\":\"Absence type\",\"description\":\"\"},\"options\":{\"draftAndPublish\":true},\"pluginOptions\":{},\"attributes\":{\"name\":{\"type\":\"string\"},\"createdAt\":{\"type\":\"datetime\"},\"updatedAt\":{\"type\":\"datetime\"},\"publishedAt\":{\"type\":\"datetime\",\"configurable\":false,\"writable\":true,\"visible\":false},\"createdBy\":{\"type\":\"relation\",\"relation\":\"oneToOne\",\"target\":\"admin::user\",\"configurable\":false,\"writable\":false,\"visible\":false,\"useJoinTable\":false,\"private\":true},\"updatedBy\":{\"type\":\"relation\",\"relation\":\"oneToOne\",\"target\":\"admin::user\",\"configurable\":false,\"writable\":false,\"visible\":false,\"useJoinTable\":false,\"private\":true}},\"__schema__\":{\"collectionName\":\"absence_types\",\"info\":{\"singularName\":\"absence-type\",\"pluralName\":\"absence-types\",\"displayName\":\"Absence type\",\"description\":\"\"},\"options\":{\"draftAndPublish\":true},\"pluginOptions\":{},\"attributes\":{\"name\":{\"type\":\"string\"}},\"kind\":\"collectionType\"},\"modelType\":\"contentType\",\"modelName\":\"absence-type\",\"connection\":\"default\",\"uid\":\"api::absence-type.absence-type\",\"apiName\":\"absence-type\",\"globalId\":\"AbsenceType\",\"actions\":{},\"lifecycles\":{}},\"api::activity.activity\":{\"kind\":\"collectionType\",\"collectionName\":\"activities\",\"info\":{\"singularName\":\"activity\",\"pluralName\":\"activities\",\"displayName\":\"Activity\"},\"options\":{\"draftAndPublish\":false},\"pluginOptions\":{},\"attributes\":{\"name\":{\"type\":\"string\"},\"createdAt\":{\"type\":\"datetime\"},\"updatedAt\":{\"type\":\"datetime\"},\"createdBy\":{\"type\":\"relation\",\"relation\":\"oneToOne\",\"target\":\"admin::user\",\"configurable\":false,\"writable\":false,\"visible\":false,\"useJoinTable\":false,\"private\":true},\"updatedBy\":{\"type\":\"relation\",\"relation\":\"oneToOne\",\"target\":\"admin::user\",\"configurable\":false,\"writable\":false,\"visible\":false,\"useJoinTable\":false,\"private\":true}},\"__schema__\":{\"collectionName\":\"activities\",\"info\":{\"singularName\":\"activity\",\"pluralName\":\"activities\",\"displayName\":\"Activity\"},\"options\":{\"draftAndPublish\":false},\"pluginOptions\":{},\"attributes\":{\"name\":{\"type\":\"string\"}},\"kind\":\"collectionType\"},\"modelType\":\"contentType\",\"modelName\":\"activity\",\"connection\":\"default\",\"uid\":\"api::activity.activity\",\"apiName\":\"activity\",\"globalId\":\"Activity\",\"actions\":{},\"lifecycles\":{}},\"api::agency.agency\":{\"kind\":\"collectionType\",\"collectionName\":\"agencies\",\"info\":{\"singularName\":\"agency\",\"pluralName\":\"agencies\",\"displayName\":\"Agency\",\"description\":\"\"},\"options\":{\"draftAndPublish\":false},\"pluginOptions\":{},\"attributes\":{\"name\":{\"type\":\"text\"},\"users_permissions_users\":{\"type\":\"relation\",\"relation\":\"oneToMany\",\"target\":\"plugin::users-permissions.user\",\"mappedBy\":\"agency\"},\"properties\":{\"type\":\"relation\",\"relation\":\"oneToMany\",\"target\":\"api::property.property\",\"mappedBy\":\"agency\"},\"tickets\":{\"type\":\"relation\",\"relation\":\"oneToMany\",\"target\":\"api::ticket.ticket\",\"mappedBy\":\"agency\"},\"tradeName\":{\"type\":\"string\"},\"codeNafApe\":{\"type\":\"string\"},\"address\":{\"type\":\"string\"},\"city\":{\"type\":\"string\"},\"phone\":{\"type\":\"string\"},\"siren\":{\"type\":\"string\"},\"siret\":{\"type\":\"string\"},\"tva\":{\"type\":\"string\"},\"vehicles\":{\"type\":\"relation\",\"relation\":\"oneToMany\",\"target\":\"api::vehicle.vehicle\",\"mappedBy\":\"agency\"},\"tools\":{\"type\":\"relation\",\"relation\":\"oneToMany\",\"target\":\"api::tool.tool\",\"mappedBy\":\"agency\"},\"interventions\":{\"type\":\"relation\",\"relation\":\"oneToMany\",\"target\":\"api::intervention.intervention\",\"mappedBy\":\"agency\"},\"type\":{\"type\":\"string\"},\"email\":{\"type\":\"email\"},\"tiers\":{\"type\":\"relation\",\"relation\":\"manyToMany\",\"target\":\"api::tier.tier\",\"mappedBy\":\"agencies\"},\"contracts\":{\"type\":\"relation\",\"relation\":\"oneToMany\",\"target\":\"api::contract.contract\",\"mappedBy\":\"agency\"},\"expenses\":{\"type\":\"relation\",\"relation\":\"oneToMany\",\"target\":\"api::frai.frai\",\"mappedBy\":\"agency\"},\"additional_address\":{\"type\":\"string\"},\"visible_comments\":{\"type\":\"relation\",\"relation\":\"oneToMany\",\"target\":\"api::visible-comment.visible-comment\",\"mappedBy\":\"agency\"},\"no_visible_comments\":{\"type\":\"relation\",\"relation\":\"oneToMany\",\"target\":\"api::no-visible-comment.no-visible-comment\",\"mappedBy\":\"agency\"},\"zipCode\":{\"type\":\"string\"},\"createdAt\":{\"type\":\"datetime\"},\"updatedAt\":{\"type\":\"datetime\"},\"createdBy\":{\"type\":\"relation\",\"relation\":\"oneToOne\",\"target\":\"admin::user\",\"configurable\":false,\"writable\":false,\"visible\":false,\"useJoinTable\":false,\"private\":true},\"updatedBy\":{\"type\":\"relation\",\"relation\":\"oneToOne\",\"target\":\"admin::user\",\"configurable\":false,\"writable\":false,\"visible\":false,\"useJoinTable\":false,\"private\":true}},\"__schema__\":{\"collectionName\":\"agencies\",\"info\":{\"singularName\":\"agency\",\"pluralName\":\"agencies\",\"displayName\":\"Agency\",\"description\":\"\"},\"options\":{\"draftAndPublish\":false},\"pluginOptions\":{},\"attributes\":{\"name\":{\"type\":\"text\"},\"users_permissions_users\":{\"type\":\"relation\",\"relation\":\"oneToMany\",\"target\":\"plugin::users-permissions.user\",\"mappedBy\":\"agency\"},\"properties\":{\"type\":\"relation\",\"relation\":\"oneToMany\",\"target\":\"api::property.property\",\"mappedBy\":\"agency\"},\"tickets\":{\"type\":\"relation\",\"relation\":\"oneToMany\",\"target\":\"api::ticket.ticket\",\"mappedBy\":\"agency\"},\"tradeName\":{\"type\":\"string\"},\"codeNafApe\":{\"type\":\"string\"},\"address\":{\"type\":\"string\"},\"city\":{\"type\":\"string\"},\"phone\":{\"type\":\"string\"},\"siren\":{\"type\":\"string\"},\"siret\":{\"type\":\"string\"},\"tva\":{\"type\":\"string\"},\"vehicles\":{\"type\":\"relation\",\"relation\":\"oneToMany\",\"target\":\"api::vehicle.vehicle\",\"mappedBy\":\"agency\"},\"tools\":{\"type\":\"relation\",\"relation\":\"oneToMany\",\"target\":\"api::tool.tool\",\"mappedBy\":\"agency\"},\"interventions\":{\"type\":\"relation\",\"relation\":\"oneToMany\",\"target\":\"api::intervention.intervention\",\"mappedBy\":\"agency\"},\"type\":{\"type\":\"string\"},\"email\":{\"type\":\"email\"},\"tiers\":{\"type\":\"relation\",\"relation\":\"manyToMany\",\"target\":\"api::tier.tier\",\"mappedBy\":\"agencies\"},\"contracts\":{\"type\":\"relation\",\"relation\":\"oneToMany\",\"target\":\"api::contract.contract\",\"mappedBy\":\"agency\"},\"expenses\":{\"type\":\"relation\",\"relation\":\"oneToMany\",\"target\":\"api::frai.frai\",\"mappedBy\":\"agency\"},\"additional_address\":{\"type\":\"string\"},\"visible_comments\":{\"type\":\"relation\",\"relation\":\"oneToMany\",\"target\":\"api::visible-comment.visible-comment\",\"mappedBy\":\"agency\"},\"no_visible_comments\":{\"type\":\"relation\",\"relation\":\"oneToMany\",\"target\":\"api::no-visible-comment.no-visible-comment\",\"mappedBy\":\"agency\"},\"zipCode\":{\"type\":\"string\"}},\"kind\":\"collectionType\"},\"modelType\":\"contentType\",\"modelName\":\"agency\",\"connection\":\"default\",\"uid\":\"api::agency.agency\",\"apiName\":\"agency\",\"globalId\":\"Agency\",\"actions\":{},\"lifecycles\":{}},\"api::attachment-service.attachment-service\":{\"kind\":\"collectionType\",\"collectionName\":\"attachment_services\",\"info\":{\"singularName\":\"attachment-service\",\"pluralName\":\"attachment-services\",\"displayName\":\"AttachmentService\",\"description\":\"\"},\"options\":{\"draftAndPublish\":false},\"pluginOptions\":{},\"attributes\":{\"name\":{\"type\":\"string\"},\"createdAt\":{\"type\":\"datetime\"},\"updatedAt\":{\"type\":\"datetime\"},\"createdBy\":{\"type\":\"relation\",\"relation\":\"oneToOne\",\"target\":\"admin::user\",\"configurable\":false,\"writable\":false,\"visible\":false,\"useJoinTable\":false,\"private\":true},\"updatedBy\":{\"type\":\"relation\",\"relation\":\"oneToOne\",\"target\":\"admin::user\",\"configurable\":false,\"writable\":false,\"visible\":false,\"useJoinTable\":false,\"private\":true}},\"__schema__\":{\"collectionName\":\"attachment_services\",\"info\":{\"singularName\":\"attachment-service\",\"pluralName\":\"attachment-services\",\"displayName\":\"AttachmentService\",\"description\":\"\"},\"options\":{\"draftAndPublish\":false},\"pluginOptions\":{},\"attributes\":{\"name\":{\"type\":\"string\"}},\"kind\":\"collectionType\"},\"modelType\":\"contentType\",\"modelName\":\"attachment-service\",\"connection\":\"default\",\"uid\":\"api::attachment-service.attachment-service\",\"apiName\":\"attachment-service\",\"globalId\":\"AttachmentService\",\"actions\":{},\"lifecycles\":{}},\"api::authorization.authorization\":{\"kind\":\"collectionType\",\"collectionName\":\"authorizations\",\"info\":{\"singularName\":\"authorization\",\"pluralName\":\"authorizations\",\"displayName\":\"Authorization\",\"description\":\"\"},\"options\":{\"draftAndPublish\":false},\"pluginOptions\":{},\"attributes\":{\"name\":{\"type\":\"string\"},\"createdAt\":{\"type\":\"datetime\"},\"updatedAt\":{\"type\":\"datetime\"},\"createdBy\":{\"type\":\"relation\",\"relation\":\"oneToOne\",\"target\":\"admin::user\",\"configurable\":false,\"writable\":false,\"visible\":false,\"useJoinTable\":false,\"private\":true},\"updatedBy\":{\"type\":\"relation\",\"relation\":\"oneToOne\",\"target\":\"admin::user\",\"configurable\":false,\"writable\":false,\"visible\":false,\"useJoinTable\":false,\"private\":true}},\"__schema__\":{\"collectionName\":\"authorizations\",\"info\":{\"singularName\":\"authorization\",\"pluralName\":\"authorizations\",\"displayName\":\"Authorization\",\"description\":\"\"},\"options\":{\"draftAndPublish\":false},\"pluginOptions\":{},\"attributes\":{\"name\":{\"type\":\"string\"}},\"kind\":\"collectionType\"},\"modelType\":\"contentType\",\"modelName\":\"authorization\",\"connection\":\"default\",\"uid\":\"api::authorization.authorization\",\"apiName\":\"authorization\",\"globalId\":\"Authorization\",\"actions\":{},\"lifecycles\":{}},\"api::category.category\":{\"kind\":\"collectionType\",\"collectionName\":\"categories\",\"info\":{\"singularName\":\"category\",\"pluralName\":\"categories\",\"displayName\":\"Category\",\"description\":\"\"},\"options\":{\"draftAndPublish\":false},\"pluginOptions\":{},\"attributes\":{\"name\":{\"type\":\"string\"},\"demande\":{\"type\":\"boolean\",\"required\":true},\"natures\":{\"type\":\"relation\",\"relation\":\"oneToMany\",\"target\":\"api::nature.nature\",\"mappedBy\":\"category\"},\"createdAt\":{\"type\":\"datetime\"},\"updatedAt\":{\"type\":\"datetime\"},\"createdBy\":{\"type\":\"relation\",\"relation\":\"oneToOne\",\"target\":\"admin::user\",\"configurable\":false,\"writable\":false,\"visible\":false,\"useJoinTable\":false,\"private\":true},\"updatedBy\":{\"type\":\"relation\",\"relation\":\"oneToOne\",\"target\":\"admin::user\",\"configurable\":false,\"writable\":false,\"visible\":false,\"useJoinTable\":false,\"private\":true}},\"__schema__\":{\"collectionName\":\"categories\",\"info\":{\"singularName\":\"category\",\"pluralName\":\"categories\",\"displayName\":\"Category\",\"description\":\"\"},\"options\":{\"draftAndPublish\":false},\"pluginOptions\":{},\"attributes\":{\"name\":{\"type\":\"string\"},\"demande\":{\"type\":\"boolean\",\"required\":true},\"natures\":{\"type\":\"relation\",\"relation\":\"oneToMany\",\"target\":\"api::nature.nature\",\"mappedBy\":\"category\"}},\"kind\":\"collectionType\"},\"modelType\":\"contentType\",\"modelName\":\"category\",\"connection\":\"default\",\"uid\":\"api::category.category\",\"apiName\":\"category\",\"globalId\":\"Category\",\"actions\":{},\"lifecycles\":{}},\"api::certificate.certificate\":{\"kind\":\"collectionType\",\"collectionName\":\"certificates\",\"info\":{\"singularName\":\"certificate\",\"pluralName\":\"certificates\",\"displayName\":\"Certificate\",\"description\":\"\"},\"options\":{\"draftAndPublish\":false},\"pluginOptions\":{},\"attributes\":{\"name\":{\"type\":\"string\"},\"createdAt\":{\"type\":\"datetime\"},\"updatedAt\":{\"type\":\"datetime\"},\"createdBy\":{\"type\":\"relation\",\"relation\":\"oneToOne\",\"target\":\"admin::user\",\"configurable\":false,\"writable\":false,\"visible\":false,\"useJoinTable\":false,\"private\":true},\"updatedBy\":{\"type\":\"relation\",\"relation\":\"oneToOne\",\"target\":\"admin::user\",\"configurable\":false,\"writable\":false,\"visible\":false,\"useJoinTable\":false,\"private\":true}},\"__schema__\":{\"collectionName\":\"certificates\",\"info\":{\"singularName\":\"certificate\",\"pluralName\":\"certificates\",\"displayName\":\"Certificate\",\"description\":\"\"},\"options\":{\"draftAndPublish\":false},\"pluginOptions\":{},\"attributes\":{\"name\":{\"type\":\"string\"}},\"kind\":\"collectionType\"},\"modelType\":\"contentType\",\"modelName\":\"certificate\",\"connection\":\"default\",\"uid\":\"api::certificate.certificate\",\"apiName\":\"certificate\",\"globalId\":\"Certificate\",\"actions\":{},\"lifecycles\":{}},\"api::client-contract-service.client-contract-service\":{\"kind\":\"collectionType\",\"collectionName\":\"client_contract_services\",\"info\":{\"singularName\":\"client-contract-service\",\"pluralName\":\"client-contract-services\",\"displayName\":\"client_contract_service\"},\"options\":{\"draftAndPublish\":true},\"pluginOptions\":{},\"attributes\":{\"name\":{\"type\":\"string\"},\"createdAt\":{\"type\":\"datetime\"},\"updatedAt\":{\"type\":\"datetime\"},\"publishedAt\":{\"type\":\"datetime\",\"configurable\":false,\"writable\":true,\"visible\":false},\"createdBy\":{\"type\":\"relation\",\"relation\":\"oneToOne\",\"target\":\"admin::user\",\"configurable\":false,\"writable\":false,\"visible\":false,\"useJoinTable\":false,\"private\":true},\"updatedBy\":{\"type\":\"relation\",\"relation\":\"oneToOne\",\"target\":\"admin::user\",\"configurable\":false,\"writable\":false,\"visible\":false,\"useJoinTable\":false,\"private\":true}},\"__schema__\":{\"collectionName\":\"client_contract_services\",\"info\":{\"singularName\":\"client-contract-service\",\"pluralName\":\"client-contract-services\",\"displayName\":\"client_contract_service\"},\"options\":{\"draftAndPublish\":true},\"pluginOptions\":{},\"attributes\":{\"name\":{\"type\":\"string\"}},\"kind\":\"collectionType\"},\"modelType\":\"contentType\",\"modelName\":\"client-contract-service\",\"connection\":\"default\",\"uid\":\"api::client-contract-service.client-contract-service\",\"apiName\":\"client-contract-service\",\"globalId\":\"ClientContractService\",\"actions\":{},\"lifecycles\":{}},\"api::coefficient.coefficient\":{\"kind\":\"collectionType\",\"collectionName\":\"coefficients\",\"info\":{\"singularName\":\"coefficient\",\"pluralName\":\"coefficients\",\"displayName\":\"Coefficient\",\"description\":\"\"},\"options\":{\"draftAndPublish\":false},\"pluginOptions\":{},\"attributes\":{\"name\":{\"type\":\"string\"},\"createdAt\":{\"type\":\"datetime\"},\"updatedAt\":{\"type\":\"datetime\"},\"createdBy\":{\"type\":\"relation\",\"relation\":\"oneToOne\",\"target\":\"admin::user\",\"configurable\":false,\"writable\":false,\"visible\":false,\"useJoinTable\":false,\"private\":true},\"updatedBy\":{\"type\":\"relation\",\"relation\":\"oneToOne\",\"target\":\"admin::user\",\"configurable\":false,\"writable\":false,\"visible\":false,\"useJoinTable\":false,\"private\":true}},\"__schema__\":{\"collectionName\":\"coefficients\",\"info\":{\"singularName\":\"coefficient\",\"pluralName\":\"coefficients\",\"displayName\":\"Coefficient\",\"description\":\"\"},\"options\":{\"draftAndPublish\":false},\"pluginOptions\":{},\"attributes\":{\"name\":{\"type\":\"string\"}},\"kind\":\"collectionType\"},\"modelType\":\"contentType\",\"modelName\":\"coefficient\",\"connection\":\"default\",\"uid\":\"api::coefficient.coefficient\",\"apiName\":\"coefficient\",\"globalId\":\"Coefficient\",\"actions\":{},\"lifecycles\":{}},\"api::comment.comment\":{\"kind\":\"collectionType\",\"collectionName\":\"comments\",\"info\":{\"singularName\":\"comment\",\"pluralName\":\"comments\",\"displayName\":\"Comment\",\"description\":\"\"},\"options\":{\"draftAndPublish\":false},\"pluginOptions\":{},\"attributes\":{\"message\":{\"type\":\"text\"},\"ticket\":{\"type\":\"relation\",\"relation\":\"manyToOne\",\"target\":\"api::ticket.ticket\",\"inversedBy\":\"comments\"},\"users_permissions_user\":{\"type\":\"relation\",\"relation\":\"manyToOne\",\"target\":\"plugin::users-permissions.user\",\"inversedBy\":\"comments\"},\"seen\":{\"type\":\"boolean\",\"default\":false},\"createdAt\":{\"type\":\"datetime\"},\"updatedAt\":{\"type\":\"datetime\"},\"createdBy\":{\"type\":\"relation\",\"relation\":\"oneToOne\",\"target\":\"admin::user\",\"configurable\":false,\"writable\":false,\"visible\":false,\"useJoinTable\":false,\"private\":true},\"updatedBy\":{\"type\":\"relation\",\"relation\":\"oneToOne\",\"target\":\"admin::user\",\"configurable\":false,\"writable\":false,\"visible\":false,\"useJoinTable\":false,\"private\":true}},\"__schema__\":{\"collectionName\":\"comments\",\"info\":{\"singularName\":\"comment\",\"pluralName\":\"comments\",\"displayName\":\"Comment\",\"description\":\"\"},\"options\":{\"draftAndPublish\":false},\"pluginOptions\":{},\"attributes\":{\"message\":{\"type\":\"text\"},\"ticket\":{\"type\":\"relation\",\"relation\":\"manyToOne\",\"target\":\"api::ticket.ticket\",\"inversedBy\":\"comments\"},\"users_permissions_user\":{\"type\":\"relation\",\"relation\":\"manyToOne\",\"target\":\"plugin::users-permissions.user\",\"inversedBy\":\"comments\"},\"seen\":{\"type\":\"boolean\",\"default\":false}},\"kind\":\"collectionType\"},\"modelType\":\"contentType\",\"modelName\":\"comment\",\"connection\":\"default\",\"uid\":\"api::comment.comment\",\"apiName\":\"comment\",\"globalId\":\"Comment\",\"actions\":{},\"lifecycles\":{}},\"api::contract.contract\":{\"kind\":\"collectionType\",\"collectionName\":\"contracts\",\"info\":{\"singularName\":\"contract\",\"pluralName\":\"contracts\",\"displayName\":\"Contract\",\"description\":\"\"},\"options\":{\"draftAndPublish\":false},\"pluginOptions\":{},\"attributes\":{\"name\":{\"type\":\"string\"},\"property\":{\"type\":\"relation\",\"relation\":\"manyToOne\",\"target\":\"api::property.property\",\"inversedBy\":\"contracts\"},\"startDate\":{\"type\":\"date\"},\"endDate\":{\"type\":\"date\"},\"file\":{\"type\":\"media\",\"multiple\":false,\"required\":false,\"allowedTypes\":[\"files\",\"images\",\"videos\",\"audios\"]},\"state\":{\"type\":\"string\"},\"agency\":{\"type\":\"relation\",\"relation\":\"manyToOne\",\"target\":\"api::agency.agency\",\"inversedBy\":\"contracts\"},\"billing\":{\"type\":\"string\"},\"total\":{\"type\":\"decimal\"},\"communicationManagement\":{\"type\":\"biginteger\"},\"interventionHours\":{\"type\":\"biginteger\"},\"socialReason\":{\"type\":\"string\"},\"mailSociety\":{\"type\":\"email\"},\"phoneSociety\":{\"type\":\"string\"},\"addressSociety\":{\"type\":\"string\"},\"zipCodeSociety\":{\"type\":\"string\"},\"citySociety\":{\"type\":\"string\"},\"astreinte\":{\"type\":\"string\"},\"firstname\":{\"type\":\"string\"},\"lastname\":{\"type\":\"string\"},\"mail\":{\"type\":\"email\"},\"phone\":{\"type\":\"string\"},\"contactFirt\":{\"type\":\"string\"},\"contactSecond\":{\"type\":\"string\"},\"reference\":{\"type\":\"string\"},\"object\":{\"type\":\"string\"},\"activity\":{\"type\":\"string\"},\"users\":{\"type\":\"relation\",\"relation\":\"oneToMany\",\"target\":\"plugin::users-permissions.user\"},\"deadline\":{\"type\":\"date\"},\"annualSolicitationPrice\":{\"type\":\"decimal\"},\"annualTravelPrice\":{\"type\":\"decimal\"},\"annualHoursOutContract\":{\"type\":\"biginteger\"},\"duration\":{\"type\":\"string\"},\"address\":{\"type\":\"string\"},\"zipCode\":{\"type\":\"string\"},\"city\":{\"type\":\"string\"},\"dateOfBirth\":{\"type\":\"string\"},\"secuNumber\":{\"type\":\"string\"},\"mailPro\":{\"type\":\"email\"},\"phonePro\":{\"type\":\"string\"},\"hoursWorked\":{\"type\":\"string\"},\"functions\":{\"type\":\"relation\",\"relation\":\"oneToMany\",\"target\":\"api::function.function\"},\"coefficients\":{\"type\":\"relation\",\"relation\":\"oneToMany\",\"target\":\"api::coefficient.coefficient\"},\"attachmentServices\":{\"type\":\"relation\",\"relation\":\"oneToMany\",\"target\":\"api::attachment-service.attachment-service\"},\"skills\":{\"type\":\"relation\",\"relation\":\"oneToMany\",\"target\":\"api::skill.skill\"},\"certificates\":{\"type\":\"relation\",\"relation\":\"oneToMany\",\"target\":\"api::certificate.certificate\"},\"authorizations\":{\"type\":\"relation\",\"relation\":\"oneToMany\",\"target\":\"api::authorization.authorization\"},\"daysWorkeds\":{\"type\":\"relation\",\"relation\":\"oneToMany\",\"target\":\"api::days-worked.days-worked\"},\"lineManagers\":{\"type\":\"relation\",\"relation\":\"oneToMany\",\"target\":\"plugin::users-permissions.user\"},\"client_contract_services\":{\"type\":\"relation\",\"relation\":\"oneToMany\",\"target\":\"api::client-contract-service.client-contract-service\"},\"annualHours\":{\"type\":\"decimal\"},\"logo\":{\"type\":\"media\",\"multiple\":false,\"required\":false,\"allowedTypes\":[\"images\",\"files\",\"videos\",\"audios\"]},\"createdAt\":{\"type\":\"datetime\"},\"updatedAt\":{\"type\":\"datetime\"},\"createdBy\":{\"type\":\"relation\",\"relation\":\"oneToOne\",\"target\":\"admin::user\",\"configurable\":false,\"writable\":false,\"visible\":false,\"useJoinTable\":false,\"private\":true},\"updatedBy\":{\"type\":\"relation\",\"relation\":\"oneToOne\",\"target\":\"admin::user\",\"configurable\":false,\"writable\":false,\"visible\":false,\"useJoinTable\":false,\"private\":true}},\"__schema__\":{\"collectionName\":\"contracts\",\"info\":{\"singularName\":\"contract\",\"pluralName\":\"contracts\",\"displayName\":\"Contract\",\"description\":\"\"},\"options\":{\"draftAndPublish\":false},\"pluginOptions\":{},\"attributes\":{\"name\":{\"type\":\"string\"},\"property\":{\"type\":\"relation\",\"relation\":\"manyToOne\",\"target\":\"api::property.property\",\"inversedBy\":\"contracts\"},\"startDate\":{\"type\":\"date\"},\"endDate\":{\"type\":\"date\"},\"file\":{\"type\":\"media\",\"multiple\":false,\"required\":false,\"allowedTypes\":[\"files\",\"images\",\"videos\",\"audios\"]},\"state\":{\"type\":\"string\"},\"agency\":{\"type\":\"relation\",\"relation\":\"manyToOne\",\"target\":\"api::agency.agency\",\"inversedBy\":\"contracts\"},\"billing\":{\"type\":\"string\"},\"total\":{\"type\":\"decimal\"},\"communicationManagement\":{\"type\":\"biginteger\"},\"interventionHours\":{\"type\":\"biginteger\"},\"socialReason\":{\"type\":\"string\"},\"mailSociety\":{\"type\":\"email\"},\"phoneSociety\":{\"type\":\"string\"},\"addressSociety\":{\"type\":\"string\"},\"zipCodeSociety\":{\"type\":\"string\"},\"citySociety\":{\"type\":\"string\"},\"astreinte\":{\"type\":\"string\"},\"firstname\":{\"type\":\"string\"},\"lastname\":{\"type\":\"string\"},\"mail\":{\"type\":\"email\"},\"phone\":{\"type\":\"string\"},\"contactFirt\":{\"type\":\"string\"},\"contactSecond\":{\"type\":\"string\"},\"reference\":{\"type\":\"string\"},\"object\":{\"type\":\"string\"},\"activity\":{\"type\":\"string\"},\"users\":{\"type\":\"relation\",\"relation\":\"oneToMany\",\"target\":\"plugin::users-permissions.user\"},\"deadline\":{\"type\":\"date\"},\"annualSolicitationPrice\":{\"type\":\"decimal\"},\"annualTravelPrice\":{\"type\":\"decimal\"},\"annualHoursOutContract\":{\"type\":\"biginteger\"},\"duration\":{\"type\":\"string\"},\"address\":{\"type\":\"string\"},\"zipCode\":{\"type\":\"string\"},\"city\":{\"type\":\"string\"},\"dateOfBirth\":{\"type\":\"string\"},\"secuNumber\":{\"type\":\"string\"},\"mailPro\":{\"type\":\"email\"},\"phonePro\":{\"type\":\"string\"},\"hoursWorked\":{\"type\":\"string\"},\"functions\":{\"type\":\"relation\",\"relation\":\"oneToMany\",\"target\":\"api::function.function\"},\"coefficients\":{\"type\":\"relation\",\"relation\":\"oneToMany\",\"target\":\"api::coefficient.coefficient\"},\"attachmentServices\":{\"type\":\"relation\",\"relation\":\"oneToMany\",\"target\":\"api::attachment-service.attachment-service\"},\"skills\":{\"type\":\"relation\",\"relation\":\"oneToMany\",\"target\":\"api::skill.skill\"},\"certificates\":{\"type\":\"relation\",\"relation\":\"oneToMany\",\"target\":\"api::certificate.certificate\"},\"authorizations\":{\"type\":\"relation\",\"relation\":\"oneToMany\",\"target\":\"api::authorization.authorization\"},\"daysWorkeds\":{\"type\":\"relation\",\"relation\":\"oneToMany\",\"target\":\"api::days-worked.days-worked\"},\"lineManagers\":{\"type\":\"relation\",\"relation\":\"oneToMany\",\"target\":\"plugin::users-permissions.user\"},\"client_contract_services\":{\"type\":\"relation\",\"relation\":\"oneToMany\",\"target\":\"api::client-contract-service.client-contract-service\"},\"annualHours\":{\"type\":\"decimal\"},\"logo\":{\"type\":\"media\",\"multiple\":false,\"required\":false,\"allowedTypes\":[\"images\",\"files\",\"videos\",\"audios\"]}},\"kind\":\"collectionType\"},\"modelType\":\"contentType\",\"modelName\":\"contract\",\"connection\":\"default\",\"uid\":\"api::contract.contract\",\"apiName\":\"contract\",\"globalId\":\"Contract\",\"actions\":{},\"lifecycles\":{}},\"api::days-worked.days-worked\":{\"kind\":\"collectionType\",\"collectionName\":\"days_workeds\",\"info\":{\"singularName\":\"days-worked\",\"pluralName\":\"days-workeds\",\"displayName\":\"DaysWorked\",\"description\":\"\"},\"options\":{\"draftAndPublish\":false},\"pluginOptions\":{},\"attributes\":{\"name\":{\"type\":\"string\"},\"createdAt\":{\"type\":\"datetime\"},\"updatedAt\":{\"type\":\"datetime\"},\"createdBy\":{\"type\":\"relation\",\"relation\":\"oneToOne\",\"target\":\"admin::user\",\"configurable\":false,\"writable\":false,\"visible\":false,\"useJoinTable\":false,\"private\":true},\"updatedBy\":{\"type\":\"relation\",\"relation\":\"oneToOne\",\"target\":\"admin::user\",\"configurable\":false,\"writable\":false,\"visible\":false,\"useJoinTable\":false,\"private\":true}},\"__schema__\":{\"collectionName\":\"days_workeds\",\"info\":{\"singularName\":\"days-worked\",\"pluralName\":\"days-workeds\",\"displayName\":\"DaysWorked\",\"description\":\"\"},\"options\":{\"draftAndPublish\":false},\"pluginOptions\":{},\"attributes\":{\"name\":{\"type\":\"string\"}},\"kind\":\"collectionType\"},\"modelType\":\"contentType\",\"modelName\":\"days-worked\",\"connection\":\"default\",\"uid\":\"api::days-worked.days-worked\",\"apiName\":\"days-worked\",\"globalId\":\"DaysWorked\",\"actions\":{},\"lifecycles\":{}},\"api::employee-contract.employee-contract\":{\"kind\":\"collectionType\",\"collectionName\":\"employee_contracts\",\"info\":{\"singularName\":\"employee-contract\",\"pluralName\":\"employee-contracts\",\"displayName\":\"employee_contract\",\"description\":\"\"},\"options\":{\"draftAndPublish\":true},\"pluginOptions\":{},\"attributes\":{\"lastname\":{\"type\":\"string\"},\"firstname\":{\"type\":\"string\"},\"birth_date\":{\"type\":\"date\"},\"social_security_number\":{\"type\":\"string\"},\"address\":{\"type\":\"string\"},\"zip_code\":{\"type\":\"string\"},\"city\":{\"type\":\"string\"},\"personal_mail\":{\"type\":\"email\"},\"professional_mail\":{\"type\":\"email\"},\"personal_phone\":{\"type\":\"string\"},\"professional_phone\":{\"type\":\"string\"},\"start_date\":{\"type\":\"date\"},\"end_date\":{\"type\":\"date\"},\"state\":{\"type\":\"string\"},\"functions\":{\"type\":\"relation\",\"relation\":\"oneToMany\",\"target\":\"api::function.function\"},\"coefficients\":{\"type\":\"relation\",\"relation\":\"oneToMany\",\"target\":\"api::coefficient.coefficient\"},\"attachment_services\":{\"type\":\"relation\",\"relation\":\"oneToMany\",\"target\":\"api::attachment-service.attachment-service\"},\"superiors\":{\"type\":\"relation\",\"relation\":\"oneToMany\",\"target\":\"plugin::users-permissions.user\"},\"skills\":{\"type\":\"relation\",\"relation\":\"oneToMany\",\"target\":\"api::skill.skill\"},\"certificates\":{\"type\":\"relation\",\"relation\":\"oneToMany\",\"target\":\"api::certificate.certificate\"},\"authorizations\":{\"type\":\"relation\",\"relation\":\"oneToMany\",\"target\":\"api::authorization.authorization\"},\"hours_worked\":{\"type\":\"integer\"},\"files\":{\"type\":\"media\",\"multiple\":true,\"required\":false,\"allowedTypes\":[\"images\",\"files\",\"videos\",\"audios\"]},\"days_workeds\":{\"type\":\"relation\",\"relation\":\"oneToMany\",\"target\":\"api::days-worked.days-worked\"},\"user\":{\"type\":\"relation\",\"relation\":\"oneToOne\",\"target\":\"plugin::users-permissions.user\",\"inversedBy\":\"employee_contract\"},\"createdAt\":{\"type\":\"datetime\"},\"updatedAt\":{\"type\":\"datetime\"},\"publishedAt\":{\"type\":\"datetime\",\"configurable\":false,\"writable\":true,\"visible\":false},\"createdBy\":{\"type\":\"relation\",\"relation\":\"oneToOne\",\"target\":\"admin::user\",\"configurable\":false,\"writable\":false,\"visible\":false,\"useJoinTable\":false,\"private\":true},\"updatedBy\":{\"type\":\"relation\",\"relation\":\"oneToOne\",\"target\":\"admin::user\",\"configurable\":false,\"writable\":false,\"visible\":false,\"useJoinTable\":false,\"private\":true}},\"__schema__\":{\"collectionName\":\"employee_contracts\",\"info\":{\"singularName\":\"employee-contract\",\"pluralName\":\"employee-contracts\",\"displayName\":\"employee_contract\",\"description\":\"\"},\"options\":{\"draftAndPublish\":true},\"pluginOptions\":{},\"attributes\":{\"lastname\":{\"type\":\"string\"},\"firstname\":{\"type\":\"string\"},\"birth_date\":{\"type\":\"date\"},\"social_security_number\":{\"type\":\"string\"},\"address\":{\"type\":\"string\"},\"zip_code\":{\"type\":\"string\"},\"city\":{\"type\":\"string\"},\"personal_mail\":{\"type\":\"email\"},\"professional_mail\":{\"type\":\"email\"},\"personal_phone\":{\"type\":\"string\"},\"professional_phone\":{\"type\":\"string\"},\"start_date\":{\"type\":\"date\"},\"end_date\":{\"type\":\"date\"},\"state\":{\"type\":\"string\"},\"functions\":{\"type\":\"relation\",\"relation\":\"oneToMany\",\"target\":\"api::function.function\"},\"coefficients\":{\"type\":\"relation\",\"relation\":\"oneToMany\",\"target\":\"api::coefficient.coefficient\"},\"attachment_services\":{\"type\":\"relation\",\"relation\":\"oneToMany\",\"target\":\"api::attachment-service.attachment-service\"},\"superiors\":{\"type\":\"relation\",\"relation\":\"oneToMany\",\"target\":\"plugin::users-permissions.user\"},\"skills\":{\"type\":\"relation\",\"relation\":\"oneToMany\",\"target\":\"api::skill.skill\"},\"certificates\":{\"type\":\"relation\",\"relation\":\"oneToMany\",\"target\":\"api::certificate.certificate\"},\"authorizations\":{\"type\":\"relation\",\"relation\":\"oneToMany\",\"target\":\"api::authorization.authorization\"},\"hours_worked\":{\"type\":\"integer\"},\"files\":{\"type\":\"media\",\"multiple\":true,\"required\":false,\"allowedTypes\":[\"images\",\"files\",\"videos\",\"audios\"]},\"days_workeds\":{\"type\":\"relation\",\"relation\":\"oneToMany\",\"target\":\"api::days-worked.days-worked\"},\"user\":{\"type\":\"relation\",\"relation\":\"oneToOne\",\"target\":\"plugin::users-permissions.user\",\"inversedBy\":\"employee_contract\"}},\"kind\":\"collectionType\"},\"modelType\":\"contentType\",\"modelName\":\"employee-contract\",\"connection\":\"default\",\"uid\":\"api::employee-contract.employee-contract\",\"apiName\":\"employee-contract\",\"globalId\":\"EmployeeContract\",\"actions\":{},\"lifecycles\":{}},\"api::employee-contract-service.employee-contract-service\":{\"kind\":\"collectionType\",\"collectionName\":\"employee_contract_services\",\"info\":{\"singularName\":\"employee-contract-service\",\"pluralName\":\"employee-contract-services\",\"displayName\":\"employee_contract_service\"},\"options\":{\"draftAndPublish\":true},\"pluginOptions\":{},\"attributes\":{\"name\":{\"type\":\"string\"},\"createdAt\":{\"type\":\"datetime\"},\"updatedAt\":{\"type\":\"datetime\"},\"publishedAt\":{\"type\":\"datetime\",\"configurable\":false,\"writable\":true,\"visible\":false},\"createdBy\":{\"type\":\"relation\",\"relation\":\"oneToOne\",\"target\":\"admin::user\",\"configurable\":false,\"writable\":false,\"visible\":false,\"useJoinTable\":false,\"private\":true},\"updatedBy\":{\"type\":\"relation\",\"relation\":\"oneToOne\",\"target\":\"admin::user\",\"configurable\":false,\"writable\":false,\"visible\":false,\"useJoinTable\":false,\"private\":true}},\"__schema__\":{\"collectionName\":\"employee_contract_services\",\"info\":{\"singularName\":\"employee-contract-service\",\"pluralName\":\"employee-contract-services\",\"displayName\":\"employee_contract_service\"},\"options\":{\"draftAndPublish\":true},\"pluginOptions\":{},\"attributes\":{\"name\":{\"type\":\"string\"}},\"kind\":\"collectionType\"},\"modelType\":\"contentType\",\"modelName\":\"employee-contract-service\",\"connection\":\"default\",\"uid\":\"api::employee-contract-service.employee-contract-service\",\"apiName\":\"employee-contract-service\",\"globalId\":\"EmployeeContractService\",\"actions\":{},\"lifecycles\":{}},\"api::equipment-of-site.equipment-of-site\":{\"kind\":\"collectionType\",\"collectionName\":\"equipment_of_sites\",\"info\":{\"singularName\":\"equipment-of-site\",\"pluralName\":\"equipment-of-sites\",\"displayName\":\"equipmentOfSite\",\"description\":\"\"},\"options\":{\"draftAndPublish\":true},\"pluginOptions\":{},\"attributes\":{\"title\":{\"type\":\"string\"},\"properties\":{\"type\":\"relation\",\"relation\":\"manyToMany\",\"target\":\"api::property.property\",\"inversedBy\":\"equipment_of_sites\"},\"createdAt\":{\"type\":\"datetime\"},\"updatedAt\":{\"type\":\"datetime\"},\"publishedAt\":{\"type\":\"datetime\",\"configurable\":false,\"writable\":true,\"visible\":false},\"createdBy\":{\"type\":\"relation\",\"relation\":\"oneToOne\",\"target\":\"admin::user\",\"configurable\":false,\"writable\":false,\"visible\":false,\"useJoinTable\":false,\"private\":true},\"updatedBy\":{\"type\":\"relation\",\"relation\":\"oneToOne\",\"target\":\"admin::user\",\"configurable\":false,\"writable\":false,\"visible\":false,\"useJoinTable\":false,\"private\":true}},\"__schema__\":{\"collectionName\":\"equipment_of_sites\",\"info\":{\"singularName\":\"equipment-of-site\",\"pluralName\":\"equipment-of-sites\",\"displayName\":\"equipmentOfSite\",\"description\":\"\"},\"options\":{\"draftAndPublish\":true},\"pluginOptions\":{},\"attributes\":{\"title\":{\"type\":\"string\"},\"properties\":{\"type\":\"relation\",\"relation\":\"manyToMany\",\"target\":\"api::property.property\",\"inversedBy\":\"equipment_of_sites\"}},\"kind\":\"collectionType\"},\"modelType\":\"contentType\",\"modelName\":\"equipment-of-site\",\"connection\":\"default\",\"uid\":\"api::equipment-of-site.equipment-of-site\",\"apiName\":\"equipment-of-site\",\"globalId\":\"EquipmentOfSite\",\"actions\":{},\"lifecycles\":{}},\"api::expense-content.expense-content\":{\"kind\":\"collectionType\",\"collectionName\":\"expenses_contents\",\"info\":{\"singularName\":\"expense-content\",\"pluralName\":\"expenses-contents\",\"displayName\":\"ExpensesContent\",\"description\":\"\"},\"options\":{\"draftAndPublish\":true},\"pluginOptions\":{},\"attributes\":{\"date\":{\"type\":\"date\",\"required\":false},\"category\":{\"type\":\"string\",\"required\":true},\"description\":{\"type\":\"string\"},\"amount\":{\"type\":\"decimal\",\"required\":true},\"vat\":{\"type\":\"decimal\",\"required\":true},\"file\":{\"type\":\"media\",\"multiple\":false,\"required\":false,\"allowedTypes\":[\"images\",\"files\",\"videos\",\"audios\"]},\"expense\":{\"type\":\"relation\",\"relation\":\"manyToOne\",\"target\":\"api::frai.frai\",\"inversedBy\":\"expenses_contents\"},\"createdAt\":{\"type\":\"datetime\"},\"updatedAt\":{\"type\":\"datetime\"},\"publishedAt\":{\"type\":\"datetime\",\"configurable\":false,\"writable\":true,\"visible\":false},\"createdBy\":{\"type\":\"relation\",\"relation\":\"oneToOne\",\"target\":\"admin::user\",\"configurable\":false,\"writable\":false,\"visible\":false,\"useJoinTable\":false,\"private\":true},\"updatedBy\":{\"type\":\"relation\",\"relation\":\"oneToOne\",\"target\":\"admin::user\",\"configurable\":false,\"writable\":false,\"visible\":false,\"useJoinTable\":false,\"private\":true}},\"__schema__\":{\"collectionName\":\"expenses_contents\",\"info\":{\"singularName\":\"expense-content\",\"pluralName\":\"expenses-contents\",\"displayName\":\"ExpensesContent\",\"description\":\"\"},\"options\":{\"draftAndPublish\":true},\"pluginOptions\":{},\"attributes\":{\"date\":{\"type\":\"date\",\"required\":false},\"category\":{\"type\":\"string\",\"required\":true},\"description\":{\"type\":\"string\"},\"amount\":{\"type\":\"decimal\",\"required\":true},\"vat\":{\"type\":\"decimal\",\"required\":true},\"file\":{\"type\":\"media\",\"multiple\":false,\"required\":false,\"allowedTypes\":[\"images\",\"files\",\"videos\",\"audios\"]},\"expense\":{\"type\":\"relation\",\"relation\":\"manyToOne\",\"target\":\"api::frai.frai\",\"inversedBy\":\"expenses_contents\"}},\"kind\":\"collectionType\"},\"modelType\":\"contentType\",\"modelName\":\"expense-content\",\"connection\":\"default\",\"uid\":\"api::expense-content.expense-content\",\"apiName\":\"expense-content\",\"globalId\":\"ExpenseContent\",\"actions\":{},\"lifecycles\":{}},\"api::expenses-type.expenses-type\":{\"kind\":\"collectionType\",\"collectionName\":\"expenses_types\",\"info\":{\"singularName\":\"expenses-type\",\"pluralName\":\"expenses-types\",\"displayName\":\"ExpensesTypes\"},\"options\":{\"draftAndPublish\":true},\"pluginOptions\":{},\"attributes\":{\"name\":{\"type\":\"string\"},\"createdAt\":{\"type\":\"datetime\"},\"updatedAt\":{\"type\":\"datetime\"},\"publishedAt\":{\"type\":\"datetime\",\"configurable\":false,\"writable\":true,\"visible\":false},\"createdBy\":{\"type\":\"relation\",\"relation\":\"oneToOne\",\"target\":\"admin::user\",\"configurable\":false,\"writable\":false,\"visible\":false,\"useJoinTable\":false,\"private\":true},\"updatedBy\":{\"type\":\"relation\",\"relation\":\"oneToOne\",\"target\":\"admin::user\",\"configurable\":false,\"writable\":false,\"visible\":false,\"useJoinTable\":false,\"private\":true}},\"__schema__\":{\"collectionName\":\"expenses_types\",\"info\":{\"singularName\":\"expenses-type\",\"pluralName\":\"expenses-types\",\"displayName\":\"ExpensesTypes\"},\"options\":{\"draftAndPublish\":true},\"pluginOptions\":{},\"attributes\":{\"name\":{\"type\":\"string\"}},\"kind\":\"collectionType\"},\"modelType\":\"contentType\",\"modelName\":\"expenses-type\",\"connection\":\"default\",\"uid\":\"api::expenses-type.expenses-type\",\"apiName\":\"expenses-type\",\"globalId\":\"ExpensesType\",\"actions\":{},\"lifecycles\":{}},\"api::fluid.fluid\":{\"kind\":\"collectionType\",\"collectionName\":\"fluids\",\"info\":{\"singularName\":\"fluid\",\"pluralName\":\"fluids\",\"displayName\":\"fluid\"},\"options\":{\"draftAndPublish\":true},\"pluginOptions\":{},\"attributes\":{\"title\":{\"type\":\"string\"},\"properties\":{\"type\":\"relation\",\"relation\":\"manyToMany\",\"target\":\"api::property.property\",\"mappedBy\":\"fluids\"},\"createdAt\":{\"type\":\"datetime\"},\"updatedAt\":{\"type\":\"datetime\"},\"publishedAt\":{\"type\":\"datetime\",\"configurable\":false,\"writable\":true,\"visible\":false},\"createdBy\":{\"type\":\"relation\",\"relation\":\"oneToOne\",\"target\":\"admin::user\",\"configurable\":false,\"writable\":false,\"visible\":false,\"useJoinTable\":false,\"private\":true},\"updatedBy\":{\"type\":\"relation\",\"relation\":\"oneToOne\",\"target\":\"admin::user\",\"configurable\":false,\"writable\":false,\"visible\":false,\"useJoinTable\":false,\"private\":true}},\"__schema__\":{\"collectionName\":\"fluids\",\"info\":{\"singularName\":\"fluid\",\"pluralName\":\"fluids\",\"displayName\":\"fluid\"},\"options\":{\"draftAndPublish\":true},\"pluginOptions\":{},\"attributes\":{\"title\":{\"type\":\"string\"},\"properties\":{\"type\":\"relation\",\"relation\":\"manyToMany\",\"target\":\"api::property.property\",\"mappedBy\":\"fluids\"}},\"kind\":\"collectionType\"},\"modelType\":\"contentType\",\"modelName\":\"fluid\",\"connection\":\"default\",\"uid\":\"api::fluid.fluid\",\"apiName\":\"fluid\",\"globalId\":\"Fluid\",\"actions\":{},\"lifecycles\":{}},\"api::frai.frai\":{\"kind\":\"collectionType\",\"collectionName\":\"frais\",\"info\":{\"singularName\":\"frai\",\"pluralName\":\"frais\",\"displayName\":\"Expenses\",\"description\":\"\"},\"options\":{\"draftAndPublish\":true},\"pluginOptions\":{},\"attributes\":{\"name\":{\"type\":\"string\"},\"amount\":{\"type\":\"decimal\"},\"image\":{\"type\":\"media\",\"multiple\":false,\"required\":false,\"allowedTypes\":[\"images\",\"files\",\"videos\",\"audios\"]},\"users_frai\":{\"type\":\"relation\",\"relation\":\"oneToOne\",\"target\":\"plugin::users-permissions.user\",\"inversedBy\":\"frai\"},\"state\":{\"type\":\"string\"},\"expenses_contents\":{\"type\":\"relation\",\"relation\":\"oneToMany\",\"target\":\"api::expense-content.expense-content\",\"mappedBy\":\"expense\"},\"agency\":{\"type\":\"relation\",\"relation\":\"manyToOne\",\"target\":\"api::agency.agency\",\"inversedBy\":\"expenses\"},\"firstname\":{\"type\":\"string\"},\"lastname\":{\"type\":\"string\"},\"createdAt\":{\"type\":\"datetime\"},\"updatedAt\":{\"type\":\"datetime\"},\"publishedAt\":{\"type\":\"datetime\",\"configurable\":false,\"writable\":true,\"visible\":false},\"createdBy\":{\"type\":\"relation\",\"relation\":\"oneToOne\",\"target\":\"admin::user\",\"configurable\":false,\"writable\":false,\"visible\":false,\"useJoinTable\":false,\"private\":true},\"updatedBy\":{\"type\":\"relation\",\"relation\":\"oneToOne\",\"target\":\"admin::user\",\"configurable\":false,\"writable\":false,\"visible\":false,\"useJoinTable\":false,\"private\":true}},\"__schema__\":{\"collectionName\":\"frais\",\"info\":{\"singularName\":\"frai\",\"pluralName\":\"frais\",\"displayName\":\"Expenses\",\"description\":\"\"},\"options\":{\"draftAndPublish\":true},\"pluginOptions\":{},\"attributes\":{\"name\":{\"type\":\"string\"},\"amount\":{\"type\":\"decimal\"},\"image\":{\"type\":\"media\",\"multiple\":false,\"required\":false,\"allowedTypes\":[\"images\",\"files\",\"videos\",\"audios\"]},\"users_frai\":{\"type\":\"relation\",\"relation\":\"oneToOne\",\"target\":\"plugin::users-permissions.user\",\"inversedBy\":\"frai\"},\"state\":{\"type\":\"string\"},\"expenses_contents\":{\"type\":\"relation\",\"relation\":\"oneToMany\",\"target\":\"api::expense-content.expense-content\",\"mappedBy\":\"expense\"},\"agency\":{\"type\":\"relation\",\"relation\":\"manyToOne\",\"target\":\"api::agency.agency\",\"inversedBy\":\"expenses\"},\"firstname\":{\"type\":\"string\"},\"lastname\":{\"type\":\"string\"}},\"kind\":\"collectionType\"},\"modelType\":\"contentType\",\"modelName\":\"frai\",\"connection\":\"default\",\"uid\":\"api::frai.frai\",\"apiName\":\"frai\",\"globalId\":\"Frai\",\"actions\":{},\"lifecycles\":{}},\"api::function.function\":{\"kind\":\"collectionType\",\"collectionName\":\"functions\",\"info\":{\"singularName\":\"function\",\"pluralName\":\"functions\",\"displayName\":\"Function\",\"description\":\"\"},\"options\":{\"draftAndPublish\":false},\"pluginOptions\":{},\"attributes\":{\"name\":{\"type\":\"string\"},\"createdAt\":{\"type\":\"datetime\"},\"updatedAt\":{\"type\":\"datetime\"},\"createdBy\":{\"type\":\"relation\",\"relation\":\"oneToOne\",\"target\":\"admin::user\",\"configurable\":false,\"writable\":false,\"visible\":false,\"useJoinTable\":false,\"private\":true},\"updatedBy\":{\"type\":\"relation\",\"relation\":\"oneToOne\",\"target\":\"admin::user\",\"configurable\":false,\"writable\":false,\"visible\":false,\"useJoinTable\":false,\"private\":true}},\"__schema__\":{\"collectionName\":\"functions\",\"info\":{\"singularName\":\"function\",\"pluralName\":\"functions\",\"displayName\":\"Function\",\"description\":\"\"},\"options\":{\"draftAndPublish\":false},\"pluginOptions\":{},\"attributes\":{\"name\":{\"type\":\"string\"}},\"kind\":\"collectionType\"},\"modelType\":\"contentType\",\"modelName\":\"function\",\"connection\":\"default\",\"uid\":\"api::function.function\",\"apiName\":\"function\",\"globalId\":\"Function\",\"actions\":{},\"lifecycles\":{}},\"api::individual.individual\":{\"kind\":\"collectionType\",\"collectionName\":\"individuals\",\"info\":{\"singularName\":\"individual\",\"pluralName\":\"individuals\",\"displayName\":\"Individual\",\"description\":\"\"},\"options\":{\"draftAndPublish\":false},\"pluginOptions\":{},\"attributes\":{\"firstname\":{\"type\":\"string\"},\"lastname\":{\"type\":\"string\"},\"mail\":{\"type\":\"email\"},\"phone\":{\"type\":\"string\"},\"properties\":{\"type\":\"relation\",\"relation\":\"manyToMany\",\"target\":\"api::property.property\",\"inversedBy\":\"individuals\"},\"tiers\":{\"type\":\"relation\",\"relation\":\"manyToMany\",\"target\":\"api::tier.tier\",\"inversedBy\":\"individuals\"},\"visible_comments\":{\"type\":\"relation\",\"relation\":\"oneToMany\",\"target\":\"api::visible-comment.visible-comment\",\"mappedBy\":\"individual\"},\"no_visible_comments\":{\"type\":\"relation\",\"relation\":\"oneToMany\",\"target\":\"api::no-visible-comment.no-visible-comment\",\"mappedBy\":\"individual\"},\"from_qrcode\":{\"type\":\"boolean\",\"default\":false},\"createdAt\":{\"type\":\"datetime\"},\"updatedAt\":{\"type\":\"datetime\"},\"createdBy\":{\"type\":\"relation\",\"relation\":\"oneToOne\",\"target\":\"admin::user\",\"configurable\":false,\"writable\":false,\"visible\":false,\"useJoinTable\":false,\"private\":true},\"updatedBy\":{\"type\":\"relation\",\"relation\":\"oneToOne\",\"target\":\"admin::user\",\"configurable\":false,\"writable\":false,\"visible\":false,\"useJoinTable\":false,\"private\":true}},\"__schema__\":{\"collectionName\":\"individuals\",\"info\":{\"singularName\":\"individual\",\"pluralName\":\"individuals\",\"displayName\":\"Individual\",\"description\":\"\"},\"options\":{\"draftAndPublish\":false},\"pluginOptions\":{},\"attributes\":{\"firstname\":{\"type\":\"string\"},\"lastname\":{\"type\":\"string\"},\"mail\":{\"type\":\"email\"},\"phone\":{\"type\":\"string\"},\"properties\":{\"type\":\"relation\",\"relation\":\"manyToMany\",\"target\":\"api::property.property\",\"inversedBy\":\"individuals\"},\"tiers\":{\"type\":\"relation\",\"relation\":\"manyToMany\",\"target\":\"api::tier.tier\",\"inversedBy\":\"individuals\"},\"visible_comments\":{\"type\":\"relation\",\"relation\":\"oneToMany\",\"target\":\"api::visible-comment.visible-comment\",\"mappedBy\":\"individual\"},\"no_visible_comments\":{\"type\":\"relation\",\"relation\":\"oneToMany\",\"target\":\"api::no-visible-comment.no-visible-comment\",\"mappedBy\":\"individual\"},\"from_qrcode\":{\"type\":\"boolean\",\"default\":false}},\"kind\":\"collectionType\"},\"modelType\":\"contentType\",\"modelName\":\"individual\",\"connection\":\"default\",\"uid\":\"api::individual.individual\",\"apiName\":\"individual\",\"globalId\":\"Individual\",\"actions\":{},\"lifecycles\":{}},\"api::intervention.intervention\":{\"kind\":\"collectionType\",\"collectionName\":\"interventions\",\"info\":{\"singularName\":\"intervention\",\"pluralName\":\"interventions\",\"displayName\":\"Intervention\",\"description\":\"\"},\"options\":{\"draftAndPublish\":false},\"pluginOptions\":{},\"attributes\":{\"description\":{\"type\":\"string\"},\"state\":{\"type\":\"string\"},\"startDate\":{\"type\":\"datetime\"},\"endDate\":{\"type\":\"datetime\"},\"users_permissions_users\":{\"type\":\"relation\",\"relation\":\"manyToMany\",\"target\":\"plugin::users-permissions.user\",\"inversedBy\":\"interventions\"},\"ticket\":{\"type\":\"relation\",\"relation\":\"manyToOne\",\"target\":\"api::ticket.ticket\",\"inversedBy\":\"interventions\"},\"vehicles\":{\"type\":\"relation\",\"relation\":\"manyToMany\",\"target\":\"api::vehicle.vehicle\",\"inversedBy\":\"interventions\"},\"tools\":{\"type\":\"relation\",\"relation\":\"manyToMany\",\"target\":\"api::tool.tool\",\"mappedBy\":\"interventions\"},\"agency\":{\"type\":\"relation\",\"relation\":\"manyToOne\",\"target\":\"api::agency.agency\",\"inversedBy\":\"interventions\"},\"createdAt\":{\"type\":\"datetime\"},\"updatedAt\":{\"type\":\"datetime\"},\"createdBy\":{\"type\":\"relation\",\"relation\":\"oneToOne\",\"target\":\"admin::user\",\"configurable\":false,\"writable\":false,\"visible\":false,\"useJoinTable\":false,\"private\":true},\"updatedBy\":{\"type\":\"relation\",\"relation\":\"oneToOne\",\"target\":\"admin::user\",\"configurable\":false,\"writable\":false,\"visible\":false,\"useJoinTable\":false,\"private\":true}},\"__schema__\":{\"collectionName\":\"interventions\",\"info\":{\"singularName\":\"intervention\",\"pluralName\":\"interventions\",\"displayName\":\"Intervention\",\"description\":\"\"},\"options\":{\"draftAndPublish\":false},\"pluginOptions\":{},\"attributes\":{\"description\":{\"type\":\"string\"},\"state\":{\"type\":\"string\"},\"startDate\":{\"type\":\"datetime\"},\"endDate\":{\"type\":\"datetime\"},\"users_permissions_users\":{\"type\":\"relation\",\"relation\":\"manyToMany\",\"target\":\"plugin::users-permissions.user\",\"inversedBy\":\"interventions\"},\"ticket\":{\"type\":\"relation\",\"relation\":\"manyToOne\",\"target\":\"api::ticket.ticket\",\"inversedBy\":\"interventions\"},\"vehicles\":{\"type\":\"relation\",\"relation\":\"manyToMany\",\"target\":\"api::vehicle.vehicle\",\"inversedBy\":\"interventions\"},\"tools\":{\"type\":\"relation\",\"relation\":\"manyToMany\",\"target\":\"api::tool.tool\",\"mappedBy\":\"interventions\"},\"agency\":{\"type\":\"relation\",\"relation\":\"manyToOne\",\"target\":\"api::agency.agency\",\"inversedBy\":\"interventions\"}},\"kind\":\"collectionType\"},\"modelType\":\"contentType\",\"modelName\":\"intervention\",\"connection\":\"default\",\"uid\":\"api::intervention.intervention\",\"apiName\":\"intervention\",\"globalId\":\"Intervention\",\"actions\":{},\"lifecycles\":{}},\"api::issuers-role.issuers-role\":{\"kind\":\"collectionType\",\"collectionName\":\"issuers_roles\",\"info\":{\"singularName\":\"issuers-role\",\"pluralName\":\"issuers-roles\",\"displayName\":\"IssuersRole\"},\"options\":{\"draftAndPublish\":false},\"pluginOptions\":{},\"attributes\":{\"name\":{\"type\":\"string\"},\"createdAt\":{\"type\":\"datetime\"},\"updatedAt\":{\"type\":\"datetime\"},\"createdBy\":{\"type\":\"relation\",\"relation\":\"oneToOne\",\"target\":\"admin::user\",\"configurable\":false,\"writable\":false,\"visible\":false,\"useJoinTable\":false,\"private\":true},\"updatedBy\":{\"type\":\"relation\",\"relation\":\"oneToOne\",\"target\":\"admin::user\",\"configurable\":false,\"writable\":false,\"visible\":false,\"useJoinTable\":false,\"private\":true}},\"__schema__\":{\"collectionName\":\"issuers_roles\",\"info\":{\"singularName\":\"issuers-role\",\"pluralName\":\"issuers-roles\",\"displayName\":\"IssuersRole\"},\"options\":{\"draftAndPublish\":false},\"pluginOptions\":{},\"attributes\":{\"name\":{\"type\":\"string\"}},\"kind\":\"collectionType\"},\"modelType\":\"contentType\",\"modelName\":\"issuers-role\",\"connection\":\"default\",\"uid\":\"api::issuers-role.issuers-role\",\"apiName\":\"issuers-role\",\"globalId\":\"IssuersRole\",\"actions\":{},\"lifecycles\":{}},\"api::job.job\":{\"kind\":\"collectionType\",\"collectionName\":\"jobs\",\"info\":{\"singularName\":\"job\",\"pluralName\":\"jobs\",\"displayName\":\"Job\"},\"options\":{\"draftAndPublish\":true},\"pluginOptions\":{},\"attributes\":{\"name\":{\"type\":\"string\"},\"createdAt\":{\"type\":\"datetime\"},\"updatedAt\":{\"type\":\"datetime\"},\"publishedAt\":{\"type\":\"datetime\",\"configurable\":false,\"writable\":true,\"visible\":false},\"createdBy\":{\"type\":\"relation\",\"relation\":\"oneToOne\",\"target\":\"admin::user\",\"configurable\":false,\"writable\":false,\"visible\":false,\"useJoinTable\":false,\"private\":true},\"updatedBy\":{\"type\":\"relation\",\"relation\":\"oneToOne\",\"target\":\"admin::user\",\"configurable\":false,\"writable\":false,\"visible\":false,\"useJoinTable\":false,\"private\":true}},\"__schema__\":{\"collectionName\":\"jobs\",\"info\":{\"singularName\":\"job\",\"pluralName\":\"jobs\",\"displayName\":\"Job\"},\"options\":{\"draftAndPublish\":true},\"pluginOptions\":{},\"attributes\":{\"name\":{\"type\":\"string\"}},\"kind\":\"collectionType\"},\"modelType\":\"contentType\",\"modelName\":\"job\",\"connection\":\"default\",\"uid\":\"api::job.job\",\"apiName\":\"job\",\"globalId\":\"Job\",\"actions\":{},\"lifecycles\":{}},\"api::media.media\":{\"kind\":\"collectionType\",\"collectionName\":\"medias\",\"info\":{\"singularName\":\"media\",\"pluralName\":\"medias\",\"displayName\":\"Media\",\"description\":\"\"},\"options\":{\"draftAndPublish\":false},\"pluginOptions\":{},\"attributes\":{\"file\":{\"type\":\"media\",\"multiple\":true,\"required\":true,\"allowedTypes\":[\"images\",\"files\",\"videos\",\"audios\"]},\"name\":{\"type\":\"string\"},\"createdAt\":{\"type\":\"datetime\"},\"updatedAt\":{\"type\":\"datetime\"},\"createdBy\":{\"type\":\"relation\",\"relation\":\"oneToOne\",\"target\":\"admin::user\",\"configurable\":false,\"writable\":false,\"visible\":false,\"useJoinTable\":false,\"private\":true},\"updatedBy\":{\"type\":\"relation\",\"relation\":\"oneToOne\",\"target\":\"admin::user\",\"configurable\":false,\"writable\":false,\"visible\":false,\"useJoinTable\":false,\"private\":true}},\"__schema__\":{\"collectionName\":\"medias\",\"info\":{\"singularName\":\"media\",\"pluralName\":\"medias\",\"displayName\":\"Media\",\"description\":\"\"},\"options\":{\"draftAndPublish\":false},\"pluginOptions\":{},\"attributes\":{\"file\":{\"type\":\"media\",\"multiple\":true,\"required\":true,\"allowedTypes\":[\"images\",\"files\",\"videos\",\"audios\"]},\"name\":{\"type\":\"string\"}},\"kind\":\"collectionType\"},\"modelType\":\"contentType\",\"modelName\":\"media\",\"connection\":\"default\",\"uid\":\"api::media.media\",\"apiName\":\"media\",\"globalId\":\"Media\",\"actions\":{},\"lifecycles\":{}},\"api::nature.nature\":{\"kind\":\"collectionType\",\"collectionName\":\"natures\",\"info\":{\"singularName\":\"nature\",\"pluralName\":\"natures\",\"displayName\":\"Nature\",\"description\":\"\"},\"options\":{\"draftAndPublish\":false},\"pluginOptions\":{},\"attributes\":{\"name\":{\"type\":\"string\"},\"category\":{\"type\":\"relation\",\"relation\":\"manyToOne\",\"target\":\"api::category.category\",\"inversedBy\":\"natures\"},\"createdAt\":{\"type\":\"datetime\"},\"updatedAt\":{\"type\":\"datetime\"},\"createdBy\":{\"type\":\"relation\",\"relation\":\"oneToOne\",\"target\":\"admin::user\",\"configurable\":false,\"writable\":false,\"visible\":false,\"useJoinTable\":false,\"private\":true},\"updatedBy\":{\"type\":\"relation\",\"relation\":\"oneToOne\",\"target\":\"admin::user\",\"configurable\":false,\"writable\":false,\"visible\":false,\"useJoinTable\":false,\"private\":true}},\"__schema__\":{\"collectionName\":\"natures\",\"info\":{\"singularName\":\"nature\",\"pluralName\":\"natures\",\"displayName\":\"Nature\",\"description\":\"\"},\"options\":{\"draftAndPublish\":false},\"pluginOptions\":{},\"attributes\":{\"name\":{\"type\":\"string\"},\"category\":{\"type\":\"relation\",\"relation\":\"manyToOne\",\"target\":\"api::category.category\",\"inversedBy\":\"natures\"}},\"kind\":\"collectionType\"},\"modelType\":\"contentType\",\"modelName\":\"nature\",\"connection\":\"default\",\"uid\":\"api::nature.nature\",\"apiName\":\"nature\",\"globalId\":\"Nature\",\"actions\":{},\"lifecycles\":{}},\"api::nature-of-site.nature-of-site\":{\"kind\":\"collectionType\",\"collectionName\":\"nature_of_sites\",\"info\":{\"singularName\":\"nature-of-site\",\"pluralName\":\"nature-of-sites\",\"displayName\":\"NatureOfSite\"},\"options\":{\"draftAndPublish\":true},\"pluginOptions\":{},\"attributes\":{\"nature\":{\"type\":\"string\"},\"createdAt\":{\"type\":\"datetime\"},\"updatedAt\":{\"type\":\"datetime\"},\"publishedAt\":{\"type\":\"datetime\",\"configurable\":false,\"writable\":true,\"visible\":false},\"createdBy\":{\"type\":\"relation\",\"relation\":\"oneToOne\",\"target\":\"admin::user\",\"configurable\":false,\"writable\":false,\"visible\":false,\"useJoinTable\":false,\"private\":true},\"updatedBy\":{\"type\":\"relation\",\"relation\":\"oneToOne\",\"target\":\"admin::user\",\"configurable\":false,\"writable\":false,\"visible\":false,\"useJoinTable\":false,\"private\":true}},\"__schema__\":{\"collectionName\":\"nature_of_sites\",\"info\":{\"singularName\":\"nature-of-site\",\"pluralName\":\"nature-of-sites\",\"displayName\":\"NatureOfSite\"},\"options\":{\"draftAndPublish\":true},\"pluginOptions\":{},\"attributes\":{\"nature\":{\"type\":\"string\"}},\"kind\":\"collectionType\"},\"modelType\":\"contentType\",\"modelName\":\"nature-of-site\",\"connection\":\"default\",\"uid\":\"api::nature-of-site.nature-of-site\",\"apiName\":\"nature-of-site\",\"globalId\":\"NatureOfSite\",\"actions\":{},\"lifecycles\":{}},\"api::no-visible-comment.no-visible-comment\":{\"kind\":\"collectionType\",\"collectionName\":\"no_visible_comments\",\"info\":{\"singularName\":\"no-visible-comment\",\"pluralName\":\"no-visible-comments\",\"displayName\":\"no_visible_comment\",\"description\":\"\"},\"options\":{\"draftAndPublish\":true},\"pluginOptions\":{},\"attributes\":{\"comment\":{\"type\":\"richtext\"},\"agency\":{\"type\":\"relation\",\"relation\":\"manyToOne\",\"target\":\"api::agency.agency\",\"inversedBy\":\"no_visible_comments\"},\"property\":{\"type\":\"relation\",\"relation\":\"manyToOne\",\"target\":\"api::property.property\",\"inversedBy\":\"no_visible_comments\"},\"tier\":{\"type\":\"relation\",\"relation\":\"manyToOne\",\"target\":\"api::tier.tier\",\"inversedBy\":\"no_visible_comments\"},\"individual\":{\"type\":\"relation\",\"relation\":\"manyToOne\",\"target\":\"api::individual.individual\",\"inversedBy\":\"no_visible_comments\"},\"users_permissions_user\":{\"type\":\"relation\",\"relation\":\"oneToOne\",\"target\":\"plugin::users-permissions.user\"},\"createdAt\":{\"type\":\"datetime\"},\"updatedAt\":{\"type\":\"datetime\"},\"publishedAt\":{\"type\":\"datetime\",\"configurable\":false,\"writable\":true,\"visible\":false},\"createdBy\":{\"type\":\"relation\",\"relation\":\"oneToOne\",\"target\":\"admin::user\",\"configurable\":false,\"writable\":false,\"visible\":false,\"useJoinTable\":false,\"private\":true},\"updatedBy\":{\"type\":\"relation\",\"relation\":\"oneToOne\",\"target\":\"admin::user\",\"configurable\":false,\"writable\":false,\"visible\":false,\"useJoinTable\":false,\"private\":true}},\"__schema__\":{\"collectionName\":\"no_visible_comments\",\"info\":{\"singularName\":\"no-visible-comment\",\"pluralName\":\"no-visible-comments\",\"displayName\":\"no_visible_comment\",\"description\":\"\"},\"options\":{\"draftAndPublish\":true},\"pluginOptions\":{},\"attributes\":{\"comment\":{\"type\":\"richtext\"},\"agency\":{\"type\":\"relation\",\"relation\":\"manyToOne\",\"target\":\"api::agency.agency\",\"inversedBy\":\"no_visible_comments\"},\"property\":{\"type\":\"relation\",\"relation\":\"manyToOne\",\"target\":\"api::property.property\",\"inversedBy\":\"no_visible_comments\"},\"tier\":{\"type\":\"relation\",\"relation\":\"manyToOne\",\"target\":\"api::tier.tier\",\"inversedBy\":\"no_visible_comments\"},\"individual\":{\"type\":\"relation\",\"relation\":\"manyToOne\",\"target\":\"api::individual.individual\",\"inversedBy\":\"no_visible_comments\"},\"users_permissions_user\":{\"type\":\"relation\",\"relation\":\"oneToOne\",\"target\":\"plugin::users-permissions.user\"}},\"kind\":\"collectionType\"},\"modelType\":\"contentType\",\"modelName\":\"no-visible-comment\",\"connection\":\"default\",\"uid\":\"api::no-visible-comment.no-visible-comment\",\"apiName\":\"no-visible-comment\",\"globalId\":\"NoVisibleComment\",\"actions\":{},\"lifecycles\":{}},\"api::origine.origine\":{\"kind\":\"collectionType\",\"collectionName\":\"origines\",\"info\":{\"singularName\":\"origine\",\"pluralName\":\"origines\",\"displayName\":\"Origine\"},\"options\":{\"draftAndPublish\":false},\"pluginOptions\":{},\"attributes\":{\"name\":{\"type\":\"string\"},\"createdAt\":{\"type\":\"datetime\"},\"updatedAt\":{\"type\":\"datetime\"},\"createdBy\":{\"type\":\"relation\",\"relation\":\"oneToOne\",\"target\":\"admin::user\",\"configurable\":false,\"writable\":false,\"visible\":false,\"useJoinTable\":false,\"private\":true},\"updatedBy\":{\"type\":\"relation\",\"relation\":\"oneToOne\",\"target\":\"admin::user\",\"configurable\":false,\"writable\":false,\"visible\":false,\"useJoinTable\":false,\"private\":true}},\"__schema__\":{\"collectionName\":\"origines\",\"info\":{\"singularName\":\"origine\",\"pluralName\":\"origines\",\"displayName\":\"Origine\"},\"options\":{\"draftAndPublish\":false},\"pluginOptions\":{},\"attributes\":{\"name\":{\"type\":\"string\"}},\"kind\":\"collectionType\"},\"modelType\":\"contentType\",\"modelName\":\"origine\",\"connection\":\"default\",\"uid\":\"api::origine.origine\",\"apiName\":\"origine\",\"globalId\":\"Origine\",\"actions\":{},\"lifecycles\":{}},\"api::priority.priority\":{\"kind\":\"collectionType\",\"collectionName\":\"priorities\",\"info\":{\"singularName\":\"priority\",\"pluralName\":\"priorities\",\"displayName\":\"Priority\",\"description\":\"\"},\"options\":{\"draftAndPublish\":false},\"pluginOptions\":{},\"attributes\":{\"name\":{\"type\":\"string\"},\"relance_time\":{\"type\":\"integer\",\"required\":true,\"default\":2},\"createdAt\":{\"type\":\"datetime\"},\"updatedAt\":{\"type\":\"datetime\"},\"createdBy\":{\"type\":\"relation\",\"relation\":\"oneToOne\",\"target\":\"admin::user\",\"configurable\":false,\"writable\":false,\"visible\":false,\"useJoinTable\":false,\"private\":true},\"updatedBy\":{\"type\":\"relation\",\"relation\":\"oneToOne\",\"target\":\"admin::user\",\"configurable\":false,\"writable\":false,\"visible\":false,\"useJoinTable\":false,\"private\":true}},\"__schema__\":{\"collectionName\":\"priorities\",\"info\":{\"singularName\":\"priority\",\"pluralName\":\"priorities\",\"displayName\":\"Priority\",\"description\":\"\"},\"options\":{\"draftAndPublish\":false},\"pluginOptions\":{},\"attributes\":{\"name\":{\"type\":\"string\"},\"relance_time\":{\"type\":\"integer\",\"required\":true,\"default\":2}},\"kind\":\"collectionType\"},\"modelType\":\"contentType\",\"modelName\":\"priority\",\"connection\":\"default\",\"uid\":\"api::priority.priority\",\"apiName\":\"priority\",\"globalId\":\"Priority\",\"actions\":{},\"lifecycles\":{}},\"api::property.property\":{\"kind\":\"collectionType\",\"collectionName\":\"properties\",\"info\":{\"singularName\":\"property\",\"pluralName\":\"properties\",\"displayName\":\"Property\",\"description\":\"\"},\"options\":{\"draftAndPublish\":false},\"pluginOptions\":{},\"attributes\":{\"name\":{\"type\":\"text\"},\"agency\":{\"type\":\"relation\",\"relation\":\"manyToOne\",\"target\":\"api::agency.agency\",\"inversedBy\":\"properties\"},\"address\":{\"type\":\"text\"},\"users\":{\"type\":\"relation\",\"relation\":\"manyToMany\",\"target\":\"plugin::users-permissions.user\",\"inversedBy\":\"properties\"},\"stages\":{\"type\":\"relation\",\"relation\":\"oneToMany\",\"target\":\"api::stage.stage\"},\"phone\":{\"type\":\"string\"},\"tickets\":{\"type\":\"relation\",\"relation\":\"oneToMany\",\"target\":\"api::ticket.ticket\",\"mappedBy\":\"property\"},\"zipCode\":{\"type\":\"string\"},\"city\":{\"type\":\"string\"},\"contracts\":{\"type\":\"relation\",\"relation\":\"oneToMany\",\"target\":\"api::contract.contract\",\"mappedBy\":\"property\"},\"tiers\":{\"type\":\"relation\",\"relation\":\"manyToMany\",\"target\":\"api::tier.tier\",\"mappedBy\":\"properties\"},\"settlementDate\":{\"type\":\"date\"},\"numberBatches\":{\"type\":\"biginteger\"},\"numberResidentialLots\":{\"type\":\"biginteger\"},\"numberParking\":{\"type\":\"biginteger\"},\"typeSyndicates\":{\"type\":\"string\"},\"numberUnion\":{\"type\":\"string\"},\"numberElevator\":{\"type\":\"string\"},\"numberAutoGate\":{\"type\":\"string\"},\"gamesChildren\":{\"type\":\"string\"},\"typeHeating\":{\"type\":\"string\"},\"type_of_site\":{\"type\":\"relation\",\"relation\":\"oneToOne\",\"target\":\"api::type-of-site.type-of-site\"},\"image\":{\"type\":\"media\",\"multiple\":false,\"required\":false,\"allowedTypes\":[\"images\",\"files\",\"videos\",\"audios\"]},\"individuals\":{\"type\":\"relation\",\"relation\":\"manyToMany\",\"target\":\"api::individual.individual\",\"mappedBy\":\"properties\"},\"equipment_of_sites\":{\"type\":\"relation\",\"relation\":\"manyToMany\",\"target\":\"api::equipment-of-site.equipment-of-site\",\"mappedBy\":\"properties\"},\"nature_of_site\":{\"type\":\"relation\",\"relation\":\"oneToOne\",\"target\":\"api::nature-of-site.nature-of-site\"},\"fluids\":{\"type\":\"relation\",\"relation\":\"manyToMany\",\"target\":\"api::fluid.fluid\",\"inversedBy\":\"properties\"},\"management_syndicate\":{\"type\":\"string\"},\"main_batches\":{\"type\":\"integer\"},\"secondary_batches\":{\"type\":\"integer\"},\"tertiary_lots\":{\"type\":\"integer\"},\"parking_lots\":{\"type\":\"integer\"},\"immatriculation\":{\"type\":\"string\"},\"visible_comments\":{\"type\":\"relation\",\"relation\":\"oneToMany\",\"target\":\"api::visible-comment.visible-comment\",\"mappedBy\":\"property\"},\"no_visible_comments\":{\"type\":\"relation\",\"relation\":\"oneToMany\",\"target\":\"api::no-visible-comment.no-visible-comment\",\"mappedBy\":\"property\"},\"gestionnaire\":{\"type\":\"relation\",\"relation\":\"manyToOne\",\"target\":\"plugin::users-permissions.user\",\"inversedBy\":\"sites\"},\"services\":{\"type\":\"relation\",\"relation\":\"manyToMany\",\"target\":\"plugin::users-permissions.user\",\"mappedBy\":\"service_properties\"},\"visible_objects\":{\"type\":\"relation\",\"relation\":\"oneToMany\",\"target\":\"api::visible-object.visible-object\",\"mappedBy\":\"property\"},\"createdAt\":{\"type\":\"datetime\"},\"updatedAt\":{\"type\":\"datetime\"},\"createdBy\":{\"type\":\"relation\",\"relation\":\"oneToOne\",\"target\":\"admin::user\",\"configurable\":false,\"writable\":false,\"visible\":false,\"useJoinTable\":false,\"private\":true},\"updatedBy\":{\"type\":\"relation\",\"relation\":\"oneToOne\",\"target\":\"admin::user\",\"configurable\":false,\"writable\":false,\"visible\":false,\"useJoinTable\":false,\"private\":true}},\"__schema__\":{\"collectionName\":\"properties\",\"info\":{\"singularName\":\"property\",\"pluralName\":\"properties\",\"displayName\":\"Property\",\"description\":\"\"},\"options\":{\"draftAndPublish\":false},\"pluginOptions\":{},\"attributes\":{\"name\":{\"type\":\"text\"},\"agency\":{\"type\":\"relation\",\"relation\":\"manyToOne\",\"target\":\"api::agency.agency\",\"inversedBy\":\"properties\"},\"address\":{\"type\":\"text\"},\"users\":{\"type\":\"relation\",\"relation\":\"manyToMany\",\"target\":\"plugin::users-permissions.user\",\"inversedBy\":\"properties\"},\"stages\":{\"type\":\"relation\",\"relation\":\"oneToMany\",\"target\":\"api::stage.stage\"},\"phone\":{\"type\":\"string\"},\"tickets\":{\"type\":\"relation\",\"relation\":\"oneToMany\",\"target\":\"api::ticket.ticket\",\"mappedBy\":\"property\"},\"zipCode\":{\"type\":\"string\"},\"city\":{\"type\":\"string\"},\"contracts\":{\"type\":\"relation\",\"relation\":\"oneToMany\",\"target\":\"api::contract.contract\",\"mappedBy\":\"property\"},\"tiers\":{\"type\":\"relation\",\"relation\":\"manyToMany\",\"target\":\"api::tier.tier\",\"mappedBy\":\"properties\"},\"settlementDate\":{\"type\":\"date\"},\"numberBatches\":{\"type\":\"biginteger\"},\"numberResidentialLots\":{\"type\":\"biginteger\"},\"numberParking\":{\"type\":\"biginteger\"},\"typeSyndicates\":{\"type\":\"string\"},\"numberUnion\":{\"type\":\"string\"},\"numberElevator\":{\"type\":\"string\"},\"numberAutoGate\":{\"type\":\"string\"},\"gamesChildren\":{\"type\":\"string\"},\"typeHeating\":{\"type\":\"string\"},\"type_of_site\":{\"type\":\"relation\",\"relation\":\"oneToOne\",\"target\":\"api::type-of-site.type-of-site\"},\"image\":{\"type\":\"media\",\"multiple\":false,\"required\":false,\"allowedTypes\":[\"images\",\"files\",\"videos\",\"audios\"]},\"individuals\":{\"type\":\"relation\",\"relation\":\"manyToMany\",\"target\":\"api::individual.individual\",\"mappedBy\":\"properties\"},\"equipment_of_sites\":{\"type\":\"relation\",\"relation\":\"manyToMany\",\"target\":\"api::equipment-of-site.equipment-of-site\",\"mappedBy\":\"properties\"},\"nature_of_site\":{\"type\":\"relation\",\"relation\":\"oneToOne\",\"target\":\"api::nature-of-site.nature-of-site\"},\"fluids\":{\"type\":\"relation\",\"relation\":\"manyToMany\",\"target\":\"api::fluid.fluid\",\"inversedBy\":\"properties\"},\"management_syndicate\":{\"type\":\"string\"},\"main_batches\":{\"type\":\"integer\"},\"secondary_batches\":{\"type\":\"integer\"},\"tertiary_lots\":{\"type\":\"integer\"},\"parking_lots\":{\"type\":\"integer\"},\"immatriculation\":{\"type\":\"string\"},\"visible_comments\":{\"type\":\"relation\",\"relation\":\"oneToMany\",\"target\":\"api::visible-comment.visible-comment\",\"mappedBy\":\"property\"},\"no_visible_comments\":{\"type\":\"relation\",\"relation\":\"oneToMany\",\"target\":\"api::no-visible-comment.no-visible-comment\",\"mappedBy\":\"property\"},\"gestionnaire\":{\"type\":\"relation\",\"relation\":\"manyToOne\",\"target\":\"plugin::users-permissions.user\",\"inversedBy\":\"sites\"},\"services\":{\"type\":\"relation\",\"relation\":\"manyToMany\",\"target\":\"plugin::users-permissions.user\",\"mappedBy\":\"service_properties\"},\"visible_objects\":{\"type\":\"relation\",\"relation\":\"oneToMany\",\"target\":\"api::visible-object.visible-object\",\"mappedBy\":\"property\"}},\"kind\":\"collectionType\"},\"modelType\":\"contentType\",\"modelName\":\"property\",\"connection\":\"default\",\"uid\":\"api::property.property\",\"apiName\":\"property\",\"globalId\":\"Property\",\"actions\":{},\"lifecycles\":{}},\"api::qr-code.qr-code\":{\"kind\":\"collectionType\",\"collectionName\":\"qr_codes\",\"info\":{\"singularName\":\"qr-code\",\"pluralName\":\"qr-codes\",\"displayName\":\"QrCode\",\"description\":\"\"},\"options\":{\"draftAndPublish\":false},\"pluginOptions\":{},\"attributes\":{\"property\":{\"type\":\"relation\",\"relation\":\"oneToOne\",\"target\":\"api::property.property\"},\"adresse\":{\"type\":\"string\"},\"zipCode\":{\"type\":\"string\"},\"city\":{\"type\":\"string\"},\"location\":{\"type\":\"string\"},\"stage\":{\"type\":\"relation\",\"relation\":\"oneToOne\",\"target\":\"api::stage.stage\"},\"tier\":{\"type\":\"relation\",\"relation\":\"oneToOne\",\"target\":\"api::tier.tier\"},\"agency\":{\"type\":\"relation\",\"relation\":\"oneToOne\",\"target\":\"api::agency.agency\"},\"qrcode\":{\"type\":\"media\",\"multiple\":false,\"required\":false,\"allowedTypes\":[\"images\",\"files\",\"videos\",\"audios\"]},\"individual\":{\"type\":\"relation\",\"relation\":\"oneToOne\",\"target\":\"api::individual.individual\"},\"createdAt\":{\"type\":\"datetime\"},\"updatedAt\":{\"type\":\"datetime\"},\"createdBy\":{\"type\":\"relation\",\"relation\":\"oneToOne\",\"target\":\"admin::user\",\"configurable\":false,\"writable\":false,\"visible\":false,\"useJoinTable\":false,\"private\":true},\"updatedBy\":{\"type\":\"relation\",\"relation\":\"oneToOne\",\"target\":\"admin::user\",\"configurable\":false,\"writable\":false,\"visible\":false,\"useJoinTable\":false,\"private\":true}},\"__schema__\":{\"collectionName\":\"qr_codes\",\"info\":{\"singularName\":\"qr-code\",\"pluralName\":\"qr-codes\",\"displayName\":\"QrCode\",\"description\":\"\"},\"options\":{\"draftAndPublish\":false},\"pluginOptions\":{},\"attributes\":{\"property\":{\"type\":\"relation\",\"relation\":\"oneToOne\",\"target\":\"api::property.property\"},\"adresse\":{\"type\":\"string\"},\"zipCode\":{\"type\":\"string\"},\"city\":{\"type\":\"string\"},\"location\":{\"type\":\"string\"},\"stage\":{\"type\":\"relation\",\"relation\":\"oneToOne\",\"target\":\"api::stage.stage\"},\"tier\":{\"type\":\"relation\",\"relation\":\"oneToOne\",\"target\":\"api::tier.tier\"},\"agency\":{\"type\":\"relation\",\"relation\":\"oneToOne\",\"target\":\"api::agency.agency\"},\"qrcode\":{\"type\":\"media\",\"multiple\":false,\"required\":false,\"allowedTypes\":[\"images\",\"files\",\"videos\",\"audios\"]},\"individual\":{\"type\":\"relation\",\"relation\":\"oneToOne\",\"target\":\"api::individual.individual\"}},\"kind\":\"collectionType\"},\"modelType\":\"contentType\",\"modelName\":\"qr-code\",\"connection\":\"default\",\"uid\":\"api::qr-code.qr-code\",\"apiName\":\"qr-code\",\"globalId\":\"QrCode\",\"actions\":{},\"lifecycles\":{}},\"api::relance-ticket.relance-ticket\":{\"kind\":\"collectionType\",\"collectionName\":\"relance_tickets\",\"info\":{\"singularName\":\"relance-ticket\",\"pluralName\":\"relance-tickets\",\"displayName\":\"RelanceTicket\",\"description\":\"\"},\"options\":{\"draftAndPublish\":false},\"pluginOptions\":{},\"attributes\":{\"ticket\":{\"type\":\"relation\",\"relation\":\"manyToOne\",\"target\":\"api::ticket.ticket\",\"inversedBy\":\"relance_tickets\"},\"date\":{\"type\":\"datetime\"},\"test\":{\"type\":\"string\"},\"createdAt\":{\"type\":\"datetime\"},\"updatedAt\":{\"type\":\"datetime\"},\"createdBy\":{\"type\":\"relation\",\"relation\":\"oneToOne\",\"target\":\"admin::user\",\"configurable\":false,\"writable\":false,\"visible\":false,\"useJoinTable\":false,\"private\":true},\"updatedBy\":{\"type\":\"relation\",\"relation\":\"oneToOne\",\"target\":\"admin::user\",\"configurable\":false,\"writable\":false,\"visible\":false,\"useJoinTable\":false,\"private\":true}},\"__schema__\":{\"collectionName\":\"relance_tickets\",\"info\":{\"singularName\":\"relance-ticket\",\"pluralName\":\"relance-tickets\",\"displayName\":\"RelanceTicket\",\"description\":\"\"},\"options\":{\"draftAndPublish\":false},\"pluginOptions\":{},\"attributes\":{\"ticket\":{\"type\":\"relation\",\"relation\":\"manyToOne\",\"target\":\"api::ticket.ticket\",\"inversedBy\":\"relance_tickets\"},\"date\":{\"type\":\"datetime\"},\"test\":{\"type\":\"string\"}},\"kind\":\"collectionType\"},\"modelType\":\"contentType\",\"modelName\":\"relance-ticket\",\"connection\":\"default\",\"uid\":\"api::relance-ticket.relance-ticket\",\"apiName\":\"relance-ticket\",\"globalId\":\"RelanceTicket\",\"actions\":{},\"lifecycles\":{}},\"api::service.service\":{\"kind\":\"collectionType\",\"collectionName\":\"services\",\"info\":{\"singularName\":\"service\",\"pluralName\":\"services\",\"displayName\":\"service\"},\"options\":{\"draftAndPublish\":true},\"pluginOptions\":{},\"attributes\":{\"title\":{\"type\":\"string\"},\"createdAt\":{\"type\":\"datetime\"},\"updatedAt\":{\"type\":\"datetime\"},\"publishedAt\":{\"type\":\"datetime\",\"configurable\":false,\"writable\":true,\"visible\":false},\"createdBy\":{\"type\":\"relation\",\"relation\":\"oneToOne\",\"target\":\"admin::user\",\"configurable\":false,\"writable\":false,\"visible\":false,\"useJoinTable\":false,\"private\":true},\"updatedBy\":{\"type\":\"relation\",\"relation\":\"oneToOne\",\"target\":\"admin::user\",\"configurable\":false,\"writable\":false,\"visible\":false,\"useJoinTable\":false,\"private\":true}},\"__schema__\":{\"collectionName\":\"services\",\"info\":{\"singularName\":\"service\",\"pluralName\":\"services\",\"displayName\":\"service\"},\"options\":{\"draftAndPublish\":true},\"pluginOptions\":{},\"attributes\":{\"title\":{\"type\":\"string\"}},\"kind\":\"collectionType\"},\"modelType\":\"contentType\",\"modelName\":\"service\",\"connection\":\"default\",\"uid\":\"api::service.service\",\"apiName\":\"service\",\"globalId\":\"Service\",\"actions\":{},\"lifecycles\":{}},\"api::setting.setting\":{\"kind\":\"collectionType\",\"collectionName\":\"settings\",\"info\":{\"singularName\":\"setting\",\"pluralName\":\"settings\",\"displayName\":\"setting\"},\"options\":{\"draftAndPublish\":true},\"pluginOptions\":{},\"attributes\":{\"name\":{\"type\":\"string\"},\"hour\":{\"type\":\"integer\"},\"createdAt\":{\"type\":\"datetime\"},\"updatedAt\":{\"type\":\"datetime\"},\"publishedAt\":{\"type\":\"datetime\",\"configurable\":false,\"writable\":true,\"visible\":false},\"createdBy\":{\"type\":\"relation\",\"relation\":\"oneToOne\",\"target\":\"admin::user\",\"configurable\":false,\"writable\":false,\"visible\":false,\"useJoinTable\":false,\"private\":true},\"updatedBy\":{\"type\":\"relation\",\"relation\":\"oneToOne\",\"target\":\"admin::user\",\"configurable\":false,\"writable\":false,\"visible\":false,\"useJoinTable\":false,\"private\":true}},\"__schema__\":{\"collectionName\":\"settings\",\"info\":{\"singularName\":\"setting\",\"pluralName\":\"settings\",\"displayName\":\"setting\"},\"options\":{\"draftAndPublish\":true},\"pluginOptions\":{},\"attributes\":{\"name\":{\"type\":\"string\"},\"hour\":{\"type\":\"integer\"}},\"kind\":\"collectionType\"},\"modelType\":\"contentType\",\"modelName\":\"setting\",\"connection\":\"default\",\"uid\":\"api::setting.setting\",\"apiName\":\"setting\",\"globalId\":\"Setting\",\"actions\":{},\"lifecycles\":{}},\"api::skill.skill\":{\"kind\":\"collectionType\",\"collectionName\":\"skills\",\"info\":{\"singularName\":\"skill\",\"pluralName\":\"skills\",\"displayName\":\"Skill\",\"description\":\"\"},\"options\":{\"draftAndPublish\":false},\"pluginOptions\":{},\"attributes\":{\"name\":{\"type\":\"string\"},\"createdAt\":{\"type\":\"datetime\"},\"updatedAt\":{\"type\":\"datetime\"},\"createdBy\":{\"type\":\"relation\",\"relation\":\"oneToOne\",\"target\":\"admin::user\",\"configurable\":false,\"writable\":false,\"visible\":false,\"useJoinTable\":false,\"private\":true},\"updatedBy\":{\"type\":\"relation\",\"relation\":\"oneToOne\",\"target\":\"admin::user\",\"configurable\":false,\"writable\":false,\"visible\":false,\"useJoinTable\":false,\"private\":true}},\"__schema__\":{\"collectionName\":\"skills\",\"info\":{\"singularName\":\"skill\",\"pluralName\":\"skills\",\"displayName\":\"Skill\",\"description\":\"\"},\"options\":{\"draftAndPublish\":false},\"pluginOptions\":{},\"attributes\":{\"name\":{\"type\":\"string\"}},\"kind\":\"collectionType\"},\"modelType\":\"contentType\",\"modelName\":\"skill\",\"connection\":\"default\",\"uid\":\"api::skill.skill\",\"apiName\":\"skill\",\"globalId\":\"Skill\",\"actions\":{},\"lifecycles\":{}},\"api::stage.stage\":{\"kind\":\"collectionType\",\"collectionName\":\"stages\",\"info\":{\"singularName\":\"stage\",\"pluralName\":\"stages\",\"displayName\":\"Stage\"},\"options\":{\"draftAndPublish\":false},\"pluginOptions\":{},\"attributes\":{\"name\":{\"type\":\"string\"},\"createdAt\":{\"type\":\"datetime\"},\"updatedAt\":{\"type\":\"datetime\"},\"createdBy\":{\"type\":\"relation\",\"relation\":\"oneToOne\",\"target\":\"admin::user\",\"configurable\":false,\"writable\":false,\"visible\":false,\"useJoinTable\":false,\"private\":true},\"updatedBy\":{\"type\":\"relation\",\"relation\":\"oneToOne\",\"target\":\"admin::user\",\"configurable\":false,\"writable\":false,\"visible\":false,\"useJoinTable\":false,\"private\":true}},\"__schema__\":{\"collectionName\":\"stages\",\"info\":{\"singularName\":\"stage\",\"pluralName\":\"stages\",\"displayName\":\"Stage\"},\"options\":{\"draftAndPublish\":false},\"pluginOptions\":{},\"attributes\":{\"name\":{\"type\":\"string\"}},\"kind\":\"collectionType\"},\"modelType\":\"contentType\",\"modelName\":\"stage\",\"connection\":\"default\",\"uid\":\"api::stage.stage\",\"apiName\":\"stage\",\"globalId\":\"Stage\",\"actions\":{},\"lifecycles\":{}},\"api::state.state\":{\"kind\":\"collectionType\",\"collectionName\":\"states\",\"info\":{\"singularName\":\"state\",\"pluralName\":\"states\",\"displayName\":\"State\",\"description\":\"\"},\"options\":{\"draftAndPublish\":false},\"pluginOptions\":{},\"attributes\":{\"name\":{\"type\":\"string\"},\"color\":{\"type\":\"string\"},\"createdAt\":{\"type\":\"datetime\"},\"updatedAt\":{\"type\":\"datetime\"},\"createdBy\":{\"type\":\"relation\",\"relation\":\"oneToOne\",\"target\":\"admin::user\",\"configurable\":false,\"writable\":false,\"visible\":false,\"useJoinTable\":false,\"private\":true},\"updatedBy\":{\"type\":\"relation\",\"relation\":\"oneToOne\",\"target\":\"admin::user\",\"configurable\":false,\"writable\":false,\"visible\":false,\"useJoinTable\":false,\"private\":true}},\"__schema__\":{\"collectionName\":\"states\",\"info\":{\"singularName\":\"state\",\"pluralName\":\"states\",\"displayName\":\"State\",\"description\":\"\"},\"options\":{\"draftAndPublish\":false},\"pluginOptions\":{},\"attributes\":{\"name\":{\"type\":\"string\"},\"color\":{\"type\":\"string\"}},\"kind\":\"collectionType\"},\"modelType\":\"contentType\",\"modelName\":\"state\",\"connection\":\"default\",\"uid\":\"api::state.state\",\"apiName\":\"state\",\"globalId\":\"State\",\"actions\":{},\"lifecycles\":{}},\"api::ticket.ticket\":{\"kind\":\"collectionType\",\"collectionName\":\"tickets\",\"info\":{\"singularName\":\"ticket\",\"pluralName\":\"tickets\",\"displayName\":\"ticket\",\"description\":\"\"},\"options\":{\"draftAndPublish\":false},\"pluginOptions\":{},\"attributes\":{\"description\":{\"type\":\"text\",\"required\":true},\"agency\":{\"type\":\"relation\",\"relation\":\"manyToOne\",\"target\":\"api::agency.agency\",\"inversedBy\":\"tickets\"},\"property\":{\"type\":\"relation\",\"relation\":\"manyToOne\",\"target\":\"api::property.property\",\"inversedBy\":\"tickets\"},\"address\":{\"type\":\"string\"},\"firstname\":{\"type\":\"string\"},\"lastname\":{\"type\":\"string\"},\"email\":{\"type\":\"string\"},\"phone\":{\"type\":\"string\"},\"state\":{\"type\":\"string\"},\"users_permissions_user\":{\"type\":\"relation\",\"relation\":\"manyToOne\",\"target\":\"plugin::users-permissions.user\",\"inversedBy\":\"tickets\"},\"name\":{\"type\":\"string\",\"required\":true},\"ref\":{\"type\":\"string\"},\"city\":{\"type\":\"string\"},\"zipCode\":{\"type\":\"string\"},\"tiers\":{\"type\":\"relation\",\"relation\":\"oneToMany\",\"target\":\"api::tier.tier\"},\"dateAssigned\":{\"type\":\"date\"},\"comments\":{\"type\":\"relation\",\"relation\":\"oneToMany\",\"target\":\"api::comment.comment\",\"mappedBy\":\"ticket\"},\"location\":{\"type\":\"string\"},\"duplicate\":{\"type\":\"biginteger\"},\"dateClosed\":{\"type\":\"date\"},\"categories\":{\"type\":\"relation\",\"relation\":\"oneToOne\",\"target\":\"api::category.category\"},\"priority\":{\"type\":\"relation\",\"relation\":\"oneToOne\",\"target\":\"api::priority.priority\"},\"stage\":{\"type\":\"relation\",\"relation\":\"oneToOne\",\"target\":\"api::stage.stage\"},\"role\":{\"type\":\"relation\",\"relation\":\"oneToOne\",\"target\":\"api::issuers-role.issuers-role\"},\"nature\":{\"type\":\"string\"},\"otherStage\":{\"type\":\"relation\",\"relation\":\"oneToOne\",\"target\":\"api::stage.stage\"},\"individuals\":{\"type\":\"relation\",\"relation\":\"oneToMany\",\"target\":\"api::individual.individual\"},\"origine\":{\"type\":\"string\"},\"qr_code\":{\"type\":\"relation\",\"relation\":\"oneToOne\",\"target\":\"api::qr-code.qr-code\"},\"empty\":{\"type\":\"string\"},\"ticket_states\":{\"type\":\"relation\",\"relation\":\"oneToMany\",\"target\":\"api::ticket-state.ticket-state\",\"mappedBy\":\"ticket\"},\"managers\":{\"type\":\"relation\",\"relation\":\"oneToMany\",\"target\":\"plugin::users-permissions.user\"},\"duplicatas\":{\"type\":\"relation\",\"relation\":\"oneToMany\",\"target\":\"api::ticket.ticket\",\"mappedBy\":\"duplicata_of\"},\"duplicata_of\":{\"type\":\"relation\",\"relation\":\"manyToOne\",\"target\":\"api::ticket.ticket\",\"inversedBy\":\"duplicatas\"},\"is_duplicate\":{\"type\":\"boolean\",\"default\":false},\"ticket_reply\":{\"type\":\"relation\",\"relation\":\"oneToOne\",\"target\":\"api::ticket-reply.ticket-reply\",\"inversedBy\":\"ticket\"},\"request_type\":{\"type\":\"string\"},\"interventions\":{\"type\":\"relation\",\"relation\":\"oneToMany\",\"target\":\"api::intervention.intervention\",\"mappedBy\":\"ticket\"},\"send_target\":{\"type\":\"string\"},\"media\":{\"type\":\"media\",\"multiple\":true,\"required\":false,\"allowedTypes\":[\"images\",\"files\",\"videos\",\"audios\"]},\"ticket_logs\":{\"type\":\"relation\",\"relation\":\"oneToMany\",\"target\":\"api::ticket-log.ticket-log\",\"mappedBy\":\"ticket\"},\"relance_tickets\":{\"type\":\"relation\",\"relation\":\"oneToMany\",\"target\":\"api::relance-ticket.relance-ticket\",\"mappedBy\":\"ticket\"},\"unsubscribe\":{\"type\":\"boolean\",\"default\":false},\"createdAt\":{\"type\":\"datetime\"},\"updatedAt\":{\"type\":\"datetime\"},\"createdBy\":{\"type\":\"relation\",\"relation\":\"oneToOne\",\"target\":\"admin::user\",\"configurable\":false,\"writable\":false,\"visible\":false,\"useJoinTable\":false,\"private\":true},\"updatedBy\":{\"type\":\"relation\",\"relation\":\"oneToOne\",\"target\":\"admin::user\",\"configurable\":false,\"writable\":false,\"visible\":false,\"useJoinTable\":false,\"private\":true}},\"__schema__\":{\"collectionName\":\"tickets\",\"info\":{\"singularName\":\"ticket\",\"pluralName\":\"tickets\",\"displayName\":\"ticket\",\"description\":\"\"},\"options\":{\"draftAndPublish\":false},\"pluginOptions\":{},\"attributes\":{\"description\":{\"type\":\"text\",\"required\":true},\"agency\":{\"type\":\"relation\",\"relation\":\"manyToOne\",\"target\":\"api::agency.agency\",\"inversedBy\":\"tickets\"},\"property\":{\"type\":\"relation\",\"relation\":\"manyToOne\",\"target\":\"api::property.property\",\"inversedBy\":\"tickets\"},\"address\":{\"type\":\"string\"},\"firstname\":{\"type\":\"string\"},\"lastname\":{\"type\":\"string\"},\"email\":{\"type\":\"string\"},\"phone\":{\"type\":\"string\"},\"state\":{\"type\":\"string\"},\"users_permissions_user\":{\"type\":\"relation\",\"relation\":\"manyToOne\",\"target\":\"plugin::users-permissions.user\",\"inversedBy\":\"tickets\"},\"name\":{\"type\":\"string\",\"required\":true},\"ref\":{\"type\":\"string\"},\"city\":{\"type\":\"string\"},\"zipCode\":{\"type\":\"string\"},\"tiers\":{\"type\":\"relation\",\"relation\":\"oneToMany\",\"target\":\"api::tier.tier\"},\"dateAssigned\":{\"type\":\"date\"},\"comments\":{\"type\":\"relation\",\"relation\":\"oneToMany\",\"target\":\"api::comment.comment\",\"mappedBy\":\"ticket\"},\"location\":{\"type\":\"string\"},\"duplicate\":{\"type\":\"biginteger\"},\"dateClosed\":{\"type\":\"date\"},\"categories\":{\"type\":\"relation\",\"relation\":\"oneToOne\",\"target\":\"api::category.category\"},\"priority\":{\"type\":\"relation\",\"relation\":\"oneToOne\",\"target\":\"api::priority.priority\"},\"stage\":{\"type\":\"relation\",\"relation\":\"oneToOne\",\"target\":\"api::stage.stage\"},\"role\":{\"type\":\"relation\",\"relation\":\"oneToOne\",\"target\":\"api::issuers-role.issuers-role\"},\"nature\":{\"type\":\"string\"},\"otherStage\":{\"type\":\"relation\",\"relation\":\"oneToOne\",\"target\":\"api::stage.stage\"},\"individuals\":{\"type\":\"relation\",\"relation\":\"oneToMany\",\"target\":\"api::individual.individual\"},\"origine\":{\"type\":\"string\"},\"qr_code\":{\"type\":\"relation\",\"relation\":\"oneToOne\",\"target\":\"api::qr-code.qr-code\"},\"empty\":{\"type\":\"string\"},\"ticket_states\":{\"type\":\"relation\",\"relation\":\"oneToMany\",\"target\":\"api::ticket-state.ticket-state\",\"mappedBy\":\"ticket\"},\"managers\":{\"type\":\"relation\",\"relation\":\"oneToMany\",\"target\":\"plugin::users-permissions.user\"},\"duplicatas\":{\"type\":\"relation\",\"relation\":\"oneToMany\",\"target\":\"api::ticket.ticket\",\"mappedBy\":\"duplicata_of\"},\"duplicata_of\":{\"type\":\"relation\",\"relation\":\"manyToOne\",\"target\":\"api::ticket.ticket\",\"inversedBy\":\"duplicatas\"},\"is_duplicate\":{\"type\":\"boolean\",\"default\":false},\"ticket_reply\":{\"type\":\"relation\",\"relation\":\"oneToOne\",\"target\":\"api::ticket-reply.ticket-reply\",\"inversedBy\":\"ticket\"},\"request_type\":{\"type\":\"string\"},\"interventions\":{\"type\":\"relation\",\"relation\":\"oneToMany\",\"target\":\"api::intervention.intervention\",\"mappedBy\":\"ticket\"},\"send_target\":{\"type\":\"string\"},\"media\":{\"type\":\"media\",\"multiple\":true,\"required\":false,\"allowedTypes\":[\"images\",\"files\",\"videos\",\"audios\"]},\"ticket_logs\":{\"type\":\"relation\",\"relation\":\"oneToMany\",\"target\":\"api::ticket-log.ticket-log\",\"mappedBy\":\"ticket\"},\"relance_tickets\":{\"type\":\"relation\",\"relation\":\"oneToMany\",\"target\":\"api::relance-ticket.relance-ticket\",\"mappedBy\":\"ticket\"},\"unsubscribe\":{\"type\":\"boolean\",\"default\":false}},\"kind\":\"collectionType\"},\"modelType\":\"contentType\",\"modelName\":\"ticket\",\"connection\":\"default\",\"uid\":\"api::ticket.ticket\",\"apiName\":\"ticket\",\"globalId\":\"Ticket\",\"actions\":{},\"lifecycles\":{}},\"api::ticket-log.ticket-log\":{\"kind\":\"collectionType\",\"collectionName\":\"ticket_logs\",\"info\":{\"singularName\":\"ticket-log\",\"pluralName\":\"ticket-logs\",\"displayName\":\"ticket-log\",\"description\":\"\"},\"options\":{\"draftAndPublish\":false},\"pluginOptions\":{},\"attributes\":{\"ticket\":{\"type\":\"relation\",\"relation\":\"manyToOne\",\"target\":\"api::ticket.ticket\",\"inversedBy\":\"ticket_logs\"},\"gestionnaires\":{\"type\":\"relation\",\"relation\":\"oneToMany\",\"target\":\"plugin::users-permissions.user\"},\"tiers\":{\"type\":\"relation\",\"relation\":\"oneToMany\",\"target\":\"api::tier.tier\"},\"individuals\":{\"type\":\"relation\",\"relation\":\"oneToMany\",\"target\":\"api::individual.individual\"},\"action\":{\"type\":\"string\"},\"log_created_by\":{\"type\":\"relation\",\"relation\":\"oneToOne\",\"target\":\"plugin::users-permissions.user\"},\"createdAt\":{\"type\":\"datetime\"},\"updatedAt\":{\"type\":\"datetime\"},\"createdBy\":{\"type\":\"relation\",\"relation\":\"oneToOne\",\"target\":\"admin::user\",\"configurable\":false,\"writable\":false,\"visible\":false,\"useJoinTable\":false,\"private\":true},\"updatedBy\":{\"type\":\"relation\",\"relation\":\"oneToOne\",\"target\":\"admin::user\",\"configurable\":false,\"writable\":false,\"visible\":false,\"useJoinTable\":false,\"private\":true}},\"__schema__\":{\"collectionName\":\"ticket_logs\",\"info\":{\"singularName\":\"ticket-log\",\"pluralName\":\"ticket-logs\",\"displayName\":\"ticket-log\",\"description\":\"\"},\"options\":{\"draftAndPublish\":false},\"pluginOptions\":{},\"attributes\":{\"ticket\":{\"type\":\"relation\",\"relation\":\"manyToOne\",\"target\":\"api::ticket.ticket\",\"inversedBy\":\"ticket_logs\"},\"gestionnaires\":{\"type\":\"relation\",\"relation\":\"oneToMany\",\"target\":\"plugin::users-permissions.user\"},\"tiers\":{\"type\":\"relation\",\"relation\":\"oneToMany\",\"target\":\"api::tier.tier\"},\"individuals\":{\"type\":\"relation\",\"relation\":\"oneToMany\",\"target\":\"api::individual.individual\"},\"action\":{\"type\":\"string\"},\"log_created_by\":{\"type\":\"relation\",\"relation\":\"oneToOne\",\"target\":\"plugin::users-permissions.user\"}},\"kind\":\"collectionType\"},\"modelType\":\"contentType\",\"modelName\":\"ticket-log\",\"connection\":\"default\",\"uid\":\"api::ticket-log.ticket-log\",\"apiName\":\"ticket-log\",\"globalId\":\"TicketLog\",\"actions\":{},\"lifecycles\":{}},\"api::ticket-reply.ticket-reply\":{\"kind\":\"collectionType\",\"collectionName\":\"ticket_replies\",\"info\":{\"singularName\":\"ticket-reply\",\"pluralName\":\"ticket-replies\",\"displayName\":\"ticket-reply\",\"description\":\"\"},\"options\":{\"draftAndPublish\":true},\"pluginOptions\":{},\"attributes\":{\"answer\":{\"type\":\"richtext\"},\"users_permissions_user\":{\"type\":\"relation\",\"relation\":\"oneToOne\",\"target\":\"plugin::users-permissions.user\"},\"ticket\":{\"type\":\"relation\",\"relation\":\"oneToOne\",\"target\":\"api::ticket.ticket\",\"mappedBy\":\"ticket_reply\"},\"last_answer\":{\"type\":\"richtext\"},\"answer_checked\":{\"type\":\"boolean\",\"default\":false},\"createdAt\":{\"type\":\"datetime\"},\"updatedAt\":{\"type\":\"datetime\"},\"publishedAt\":{\"type\":\"datetime\",\"configurable\":false,\"writable\":true,\"visible\":false},\"createdBy\":{\"type\":\"relation\",\"relation\":\"oneToOne\",\"target\":\"admin::user\",\"configurable\":false,\"writable\":false,\"visible\":false,\"useJoinTable\":false,\"private\":true},\"updatedBy\":{\"type\":\"relation\",\"relation\":\"oneToOne\",\"target\":\"admin::user\",\"configurable\":false,\"writable\":false,\"visible\":false,\"useJoinTable\":false,\"private\":true}},\"__schema__\":{\"collectionName\":\"ticket_replies\",\"info\":{\"singularName\":\"ticket-reply\",\"pluralName\":\"ticket-replies\",\"displayName\":\"ticket-reply\",\"description\":\"\"},\"options\":{\"draftAndPublish\":true},\"pluginOptions\":{},\"attributes\":{\"answer\":{\"type\":\"richtext\"},\"users_permissions_user\":{\"type\":\"relation\",\"relation\":\"oneToOne\",\"target\":\"plugin::users-permissions.user\"},\"ticket\":{\"type\":\"relation\",\"relation\":\"oneToOne\",\"target\":\"api::ticket.ticket\",\"mappedBy\":\"ticket_reply\"},\"last_answer\":{\"type\":\"richtext\"},\"answer_checked\":{\"type\":\"boolean\",\"default\":false}},\"kind\":\"collectionType\"},\"modelType\":\"contentType\",\"modelName\":\"ticket-reply\",\"connection\":\"default\",\"uid\":\"api::ticket-reply.ticket-reply\",\"apiName\":\"ticket-reply\",\"globalId\":\"TicketReply\",\"actions\":{},\"lifecycles\":{}},\"api::ticket-state.ticket-state\":{\"kind\":\"collectionType\",\"collectionName\":\"ticket_states\",\"info\":{\"singularName\":\"ticket-state\",\"pluralName\":\"ticket-states\",\"displayName\":\"Ticket_state\",\"description\":\"\"},\"options\":{\"draftAndPublish\":false},\"pluginOptions\":{},\"attributes\":{\"user\":{\"type\":\"relation\",\"relation\":\"oneToOne\",\"target\":\"plugin::users-permissions.user\"},\"state\":{\"type\":\"relation\",\"relation\":\"oneToOne\",\"target\":\"api::state.state\"},\"role\":{\"type\":\"string\",\"required\":true,\"unique\":false},\"ticket\":{\"type\":\"relation\",\"relation\":\"manyToOne\",\"target\":\"api::ticket.ticket\",\"inversedBy\":\"ticket_states\"},\"createdAt\":{\"type\":\"datetime\"},\"updatedAt\":{\"type\":\"datetime\"},\"createdBy\":{\"type\":\"relation\",\"relation\":\"oneToOne\",\"target\":\"admin::user\",\"configurable\":false,\"writable\":false,\"visible\":false,\"useJoinTable\":false,\"private\":true},\"updatedBy\":{\"type\":\"relation\",\"relation\":\"oneToOne\",\"target\":\"admin::user\",\"configurable\":false,\"writable\":false,\"visible\":false,\"useJoinTable\":false,\"private\":true}},\"__schema__\":{\"collectionName\":\"ticket_states\",\"info\":{\"singularName\":\"ticket-state\",\"pluralName\":\"ticket-states\",\"displayName\":\"Ticket_state\",\"description\":\"\"},\"options\":{\"draftAndPublish\":false},\"pluginOptions\":{},\"attributes\":{\"user\":{\"type\":\"relation\",\"relation\":\"oneToOne\",\"target\":\"plugin::users-permissions.user\"},\"state\":{\"type\":\"relation\",\"relation\":\"oneToOne\",\"target\":\"api::state.state\"},\"role\":{\"type\":\"string\",\"required\":true,\"unique\":false},\"ticket\":{\"type\":\"relation\",\"relation\":\"manyToOne\",\"target\":\"api::ticket.ticket\",\"inversedBy\":\"ticket_states\"}},\"kind\":\"collectionType\"},\"modelType\":\"contentType\",\"modelName\":\"ticket-state\",\"connection\":\"default\",\"uid\":\"api::ticket-state.ticket-state\",\"apiName\":\"ticket-state\",\"globalId\":\"TicketState\",\"actions\":{},\"lifecycles\":{}},\"api::tier.tier\":{\"kind\":\"collectionType\",\"collectionName\":\"tiers\",\"info\":{\"singularName\":\"tier\",\"pluralName\":\"tiers\",\"displayName\":\"Tier\",\"description\":\"\"},\"options\":{\"draftAndPublish\":false},\"pluginOptions\":{},\"attributes\":{\"name\":{\"type\":\"string\"},\"address\":{\"type\":\"string\"},\"properties\":{\"type\":\"relation\",\"relation\":\"manyToMany\",\"target\":\"api::property.property\",\"inversedBy\":\"tiers\"},\"siret\":{\"type\":\"string\"},\"phone\":{\"type\":\"string\"},\"agencies\":{\"type\":\"relation\",\"relation\":\"manyToMany\",\"target\":\"api::agency.agency\",\"inversedBy\":\"tiers\"},\"additionalAddress\":{\"type\":\"string\"},\"city\":{\"type\":\"string\"},\"mail\":{\"type\":\"email\"},\"individuals\":{\"type\":\"relation\",\"relation\":\"manyToMany\",\"target\":\"api::individual.individual\",\"mappedBy\":\"tiers\"},\"activities\":{\"type\":\"relation\",\"relation\":\"oneToMany\",\"target\":\"api::activity.activity\"},\"visible_comments\":{\"type\":\"relation\",\"relation\":\"oneToMany\",\"target\":\"api::visible-comment.visible-comment\",\"mappedBy\":\"tier\"},\"no_visible_comments\":{\"type\":\"relation\",\"relation\":\"oneToMany\",\"target\":\"api::no-visible-comment.no-visible-comment\",\"mappedBy\":\"tier\"},\"zipCode\":{\"type\":\"string\"},\"tvaNumber\":{\"type\":\"string\"},\"from_qrcode\":{\"type\":\"boolean\",\"default\":false},\"createdAt\":{\"type\":\"datetime\"},\"updatedAt\":{\"type\":\"datetime\"},\"createdBy\":{\"type\":\"relation\",\"relation\":\"oneToOne\",\"target\":\"admin::user\",\"configurable\":false,\"writable\":false,\"visible\":false,\"useJoinTable\":false,\"private\":true},\"updatedBy\":{\"type\":\"relation\",\"relation\":\"oneToOne\",\"target\":\"admin::user\",\"configurable\":false,\"writable\":false,\"visible\":false,\"useJoinTable\":false,\"private\":true}},\"__schema__\":{\"collectionName\":\"tiers\",\"info\":{\"singularName\":\"tier\",\"pluralName\":\"tiers\",\"displayName\":\"Tier\",\"description\":\"\"},\"options\":{\"draftAndPublish\":false},\"pluginOptions\":{},\"attributes\":{\"name\":{\"type\":\"string\"},\"address\":{\"type\":\"string\"},\"properties\":{\"type\":\"relation\",\"relation\":\"manyToMany\",\"target\":\"api::property.property\",\"inversedBy\":\"tiers\"},\"siret\":{\"type\":\"string\"},\"phone\":{\"type\":\"string\"},\"agencies\":{\"type\":\"relation\",\"relation\":\"manyToMany\",\"target\":\"api::agency.agency\",\"inversedBy\":\"tiers\"},\"additionalAddress\":{\"type\":\"string\"},\"city\":{\"type\":\"string\"},\"mail\":{\"type\":\"email\"},\"individuals\":{\"type\":\"relation\",\"relation\":\"manyToMany\",\"target\":\"api::individual.individual\",\"mappedBy\":\"tiers\"},\"activities\":{\"type\":\"relation\",\"relation\":\"oneToMany\",\"target\":\"api::activity.activity\"},\"visible_comments\":{\"type\":\"relation\",\"relation\":\"oneToMany\",\"target\":\"api::visible-comment.visible-comment\",\"mappedBy\":\"tier\"},\"no_visible_comments\":{\"type\":\"relation\",\"relation\":\"oneToMany\",\"target\":\"api::no-visible-comment.no-visible-comment\",\"mappedBy\":\"tier\"},\"zipCode\":{\"type\":\"string\"},\"tvaNumber\":{\"type\":\"string\"},\"from_qrcode\":{\"type\":\"boolean\",\"default\":false}},\"kind\":\"collectionType\"},\"modelType\":\"contentType\",\"modelName\":\"tier\",\"connection\":\"default\",\"uid\":\"api::tier.tier\",\"apiName\":\"tier\",\"globalId\":\"Tier\",\"actions\":{},\"lifecycles\":{}},\"api::tier-contract.tier-contract\":{\"kind\":\"collectionType\",\"collectionName\":\"tier_contracts\",\"info\":{\"singularName\":\"tier-contract\",\"pluralName\":\"tier-contracts\",\"displayName\":\"tier_contract\",\"description\":\"\"},\"options\":{\"draftAndPublish\":true},\"pluginOptions\":{},\"attributes\":{\"name\":{\"type\":\"string\"},\"email\":{\"type\":\"email\"},\"phone\":{\"type\":\"biginteger\"},\"address\":{\"type\":\"string\"},\"zip_code\":{\"type\":\"string\"},\"city\":{\"type\":\"string\"},\"activities\":{\"type\":\"relation\",\"relation\":\"oneToMany\",\"target\":\"api::activity.activity\"},\"manager_firstname\":{\"type\":\"string\"},\"manager_lastname\":{\"type\":\"string\"},\"priority_contact\":{\"type\":\"string\"},\"secondary_contact\":{\"type\":\"string\"},\"astreinte\":{\"type\":\"boolean\"},\"manager_mail\":{\"type\":\"email\"},\"manager_phone\":{\"type\":\"biginteger\"},\"references\":{\"type\":\"relation\",\"relation\":\"oneToMany\",\"target\":\"api::tier-contract-reference.tier-contract-reference\",\"mappedBy\":\"tier_contract\"},\"application\":{\"type\":\"string\"},\"file\":{\"type\":\"media\",\"multiple\":false,\"required\":false,\"allowedTypes\":[\"images\",\"files\",\"videos\",\"audios\"]},\"tier\":{\"type\":\"relation\",\"relation\":\"oneToOne\",\"target\":\"api::tier.tier\"},\"intervention_delay\":{\"type\":\"string\"},\"property\":{\"type\":\"relation\",\"relation\":\"oneToOne\",\"target\":\"api::property.property\"},\"createdAt\":{\"type\":\"datetime\"},\"updatedAt\":{\"type\":\"datetime\"},\"publishedAt\":{\"type\":\"datetime\",\"configurable\":false,\"writable\":true,\"visible\":false},\"createdBy\":{\"type\":\"relation\",\"relation\":\"oneToOne\",\"target\":\"admin::user\",\"configurable\":false,\"writable\":false,\"visible\":false,\"useJoinTable\":false,\"private\":true},\"updatedBy\":{\"type\":\"relation\",\"relation\":\"oneToOne\",\"target\":\"admin::user\",\"configurable\":false,\"writable\":false,\"visible\":false,\"useJoinTable\":false,\"private\":true}},\"__schema__\":{\"collectionName\":\"tier_contracts\",\"info\":{\"singularName\":\"tier-contract\",\"pluralName\":\"tier-contracts\",\"displayName\":\"tier_contract\",\"description\":\"\"},\"options\":{\"draftAndPublish\":true},\"pluginOptions\":{},\"attributes\":{\"name\":{\"type\":\"string\"},\"email\":{\"type\":\"email\"},\"phone\":{\"type\":\"biginteger\"},\"address\":{\"type\":\"string\"},\"zip_code\":{\"type\":\"string\"},\"city\":{\"type\":\"string\"},\"activities\":{\"type\":\"relation\",\"relation\":\"oneToMany\",\"target\":\"api::activity.activity\"},\"manager_firstname\":{\"type\":\"string\"},\"manager_lastname\":{\"type\":\"string\"},\"priority_contact\":{\"type\":\"string\"},\"secondary_contact\":{\"type\":\"string\"},\"astreinte\":{\"type\":\"boolean\"},\"manager_mail\":{\"type\":\"email\"},\"manager_phone\":{\"type\":\"biginteger\"},\"references\":{\"type\":\"relation\",\"relation\":\"oneToMany\",\"target\":\"api::tier-contract-reference.tier-contract-reference\",\"mappedBy\":\"tier_contract\"},\"application\":{\"type\":\"string\"},\"file\":{\"type\":\"media\",\"multiple\":false,\"required\":false,\"allowedTypes\":[\"images\",\"files\",\"videos\",\"audios\"]},\"tier\":{\"type\":\"relation\",\"relation\":\"oneToOne\",\"target\":\"api::tier.tier\"},\"intervention_delay\":{\"type\":\"string\"},\"property\":{\"type\":\"relation\",\"relation\":\"oneToOne\",\"target\":\"api::property.property\"}},\"kind\":\"collectionType\"},\"modelType\":\"contentType\",\"modelName\":\"tier-contract\",\"connection\":\"default\",\"uid\":\"api::tier-contract.tier-contract\",\"apiName\":\"tier-contract\",\"globalId\":\"TierContract\",\"actions\":{},\"lifecycles\":{}},\"api::tier-contract-reference.tier-contract-reference\":{\"kind\":\"collectionType\",\"collectionName\":\"tier_contract_references\",\"info\":{\"singularName\":\"tier-contract-reference\",\"pluralName\":\"tier-contract-references\",\"displayName\":\"tier_contract_reference\"},\"options\":{\"draftAndPublish\":true},\"pluginOptions\":{},\"attributes\":{\"reference\":{\"type\":\"string\"},\"object\":{\"type\":\"string\"},\"tier_contract\":{\"type\":\"relation\",\"relation\":\"manyToOne\",\"target\":\"api::tier-contract.tier-contract\",\"inversedBy\":\"references\"},\"createdAt\":{\"type\":\"datetime\"},\"updatedAt\":{\"type\":\"datetime\"},\"publishedAt\":{\"type\":\"datetime\",\"configurable\":false,\"writable\":true,\"visible\":false},\"createdBy\":{\"type\":\"relation\",\"relation\":\"oneToOne\",\"target\":\"admin::user\",\"configurable\":false,\"writable\":false,\"visible\":false,\"useJoinTable\":false,\"private\":true},\"updatedBy\":{\"type\":\"relation\",\"relation\":\"oneToOne\",\"target\":\"admin::user\",\"configurable\":false,\"writable\":false,\"visible\":false,\"useJoinTable\":false,\"private\":true}},\"__schema__\":{\"collectionName\":\"tier_contract_references\",\"info\":{\"singularName\":\"tier-contract-reference\",\"pluralName\":\"tier-contract-references\",\"displayName\":\"tier_contract_reference\"},\"options\":{\"draftAndPublish\":true},\"pluginOptions\":{},\"attributes\":{\"reference\":{\"type\":\"string\"},\"object\":{\"type\":\"string\"},\"tier_contract\":{\"type\":\"relation\",\"relation\":\"manyToOne\",\"target\":\"api::tier-contract.tier-contract\",\"inversedBy\":\"references\"}},\"kind\":\"collectionType\"},\"modelType\":\"contentType\",\"modelName\":\"tier-contract-reference\",\"connection\":\"default\",\"uid\":\"api::tier-contract-reference.tier-contract-reference\",\"apiName\":\"tier-contract-reference\",\"globalId\":\"TierContractReference\",\"actions\":{},\"lifecycles\":{}},\"api::tool.tool\":{\"kind\":\"collectionType\",\"collectionName\":\"tools\",\"info\":{\"singularName\":\"tool\",\"pluralName\":\"tools\",\"displayName\":\"Tool\",\"description\":\"\"},\"options\":{\"draftAndPublish\":false},\"pluginOptions\":{},\"attributes\":{\"type\":{\"type\":\"string\"},\"brand\":{\"type\":\"string\"},\"interventions\":{\"type\":\"relation\",\"relation\":\"manyToMany\",\"target\":\"api::intervention.intervention\",\"inversedBy\":\"tools\"},\"agency\":{\"type\":\"relation\",\"relation\":\"manyToOne\",\"target\":\"api::agency.agency\",\"inversedBy\":\"tools\"},\"model\":{\"type\":\"string\"},\"dateOfPurchase\":{\"type\":\"date\"},\"guaranteeEndDate\":{\"type\":\"date\"},\"price\":{\"type\":\"decimal\"},\"document\":{\"type\":\"media\",\"multiple\":false,\"required\":false,\"allowedTypes\":[\"images\",\"files\",\"videos\",\"audios\"]},\"description\":{\"type\":\"text\"},\"createdAt\":{\"type\":\"datetime\"},\"updatedAt\":{\"type\":\"datetime\"},\"createdBy\":{\"type\":\"relation\",\"relation\":\"oneToOne\",\"target\":\"admin::user\",\"configurable\":false,\"writable\":false,\"visible\":false,\"useJoinTable\":false,\"private\":true},\"updatedBy\":{\"type\":\"relation\",\"relation\":\"oneToOne\",\"target\":\"admin::user\",\"configurable\":false,\"writable\":false,\"visible\":false,\"useJoinTable\":false,\"private\":true}},\"__schema__\":{\"collectionName\":\"tools\",\"info\":{\"singularName\":\"tool\",\"pluralName\":\"tools\",\"displayName\":\"Tool\",\"description\":\"\"},\"options\":{\"draftAndPublish\":false},\"pluginOptions\":{},\"attributes\":{\"type\":{\"type\":\"string\"},\"brand\":{\"type\":\"string\"},\"interventions\":{\"type\":\"relation\",\"relation\":\"manyToMany\",\"target\":\"api::intervention.intervention\",\"inversedBy\":\"tools\"},\"agency\":{\"type\":\"relation\",\"relation\":\"manyToOne\",\"target\":\"api::agency.agency\",\"inversedBy\":\"tools\"},\"model\":{\"type\":\"string\"},\"dateOfPurchase\":{\"type\":\"date\"},\"guaranteeEndDate\":{\"type\":\"date\"},\"price\":{\"type\":\"decimal\"},\"document\":{\"type\":\"media\",\"multiple\":false,\"required\":false,\"allowedTypes\":[\"images\",\"files\",\"videos\",\"audios\"]},\"description\":{\"type\":\"text\"}},\"kind\":\"collectionType\"},\"modelType\":\"contentType\",\"modelName\":\"tool\",\"connection\":\"default\",\"uid\":\"api::tool.tool\",\"apiName\":\"tool\",\"globalId\":\"Tool\",\"actions\":{},\"lifecycles\":{}},\"api::type-of-material.type-of-material\":{\"kind\":\"collectionType\",\"collectionName\":\"type_of_materials\",\"info\":{\"singularName\":\"type-of-material\",\"pluralName\":\"type-of-materials\",\"displayName\":\"TypeOfMaterial\"},\"options\":{\"draftAndPublish\":false},\"pluginOptions\":{},\"attributes\":{\"name\":{\"type\":\"string\"},\"createdAt\":{\"type\":\"datetime\"},\"updatedAt\":{\"type\":\"datetime\"},\"createdBy\":{\"type\":\"relation\",\"relation\":\"oneToOne\",\"target\":\"admin::user\",\"configurable\":false,\"writable\":false,\"visible\":false,\"useJoinTable\":false,\"private\":true},\"updatedBy\":{\"type\":\"relation\",\"relation\":\"oneToOne\",\"target\":\"admin::user\",\"configurable\":false,\"writable\":false,\"visible\":false,\"useJoinTable\":false,\"private\":true}},\"__schema__\":{\"collectionName\":\"type_of_materials\",\"info\":{\"singularName\":\"type-of-material\",\"pluralName\":\"type-of-materials\",\"displayName\":\"TypeOfMaterial\"},\"options\":{\"draftAndPublish\":false},\"pluginOptions\":{},\"attributes\":{\"name\":{\"type\":\"string\"}},\"kind\":\"collectionType\"},\"modelType\":\"contentType\",\"modelName\":\"type-of-material\",\"connection\":\"default\",\"uid\":\"api::type-of-material.type-of-material\",\"apiName\":\"type-of-material\",\"globalId\":\"TypeOfMaterial\",\"actions\":{},\"lifecycles\":{}},\"api::type-of-site.type-of-site\":{\"kind\":\"collectionType\",\"collectionName\":\"type_of_sites\",\"info\":{\"singularName\":\"type-of-site\",\"pluralName\":\"type-of-sites\",\"displayName\":\"TypeOfSite\"},\"options\":{\"draftAndPublish\":false},\"pluginOptions\":{},\"attributes\":{\"name\":{\"type\":\"string\"},\"createdAt\":{\"type\":\"datetime\"},\"updatedAt\":{\"type\":\"datetime\"},\"createdBy\":{\"type\":\"relation\",\"relation\":\"oneToOne\",\"target\":\"admin::user\",\"configurable\":false,\"writable\":false,\"visible\":false,\"useJoinTable\":false,\"private\":true},\"updatedBy\":{\"type\":\"relation\",\"relation\":\"oneToOne\",\"target\":\"admin::user\",\"configurable\":false,\"writable\":false,\"visible\":false,\"useJoinTable\":false,\"private\":true}},\"__schema__\":{\"collectionName\":\"type_of_sites\",\"info\":{\"singularName\":\"type-of-site\",\"pluralName\":\"type-of-sites\",\"displayName\":\"TypeOfSite\"},\"options\":{\"draftAndPublish\":false},\"pluginOptions\":{},\"attributes\":{\"name\":{\"type\":\"string\"}},\"kind\":\"collectionType\"},\"modelType\":\"contentType\",\"modelName\":\"type-of-site\",\"connection\":\"default\",\"uid\":\"api::type-of-site.type-of-site\",\"apiName\":\"type-of-site\",\"globalId\":\"TypeOfSite\",\"actions\":{},\"lifecycles\":{}},\"api::vehicle.vehicle\":{\"kind\":\"collectionType\",\"collectionName\":\"vehicles\",\"info\":{\"singularName\":\"vehicle\",\"pluralName\":\"vehicles\",\"displayName\":\"Vehicle\",\"description\":\"\"},\"options\":{\"draftAndPublish\":false},\"pluginOptions\":{},\"attributes\":{\"registrationNumber\":{\"type\":\"string\",\"unique\":true},\"agency\":{\"type\":\"relation\",\"relation\":\"manyToOne\",\"target\":\"api::agency.agency\",\"inversedBy\":\"vehicles\"},\"type\":{\"type\":\"string\"},\"brand\":{\"type\":\"string\"},\"model\":{\"type\":\"string\"},\"dateOfCirculation\":{\"type\":\"date\"},\"mileage\":{\"type\":\"biginteger\"},\"dateOfMileageReport\":{\"type\":\"date\"},\"locationEndDate\":{\"type\":\"date\"},\"price\":{\"type\":\"decimal\"},\"document\":{\"type\":\"media\",\"multiple\":false,\"required\":false,\"allowedTypes\":[\"images\",\"files\",\"videos\",\"audios\"]},\"nextInterviewDate\":{\"type\":\"date\"},\"interventions\":{\"type\":\"relation\",\"relation\":\"manyToMany\",\"target\":\"api::intervention.intervention\",\"mappedBy\":\"vehicles\"},\"power\":{\"type\":\"integer\"},\"createdAt\":{\"type\":\"datetime\"},\"updatedAt\":{\"type\":\"datetime\"},\"createdBy\":{\"type\":\"relation\",\"relation\":\"oneToOne\",\"target\":\"admin::user\",\"configurable\":false,\"writable\":false,\"visible\":false,\"useJoinTable\":false,\"private\":true},\"updatedBy\":{\"type\":\"relation\",\"relation\":\"oneToOne\",\"target\":\"admin::user\",\"configurable\":false,\"writable\":false,\"visible\":false,\"useJoinTable\":false,\"private\":true}},\"__schema__\":{\"collectionName\":\"vehicles\",\"info\":{\"singularName\":\"vehicle\",\"pluralName\":\"vehicles\",\"displayName\":\"Vehicle\",\"description\":\"\"},\"options\":{\"draftAndPublish\":false},\"pluginOptions\":{},\"attributes\":{\"registrationNumber\":{\"type\":\"string\",\"unique\":true},\"agency\":{\"type\":\"relation\",\"relation\":\"manyToOne\",\"target\":\"api::agency.agency\",\"inversedBy\":\"vehicles\"},\"type\":{\"type\":\"string\"},\"brand\":{\"type\":\"string\"},\"model\":{\"type\":\"string\"},\"dateOfCirculation\":{\"type\":\"date\"},\"mileage\":{\"type\":\"biginteger\"},\"dateOfMileageReport\":{\"type\":\"date\"},\"locationEndDate\":{\"type\":\"date\"},\"price\":{\"type\":\"decimal\"},\"document\":{\"type\":\"media\",\"multiple\":false,\"required\":false,\"allowedTypes\":[\"images\",\"files\",\"videos\",\"audios\"]},\"nextInterviewDate\":{\"type\":\"date\"},\"interventions\":{\"type\":\"relation\",\"relation\":\"manyToMany\",\"target\":\"api::intervention.intervention\",\"mappedBy\":\"vehicles\"},\"power\":{\"type\":\"integer\"}},\"kind\":\"collectionType\"},\"modelType\":\"contentType\",\"modelName\":\"vehicle\",\"connection\":\"default\",\"uid\":\"api::vehicle.vehicle\",\"apiName\":\"vehicle\",\"globalId\":\"Vehicle\",\"actions\":{},\"lifecycles\":{}},\"api::visible-comment.visible-comment\":{\"kind\":\"collectionType\",\"collectionName\":\"visible_comments\",\"info\":{\"singularName\":\"visible-comment\",\"pluralName\":\"visible-comments\",\"displayName\":\"visible_comment\",\"description\":\"\"},\"options\":{\"draftAndPublish\":true},\"pluginOptions\":{},\"attributes\":{\"comment\":{\"type\":\"richtext\"},\"agency\":{\"type\":\"relation\",\"relation\":\"manyToOne\",\"target\":\"api::agency.agency\",\"inversedBy\":\"visible_comments\"},\"property\":{\"type\":\"relation\",\"relation\":\"manyToOne\",\"target\":\"api::property.property\",\"inversedBy\":\"visible_comments\"},\"tier\":{\"type\":\"relation\",\"relation\":\"manyToOne\",\"target\":\"api::tier.tier\",\"inversedBy\":\"visible_comments\"},\"individual\":{\"type\":\"relation\",\"relation\":\"manyToOne\",\"target\":\"api::individual.individual\",\"inversedBy\":\"visible_comments\"},\"users_permissions_user\":{\"type\":\"relation\",\"relation\":\"oneToOne\",\"target\":\"plugin::users-permissions.user\"},\"createdAt\":{\"type\":\"datetime\"},\"updatedAt\":{\"type\":\"datetime\"},\"publishedAt\":{\"type\":\"datetime\",\"configurable\":false,\"writable\":true,\"visible\":false},\"createdBy\":{\"type\":\"relation\",\"relation\":\"oneToOne\",\"target\":\"admin::user\",\"configurable\":false,\"writable\":false,\"visible\":false,\"useJoinTable\":false,\"private\":true},\"updatedBy\":{\"type\":\"relation\",\"relation\":\"oneToOne\",\"target\":\"admin::user\",\"configurable\":false,\"writable\":false,\"visible\":false,\"useJoinTable\":false,\"private\":true}},\"__schema__\":{\"collectionName\":\"visible_comments\",\"info\":{\"singularName\":\"visible-comment\",\"pluralName\":\"visible-comments\",\"displayName\":\"visible_comment\",\"description\":\"\"},\"options\":{\"draftAndPublish\":true},\"pluginOptions\":{},\"attributes\":{\"comment\":{\"type\":\"richtext\"},\"agency\":{\"type\":\"relation\",\"relation\":\"manyToOne\",\"target\":\"api::agency.agency\",\"inversedBy\":\"visible_comments\"},\"property\":{\"type\":\"relation\",\"relation\":\"manyToOne\",\"target\":\"api::property.property\",\"inversedBy\":\"visible_comments\"},\"tier\":{\"type\":\"relation\",\"relation\":\"manyToOne\",\"target\":\"api::tier.tier\",\"inversedBy\":\"visible_comments\"},\"individual\":{\"type\":\"relation\",\"relation\":\"manyToOne\",\"target\":\"api::individual.individual\",\"inversedBy\":\"visible_comments\"},\"users_permissions_user\":{\"type\":\"relation\",\"relation\":\"oneToOne\",\"target\":\"plugin::users-permissions.user\"}},\"kind\":\"collectionType\"},\"modelType\":\"contentType\",\"modelName\":\"visible-comment\",\"connection\":\"default\",\"uid\":\"api::visible-comment.visible-comment\",\"apiName\":\"visible-comment\",\"globalId\":\"VisibleComment\",\"actions\":{},\"lifecycles\":{}},\"api::visible-object.visible-object\":{\"kind\":\"collectionType\",\"collectionName\":\"visible_objects\",\"info\":{\"singularName\":\"visible-object\",\"pluralName\":\"visible-objects\",\"displayName\":\"Visible object\",\"description\":\"\"},\"options\":{\"draftAndPublish\":true},\"pluginOptions\":{},\"attributes\":{\"equipment_of_sites\":{\"type\":\"relation\",\"relation\":\"oneToMany\",\"target\":\"api::equipment-of-site.equipment-of-site\"},\"fluids\":{\"type\":\"relation\",\"relation\":\"oneToMany\",\"target\":\"api::fluid.fluid\"},\"category\":{\"type\":\"relation\",\"relation\":\"oneToOne\",\"target\":\"api::category.category\"},\"property\":{\"type\":\"relation\",\"relation\":\"manyToOne\",\"target\":\"api::property.property\",\"inversedBy\":\"visible_objects\"},\"createdAt\":{\"type\":\"datetime\"},\"updatedAt\":{\"type\":\"datetime\"},\"publishedAt\":{\"type\":\"datetime\",\"configurable\":false,\"writable\":true,\"visible\":false},\"createdBy\":{\"type\":\"relation\",\"relation\":\"oneToOne\",\"target\":\"admin::user\",\"configurable\":false,\"writable\":false,\"visible\":false,\"useJoinTable\":false,\"private\":true},\"updatedBy\":{\"type\":\"relation\",\"relation\":\"oneToOne\",\"target\":\"admin::user\",\"configurable\":false,\"writable\":false,\"visible\":false,\"useJoinTable\":false,\"private\":true}},\"__schema__\":{\"collectionName\":\"visible_objects\",\"info\":{\"singularName\":\"visible-object\",\"pluralName\":\"visible-objects\",\"displayName\":\"Visible object\",\"description\":\"\"},\"options\":{\"draftAndPublish\":true},\"pluginOptions\":{},\"attributes\":{\"equipment_of_sites\":{\"type\":\"relation\",\"relation\":\"oneToMany\",\"target\":\"api::equipment-of-site.equipment-of-site\"},\"fluids\":{\"type\":\"relation\",\"relation\":\"oneToMany\",\"target\":\"api::fluid.fluid\"},\"category\":{\"type\":\"relation\",\"relation\":\"oneToOne\",\"target\":\"api::category.category\"},\"property\":{\"type\":\"relation\",\"relation\":\"manyToOne\",\"target\":\"api::property.property\",\"inversedBy\":\"visible_objects\"}},\"kind\":\"collectionType\"},\"modelType\":\"contentType\",\"modelName\":\"visible-object\",\"connection\":\"default\",\"uid\":\"api::visible-object.visible-object\",\"apiName\":\"visible-object\",\"globalId\":\"VisibleObject\",\"actions\":{},\"lifecycles\":{}}}','object',NULL,NULL),(2,'plugin_content_manager_configuration_content_types::admin::permission','{\"uid\":\"admin::permission\",\"settings\":{\"bulkable\":true,\"filterable\":true,\"searchable\":true,\"pageSize\":10,\"mainField\":\"action\",\"defaultSortBy\":\"action\",\"defaultSortOrder\":\"ASC\"},\"metadatas\":{\"id\":{\"edit\":{},\"list\":{\"label\":\"id\",\"searchable\":true,\"sortable\":true}},\"action\":{\"edit\":{\"label\":\"action\",\"description\":\"\",\"placeholder\":\"\",\"visible\":true,\"editable\":true},\"list\":{\"label\":\"action\",\"searchable\":true,\"sortable\":true}},\"subject\":{\"edit\":{\"label\":\"subject\",\"description\":\"\",\"placeholder\":\"\",\"visible\":true,\"editable\":true},\"list\":{\"label\":\"subject\",\"searchable\":true,\"sortable\":true}},\"properties\":{\"edit\":{\"label\":\"properties\",\"description\":\"\",\"placeholder\":\"\",\"visible\":true,\"editable\":true},\"list\":{\"label\":\"properties\",\"searchable\":false,\"sortable\":false}},\"conditions\":{\"edit\":{\"label\":\"conditions\",\"description\":\"\",\"placeholder\":\"\",\"visible\":true,\"editable\":true},\"list\":{\"label\":\"conditions\",\"searchable\":false,\"sortable\":false}},\"role\":{\"edit\":{\"label\":\"role\",\"description\":\"\",\"placeholder\":\"\",\"visible\":true,\"editable\":true,\"mainField\":\"name\"},\"list\":{\"label\":\"role\",\"searchable\":true,\"sortable\":true}},\"createdAt\":{\"edit\":{\"label\":\"createdAt\",\"description\":\"\",\"placeholder\":\"\",\"visible\":false,\"editable\":true},\"list\":{\"label\":\"createdAt\",\"searchable\":true,\"sortable\":true}},\"updatedAt\":{\"edit\":{\"label\":\"updatedAt\",\"description\":\"\",\"placeholder\":\"\",\"visible\":false,\"editable\":true},\"list\":{\"label\":\"updatedAt\",\"searchable\":true,\"sortable\":true}}},\"layouts\":{\"list\":[\"id\",\"action\",\"subject\",\"role\"],\"edit\":[[{\"name\":\"action\",\"size\":6},{\"name\":\"subject\",\"size\":6}],[{\"name\":\"properties\",\"size\":12}],[{\"name\":\"conditions\",\"size\":12}],[{\"name\":\"role\",\"size\":6}]]}}','object',NULL,NULL),(3,'plugin_content_manager_configuration_content_types::admin::user','{\"uid\":\"admin::user\",\"settings\":{\"bulkable\":true,\"filterable\":true,\"searchable\":true,\"pageSize\":10,\"mainField\":\"firstname\",\"defaultSortBy\":\"firstname\",\"defaultSortOrder\":\"ASC\"},\"metadatas\":{\"id\":{\"edit\":{},\"list\":{\"label\":\"id\",\"searchable\":true,\"sortable\":true}},\"firstname\":{\"edit\":{\"label\":\"firstname\",\"description\":\"\",\"placeholder\":\"\",\"visible\":true,\"editable\":true},\"list\":{\"label\":\"firstname\",\"searchable\":true,\"sortable\":true}},\"lastname\":{\"edit\":{\"label\":\"lastname\",\"description\":\"\",\"placeholder\":\"\",\"visible\":true,\"editable\":true},\"list\":{\"label\":\"lastname\",\"searchable\":true,\"sortable\":true}},\"username\":{\"edit\":{\"label\":\"username\",\"description\":\"\",\"placeholder\":\"\",\"visible\":true,\"editable\":true},\"list\":{\"label\":\"username\",\"searchable\":true,\"sortable\":true}},\"email\":{\"edit\":{\"label\":\"email\",\"description\":\"\",\"placeholder\":\"\",\"visible\":true,\"editable\":true},\"list\":{\"label\":\"email\",\"searchable\":true,\"sortable\":true}},\"password\":{\"edit\":{\"label\":\"password\",\"description\":\"\",\"placeholder\":\"\",\"visible\":true,\"editable\":true},\"list\":{\"label\":\"password\",\"searchable\":true,\"sortable\":true}},\"resetPasswordToken\":{\"edit\":{\"label\":\"resetPasswordToken\",\"description\":\"\",\"placeholder\":\"\",\"visible\":true,\"editable\":true},\"list\":{\"label\":\"resetPasswordToken\",\"searchable\":true,\"sortable\":true}},\"registrationToken\":{\"edit\":{\"label\":\"registrationToken\",\"description\":\"\",\"placeholder\":\"\",\"visible\":true,\"editable\":true},\"list\":{\"label\":\"registrationToken\",\"searchable\":true,\"sortable\":true}},\"isActive\":{\"edit\":{\"label\":\"isActive\",\"description\":\"\",\"placeholder\":\"\",\"visible\":true,\"editable\":true},\"list\":{\"label\":\"isActive\",\"searchable\":true,\"sortable\":true}},\"roles\":{\"edit\":{\"label\":\"roles\",\"description\":\"\",\"placeholder\":\"\",\"visible\":true,\"editable\":true,\"mainField\":\"name\"},\"list\":{\"label\":\"roles\",\"searchable\":false,\"sortable\":false}},\"blocked\":{\"edit\":{\"label\":\"blocked\",\"description\":\"\",\"placeholder\":\"\",\"visible\":true,\"editable\":true},\"list\":{\"label\":\"blocked\",\"searchable\":true,\"sortable\":true}},\"preferedLanguage\":{\"edit\":{\"label\":\"preferedLanguage\",\"description\":\"\",\"placeholder\":\"\",\"visible\":true,\"editable\":true},\"list\":{\"label\":\"preferedLanguage\",\"searchable\":true,\"sortable\":true}},\"createdAt\":{\"edit\":{\"label\":\"createdAt\",\"description\":\"\",\"placeholder\":\"\",\"visible\":false,\"editable\":true},\"list\":{\"label\":\"createdAt\",\"searchable\":true,\"sortable\":true}},\"updatedAt\":{\"edit\":{\"label\":\"updatedAt\",\"description\":\"\",\"placeholder\":\"\",\"visible\":false,\"editable\":true},\"list\":{\"label\":\"updatedAt\",\"searchable\":true,\"sortable\":true}}},\"layouts\":{\"list\":[\"id\",\"firstname\",\"lastname\",\"username\"],\"edit\":[[{\"name\":\"firstname\",\"size\":6},{\"name\":\"lastname\",\"size\":6}],[{\"name\":\"username\",\"size\":6},{\"name\":\"email\",\"size\":6}],[{\"name\":\"password\",\"size\":6},{\"name\":\"resetPasswordToken\",\"size\":6}],[{\"name\":\"registrationToken\",\"size\":6},{\"name\":\"isActive\",\"size\":4}],[{\"name\":\"roles\",\"size\":6},{\"name\":\"blocked\",\"size\":4}],[{\"name\":\"preferedLanguage\",\"size\":6}]]}}','object',NULL,NULL),(4,'plugin_content_manager_configuration_content_types::admin::role','{\"uid\":\"admin::role\",\"settings\":{\"bulkable\":true,\"filterable\":true,\"searchable\":true,\"pageSize\":10,\"mainField\":\"name\",\"defaultSortBy\":\"name\",\"defaultSortOrder\":\"ASC\"},\"metadatas\":{\"id\":{\"edit\":{},\"list\":{\"label\":\"id\",\"searchable\":true,\"sortable\":true}},\"name\":{\"edit\":{\"label\":\"name\",\"description\":\"\",\"placeholder\":\"\",\"visible\":true,\"editable\":true},\"list\":{\"label\":\"name\",\"searchable\":true,\"sortable\":true}},\"code\":{\"edit\":{\"label\":\"code\",\"description\":\"\",\"placeholder\":\"\",\"visible\":true,\"editable\":true},\"list\":{\"label\":\"code\",\"searchable\":true,\"sortable\":true}},\"description\":{\"edit\":{\"label\":\"description\",\"description\":\"\",\"placeholder\":\"\",\"visible\":true,\"editable\":true},\"list\":{\"label\":\"description\",\"searchable\":true,\"sortable\":true}},\"users\":{\"edit\":{\"label\":\"users\",\"description\":\"\",\"placeholder\":\"\",\"visible\":true,\"editable\":true,\"mainField\":\"firstname\"},\"list\":{\"label\":\"users\",\"searchable\":false,\"sortable\":false}},\"permissions\":{\"edit\":{\"label\":\"permissions\",\"description\":\"\",\"placeholder\":\"\",\"visible\":true,\"editable\":true,\"mainField\":\"action\"},\"list\":{\"label\":\"permissions\",\"searchable\":false,\"sortable\":false}},\"createdAt\":{\"edit\":{\"label\":\"createdAt\",\"description\":\"\",\"placeholder\":\"\",\"visible\":false,\"editable\":true},\"list\":{\"label\":\"createdAt\",\"searchable\":true,\"sortable\":true}},\"updatedAt\":{\"edit\":{\"label\":\"updatedAt\",\"description\":\"\",\"placeholder\":\"\",\"visible\":false,\"editable\":true},\"list\":{\"label\":\"updatedAt\",\"searchable\":true,\"sortable\":true}}},\"layouts\":{\"list\":[\"id\",\"name\",\"code\",\"description\"],\"edit\":[[{\"name\":\"name\",\"size\":6},{\"name\":\"code\",\"size\":6}],[{\"name\":\"description\",\"size\":6},{\"name\":\"users\",\"size\":6}],[{\"name\":\"permissions\",\"size\":6}]]}}','object',NULL,NULL),(5,'plugin_content_manager_configuration_content_types::admin::api-token','{\"uid\":\"admin::api-token\",\"settings\":{\"bulkable\":true,\"filterable\":true,\"searchable\":true,\"pageSize\":10,\"mainField\":\"name\",\"defaultSortBy\":\"name\",\"defaultSortOrder\":\"ASC\"},\"metadatas\":{\"id\":{\"edit\":{},\"list\":{\"label\":\"id\",\"searchable\":true,\"sortable\":true}},\"name\":{\"edit\":{\"label\":\"name\",\"description\":\"\",\"placeholder\":\"\",\"visible\":true,\"editable\":true},\"list\":{\"label\":\"name\",\"searchable\":true,\"sortable\":true}},\"description\":{\"edit\":{\"label\":\"description\",\"description\":\"\",\"placeholder\":\"\",\"visible\":true,\"editable\":true},\"list\":{\"label\":\"description\",\"searchable\":true,\"sortable\":true}},\"type\":{\"edit\":{\"label\":\"type\",\"description\":\"\",\"placeholder\":\"\",\"visible\":true,\"editable\":true},\"list\":{\"label\":\"type\",\"searchable\":true,\"sortable\":true}},\"accessKey\":{\"edit\":{\"label\":\"accessKey\",\"description\":\"\",\"placeholder\":\"\",\"visible\":true,\"editable\":true},\"list\":{\"label\":\"accessKey\",\"searchable\":true,\"sortable\":true}},\"lastUsedAt\":{\"edit\":{\"label\":\"lastUsedAt\",\"description\":\"\",\"placeholder\":\"\",\"visible\":true,\"editable\":true},\"list\":{\"label\":\"lastUsedAt\",\"searchable\":true,\"sortable\":true}},\"permissions\":{\"edit\":{\"label\":\"permissions\",\"description\":\"\",\"placeholder\":\"\",\"visible\":true,\"editable\":true,\"mainField\":\"action\"},\"list\":{\"label\":\"permissions\",\"searchable\":false,\"sortable\":false}},\"expiresAt\":{\"edit\":{\"label\":\"expiresAt\",\"description\":\"\",\"placeholder\":\"\",\"visible\":true,\"editable\":true},\"list\":{\"label\":\"expiresAt\",\"searchable\":true,\"sortable\":true}},\"lifespan\":{\"edit\":{\"label\":\"lifespan\",\"description\":\"\",\"placeholder\":\"\",\"visible\":true,\"editable\":true},\"list\":{\"label\":\"lifespan\",\"searchable\":true,\"sortable\":true}},\"createdAt\":{\"edit\":{\"label\":\"createdAt\",\"description\":\"\",\"placeholder\":\"\",\"visible\":false,\"editable\":true},\"list\":{\"label\":\"createdAt\",\"searchable\":true,\"sortable\":true}},\"updatedAt\":{\"edit\":{\"label\":\"updatedAt\",\"description\":\"\",\"placeholder\":\"\",\"visible\":false,\"editable\":true},\"list\":{\"label\":\"updatedAt\",\"searchable\":true,\"sortable\":true}}},\"layouts\":{\"list\":[\"id\",\"name\",\"description\",\"type\"],\"edit\":[[{\"name\":\"name\",\"size\":6},{\"name\":\"description\",\"size\":6}],[{\"name\":\"type\",\"size\":6},{\"name\":\"accessKey\",\"size\":6}],[{\"name\":\"lastUsedAt\",\"size\":6},{\"name\":\"permissions\",\"size\":6}],[{\"name\":\"expiresAt\",\"size\":6},{\"name\":\"lifespan\",\"size\":4}]]}}','object',NULL,NULL),(6,'plugin_content_manager_configuration_content_types::admin::api-token-permission','{\"uid\":\"admin::api-token-permission\",\"settings\":{\"bulkable\":true,\"filterable\":true,\"searchable\":true,\"pageSize\":10,\"mainField\":\"action\",\"defaultSortBy\":\"action\",\"defaultSortOrder\":\"ASC\"},\"metadatas\":{\"id\":{\"edit\":{},\"list\":{\"label\":\"id\",\"searchable\":true,\"sortable\":true}},\"action\":{\"edit\":{\"label\":\"action\",\"description\":\"\",\"placeholder\":\"\",\"visible\":true,\"editable\":true},\"list\":{\"label\":\"action\",\"searchable\":true,\"sortable\":true}},\"token\":{\"edit\":{\"label\":\"token\",\"description\":\"\",\"placeholder\":\"\",\"visible\":true,\"editable\":true,\"mainField\":\"name\"},\"list\":{\"label\":\"token\",\"searchable\":true,\"sortable\":true}},\"createdAt\":{\"edit\":{\"label\":\"createdAt\",\"description\":\"\",\"placeholder\":\"\",\"visible\":false,\"editable\":true},\"list\":{\"label\":\"createdAt\",\"searchable\":true,\"sortable\":true}},\"updatedAt\":{\"edit\":{\"label\":\"updatedAt\",\"description\":\"\",\"placeholder\":\"\",\"visible\":false,\"editable\":true},\"list\":{\"label\":\"updatedAt\",\"searchable\":true,\"sortable\":true}}},\"layouts\":{\"list\":[\"id\",\"action\",\"token\",\"createdAt\"],\"edit\":[[{\"name\":\"action\",\"size\":6},{\"name\":\"token\",\"size\":6}]]}}','object',NULL,NULL),(7,'plugin_content_manager_configuration_content_types::plugin::upload.folder','{\"uid\":\"plugin::upload.folder\",\"settings\":{\"bulkable\":true,\"filterable\":true,\"searchable\":true,\"pageSize\":10,\"mainField\":\"name\",\"defaultSortBy\":\"name\",\"defaultSortOrder\":\"ASC\"},\"metadatas\":{\"id\":{\"edit\":{},\"list\":{\"label\":\"id\",\"searchable\":true,\"sortable\":true}},\"name\":{\"edit\":{\"label\":\"name\",\"description\":\"\",\"placeholder\":\"\",\"visible\":true,\"editable\":true},\"list\":{\"label\":\"name\",\"searchable\":true,\"sortable\":true}},\"pathId\":{\"edit\":{\"label\":\"pathId\",\"description\":\"\",\"placeholder\":\"\",\"visible\":true,\"editable\":true},\"list\":{\"label\":\"pathId\",\"searchable\":true,\"sortable\":true}},\"parent\":{\"edit\":{\"label\":\"parent\",\"description\":\"\",\"placeholder\":\"\",\"visible\":true,\"editable\":true,\"mainField\":\"name\"},\"list\":{\"label\":\"parent\",\"searchable\":true,\"sortable\":true}},\"children\":{\"edit\":{\"label\":\"children\",\"description\":\"\",\"placeholder\":\"\",\"visible\":true,\"editable\":true,\"mainField\":\"name\"},\"list\":{\"label\":\"children\",\"searchable\":false,\"sortable\":false}},\"files\":{\"edit\":{\"label\":\"files\",\"description\":\"\",\"placeholder\":\"\",\"visible\":true,\"editable\":true,\"mainField\":\"name\"},\"list\":{\"label\":\"files\",\"searchable\":false,\"sortable\":false}},\"path\":{\"edit\":{\"label\":\"path\",\"description\":\"\",\"placeholder\":\"\",\"visible\":true,\"editable\":true},\"list\":{\"label\":\"path\",\"searchable\":true,\"sortable\":true}},\"createdAt\":{\"edit\":{\"label\":\"createdAt\",\"description\":\"\",\"placeholder\":\"\",\"visible\":false,\"editable\":true},\"list\":{\"label\":\"createdAt\",\"searchable\":true,\"sortable\":true}},\"updatedAt\":{\"edit\":{\"label\":\"updatedAt\",\"description\":\"\",\"placeholder\":\"\",\"visible\":false,\"editable\":true},\"list\":{\"label\":\"updatedAt\",\"searchable\":true,\"sortable\":true}}},\"layouts\":{\"list\":[\"id\",\"name\",\"pathId\",\"parent\"],\"edit\":[[{\"name\":\"name\",\"size\":6},{\"name\":\"pathId\",\"size\":4}],[{\"name\":\"parent\",\"size\":6},{\"name\":\"children\",\"size\":6}],[{\"name\":\"files\",\"size\":6},{\"name\":\"path\",\"size\":6}]]}}','object',NULL,NULL),(8,'plugin_content_manager_configuration_content_types::plugin::i18n.locale','{\"uid\":\"plugin::i18n.locale\",\"settings\":{\"bulkable\":true,\"filterable\":true,\"searchable\":true,\"pageSize\":10,\"mainField\":\"name\",\"defaultSortBy\":\"name\",\"defaultSortOrder\":\"ASC\"},\"metadatas\":{\"id\":{\"edit\":{},\"list\":{\"label\":\"id\",\"searchable\":true,\"sortable\":true}},\"name\":{\"edit\":{\"label\":\"name\",\"description\":\"\",\"placeholder\":\"\",\"visible\":true,\"editable\":true},\"list\":{\"label\":\"name\",\"searchable\":true,\"sortable\":true}},\"code\":{\"edit\":{\"label\":\"code\",\"description\":\"\",\"placeholder\":\"\",\"visible\":true,\"editable\":true},\"list\":{\"label\":\"code\",\"searchable\":true,\"sortable\":true}},\"createdAt\":{\"edit\":{\"label\":\"createdAt\",\"description\":\"\",\"placeholder\":\"\",\"visible\":false,\"editable\":true},\"list\":{\"label\":\"createdAt\",\"searchable\":true,\"sortable\":true}},\"updatedAt\":{\"edit\":{\"label\":\"updatedAt\",\"description\":\"\",\"placeholder\":\"\",\"visible\":false,\"editable\":true},\"list\":{\"label\":\"updatedAt\",\"searchable\":true,\"sortable\":true}}},\"layouts\":{\"list\":[\"id\",\"name\",\"code\",\"createdAt\"],\"edit\":[[{\"name\":\"name\",\"size\":6},{\"name\":\"code\",\"size\":6}]]}}','object',NULL,NULL),(9,'plugin_content_manager_configuration_content_types::plugin::users-permissions.user','{\"uid\":\"plugin::users-permissions.user\",\"settings\":{\"bulkable\":true,\"filterable\":true,\"searchable\":true,\"pageSize\":10,\"mainField\":\"username\",\"defaultSortBy\":\"username\",\"defaultSortOrder\":\"ASC\"},\"metadatas\":{\"id\":{\"edit\":{},\"list\":{\"label\":\"id\",\"searchable\":true,\"sortable\":true}},\"username\":{\"edit\":{\"label\":\"username\",\"description\":\"\",\"placeholder\":\"\",\"visible\":true,\"editable\":true},\"list\":{\"label\":\"username\",\"searchable\":true,\"sortable\":true}},\"email\":{\"edit\":{\"label\":\"email\",\"description\":\"\",\"placeholder\":\"\",\"visible\":true,\"editable\":true},\"list\":{\"label\":\"email\",\"searchable\":true,\"sortable\":true}},\"provider\":{\"edit\":{\"label\":\"provider\",\"description\":\"\",\"placeholder\":\"\",\"visible\":false,\"editable\":true},\"list\":{\"label\":\"provider\",\"searchable\":true,\"sortable\":true}},\"password\":{\"edit\":{\"label\":\"password\",\"description\":\"\",\"placeholder\":\"\",\"visible\":true,\"editable\":true},\"list\":{\"label\":\"password\",\"searchable\":true,\"sortable\":true}},\"resetPasswordToken\":{\"edit\":{\"label\":\"resetPasswordToken\",\"description\":\"\",\"placeholder\":\"\",\"visible\":false,\"editable\":true},\"list\":{\"label\":\"resetPasswordToken\",\"searchable\":true,\"sortable\":true}},\"confirmationToken\":{\"edit\":{\"label\":\"confirmationToken\",\"description\":\"\",\"placeholder\":\"\",\"visible\":false,\"editable\":true},\"list\":{\"label\":\"confirmationToken\",\"searchable\":true,\"sortable\":true}},\"confirmed\":{\"edit\":{\"label\":\"confirmed\",\"description\":\"\",\"placeholder\":\"\",\"visible\":true,\"editable\":true},\"list\":{\"label\":\"confirmed\",\"searchable\":true,\"sortable\":true}},\"blocked\":{\"edit\":{\"label\":\"blocked\",\"description\":\"\",\"placeholder\":\"\",\"visible\":true,\"editable\":true},\"list\":{\"label\":\"blocked\",\"searchable\":true,\"sortable\":true}},\"role\":{\"edit\":{\"label\":\"role\",\"description\":\"\",\"placeholder\":\"\",\"visible\":true,\"editable\":true,\"mainField\":\"name\"},\"list\":{\"label\":\"role\",\"searchable\":true,\"sortable\":true}},\"agency\":{\"edit\":{\"label\":\"agency\",\"description\":\"\",\"placeholder\":\"\",\"visible\":true,\"editable\":true,\"mainField\":\"tradeName\"},\"list\":{\"label\":\"agency\",\"searchable\":true,\"sortable\":true}},\"firstname\":{\"edit\":{\"label\":\"firstname\",\"description\":\"\",\"placeholder\":\"\",\"visible\":true,\"editable\":true},\"list\":{\"label\":\"firstname\",\"searchable\":true,\"sortable\":true}},\"phone\":{\"edit\":{\"label\":\"phone\",\"description\":\"\",\"placeholder\":\"\",\"visible\":true,\"editable\":true},\"list\":{\"label\":\"phone\",\"searchable\":true,\"sortable\":true}},\"lastname\":{\"edit\":{\"label\":\"lastname\",\"description\":\"\",\"placeholder\":\"\",\"visible\":true,\"editable\":true},\"list\":{\"label\":\"lastname\",\"searchable\":true,\"sortable\":true}},\"tickets\":{\"edit\":{\"label\":\"tickets\",\"description\":\"\",\"placeholder\":\"\",\"visible\":true,\"editable\":true,\"mainField\":\"address\"},\"list\":{\"label\":\"tickets\",\"searchable\":false,\"sortable\":false}},\"interventions\":{\"edit\":{\"label\":\"interventions\",\"description\":\"\",\"placeholder\":\"\",\"visible\":true,\"editable\":true,\"mainField\":\"description\"},\"list\":{\"label\":\"interventions\",\"searchable\":false,\"sortable\":false}},\"absences\":{\"edit\":{\"label\":\"absences\",\"description\":\"\",\"placeholder\":\"\",\"visible\":true,\"editable\":true,\"mainField\":\"state\"},\"list\":{\"label\":\"absences\",\"searchable\":false,\"sortable\":false}},\"dateOfBirth\":{\"edit\":{\"label\":\"dateOfBirth\",\"description\":\"\",\"placeholder\":\"\",\"visible\":true,\"editable\":true},\"list\":{\"label\":\"dateOfBirth\",\"searchable\":true,\"sortable\":true}},\"address\":{\"edit\":{\"label\":\"address\",\"description\":\"\",\"placeholder\":\"\",\"visible\":true,\"editable\":true},\"list\":{\"label\":\"address\",\"searchable\":true,\"sortable\":true}},\"phonePerso\":{\"edit\":{\"label\":\"phonePerso\",\"description\":\"\",\"placeholder\":\"\",\"visible\":true,\"editable\":true},\"list\":{\"label\":\"phonePerso\",\"searchable\":true,\"sortable\":true}},\"emailPerso\":{\"edit\":{\"label\":\"emailPerso\",\"description\":\"\",\"placeholder\":\"\",\"visible\":true,\"editable\":true},\"list\":{\"label\":\"emailPerso\",\"searchable\":true,\"sortable\":true}},\"job\":{\"edit\":{\"label\":\"job\",\"description\":\"\",\"placeholder\":\"\",\"visible\":true,\"editable\":true},\"list\":{\"label\":\"job\",\"searchable\":true,\"sortable\":true}},\"sector\":{\"edit\":{\"label\":\"sector\",\"description\":\"\",\"placeholder\":\"\",\"visible\":true,\"editable\":true},\"list\":{\"label\":\"sector\",\"searchable\":true,\"sortable\":true}},\"authorization\":{\"edit\":{\"label\":\"authorization\",\"description\":\"\",\"placeholder\":\"\",\"visible\":true,\"editable\":true},\"list\":{\"label\":\"authorization\",\"searchable\":true,\"sortable\":true}},\"comments\":{\"edit\":{\"label\":\"comments\",\"description\":\"\",\"placeholder\":\"\",\"visible\":true,\"editable\":true,\"mainField\":\"id\"},\"list\":{\"label\":\"comments\",\"searchable\":false,\"sortable\":false}},\"image\":{\"edit\":{\"label\":\"image\",\"description\":\"\",\"placeholder\":\"\",\"visible\":true,\"editable\":true},\"list\":{\"label\":\"image\",\"searchable\":false,\"sortable\":false}},\"properties\":{\"edit\":{\"label\":\"properties\",\"description\":\"\",\"placeholder\":\"\",\"visible\":true,\"editable\":true,\"mainField\":\"phone\"},\"list\":{\"label\":\"properties\",\"searchable\":false,\"sortable\":false}},\"sites\":{\"edit\":{\"label\":\"sites\",\"description\":\"\",\"placeholder\":\"\",\"visible\":true,\"editable\":true,\"mainField\":\"phone\"},\"list\":{\"label\":\"sites\",\"searchable\":false,\"sortable\":false}},\"service\":{\"edit\":{\"label\":\"service\",\"description\":\"\",\"placeholder\":\"\",\"visible\":true,\"editable\":true},\"list\":{\"label\":\"service\",\"searchable\":true,\"sortable\":true}},\"is_internal\":{\"edit\":{\"label\":\"is_internal\",\"description\":\"\",\"placeholder\":\"\",\"visible\":true,\"editable\":true},\"list\":{\"label\":\"is_internal\",\"searchable\":true,\"sortable\":true}},\"employee_contract\":{\"edit\":{\"label\":\"employee_contract\",\"description\":\"\",\"placeholder\":\"\",\"visible\":true,\"editable\":true,\"mainField\":\"lastname\"},\"list\":{\"label\":\"employee_contract\",\"searchable\":true,\"sortable\":true}},\"frai\":{\"edit\":{\"label\":\"frai\",\"description\":\"\",\"placeholder\":\"\",\"visible\":true,\"editable\":true,\"mainField\":\"name\"},\"list\":{\"label\":\"frai\",\"searchable\":true,\"sortable\":true}},\"service_properties\":{\"edit\":{\"label\":\"service_properties\",\"description\":\"\",\"placeholder\":\"\",\"visible\":true,\"editable\":true,\"mainField\":\"phone\"},\"list\":{\"label\":\"service_properties\",\"searchable\":false,\"sortable\":false}},\"createdAt\":{\"edit\":{\"label\":\"createdAt\",\"description\":\"\",\"placeholder\":\"\",\"visible\":false,\"editable\":true},\"list\":{\"label\":\"createdAt\",\"searchable\":true,\"sortable\":true}},\"updatedAt\":{\"edit\":{\"label\":\"updatedAt\",\"description\":\"\",\"placeholder\":\"\",\"visible\":false,\"editable\":true},\"list\":{\"label\":\"updatedAt\",\"searchable\":true,\"sortable\":true}}},\"layouts\":{\"list\":[\"id\",\"username\",\"email\",\"confirmed\"],\"edit\":[[{\"name\":\"username\",\"size\":6},{\"name\":\"email\",\"size\":6}],[{\"name\":\"password\",\"size\":6},{\"name\":\"confirmed\",\"size\":4}],[{\"name\":\"blocked\",\"size\":4},{\"name\":\"role\",\"size\":6}],[{\"name\":\"agency\",\"size\":6},{\"name\":\"properties\",\"size\":6}],[{\"name\":\"firstname\",\"size\":6},{\"name\":\"phone\",\"size\":6}],[{\"name\":\"lastname\",\"size\":6},{\"name\":\"tickets\",\"size\":6}],[{\"name\":\"interventions\",\"size\":6},{\"name\":\"absences\",\"size\":6}],[{\"name\":\"dateOfBirth\",\"size\":4},{\"name\":\"address\",\"size\":6}],[{\"name\":\"phonePerso\",\"size\":6},{\"name\":\"emailPerso\",\"size\":6}],[{\"name\":\"job\",\"size\":6},{\"name\":\"sector\",\"size\":6}],[{\"name\":\"authorization\",\"size\":6},{\"name\":\"comments\",\"size\":6}],[{\"name\":\"image\",\"size\":6}],[{\"name\":\"sites\",\"size\":6},{\"name\":\"service\",\"size\":6}],[{\"name\":\"is_internal\",\"size\":4},{\"name\":\"employee_contract\",\"size\":6}],[{\"name\":\"frai\",\"size\":6},{\"name\":\"service_properties\",\"size\":6}]]}}','object',NULL,NULL),(10,'plugin_content_manager_configuration_content_types::api::category.category','{\"uid\":\"api::category.category\",\"settings\":{\"bulkable\":true,\"filterable\":true,\"searchable\":true,\"pageSize\":10,\"mainField\":\"name\",\"defaultSortBy\":\"name\",\"defaultSortOrder\":\"ASC\"},\"metadatas\":{\"id\":{\"edit\":{},\"list\":{\"label\":\"id\",\"searchable\":true,\"sortable\":true}},\"name\":{\"edit\":{\"label\":\"name\",\"description\":\"\",\"placeholder\":\"\",\"visible\":true,\"editable\":true},\"list\":{\"label\":\"name\",\"searchable\":true,\"sortable\":true}},\"demande\":{\"edit\":{\"label\":\"demande\",\"description\":\"\",\"placeholder\":\"\",\"visible\":true,\"editable\":true},\"list\":{\"label\":\"demande\",\"searchable\":true,\"sortable\":true}},\"natures\":{\"edit\":{\"label\":\"natures\",\"description\":\"\",\"placeholder\":\"\",\"visible\":true,\"editable\":true,\"mainField\":\"name\"},\"list\":{\"label\":\"natures\",\"searchable\":false,\"sortable\":false}},\"createdAt\":{\"edit\":{\"label\":\"createdAt\",\"description\":\"\",\"placeholder\":\"\",\"visible\":false,\"editable\":true},\"list\":{\"label\":\"createdAt\",\"searchable\":true,\"sortable\":true}},\"updatedAt\":{\"edit\":{\"label\":\"updatedAt\",\"description\":\"\",\"placeholder\":\"\",\"visible\":false,\"editable\":true},\"list\":{\"label\":\"updatedAt\",\"searchable\":true,\"sortable\":true}}},\"layouts\":{\"list\":[\"id\",\"name\",\"createdAt\",\"updatedAt\"],\"edit\":[[{\"name\":\"name\",\"size\":6},{\"name\":\"demande\",\"size\":4}],[{\"name\":\"natures\",\"size\":6}]]}}','object',NULL,NULL),(11,'plugin_content_manager_configuration_content_types::api::comment.comment','{\"uid\":\"api::comment.comment\",\"settings\":{\"bulkable\":true,\"filterable\":true,\"searchable\":true,\"pageSize\":10,\"mainField\":\"id\",\"defaultSortBy\":\"id\",\"defaultSortOrder\":\"ASC\"},\"metadatas\":{\"id\":{\"edit\":{},\"list\":{\"label\":\"id\",\"searchable\":true,\"sortable\":true}},\"message\":{\"edit\":{\"label\":\"message\",\"description\":\"\",\"placeholder\":\"\",\"visible\":true,\"editable\":true},\"list\":{\"label\":\"message\",\"searchable\":true,\"sortable\":true}},\"ticket\":{\"edit\":{\"label\":\"ticket\",\"description\":\"\",\"placeholder\":\"\",\"visible\":true,\"editable\":true,\"mainField\":\"address\"},\"list\":{\"label\":\"ticket\",\"searchable\":true,\"sortable\":true}},\"users_permissions_user\":{\"edit\":{\"label\":\"users_permissions_user\",\"description\":\"\",\"placeholder\":\"\",\"visible\":true,\"editable\":true,\"mainField\":\"username\"},\"list\":{\"label\":\"users_permissions_user\",\"searchable\":true,\"sortable\":true}},\"seen\":{\"edit\":{\"label\":\"seen\",\"description\":\"\",\"placeholder\":\"\",\"visible\":true,\"editable\":true},\"list\":{\"label\":\"seen\",\"searchable\":true,\"sortable\":true}},\"createdAt\":{\"edit\":{\"label\":\"createdAt\",\"description\":\"\",\"placeholder\":\"\",\"visible\":false,\"editable\":true},\"list\":{\"label\":\"createdAt\",\"searchable\":true,\"sortable\":true}},\"updatedAt\":{\"edit\":{\"label\":\"updatedAt\",\"description\":\"\",\"placeholder\":\"\",\"visible\":false,\"editable\":true},\"list\":{\"label\":\"updatedAt\",\"searchable\":true,\"sortable\":true}}},\"layouts\":{\"list\":[\"id\",\"message\",\"ticket\",\"users_permissions_user\"],\"edit\":[[{\"name\":\"message\",\"size\":6},{\"name\":\"ticket\",\"size\":6}],[{\"name\":\"users_permissions_user\",\"size\":6},{\"name\":\"seen\",\"size\":4}]]}}','object',NULL,NULL),(12,'plugin_content_manager_configuration_content_types::api::contract.contract','{\"uid\":\"api::contract.contract\",\"settings\":{\"bulkable\":true,\"filterable\":true,\"searchable\":true,\"pageSize\":10,\"mainField\":\"name\",\"defaultSortBy\":\"name\",\"defaultSortOrder\":\"ASC\"},\"metadatas\":{\"id\":{\"edit\":{},\"list\":{\"label\":\"id\",\"searchable\":true,\"sortable\":true}},\"name\":{\"edit\":{\"label\":\"name\",\"description\":\"\",\"placeholder\":\"\",\"visible\":true,\"editable\":true},\"list\":{\"label\":\"name\",\"searchable\":true,\"sortable\":true}},\"property\":{\"edit\":{\"label\":\"property\",\"description\":\"\",\"placeholder\":\"\",\"visible\":true,\"editable\":true,\"mainField\":\"phone\"},\"list\":{\"label\":\"property\",\"searchable\":true,\"sortable\":true}},\"startDate\":{\"edit\":{\"label\":\"startDate\",\"description\":\"\",\"placeholder\":\"\",\"visible\":true,\"editable\":true},\"list\":{\"label\":\"startDate\",\"searchable\":true,\"sortable\":true}},\"endDate\":{\"edit\":{\"label\":\"endDate\",\"description\":\"\",\"placeholder\":\"\",\"visible\":true,\"editable\":true},\"list\":{\"label\":\"endDate\",\"searchable\":true,\"sortable\":true}},\"file\":{\"edit\":{\"label\":\"file\",\"description\":\"\",\"placeholder\":\"\",\"visible\":true,\"editable\":true},\"list\":{\"label\":\"file\",\"searchable\":false,\"sortable\":false}},\"state\":{\"edit\":{\"label\":\"state\",\"description\":\"\",\"placeholder\":\"\",\"visible\":true,\"editable\":true},\"list\":{\"label\":\"state\",\"searchable\":true,\"sortable\":true}},\"agency\":{\"edit\":{\"label\":\"agency\",\"description\":\"\",\"placeholder\":\"\",\"visible\":true,\"editable\":true,\"mainField\":\"tradeName\"},\"list\":{\"label\":\"agency\",\"searchable\":true,\"sortable\":true}},\"billing\":{\"edit\":{\"label\":\"billing\",\"description\":\"\",\"placeholder\":\"\",\"visible\":true,\"editable\":true},\"list\":{\"label\":\"billing\",\"searchable\":true,\"sortable\":true}},\"total\":{\"edit\":{\"label\":\"total\",\"description\":\"\",\"placeholder\":\"\",\"visible\":true,\"editable\":true},\"list\":{\"label\":\"total\",\"searchable\":true,\"sortable\":true}},\"communicationManagement\":{\"edit\":{\"label\":\"communicationManagement\",\"description\":\"\",\"placeholder\":\"\",\"visible\":true,\"editable\":true},\"list\":{\"label\":\"communicationManagement\",\"searchable\":true,\"sortable\":true}},\"interventionHours\":{\"edit\":{\"label\":\"interventionHours\",\"description\":\"\",\"placeholder\":\"\",\"visible\":true,\"editable\":true},\"list\":{\"label\":\"interventionHours\",\"searchable\":true,\"sortable\":true}},\"socialReason\":{\"edit\":{\"label\":\"socialReason\",\"description\":\"\",\"placeholder\":\"\",\"visible\":true,\"editable\":true},\"list\":{\"label\":\"socialReason\",\"searchable\":true,\"sortable\":true}},\"mailSociety\":{\"edit\":{\"label\":\"mailSociety\",\"description\":\"\",\"placeholder\":\"\",\"visible\":true,\"editable\":true},\"list\":{\"label\":\"mailSociety\",\"searchable\":true,\"sortable\":true}},\"phoneSociety\":{\"edit\":{\"label\":\"phoneSociety\",\"description\":\"\",\"placeholder\":\"\",\"visible\":true,\"editable\":true},\"list\":{\"label\":\"phoneSociety\",\"searchable\":true,\"sortable\":true}},\"addressSociety\":{\"edit\":{\"label\":\"addressSociety\",\"description\":\"\",\"placeholder\":\"\",\"visible\":true,\"editable\":true},\"list\":{\"label\":\"addressSociety\",\"searchable\":true,\"sortable\":true}},\"zipCodeSociety\":{\"edit\":{\"label\":\"zipCodeSociety\",\"description\":\"\",\"placeholder\":\"\",\"visible\":true,\"editable\":true},\"list\":{\"label\":\"zipCodeSociety\",\"searchable\":true,\"sortable\":true}},\"citySociety\":{\"edit\":{\"label\":\"citySociety\",\"description\":\"\",\"placeholder\":\"\",\"visible\":true,\"editable\":true},\"list\":{\"label\":\"citySociety\",\"searchable\":true,\"sortable\":true}},\"astreinte\":{\"edit\":{\"label\":\"astreinte\",\"description\":\"\",\"placeholder\":\"\",\"visible\":true,\"editable\":true},\"list\":{\"label\":\"astreinte\",\"searchable\":true,\"sortable\":true}},\"firstname\":{\"edit\":{\"label\":\"firstname\",\"description\":\"\",\"placeholder\":\"\",\"visible\":true,\"editable\":true},\"list\":{\"label\":\"firstname\",\"searchable\":true,\"sortable\":true}},\"lastname\":{\"edit\":{\"label\":\"lastname\",\"description\":\"\",\"placeholder\":\"\",\"visible\":true,\"editable\":true},\"list\":{\"label\":\"lastname\",\"searchable\":true,\"sortable\":true}},\"mail\":{\"edit\":{\"label\":\"mail\",\"description\":\"\",\"placeholder\":\"\",\"visible\":true,\"editable\":true},\"list\":{\"label\":\"mail\",\"searchable\":true,\"sortable\":true}},\"phone\":{\"edit\":{\"label\":\"phone\",\"description\":\"\",\"placeholder\":\"\",\"visible\":true,\"editable\":true},\"list\":{\"label\":\"phone\",\"searchable\":true,\"sortable\":true}},\"contactFirt\":{\"edit\":{\"label\":\"contactFirt\",\"description\":\"\",\"placeholder\":\"\",\"visible\":true,\"editable\":true},\"list\":{\"label\":\"contactFirt\",\"searchable\":true,\"sortable\":true}},\"contactSecond\":{\"edit\":{\"label\":\"contactSecond\",\"description\":\"\",\"placeholder\":\"\",\"visible\":true,\"editable\":true},\"list\":{\"label\":\"contactSecond\",\"searchable\":true,\"sortable\":true}},\"reference\":{\"edit\":{\"label\":\"reference\",\"description\":\"\",\"placeholder\":\"\",\"visible\":true,\"editable\":true},\"list\":{\"label\":\"reference\",\"searchable\":true,\"sortable\":true}},\"object\":{\"edit\":{\"label\":\"object\",\"description\":\"\",\"placeholder\":\"\",\"visible\":true,\"editable\":true},\"list\":{\"label\":\"object\",\"searchable\":true,\"sortable\":true}},\"activity\":{\"edit\":{\"label\":\"activity\",\"description\":\"\",\"placeholder\":\"\",\"visible\":true,\"editable\":true},\"list\":{\"label\":\"activity\",\"searchable\":true,\"sortable\":true}},\"users\":{\"edit\":{\"label\":\"users\",\"description\":\"\",\"placeholder\":\"\",\"visible\":true,\"editable\":true,\"mainField\":\"username\"},\"list\":{\"label\":\"users\",\"searchable\":false,\"sortable\":false}},\"deadline\":{\"edit\":{\"label\":\"deadline\",\"description\":\"\",\"placeholder\":\"\",\"visible\":true,\"editable\":true},\"list\":{\"label\":\"deadline\",\"searchable\":true,\"sortable\":true}},\"annualSolicitationPrice\":{\"edit\":{\"label\":\"annualSolicitationPrice\",\"description\":\"\",\"placeholder\":\"\",\"visible\":true,\"editable\":true},\"list\":{\"label\":\"annualSolicitationPrice\",\"searchable\":true,\"sortable\":true}},\"annualTravelPrice\":{\"edit\":{\"label\":\"annualTravelPrice\",\"description\":\"\",\"placeholder\":\"\",\"visible\":true,\"editable\":true},\"list\":{\"label\":\"annualTravelPrice\",\"searchable\":true,\"sortable\":true}},\"annualHoursOutContract\":{\"edit\":{\"label\":\"annualHoursOutContract\",\"description\":\"\",\"placeholder\":\"\",\"visible\":true,\"editable\":true},\"list\":{\"label\":\"annualHoursOutContract\",\"searchable\":true,\"sortable\":true}},\"duration\":{\"edit\":{\"label\":\"duration\",\"description\":\"\",\"placeholder\":\"\",\"visible\":true,\"editable\":true},\"list\":{\"label\":\"duration\",\"searchable\":true,\"sortable\":true}},\"address\":{\"edit\":{\"label\":\"address\",\"description\":\"\",\"placeholder\":\"\",\"visible\":true,\"editable\":true},\"list\":{\"label\":\"address\",\"searchable\":true,\"sortable\":true}},\"zipCode\":{\"edit\":{\"label\":\"zipCode\",\"description\":\"\",\"placeholder\":\"\",\"visible\":true,\"editable\":true},\"list\":{\"label\":\"zipCode\",\"searchable\":true,\"sortable\":true}},\"city\":{\"edit\":{\"label\":\"city\",\"description\":\"\",\"placeholder\":\"\",\"visible\":true,\"editable\":true},\"list\":{\"label\":\"city\",\"searchable\":true,\"sortable\":true}},\"dateOfBirth\":{\"edit\":{\"label\":\"dateOfBirth\",\"description\":\"\",\"placeholder\":\"\",\"visible\":true,\"editable\":true},\"list\":{\"label\":\"dateOfBirth\",\"searchable\":true,\"sortable\":true}},\"secuNumber\":{\"edit\":{\"label\":\"secuNumber\",\"description\":\"\",\"placeholder\":\"\",\"visible\":true,\"editable\":true},\"list\":{\"label\":\"secuNumber\",\"searchable\":true,\"sortable\":true}},\"mailPro\":{\"edit\":{\"label\":\"mailPro\",\"description\":\"\",\"placeholder\":\"\",\"visible\":true,\"editable\":true},\"list\":{\"label\":\"mailPro\",\"searchable\":true,\"sortable\":true}},\"phonePro\":{\"edit\":{\"label\":\"phonePro\",\"description\":\"\",\"placeholder\":\"\",\"visible\":true,\"editable\":true},\"list\":{\"label\":\"phonePro\",\"searchable\":true,\"sortable\":true}},\"hoursWorked\":{\"edit\":{\"label\":\"hoursWorked\",\"description\":\"\",\"placeholder\":\"\",\"visible\":true,\"editable\":true},\"list\":{\"label\":\"hoursWorked\",\"searchable\":true,\"sortable\":true}},\"functions\":{\"edit\":{\"label\":\"functions\",\"description\":\"\",\"placeholder\":\"\",\"visible\":true,\"editable\":true,\"mainField\":\"name\"},\"list\":{\"label\":\"functions\",\"searchable\":false,\"sortable\":false}},\"coefficients\":{\"edit\":{\"label\":\"coefficients\",\"description\":\"\",\"placeholder\":\"\",\"visible\":true,\"editable\":true,\"mainField\":\"name\"},\"list\":{\"label\":\"coefficients\",\"searchable\":false,\"sortable\":false}},\"attachmentServices\":{\"edit\":{\"label\":\"attachmentServices\",\"description\":\"\",\"placeholder\":\"\",\"visible\":true,\"editable\":true,\"mainField\":\"name\"},\"list\":{\"label\":\"attachmentServices\",\"searchable\":false,\"sortable\":false}},\"skills\":{\"edit\":{\"label\":\"skills\",\"description\":\"\",\"placeholder\":\"\",\"visible\":true,\"editable\":true,\"mainField\":\"name\"},\"list\":{\"label\":\"skills\",\"searchable\":false,\"sortable\":false}},\"certificates\":{\"edit\":{\"label\":\"certificates\",\"description\":\"\",\"placeholder\":\"\",\"visible\":true,\"editable\":true,\"mainField\":\"name\"},\"list\":{\"label\":\"certificates\",\"searchable\":false,\"sortable\":false}},\"authorizations\":{\"edit\":{\"label\":\"authorizations\",\"description\":\"\",\"placeholder\":\"\",\"visible\":true,\"editable\":true,\"mainField\":\"name\"},\"list\":{\"label\":\"authorizations\",\"searchable\":false,\"sortable\":false}},\"daysWorkeds\":{\"edit\":{\"label\":\"daysWorkeds\",\"description\":\"\",\"placeholder\":\"\",\"visible\":true,\"editable\":true,\"mainField\":\"name\"},\"list\":{\"label\":\"daysWorkeds\",\"searchable\":false,\"sortable\":false}},\"lineManagers\":{\"edit\":{\"label\":\"lineManagers\",\"description\":\"\",\"placeholder\":\"\",\"visible\":true,\"editable\":true,\"mainField\":\"username\"},\"list\":{\"label\":\"lineManagers\",\"searchable\":false,\"sortable\":false}},\"client_contract_services\":{\"edit\":{\"label\":\"client_contract_services\",\"description\":\"\",\"placeholder\":\"\",\"visible\":true,\"editable\":true,\"mainField\":\"name\"},\"list\":{\"label\":\"client_contract_services\",\"searchable\":false,\"sortable\":false}},\"annualHours\":{\"edit\":{\"label\":\"annualHours\",\"description\":\"\",\"placeholder\":\"\",\"visible\":true,\"editable\":true},\"list\":{\"label\":\"annualHours\",\"searchable\":true,\"sortable\":true}},\"logo\":{\"edit\":{\"label\":\"logo\",\"description\":\"\",\"placeholder\":\"\",\"visible\":true,\"editable\":true},\"list\":{\"label\":\"logo\",\"searchable\":false,\"sortable\":false}},\"createdAt\":{\"edit\":{\"label\":\"createdAt\",\"description\":\"\",\"placeholder\":\"\",\"visible\":false,\"editable\":true},\"list\":{\"label\":\"createdAt\",\"searchable\":true,\"sortable\":true}},\"updatedAt\":{\"edit\":{\"label\":\"updatedAt\",\"description\":\"\",\"placeholder\":\"\",\"visible\":false,\"editable\":true},\"list\":{\"label\":\"updatedAt\",\"searchable\":true,\"sortable\":true}}},\"layouts\":{\"list\":[\"id\",\"name\",\"property\",\"startDate\"],\"edit\":[[{\"name\":\"name\",\"size\":6},{\"name\":\"property\",\"size\":6}],[{\"name\":\"startDate\",\"size\":4},{\"name\":\"endDate\",\"size\":4}],[{\"name\":\"file\",\"size\":6},{\"name\":\"state\",\"size\":6}],[{\"name\":\"agency\",\"size\":6},{\"name\":\"billing\",\"size\":6}],[{\"name\":\"total\",\"size\":4},{\"name\":\"communicationManagement\",\"size\":4},{\"name\":\"interventionHours\",\"size\":4}],[{\"name\":\"socialReason\",\"size\":6},{\"name\":\"mailSociety\",\"size\":6}],[{\"name\":\"phoneSociety\",\"size\":6},{\"name\":\"addressSociety\",\"size\":6}],[{\"name\":\"zipCodeSociety\",\"size\":6},{\"name\":\"citySociety\",\"size\":6}],[{\"name\":\"astreinte\",\"size\":6},{\"name\":\"firstname\",\"size\":6}],[{\"name\":\"lastname\",\"size\":6},{\"name\":\"mail\",\"size\":6}],[{\"name\":\"phone\",\"size\":6},{\"name\":\"contactFirt\",\"size\":6}],[{\"name\":\"contactSecond\",\"size\":6},{\"name\":\"reference\",\"size\":6}],[{\"name\":\"object\",\"size\":6},{\"name\":\"activity\",\"size\":6}],[{\"name\":\"deadline\",\"size\":4},{\"name\":\"annualSolicitationPrice\",\"size\":4},{\"name\":\"annualTravelPrice\",\"size\":4}],[{\"name\":\"annualHoursOutContract\",\"size\":4},{\"name\":\"duration\",\"size\":6}],[{\"name\":\"address\",\"size\":6},{\"name\":\"zipCode\",\"size\":6}],[{\"name\":\"city\",\"size\":6},{\"name\":\"dateOfBirth\",\"size\":6}],[{\"name\":\"secuNumber\",\"size\":6},{\"name\":\"mailPro\",\"size\":6}],[{\"name\":\"phonePro\",\"size\":6},{\"name\":\"hoursWorked\",\"size\":6}],[{\"name\":\"functions\",\"size\":6},{\"name\":\"coefficients\",\"size\":6}],[{\"name\":\"attachmentServices\",\"size\":6},{\"name\":\"skills\",\"size\":6}],[{\"name\":\"certificates\",\"size\":6},{\"name\":\"authorizations\",\"size\":6}],[{\"name\":\"daysWorkeds\",\"size\":6},{\"name\":\"lineManagers\",\"size\":6}],[{\"name\":\"client_contract_services\",\"size\":6}],[{\"name\":\"annualHours\",\"size\":4},{\"name\":\"logo\",\"size\":6}],[{\"name\":\"users\",\"size\":6}]]}}','object',NULL,NULL),(13,'plugin_content_manager_configuration_content_types::api::absence.absence','{\"uid\":\"api::absence.absence\",\"settings\":{\"bulkable\":true,\"filterable\":true,\"searchable\":true,\"pageSize\":10,\"mainField\":\"state\",\"defaultSortBy\":\"state\",\"defaultSortOrder\":\"ASC\"},\"metadatas\":{\"id\":{\"edit\":{},\"list\":{\"label\":\"id\",\"searchable\":true,\"sortable\":true}},\"startDate\":{\"edit\":{\"label\":\"startDate\",\"description\":\"\",\"placeholder\":\"\",\"visible\":true,\"editable\":true},\"list\":{\"label\":\"startDate\",\"searchable\":true,\"sortable\":true}},\"endDate\":{\"edit\":{\"label\":\"endDate\",\"description\":\"\",\"placeholder\":\"\",\"visible\":true,\"editable\":true},\"list\":{\"label\":\"endDate\",\"searchable\":true,\"sortable\":true}},\"users_permissions_user\":{\"edit\":{\"label\":\"users_permissions_user\",\"description\":\"\",\"placeholder\":\"\",\"visible\":true,\"editable\":true,\"mainField\":\"username\"},\"list\":{\"label\":\"users_permissions_user\",\"searchable\":true,\"sortable\":true}},\"state\":{\"edit\":{\"label\":\"state\",\"description\":\"\",\"placeholder\":\"\",\"visible\":true,\"editable\":true},\"list\":{\"label\":\"state\",\"searchable\":true,\"sortable\":true}},\"absence_type\":{\"edit\":{\"label\":\"absence_type\",\"description\":\"\",\"placeholder\":\"\",\"visible\":true,\"editable\":true,\"mainField\":\"name\"},\"list\":{\"label\":\"absence_type\",\"searchable\":true,\"sortable\":true}},\"createdAt\":{\"edit\":{\"label\":\"createdAt\",\"description\":\"\",\"placeholder\":\"\",\"visible\":false,\"editable\":true},\"list\":{\"label\":\"createdAt\",\"searchable\":true,\"sortable\":true}},\"updatedAt\":{\"edit\":{\"label\":\"updatedAt\",\"description\":\"\",\"placeholder\":\"\",\"visible\":false,\"editable\":true},\"list\":{\"label\":\"updatedAt\",\"searchable\":true,\"sortable\":true}}},\"layouts\":{\"list\":[\"id\",\"startDate\",\"endDate\",\"absence_type\"],\"edit\":[[{\"name\":\"startDate\",\"size\":4}],[{\"name\":\"endDate\",\"size\":4},{\"name\":\"users_permissions_user\",\"size\":6}],[{\"name\":\"state\",\"size\":6},{\"name\":\"absence_type\",\"size\":6}]]}}','object',NULL,NULL),(14,'plugin_content_manager_configuration_content_types::api::agency.agency','{\"uid\":\"api::agency.agency\",\"settings\":{\"bulkable\":true,\"filterable\":true,\"searchable\":true,\"pageSize\":10,\"mainField\":\"tradeName\",\"defaultSortBy\":\"tradeName\",\"defaultSortOrder\":\"ASC\"},\"metadatas\":{\"id\":{\"edit\":{},\"list\":{\"label\":\"id\",\"searchable\":true,\"sortable\":true}},\"name\":{\"edit\":{\"label\":\"name\",\"description\":\"\",\"placeholder\":\"\",\"visible\":true,\"editable\":true},\"list\":{\"label\":\"name\",\"searchable\":true,\"sortable\":true}},\"users_permissions_users\":{\"edit\":{\"label\":\"users_permissions_users\",\"description\":\"\",\"placeholder\":\"\",\"visible\":true,\"editable\":true,\"mainField\":\"username\"},\"list\":{\"label\":\"users_permissions_users\",\"searchable\":false,\"sortable\":false}},\"properties\":{\"edit\":{\"label\":\"properties\",\"description\":\"\",\"placeholder\":\"\",\"visible\":true,\"editable\":true,\"mainField\":\"phone\"},\"list\":{\"label\":\"properties\",\"searchable\":false,\"sortable\":false}},\"tickets\":{\"edit\":{\"label\":\"tickets\",\"description\":\"\",\"placeholder\":\"\",\"visible\":true,\"editable\":true,\"mainField\":\"address\"},\"list\":{\"label\":\"tickets\",\"searchable\":false,\"sortable\":false}},\"tradeName\":{\"edit\":{\"label\":\"tradeName\",\"description\":\"\",\"placeholder\":\"\",\"visible\":true,\"editable\":true},\"list\":{\"label\":\"tradeName\",\"searchable\":true,\"sortable\":true}},\"codeNafApe\":{\"edit\":{\"label\":\"codeNafApe\",\"description\":\"\",\"placeholder\":\"\",\"visible\":true,\"editable\":true},\"list\":{\"label\":\"codeNafApe\",\"searchable\":true,\"sortable\":true}},\"address\":{\"edit\":{\"label\":\"address\",\"description\":\"\",\"placeholder\":\"\",\"visible\":true,\"editable\":true},\"list\":{\"label\":\"address\",\"searchable\":true,\"sortable\":true}},\"city\":{\"edit\":{\"label\":\"city\",\"description\":\"\",\"placeholder\":\"\",\"visible\":true,\"editable\":true},\"list\":{\"label\":\"city\",\"searchable\":true,\"sortable\":true}},\"phone\":{\"edit\":{\"label\":\"phone\",\"description\":\"\",\"placeholder\":\"\",\"visible\":true,\"editable\":true},\"list\":{\"label\":\"phone\",\"searchable\":true,\"sortable\":true}},\"siren\":{\"edit\":{\"label\":\"siren\",\"description\":\"\",\"placeholder\":\"\",\"visible\":true,\"editable\":true},\"list\":{\"label\":\"siren\",\"searchable\":true,\"sortable\":true}},\"siret\":{\"edit\":{\"label\":\"siret\",\"description\":\"\",\"placeholder\":\"\",\"visible\":true,\"editable\":true},\"list\":{\"label\":\"siret\",\"searchable\":true,\"sortable\":true}},\"tva\":{\"edit\":{\"label\":\"tva\",\"description\":\"\",\"placeholder\":\"\",\"visible\":true,\"editable\":true},\"list\":{\"label\":\"tva\",\"searchable\":true,\"sortable\":true}},\"vehicles\":{\"edit\":{\"label\":\"vehicles\",\"description\":\"\",\"placeholder\":\"\",\"visible\":true,\"editable\":true,\"mainField\":\"registrationNumber\"},\"list\":{\"label\":\"vehicles\",\"searchable\":false,\"sortable\":false}},\"tools\":{\"edit\":{\"label\":\"tools\",\"description\":\"\",\"placeholder\":\"\",\"visible\":true,\"editable\":true,\"mainField\":\"type\"},\"list\":{\"label\":\"tools\",\"searchable\":false,\"sortable\":false}},\"interventions\":{\"edit\":{\"label\":\"interventions\",\"description\":\"\",\"placeholder\":\"\",\"visible\":true,\"editable\":true,\"mainField\":\"description\"},\"list\":{\"label\":\"interventions\",\"searchable\":false,\"sortable\":false}},\"type\":{\"edit\":{\"label\":\"type\",\"description\":\"\",\"placeholder\":\"\",\"visible\":true,\"editable\":true},\"list\":{\"label\":\"type\",\"searchable\":true,\"sortable\":true}},\"email\":{\"edit\":{\"label\":\"email\",\"description\":\"\",\"placeholder\":\"\",\"visible\":true,\"editable\":true},\"list\":{\"label\":\"email\",\"searchable\":true,\"sortable\":true}},\"tiers\":{\"edit\":{\"label\":\"tiers\",\"description\":\"\",\"placeholder\":\"\",\"visible\":true,\"editable\":true,\"mainField\":\"name\"},\"list\":{\"label\":\"tiers\",\"searchable\":false,\"sortable\":false}},\"contracts\":{\"edit\":{\"label\":\"contracts\",\"description\":\"\",\"placeholder\":\"\",\"visible\":true,\"editable\":true,\"mainField\":\"name\"},\"list\":{\"label\":\"contracts\",\"searchable\":false,\"sortable\":false}},\"expenses\":{\"edit\":{\"label\":\"expenses\",\"description\":\"\",\"placeholder\":\"\",\"visible\":true,\"editable\":true,\"mainField\":\"name\"},\"list\":{\"label\":\"expenses\",\"searchable\":false,\"sortable\":false}},\"additional_address\":{\"edit\":{\"label\":\"additional_address\",\"description\":\"\",\"placeholder\":\"\",\"visible\":true,\"editable\":true},\"list\":{\"label\":\"additional_address\",\"searchable\":true,\"sortable\":true}},\"visible_comments\":{\"edit\":{\"label\":\"visible_comments\",\"description\":\"\",\"placeholder\":\"\",\"visible\":true,\"editable\":true,\"mainField\":\"id\"},\"list\":{\"label\":\"visible_comments\",\"searchable\":false,\"sortable\":false}},\"no_visible_comments\":{\"edit\":{\"label\":\"no_visible_comments\",\"description\":\"\",\"placeholder\":\"\",\"visible\":true,\"editable\":true,\"mainField\":\"id\"},\"list\":{\"label\":\"no_visible_comments\",\"searchable\":false,\"sortable\":false}},\"zipCode\":{\"edit\":{\"label\":\"zipCode\",\"description\":\"\",\"placeholder\":\"\",\"visible\":true,\"editable\":true},\"list\":{\"label\":\"zipCode\",\"searchable\":true,\"sortable\":true}},\"createdAt\":{\"edit\":{\"label\":\"createdAt\",\"description\":\"\",\"placeholder\":\"\",\"visible\":false,\"editable\":true},\"list\":{\"label\":\"createdAt\",\"searchable\":true,\"sortable\":true}},\"updatedAt\":{\"edit\":{\"label\":\"updatedAt\",\"description\":\"\",\"placeholder\":\"\",\"visible\":false,\"editable\":true},\"list\":{\"label\":\"updatedAt\",\"searchable\":true,\"sortable\":true}}},\"layouts\":{\"list\":[\"id\",\"name\",\"users_permissions_users\",\"properties\"],\"edit\":[[{\"name\":\"name\",\"size\":6},{\"name\":\"users_permissions_users\",\"size\":6}],[{\"name\":\"properties\",\"size\":6},{\"name\":\"tickets\",\"size\":6}],[{\"name\":\"tradeName\",\"size\":6},{\"name\":\"codeNafApe\",\"size\":6}],[{\"name\":\"address\",\"size\":6},{\"name\":\"zipCode\",\"size\":4}],[{\"name\":\"city\",\"size\":6},{\"name\":\"phone\",\"size\":6}],[{\"name\":\"siren\",\"size\":6},{\"name\":\"siret\",\"size\":6}],[{\"name\":\"tva\",\"size\":6},{\"name\":\"vehicles\",\"size\":6}],[{\"name\":\"tools\",\"size\":6},{\"name\":\"interventions\",\"size\":6}],[{\"name\":\"type\",\"size\":6},{\"name\":\"email\",\"size\":6}],[{\"name\":\"tiers\",\"size\":6},{\"name\":\"contracts\",\"size\":6}],[{\"name\":\"expenses\",\"size\":6},{\"name\":\"additional_address\",\"size\":6}],[{\"name\":\"visible_comments\",\"size\":6},{\"name\":\"no_visible_comments\",\"size\":6}]]}}','object',NULL,NULL),(15,'plugin_content_manager_configuration_content_types::plugin::upload.file','{\"uid\":\"plugin::upload.file\",\"settings\":{\"bulkable\":true,\"filterable\":true,\"searchable\":true,\"pageSize\":10,\"mainField\":\"name\",\"defaultSortBy\":\"name\",\"defaultSortOrder\":\"ASC\"},\"metadatas\":{\"id\":{\"edit\":{},\"list\":{\"label\":\"id\",\"searchable\":true,\"sortable\":true}},\"name\":{\"edit\":{\"label\":\"name\",\"description\":\"\",\"placeholder\":\"\",\"visible\":true,\"editable\":true},\"list\":{\"label\":\"name\",\"searchable\":true,\"sortable\":true}},\"alternativeText\":{\"edit\":{\"label\":\"alternativeText\",\"description\":\"\",\"placeholder\":\"\",\"visible\":true,\"editable\":true},\"list\":{\"label\":\"alternativeText\",\"searchable\":true,\"sortable\":true}},\"caption\":{\"edit\":{\"label\":\"caption\",\"description\":\"\",\"placeholder\":\"\",\"visible\":true,\"editable\":true},\"list\":{\"label\":\"caption\",\"searchable\":true,\"sortable\":true}},\"width\":{\"edit\":{\"label\":\"width\",\"description\":\"\",\"placeholder\":\"\",\"visible\":true,\"editable\":true},\"list\":{\"label\":\"width\",\"searchable\":true,\"sortable\":true}},\"height\":{\"edit\":{\"label\":\"height\",\"description\":\"\",\"placeholder\":\"\",\"visible\":true,\"editable\":true},\"list\":{\"label\":\"height\",\"searchable\":true,\"sortable\":true}},\"formats\":{\"edit\":{\"label\":\"formats\",\"description\":\"\",\"placeholder\":\"\",\"visible\":true,\"editable\":true},\"list\":{\"label\":\"formats\",\"searchable\":false,\"sortable\":false}},\"hash\":{\"edit\":{\"label\":\"hash\",\"description\":\"\",\"placeholder\":\"\",\"visible\":true,\"editable\":true},\"list\":{\"label\":\"hash\",\"searchable\":true,\"sortable\":true}},\"ext\":{\"edit\":{\"label\":\"ext\",\"description\":\"\",\"placeholder\":\"\",\"visible\":true,\"editable\":true},\"list\":{\"label\":\"ext\",\"searchable\":true,\"sortable\":true}},\"mime\":{\"edit\":{\"label\":\"mime\",\"description\":\"\",\"placeholder\":\"\",\"visible\":true,\"editable\":true},\"list\":{\"label\":\"mime\",\"searchable\":true,\"sortable\":true}},\"size\":{\"edit\":{\"label\":\"size\",\"description\":\"\",\"placeholder\":\"\",\"visible\":true,\"editable\":true},\"list\":{\"label\":\"size\",\"searchable\":true,\"sortable\":true}},\"url\":{\"edit\":{\"label\":\"url\",\"description\":\"\",\"placeholder\":\"\",\"visible\":true,\"editable\":true},\"list\":{\"label\":\"url\",\"searchable\":true,\"sortable\":true}},\"previewUrl\":{\"edit\":{\"label\":\"previewUrl\",\"description\":\"\",\"placeholder\":\"\",\"visible\":true,\"editable\":true},\"list\":{\"label\":\"previewUrl\",\"searchable\":true,\"sortable\":true}},\"provider\":{\"edit\":{\"label\":\"provider\",\"description\":\"\",\"placeholder\":\"\",\"visible\":true,\"editable\":true},\"list\":{\"label\":\"provider\",\"searchable\":true,\"sortable\":true}},\"provider_metadata\":{\"edit\":{\"label\":\"provider_metadata\",\"description\":\"\",\"placeholder\":\"\",\"visible\":true,\"editable\":true},\"list\":{\"label\":\"provider_metadata\",\"searchable\":false,\"sortable\":false}},\"folder\":{\"edit\":{\"label\":\"folder\",\"description\":\"\",\"placeholder\":\"\",\"visible\":true,\"editable\":true,\"mainField\":\"name\"},\"list\":{\"label\":\"folder\",\"searchable\":true,\"sortable\":true}},\"folderPath\":{\"edit\":{\"label\":\"folderPath\",\"description\":\"\",\"placeholder\":\"\",\"visible\":true,\"editable\":true},\"list\":{\"label\":\"folderPath\",\"searchable\":true,\"sortable\":true}},\"createdAt\":{\"edit\":{\"label\":\"createdAt\",\"description\":\"\",\"placeholder\":\"\",\"visible\":false,\"editable\":true},\"list\":{\"label\":\"createdAt\",\"searchable\":true,\"sortable\":true}},\"updatedAt\":{\"edit\":{\"label\":\"updatedAt\",\"description\":\"\",\"placeholder\":\"\",\"visible\":false,\"editable\":true},\"list\":{\"label\":\"updatedAt\",\"searchable\":true,\"sortable\":true}}},\"layouts\":{\"list\":[\"id\",\"name\",\"alternativeText\",\"caption\"],\"edit\":[[{\"name\":\"name\",\"size\":6},{\"name\":\"alternativeText\",\"size\":6}],[{\"name\":\"caption\",\"size\":6},{\"name\":\"width\",\"size\":4}],[{\"name\":\"height\",\"size\":4}],[{\"name\":\"formats\",\"size\":12}],[{\"name\":\"hash\",\"size\":6},{\"name\":\"ext\",\"size\":6}],[{\"name\":\"mime\",\"size\":6},{\"name\":\"size\",\"size\":4}],[{\"name\":\"url\",\"size\":6},{\"name\":\"previewUrl\",\"size\":6}],[{\"name\":\"provider\",\"size\":6}],[{\"name\":\"provider_metadata\",\"size\":12}],[{\"name\":\"folder\",\"size\":6},{\"name\":\"folderPath\",\"size\":6}]]}}','object',NULL,NULL),(16,'plugin_content_manager_configuration_content_types::plugin::users-permissions.permission','{\"uid\":\"plugin::users-permissions.permission\",\"settings\":{\"bulkable\":true,\"filterable\":true,\"searchable\":true,\"pageSize\":10,\"mainField\":\"action\",\"defaultSortBy\":\"action\",\"defaultSortOrder\":\"ASC\"},\"metadatas\":{\"id\":{\"edit\":{},\"list\":{\"label\":\"id\",\"searchable\":true,\"sortable\":true}},\"action\":{\"edit\":{\"label\":\"action\",\"description\":\"\",\"placeholder\":\"\",\"visible\":true,\"editable\":true},\"list\":{\"label\":\"action\",\"searchable\":true,\"sortable\":true}},\"role\":{\"edit\":{\"label\":\"role\",\"description\":\"\",\"placeholder\":\"\",\"visible\":true,\"editable\":true,\"mainField\":\"name\"},\"list\":{\"label\":\"role\",\"searchable\":true,\"sortable\":true}},\"createdAt\":{\"edit\":{\"label\":\"createdAt\",\"description\":\"\",\"placeholder\":\"\",\"visible\":false,\"editable\":true},\"list\":{\"label\":\"createdAt\",\"searchable\":true,\"sortable\":true}},\"updatedAt\":{\"edit\":{\"label\":\"updatedAt\",\"description\":\"\",\"placeholder\":\"\",\"visible\":false,\"editable\":true},\"list\":{\"label\":\"updatedAt\",\"searchable\":true,\"sortable\":true}}},\"layouts\":{\"list\":[\"id\",\"action\",\"role\",\"createdAt\"],\"edit\":[[{\"name\":\"action\",\"size\":6},{\"name\":\"role\",\"size\":6}]]}}','object',NULL,NULL),(17,'plugin_content_manager_configuration_content_types::plugin::users-permissions.role','{\"uid\":\"plugin::users-permissions.role\",\"settings\":{\"bulkable\":true,\"filterable\":true,\"searchable\":true,\"pageSize\":10,\"mainField\":\"name\",\"defaultSortBy\":\"name\",\"defaultSortOrder\":\"ASC\"},\"metadatas\":{\"id\":{\"edit\":{},\"list\":{\"label\":\"id\",\"searchable\":true,\"sortable\":true}},\"name\":{\"edit\":{\"label\":\"name\",\"description\":\"\",\"placeholder\":\"\",\"visible\":true,\"editable\":true},\"list\":{\"label\":\"name\",\"searchable\":true,\"sortable\":true}},\"description\":{\"edit\":{\"label\":\"description\",\"description\":\"\",\"placeholder\":\"\",\"visible\":true,\"editable\":true},\"list\":{\"label\":\"description\",\"searchable\":true,\"sortable\":true}},\"type\":{\"edit\":{\"label\":\"type\",\"description\":\"\",\"placeholder\":\"\",\"visible\":true,\"editable\":true},\"list\":{\"label\":\"type\",\"searchable\":true,\"sortable\":true}},\"permissions\":{\"edit\":{\"label\":\"permissions\",\"description\":\"\",\"placeholder\":\"\",\"visible\":true,\"editable\":true,\"mainField\":\"action\"},\"list\":{\"label\":\"permissions\",\"searchable\":false,\"sortable\":false}},\"users\":{\"edit\":{\"label\":\"users\",\"description\":\"\",\"placeholder\":\"\",\"visible\":true,\"editable\":true,\"mainField\":\"username\"},\"list\":{\"label\":\"users\",\"searchable\":false,\"sortable\":false}},\"createdAt\":{\"edit\":{\"label\":\"createdAt\",\"description\":\"\",\"placeholder\":\"\",\"visible\":false,\"editable\":true},\"list\":{\"label\":\"createdAt\",\"searchable\":true,\"sortable\":true}},\"updatedAt\":{\"edit\":{\"label\":\"updatedAt\",\"description\":\"\",\"placeholder\":\"\",\"visible\":false,\"editable\":true},\"list\":{\"label\":\"updatedAt\",\"searchable\":true,\"sortable\":true}}},\"layouts\":{\"list\":[\"id\",\"name\",\"description\",\"type\"],\"edit\":[[{\"name\":\"name\",\"size\":6},{\"name\":\"description\",\"size\":6}],[{\"name\":\"type\",\"size\":6},{\"name\":\"permissions\",\"size\":6}],[{\"name\":\"users\",\"size\":6}]]}}','object',NULL,NULL),(18,'plugin_content_manager_configuration_content_types::api::media.media','{\"uid\":\"api::media.media\",\"settings\":{\"bulkable\":true,\"filterable\":true,\"searchable\":true,\"pageSize\":10,\"mainField\":\"name\",\"defaultSortBy\":\"name\",\"defaultSortOrder\":\"ASC\"},\"metadatas\":{\"id\":{\"edit\":{},\"list\":{\"label\":\"id\",\"searchable\":true,\"sortable\":true}},\"file\":{\"edit\":{\"label\":\"file\",\"description\":\"\",\"placeholder\":\"\",\"visible\":true,\"editable\":true},\"list\":{\"label\":\"file\",\"searchable\":false,\"sortable\":false}},\"name\":{\"edit\":{\"label\":\"name\",\"description\":\"\",\"placeholder\":\"\",\"visible\":true,\"editable\":true},\"list\":{\"label\":\"name\",\"searchable\":true,\"sortable\":true}},\"createdAt\":{\"edit\":{\"label\":\"createdAt\",\"description\":\"\",\"placeholder\":\"\",\"visible\":false,\"editable\":true},\"list\":{\"label\":\"createdAt\",\"searchable\":true,\"sortable\":true}},\"updatedAt\":{\"edit\":{\"label\":\"updatedAt\",\"description\":\"\",\"placeholder\":\"\",\"visible\":false,\"editable\":true},\"list\":{\"label\":\"updatedAt\",\"searchable\":true,\"sortable\":true}}},\"layouts\":{\"list\":[\"id\",\"file\",\"name\"],\"edit\":[[{\"name\":\"file\",\"size\":6}],[{\"name\":\"name\",\"size\":6}]]}}','object',NULL,NULL),(19,'plugin_content_manager_configuration_content_types::api::nature.nature','{\"uid\":\"api::nature.nature\",\"settings\":{\"bulkable\":true,\"filterable\":true,\"searchable\":true,\"pageSize\":10,\"mainField\":\"name\",\"defaultSortBy\":\"name\",\"defaultSortOrder\":\"ASC\"},\"metadatas\":{\"id\":{\"edit\":{},\"list\":{\"label\":\"id\",\"searchable\":true,\"sortable\":true}},\"name\":{\"edit\":{\"label\":\"name\",\"description\":\"\",\"placeholder\":\"\",\"visible\":true,\"editable\":true},\"list\":{\"label\":\"name\",\"searchable\":true,\"sortable\":true}},\"category\":{\"edit\":{\"label\":\"category\",\"description\":\"\",\"placeholder\":\"\",\"visible\":true,\"editable\":true,\"mainField\":\"name\"},\"list\":{\"label\":\"category\",\"searchable\":true,\"sortable\":true}},\"createdAt\":{\"edit\":{\"label\":\"createdAt\",\"description\":\"\",\"placeholder\":\"\",\"visible\":false,\"editable\":true},\"list\":{\"label\":\"createdAt\",\"searchable\":true,\"sortable\":true}},\"updatedAt\":{\"edit\":{\"label\":\"updatedAt\",\"description\":\"\",\"placeholder\":\"\",\"visible\":false,\"editable\":true},\"list\":{\"label\":\"updatedAt\",\"searchable\":true,\"sortable\":true}}},\"layouts\":{\"list\":[\"id\",\"name\",\"createdAt\",\"updatedAt\"],\"edit\":[[{\"name\":\"name\",\"size\":6},{\"name\":\"category\",\"size\":6}]]}}','object',NULL,NULL),(21,'plugin_content_manager_configuration_content_types::api::priority.priority','{\"uid\":\"api::priority.priority\",\"settings\":{\"bulkable\":true,\"filterable\":true,\"searchable\":true,\"pageSize\":10,\"mainField\":\"name\",\"defaultSortBy\":\"name\",\"defaultSortOrder\":\"ASC\"},\"metadatas\":{\"id\":{\"edit\":{},\"list\":{\"label\":\"id\",\"searchable\":true,\"sortable\":true}},\"name\":{\"edit\":{\"label\":\"name\",\"description\":\"\",\"placeholder\":\"\",\"visible\":true,\"editable\":true},\"list\":{\"label\":\"name\",\"searchable\":true,\"sortable\":true}},\"relance_time\":{\"edit\":{\"label\":\"relance_time\",\"description\":\"\",\"placeholder\":\"\",\"visible\":true,\"editable\":true},\"list\":{\"label\":\"relance_time\",\"searchable\":true,\"sortable\":true}},\"createdAt\":{\"edit\":{\"label\":\"createdAt\",\"description\":\"\",\"placeholder\":\"\",\"visible\":false,\"editable\":true},\"list\":{\"label\":\"createdAt\",\"searchable\":true,\"sortable\":true}},\"updatedAt\":{\"edit\":{\"label\":\"updatedAt\",\"description\":\"\",\"placeholder\":\"\",\"visible\":false,\"editable\":true},\"list\":{\"label\":\"updatedAt\",\"searchable\":true,\"sortable\":true}}},\"layouts\":{\"list\":[\"id\",\"name\",\"createdAt\",\"updatedAt\"],\"edit\":[[{\"name\":\"name\",\"size\":6},{\"name\":\"relance_time\",\"size\":4}]]}}','object',NULL,NULL),(22,'plugin_content_manager_configuration_content_types::api::property.property','{\"uid\":\"api::property.property\",\"settings\":{\"bulkable\":true,\"filterable\":true,\"searchable\":true,\"pageSize\":10,\"mainField\":\"phone\",\"defaultSortBy\":\"phone\",\"defaultSortOrder\":\"ASC\"},\"metadatas\":{\"id\":{\"edit\":{},\"list\":{\"label\":\"id\",\"searchable\":true,\"sortable\":true}},\"name\":{\"edit\":{\"label\":\"name\",\"description\":\"\",\"placeholder\":\"\",\"visible\":true,\"editable\":true},\"list\":{\"label\":\"name\",\"searchable\":true,\"sortable\":true}},\"agency\":{\"edit\":{\"label\":\"agency\",\"description\":\"\",\"placeholder\":\"\",\"visible\":true,\"editable\":true,\"mainField\":\"tradeName\"},\"list\":{\"label\":\"agency\",\"searchable\":true,\"sortable\":true}},\"address\":{\"edit\":{\"label\":\"address\",\"description\":\"\",\"placeholder\":\"\",\"visible\":true,\"editable\":true},\"list\":{\"label\":\"address\",\"searchable\":true,\"sortable\":true}},\"users\":{\"edit\":{\"label\":\"users\",\"description\":\"\",\"placeholder\":\"\",\"visible\":true,\"editable\":true,\"mainField\":\"username\"},\"list\":{\"label\":\"users\",\"searchable\":false,\"sortable\":false}},\"stages\":{\"edit\":{\"label\":\"stages\",\"description\":\"\",\"placeholder\":\"\",\"visible\":true,\"editable\":true,\"mainField\":\"name\"},\"list\":{\"label\":\"stages\",\"searchable\":false,\"sortable\":false}},\"phone\":{\"edit\":{\"label\":\"phone\",\"description\":\"\",\"placeholder\":\"\",\"visible\":true,\"editable\":true},\"list\":{\"label\":\"phone\",\"searchable\":true,\"sortable\":true}},\"tickets\":{\"edit\":{\"label\":\"tickets\",\"description\":\"\",\"placeholder\":\"\",\"visible\":true,\"editable\":true,\"mainField\":\"address\"},\"list\":{\"label\":\"tickets\",\"searchable\":false,\"sortable\":false}},\"zipCode\":{\"edit\":{\"label\":\"zipCode\",\"description\":\"\",\"placeholder\":\"\",\"visible\":true,\"editable\":true},\"list\":{\"label\":\"zipCode\",\"searchable\":true,\"sortable\":true}},\"city\":{\"edit\":{\"label\":\"city\",\"description\":\"\",\"placeholder\":\"\",\"visible\":true,\"editable\":true},\"list\":{\"label\":\"city\",\"searchable\":true,\"sortable\":true}},\"contracts\":{\"edit\":{\"label\":\"contracts\",\"description\":\"\",\"placeholder\":\"\",\"visible\":true,\"editable\":true,\"mainField\":\"name\"},\"list\":{\"label\":\"contracts\",\"searchable\":false,\"sortable\":false}},\"tiers\":{\"edit\":{\"label\":\"tiers\",\"description\":\"\",\"placeholder\":\"\",\"visible\":true,\"editable\":true,\"mainField\":\"name\"},\"list\":{\"label\":\"tiers\",\"searchable\":false,\"sortable\":false}},\"settlementDate\":{\"edit\":{\"label\":\"settlementDate\",\"description\":\"\",\"placeholder\":\"\",\"visible\":true,\"editable\":true},\"list\":{\"label\":\"settlementDate\",\"searchable\":true,\"sortable\":true}},\"numberBatches\":{\"edit\":{\"label\":\"numberBatches\",\"description\":\"\",\"placeholder\":\"\",\"visible\":true,\"editable\":true},\"list\":{\"label\":\"numberBatches\",\"searchable\":true,\"sortable\":true}},\"numberResidentialLots\":{\"edit\":{\"label\":\"numberResidentialLots\",\"description\":\"\",\"placeholder\":\"\",\"visible\":true,\"editable\":true},\"list\":{\"label\":\"numberResidentialLots\",\"searchable\":true,\"sortable\":true}},\"numberParking\":{\"edit\":{\"label\":\"numberParking\",\"description\":\"\",\"placeholder\":\"\",\"visible\":true,\"editable\":true},\"list\":{\"label\":\"numberParking\",\"searchable\":true,\"sortable\":true}},\"typeSyndicates\":{\"edit\":{\"label\":\"typeSyndicates\",\"description\":\"\",\"placeholder\":\"\",\"visible\":true,\"editable\":true},\"list\":{\"label\":\"typeSyndicates\",\"searchable\":true,\"sortable\":true}},\"numberUnion\":{\"edit\":{\"label\":\"numberUnion\",\"description\":\"\",\"placeholder\":\"\",\"visible\":true,\"editable\":true},\"list\":{\"label\":\"numberUnion\",\"searchable\":true,\"sortable\":true}},\"numberElevator\":{\"edit\":{\"label\":\"numberElevator\",\"description\":\"\",\"placeholder\":\"\",\"visible\":true,\"editable\":true},\"list\":{\"label\":\"numberElevator\",\"searchable\":true,\"sortable\":true}},\"numberAutoGate\":{\"edit\":{\"label\":\"numberAutoGate\",\"description\":\"\",\"placeholder\":\"\",\"visible\":true,\"editable\":true},\"list\":{\"label\":\"numberAutoGate\",\"searchable\":true,\"sortable\":true}},\"gamesChildren\":{\"edit\":{\"label\":\"gamesChildren\",\"description\":\"\",\"placeholder\":\"\",\"visible\":true,\"editable\":true},\"list\":{\"label\":\"gamesChildren\",\"searchable\":true,\"sortable\":true}},\"typeHeating\":{\"edit\":{\"label\":\"typeHeating\",\"description\":\"\",\"placeholder\":\"\",\"visible\":true,\"editable\":true},\"list\":{\"label\":\"typeHeating\",\"searchable\":true,\"sortable\":true}},\"type_of_site\":{\"edit\":{\"label\":\"type_of_site\",\"description\":\"\",\"placeholder\":\"\",\"visible\":true,\"editable\":true,\"mainField\":\"name\"},\"list\":{\"label\":\"type_of_site\",\"searchable\":true,\"sortable\":true}},\"image\":{\"edit\":{\"label\":\"image\",\"description\":\"\",\"placeholder\":\"\",\"visible\":true,\"editable\":true},\"list\":{\"label\":\"image\",\"searchable\":false,\"sortable\":false}},\"individuals\":{\"edit\":{\"label\":\"individuals\",\"description\":\"\",\"placeholder\":\"\",\"visible\":true,\"editable\":true,\"mainField\":\"firstname\"},\"list\":{\"label\":\"individuals\",\"searchable\":false,\"sortable\":false}},\"equipment_of_sites\":{\"edit\":{\"label\":\"equipment_of_sites\",\"description\":\"\",\"placeholder\":\"\",\"visible\":true,\"editable\":true,\"mainField\":\"title\"},\"list\":{\"label\":\"equipment_of_sites\",\"searchable\":false,\"sortable\":false}},\"nature_of_site\":{\"edit\":{\"label\":\"nature_of_site\",\"description\":\"\",\"placeholder\":\"\",\"visible\":true,\"editable\":true,\"mainField\":\"nature\"},\"list\":{\"label\":\"nature_of_site\",\"searchable\":true,\"sortable\":true}},\"fluids\":{\"edit\":{\"label\":\"fluids\",\"description\":\"\",\"placeholder\":\"\",\"visible\":true,\"editable\":true,\"mainField\":\"title\"},\"list\":{\"label\":\"fluids\",\"searchable\":false,\"sortable\":false}},\"management_syndicate\":{\"edit\":{\"label\":\"management_syndicate\",\"description\":\"\",\"placeholder\":\"\",\"visible\":true,\"editable\":true},\"list\":{\"label\":\"management_syndicate\",\"searchable\":true,\"sortable\":true}},\"main_batches\":{\"edit\":{\"label\":\"main_batches\",\"description\":\"\",\"placeholder\":\"\",\"visible\":true,\"editable\":true},\"list\":{\"label\":\"main_batches\",\"searchable\":true,\"sortable\":true}},\"secondary_batches\":{\"edit\":{\"label\":\"secondary_batches\",\"description\":\"\",\"placeholder\":\"\",\"visible\":true,\"editable\":true},\"list\":{\"label\":\"secondary_batches\",\"searchable\":true,\"sortable\":true}},\"tertiary_lots\":{\"edit\":{\"label\":\"tertiary_lots\",\"description\":\"\",\"placeholder\":\"\",\"visible\":true,\"editable\":true},\"list\":{\"label\":\"tertiary_lots\",\"searchable\":true,\"sortable\":true}},\"parking_lots\":{\"edit\":{\"label\":\"parking_lots\",\"description\":\"\",\"placeholder\":\"\",\"visible\":true,\"editable\":true},\"list\":{\"label\":\"parking_lots\",\"searchable\":true,\"sortable\":true}},\"immatriculation\":{\"edit\":{\"label\":\"immatriculation\",\"description\":\"\",\"placeholder\":\"\",\"visible\":true,\"editable\":true},\"list\":{\"label\":\"immatriculation\",\"searchable\":true,\"sortable\":true}},\"visible_comments\":{\"edit\":{\"label\":\"visible_comments\",\"description\":\"\",\"placeholder\":\"\",\"visible\":true,\"editable\":true,\"mainField\":\"id\"},\"list\":{\"label\":\"visible_comments\",\"searchable\":false,\"sortable\":false}},\"no_visible_comments\":{\"edit\":{\"label\":\"no_visible_comments\",\"description\":\"\",\"placeholder\":\"\",\"visible\":true,\"editable\":true,\"mainField\":\"id\"},\"list\":{\"label\":\"no_visible_comments\",\"searchable\":false,\"sortable\":false}},\"gestionnaire\":{\"edit\":{\"label\":\"gestionnaire\",\"description\":\"\",\"placeholder\":\"\",\"visible\":true,\"editable\":true,\"mainField\":\"username\"},\"list\":{\"label\":\"gestionnaire\",\"searchable\":true,\"sortable\":true}},\"services\":{\"edit\":{\"label\":\"services\",\"description\":\"\",\"placeholder\":\"\",\"visible\":true,\"editable\":true,\"mainField\":\"username\"},\"list\":{\"label\":\"services\",\"searchable\":false,\"sortable\":false}},\"visible_objects\":{\"edit\":{\"label\":\"visible_objects\",\"description\":\"\",\"placeholder\":\"\",\"visible\":true,\"editable\":true,\"mainField\":\"id\"},\"list\":{\"label\":\"visible_objects\",\"searchable\":false,\"sortable\":false}},\"createdAt\":{\"edit\":{\"label\":\"createdAt\",\"description\":\"\",\"placeholder\":\"\",\"visible\":false,\"editable\":true},\"list\":{\"label\":\"createdAt\",\"searchable\":true,\"sortable\":true}},\"updatedAt\":{\"edit\":{\"label\":\"updatedAt\",\"description\":\"\",\"placeholder\":\"\",\"visible\":false,\"editable\":true},\"list\":{\"label\":\"updatedAt\",\"searchable\":true,\"sortable\":true}}},\"layouts\":{\"list\":[\"id\",\"name\",\"agency\",\"address\"],\"edit\":[[{\"name\":\"name\",\"size\":6},{\"name\":\"agency\",\"size\":6}],[{\"name\":\"address\",\"size\":6}],[{\"name\":\"stages\",\"size\":6},{\"name\":\"phone\",\"size\":6}],[{\"name\":\"tickets\",\"size\":6},{\"name\":\"zipCode\",\"size\":4}],[{\"name\":\"city\",\"size\":6},{\"name\":\"contracts\",\"size\":6}],[{\"name\":\"tiers\",\"size\":6},{\"name\":\"settlementDate\",\"size\":4}],[{\"name\":\"numberBatches\",\"size\":4},{\"name\":\"numberResidentialLots\",\"size\":4},{\"name\":\"numberParking\",\"size\":4}],[{\"name\":\"typeSyndicates\",\"size\":6},{\"name\":\"numberUnion\",\"size\":6}],[{\"name\":\"numberElevator\",\"size\":6},{\"name\":\"numberAutoGate\",\"size\":6}],[{\"name\":\"gamesChildren\",\"size\":6}],[{\"name\":\"typeHeating\",\"size\":6},{\"name\":\"type_of_site\",\"size\":6}],[{\"name\":\"image\",\"size\":6},{\"name\":\"individuals\",\"size\":6}],[{\"name\":\"equipment_of_sites\",\"size\":6},{\"name\":\"nature_of_site\",\"size\":6}],[{\"name\":\"fluids\",\"size\":6}],[{\"name\":\"main_batches\",\"size\":4},{\"name\":\"secondary_batches\",\"size\":4},{\"name\":\"tertiary_lots\",\"size\":4}],[{\"name\":\"parking_lots\",\"size\":4},{\"name\":\"immatriculation\",\"size\":6}],[{\"name\":\"visible_comments\",\"size\":6},{\"name\":\"no_visible_comments\",\"size\":6}],[{\"name\":\"users\",\"size\":6},{\"name\":\"gestionnaire\",\"size\":6}],[{\"name\":\"services\",\"size\":6},{\"name\":\"management_syndicate\",\"size\":6}],[{\"name\":\"visible_objects\",\"size\":6}]]}}','object',NULL,NULL),(23,'plugin_content_manager_configuration_content_types::api::stage.stage','{\"uid\":\"api::stage.stage\",\"settings\":{\"bulkable\":true,\"filterable\":true,\"searchable\":true,\"pageSize\":10,\"mainField\":\"name\",\"defaultSortBy\":\"name\",\"defaultSortOrder\":\"ASC\"},\"metadatas\":{\"id\":{\"edit\":{},\"list\":{\"label\":\"id\",\"searchable\":true,\"sortable\":true}},\"name\":{\"edit\":{\"label\":\"name\",\"description\":\"\",\"placeholder\":\"\",\"visible\":true,\"editable\":true},\"list\":{\"label\":\"name\",\"searchable\":true,\"sortable\":true}},\"createdAt\":{\"edit\":{\"label\":\"createdAt\",\"description\":\"\",\"placeholder\":\"\",\"visible\":false,\"editable\":true},\"list\":{\"label\":\"createdAt\",\"searchable\":true,\"sortable\":true}},\"updatedAt\":{\"edit\":{\"label\":\"updatedAt\",\"description\":\"\",\"placeholder\":\"\",\"visible\":false,\"editable\":true},\"list\":{\"label\":\"updatedAt\",\"searchable\":true,\"sortable\":true}}},\"layouts\":{\"list\":[\"id\",\"name\",\"createdAt\",\"updatedAt\"],\"edit\":[[{\"name\":\"name\",\"size\":6}]]}}','object',NULL,NULL),(24,'plugin_content_manager_configuration_content_types::api::intervention.intervention','{\"uid\":\"api::intervention.intervention\",\"settings\":{\"bulkable\":true,\"filterable\":true,\"searchable\":true,\"pageSize\":10,\"mainField\":\"description\",\"defaultSortBy\":\"description\",\"defaultSortOrder\":\"ASC\"},\"metadatas\":{\"id\":{\"edit\":{},\"list\":{\"label\":\"id\",\"searchable\":true,\"sortable\":true}},\"description\":{\"edit\":{\"label\":\"description\",\"description\":\"\",\"placeholder\":\"\",\"visible\":true,\"editable\":true},\"list\":{\"label\":\"description\",\"searchable\":true,\"sortable\":true}},\"state\":{\"edit\":{\"label\":\"state\",\"description\":\"\",\"placeholder\":\"\",\"visible\":true,\"editable\":true},\"list\":{\"label\":\"state\",\"searchable\":true,\"sortable\":true}},\"startDate\":{\"edit\":{\"label\":\"startDate\",\"description\":\"\",\"placeholder\":\"\",\"visible\":true,\"editable\":true},\"list\":{\"label\":\"startDate\",\"searchable\":true,\"sortable\":true}},\"endDate\":{\"edit\":{\"label\":\"endDate\",\"description\":\"\",\"placeholder\":\"\",\"visible\":true,\"editable\":true},\"list\":{\"label\":\"endDate\",\"searchable\":true,\"sortable\":true}},\"users_permissions_users\":{\"edit\":{\"label\":\"users_permissions_users\",\"description\":\"\",\"placeholder\":\"\",\"visible\":true,\"editable\":true,\"mainField\":\"username\"},\"list\":{\"label\":\"users_permissions_users\",\"searchable\":false,\"sortable\":false}},\"ticket\":{\"edit\":{\"label\":\"ticket\",\"description\":\"\",\"placeholder\":\"\",\"visible\":true,\"editable\":true,\"mainField\":\"address\"},\"list\":{\"label\":\"ticket\",\"searchable\":true,\"sortable\":true}},\"vehicles\":{\"edit\":{\"label\":\"vehicles\",\"description\":\"\",\"placeholder\":\"\",\"visible\":true,\"editable\":true,\"mainField\":\"registrationNumber\"},\"list\":{\"label\":\"vehicles\",\"searchable\":false,\"sortable\":false}},\"tools\":{\"edit\":{\"label\":\"tools\",\"description\":\"\",\"placeholder\":\"\",\"visible\":true,\"editable\":true,\"mainField\":\"type\"},\"list\":{\"label\":\"tools\",\"searchable\":false,\"sortable\":false}},\"agency\":{\"edit\":{\"label\":\"agency\",\"description\":\"\",\"placeholder\":\"\",\"visible\":true,\"editable\":true,\"mainField\":\"tradeName\"},\"list\":{\"label\":\"agency\",\"searchable\":true,\"sortable\":true}},\"createdAt\":{\"edit\":{\"label\":\"createdAt\",\"description\":\"\",\"placeholder\":\"\",\"visible\":false,\"editable\":true},\"list\":{\"label\":\"createdAt\",\"searchable\":true,\"sortable\":true}},\"updatedAt\":{\"edit\":{\"label\":\"updatedAt\",\"description\":\"\",\"placeholder\":\"\",\"visible\":false,\"editable\":true},\"list\":{\"label\":\"updatedAt\",\"searchable\":true,\"sortable\":true}}},\"layouts\":{\"list\":[\"id\",\"description\",\"state\",\"startDate\"],\"edit\":[[{\"name\":\"description\",\"size\":6},{\"name\":\"state\",\"size\":6}],[{\"name\":\"startDate\",\"size\":6},{\"name\":\"endDate\",\"size\":6}],[{\"name\":\"users_permissions_users\",\"size\":6}],[{\"name\":\"vehicles\",\"size\":6},{\"name\":\"tools\",\"size\":6}],[{\"name\":\"agency\",\"size\":6},{\"name\":\"ticket\",\"size\":6}]]}}','object',NULL,NULL),(25,'plugin_content_manager_configuration_content_types::api::ticket.ticket','{\"uid\":\"api::ticket.ticket\",\"settings\":{\"bulkable\":true,\"filterable\":true,\"searchable\":true,\"pageSize\":10,\"mainField\":\"address\",\"defaultSortBy\":\"address\",\"defaultSortOrder\":\"ASC\"},\"metadatas\":{\"id\":{\"edit\":{},\"list\":{\"label\":\"id\",\"searchable\":true,\"sortable\":true}},\"description\":{\"edit\":{\"label\":\"description\",\"description\":\"\",\"placeholder\":\"\",\"visible\":true,\"editable\":true},\"list\":{\"label\":\"description\",\"searchable\":true,\"sortable\":true}},\"agency\":{\"edit\":{\"label\":\"agency\",\"description\":\"\",\"placeholder\":\"\",\"visible\":true,\"editable\":true,\"mainField\":\"tradeName\"},\"list\":{\"label\":\"agency\",\"searchable\":true,\"sortable\":true}},\"property\":{\"edit\":{\"label\":\"property\",\"description\":\"\",\"placeholder\":\"\",\"visible\":true,\"editable\":true,\"mainField\":\"phone\"},\"list\":{\"label\":\"property\",\"searchable\":true,\"sortable\":true}},\"address\":{\"edit\":{\"label\":\"address\",\"description\":\"\",\"placeholder\":\"\",\"visible\":true,\"editable\":true},\"list\":{\"label\":\"address\",\"searchable\":true,\"sortable\":true}},\"firstname\":{\"edit\":{\"label\":\"firstname\",\"description\":\"\",\"placeholder\":\"\",\"visible\":true,\"editable\":true},\"list\":{\"label\":\"firstname\",\"searchable\":true,\"sortable\":true}},\"lastname\":{\"edit\":{\"label\":\"lastname\",\"description\":\"\",\"placeholder\":\"\",\"visible\":true,\"editable\":true},\"list\":{\"label\":\"lastname\",\"searchable\":true,\"sortable\":true}},\"email\":{\"edit\":{\"label\":\"email\",\"description\":\"\",\"placeholder\":\"\",\"visible\":true,\"editable\":true},\"list\":{\"label\":\"email\",\"searchable\":true,\"sortable\":true}},\"phone\":{\"edit\":{\"label\":\"phone\",\"description\":\"\",\"placeholder\":\"\",\"visible\":true,\"editable\":true},\"list\":{\"label\":\"phone\",\"searchable\":true,\"sortable\":true}},\"state\":{\"edit\":{\"label\":\"state\",\"description\":\"\",\"placeholder\":\"\",\"visible\":true,\"editable\":true},\"list\":{\"label\":\"state\",\"searchable\":true,\"sortable\":true}},\"users_permissions_user\":{\"edit\":{\"label\":\"users_permissions_user\",\"description\":\"\",\"placeholder\":\"\",\"visible\":true,\"editable\":true,\"mainField\":\"username\"},\"list\":{\"label\":\"users_permissions_user\",\"searchable\":true,\"sortable\":true}},\"name\":{\"edit\":{\"label\":\"name\",\"description\":\"\",\"placeholder\":\"\",\"visible\":true,\"editable\":true},\"list\":{\"label\":\"name\",\"searchable\":true,\"sortable\":true}},\"ref\":{\"edit\":{\"label\":\"ref\",\"description\":\"\",\"placeholder\":\"\",\"visible\":true,\"editable\":true},\"list\":{\"label\":\"ref\",\"searchable\":true,\"sortable\":true}},\"city\":{\"edit\":{\"label\":\"city\",\"description\":\"\",\"placeholder\":\"\",\"visible\":true,\"editable\":true},\"list\":{\"label\":\"city\",\"searchable\":true,\"sortable\":true}},\"zipCode\":{\"edit\":{\"label\":\"zipCode\",\"description\":\"\",\"placeholder\":\"\",\"visible\":true,\"editable\":true},\"list\":{\"label\":\"zipCode\",\"searchable\":true,\"sortable\":true}},\"tiers\":{\"edit\":{\"label\":\"tiers\",\"description\":\"\",\"placeholder\":\"\",\"visible\":true,\"editable\":true,\"mainField\":\"name\"},\"list\":{\"label\":\"tiers\",\"searchable\":false,\"sortable\":false}},\"dateAssigned\":{\"edit\":{\"label\":\"dateAssigned\",\"description\":\"\",\"placeholder\":\"\",\"visible\":true,\"editable\":true},\"list\":{\"label\":\"dateAssigned\",\"searchable\":true,\"sortable\":true}},\"comments\":{\"edit\":{\"label\":\"comments\",\"description\":\"\",\"placeholder\":\"\",\"visible\":true,\"editable\":true,\"mainField\":\"id\"},\"list\":{\"label\":\"comments\",\"searchable\":false,\"sortable\":false}},\"location\":{\"edit\":{\"label\":\"location\",\"description\":\"\",\"placeholder\":\"\",\"visible\":true,\"editable\":true},\"list\":{\"label\":\"location\",\"searchable\":true,\"sortable\":true}},\"duplicate\":{\"edit\":{\"label\":\"duplicate\",\"description\":\"\",\"placeholder\":\"\",\"visible\":true,\"editable\":true},\"list\":{\"label\":\"duplicate\",\"searchable\":true,\"sortable\":true}},\"dateClosed\":{\"edit\":{\"label\":\"dateClosed\",\"description\":\"\",\"placeholder\":\"\",\"visible\":true,\"editable\":true},\"list\":{\"label\":\"dateClosed\",\"searchable\":true,\"sortable\":true}},\"categories\":{\"edit\":{\"label\":\"categories\",\"description\":\"\",\"placeholder\":\"\",\"visible\":true,\"editable\":true,\"mainField\":\"name\"},\"list\":{\"label\":\"categories\",\"searchable\":true,\"sortable\":true}},\"priority\":{\"edit\":{\"label\":\"priority\",\"description\":\"\",\"placeholder\":\"\",\"visible\":true,\"editable\":true,\"mainField\":\"name\"},\"list\":{\"label\":\"priority\",\"searchable\":true,\"sortable\":true}},\"stage\":{\"edit\":{\"label\":\"stage\",\"description\":\"\",\"placeholder\":\"\",\"visible\":true,\"editable\":true,\"mainField\":\"name\"},\"list\":{\"label\":\"stage\",\"searchable\":true,\"sortable\":true}},\"role\":{\"edit\":{\"label\":\"role\",\"description\":\"\",\"placeholder\":\"\",\"visible\":true,\"editable\":true,\"mainField\":\"name\"},\"list\":{\"label\":\"role\",\"searchable\":true,\"sortable\":true}},\"nature\":{\"edit\":{\"label\":\"nature\",\"description\":\"\",\"placeholder\":\"\",\"visible\":true,\"editable\":true},\"list\":{\"label\":\"nature\",\"searchable\":true,\"sortable\":true}},\"otherStage\":{\"edit\":{\"label\":\"otherStage\",\"description\":\"\",\"placeholder\":\"\",\"visible\":true,\"editable\":true,\"mainField\":\"name\"},\"list\":{\"label\":\"otherStage\",\"searchable\":true,\"sortable\":true}},\"individuals\":{\"edit\":{\"label\":\"individuals\",\"description\":\"\",\"placeholder\":\"\",\"visible\":true,\"editable\":true,\"mainField\":\"firstname\"},\"list\":{\"label\":\"individuals\",\"searchable\":false,\"sortable\":false}},\"origine\":{\"edit\":{\"label\":\"origine\",\"description\":\"\",\"placeholder\":\"\",\"visible\":true,\"editable\":true},\"list\":{\"label\":\"origine\",\"searchable\":true,\"sortable\":true}},\"qr_code\":{\"edit\":{\"label\":\"qr_code\",\"description\":\"\",\"placeholder\":\"\",\"visible\":true,\"editable\":true,\"mainField\":\"adresse\"},\"list\":{\"label\":\"qr_code\",\"searchable\":true,\"sortable\":true}},\"empty\":{\"edit\":{\"label\":\"empty\",\"description\":\"\",\"placeholder\":\"\",\"visible\":true,\"editable\":true},\"list\":{\"label\":\"empty\",\"searchable\":true,\"sortable\":true}},\"ticket_states\":{\"edit\":{\"label\":\"ticket_states\",\"description\":\"\",\"placeholder\":\"\",\"visible\":true,\"editable\":true,\"mainField\":\"role\"},\"list\":{\"label\":\"ticket_states\",\"searchable\":false,\"sortable\":false}},\"managers\":{\"edit\":{\"label\":\"managers\",\"description\":\"\",\"placeholder\":\"\",\"visible\":true,\"editable\":true,\"mainField\":\"username\"},\"list\":{\"label\":\"managers\",\"searchable\":false,\"sortable\":false}},\"duplicatas\":{\"edit\":{\"label\":\"duplicatas\",\"description\":\"\",\"placeholder\":\"\",\"visible\":true,\"editable\":true,\"mainField\":\"address\"},\"list\":{\"label\":\"duplicatas\",\"searchable\":false,\"sortable\":false}},\"duplicata_of\":{\"edit\":{\"label\":\"duplicata_of\",\"description\":\"\",\"placeholder\":\"\",\"visible\":true,\"editable\":true,\"mainField\":\"address\"},\"list\":{\"label\":\"duplicata_of\",\"searchable\":true,\"sortable\":true}},\"is_duplicate\":{\"edit\":{\"label\":\"is_duplicate\",\"description\":\"\",\"placeholder\":\"\",\"visible\":true,\"editable\":true},\"list\":{\"label\":\"is_duplicate\",\"searchable\":true,\"sortable\":true}},\"ticket_reply\":{\"edit\":{\"label\":\"ticket_reply\",\"description\":\"\",\"placeholder\":\"\",\"visible\":true,\"editable\":true,\"mainField\":\"id\"},\"list\":{\"label\":\"ticket_reply\",\"searchable\":true,\"sortable\":true}},\"request_type\":{\"edit\":{\"label\":\"request_type\",\"description\":\"\",\"placeholder\":\"\",\"visible\":true,\"editable\":true},\"list\":{\"label\":\"request_type\",\"searchable\":true,\"sortable\":true}},\"interventions\":{\"edit\":{\"label\":\"interventions\",\"description\":\"\",\"placeholder\":\"\",\"visible\":true,\"editable\":true,\"mainField\":\"description\"},\"list\":{\"label\":\"interventions\",\"searchable\":false,\"sortable\":false}},\"send_target\":{\"edit\":{\"label\":\"send_target\",\"description\":\"\",\"placeholder\":\"\",\"visible\":true,\"editable\":true},\"list\":{\"label\":\"send_target\",\"searchable\":true,\"sortable\":true}},\"media\":{\"edit\":{\"label\":\"media\",\"description\":\"\",\"placeholder\":\"\",\"visible\":true,\"editable\":true},\"list\":{\"label\":\"media\",\"searchable\":false,\"sortable\":false}},\"ticket_logs\":{\"edit\":{\"label\":\"ticket_logs\",\"description\":\"\",\"placeholder\":\"\",\"visible\":true,\"editable\":true,\"mainField\":\"id\"},\"list\":{\"label\":\"ticket_logs\",\"searchable\":false,\"sortable\":false}},\"relance_tickets\":{\"edit\":{\"label\":\"relance_tickets\",\"description\":\"\",\"placeholder\":\"\",\"visible\":true,\"editable\":true,\"mainField\":\"test\"},\"list\":{\"label\":\"relance_tickets\",\"searchable\":false,\"sortable\":false}},\"unsubscribe\":{\"edit\":{\"label\":\"unsubscribe\",\"description\":\"\",\"placeholder\":\"\",\"visible\":true,\"editable\":true},\"list\":{\"label\":\"unsubscribe\",\"searchable\":true,\"sortable\":true}},\"createdAt\":{\"edit\":{\"label\":\"createdAt\",\"description\":\"\",\"placeholder\":\"\",\"visible\":false,\"editable\":true},\"list\":{\"label\":\"createdAt\",\"searchable\":true,\"sortable\":true}},\"updatedAt\":{\"edit\":{\"label\":\"updatedAt\",\"description\":\"\",\"placeholder\":\"\",\"visible\":false,\"editable\":true},\"list\":{\"label\":\"updatedAt\",\"searchable\":true,\"sortable\":true}}},\"layouts\":{\"list\":[\"id\",\"description\",\"agency\",\"property\"],\"edit\":[[{\"name\":\"description\",\"size\":6},{\"name\":\"agency\",\"size\":6}],[{\"name\":\"property\",\"size\":6},{\"name\":\"address\",\"size\":6}],[{\"name\":\"firstname\",\"size\":6},{\"name\":\"lastname\",\"size\":6}],[{\"name\":\"email\",\"size\":6},{\"name\":\"phone\",\"size\":6}],[{\"name\":\"state\",\"size\":6},{\"name\":\"media\",\"size\":6}],[{\"name\":\"users_permissions_user\",\"size\":6},{\"name\":\"name\",\"size\":6}],[{\"name\":\"ref\",\"size\":6}],[{\"name\":\"city\",\"size\":6},{\"name\":\"zipCode\",\"size\":6}],[{\"name\":\"dateAssigned\",\"size\":4}],[{\"name\":\"comments\",\"size\":6},{\"name\":\"location\",\"size\":6}],[{\"name\":\"duplicate\",\"size\":4},{\"name\":\"dateClosed\",\"size\":4}],[{\"name\":\"categories\",\"size\":6},{\"name\":\"priority\",\"size\":6}],[{\"name\":\"stage\",\"size\":6},{\"name\":\"role\",\"size\":6}],[{\"name\":\"nature\",\"size\":6},{\"name\":\"otherStage\",\"size\":6}],[{\"name\":\"origine\",\"size\":6}],[{\"name\":\"qr_code\",\"size\":6},{\"name\":\"empty\",\"size\":6}],[{\"name\":\"ticket_states\",\"size\":6},{\"name\":\"managers\",\"size\":6}],[{\"name\":\"duplicatas\",\"size\":6},{\"name\":\"duplicata_of\",\"size\":6}],[{\"name\":\"is_duplicate\",\"size\":4},{\"name\":\"tiers\",\"size\":6}],[{\"name\":\"ticket_reply\",\"size\":6},{\"name\":\"request_type\",\"size\":6}],[{\"name\":\"interventions\",\"size\":6},{\"name\":\"individuals\",\"size\":6}],[{\"name\":\"send_target\",\"size\":6}],[{\"name\":\"ticket_logs\",\"size\":6},{\"name\":\"relance_tickets\",\"size\":6}],[{\"name\":\"unsubscribe\",\"size\":4}]]}}','object',NULL,NULL),(26,'plugin_content_manager_configuration_content_types::api::issuers-role.issuers-role','{\"uid\":\"api::issuers-role.issuers-role\",\"settings\":{\"bulkable\":true,\"filterable\":true,\"searchable\":true,\"pageSize\":10,\"mainField\":\"name\",\"defaultSortBy\":\"name\",\"defaultSortOrder\":\"ASC\"},\"metadatas\":{\"id\":{\"edit\":{},\"list\":{\"label\":\"id\",\"searchable\":true,\"sortable\":true}},\"name\":{\"edit\":{\"label\":\"name\",\"description\":\"\",\"placeholder\":\"\",\"visible\":true,\"editable\":true},\"list\":{\"label\":\"name\",\"searchable\":true,\"sortable\":true}},\"createdAt\":{\"edit\":{\"label\":\"createdAt\",\"description\":\"\",\"placeholder\":\"\",\"visible\":false,\"editable\":true},\"list\":{\"label\":\"createdAt\",\"searchable\":true,\"sortable\":true}},\"updatedAt\":{\"edit\":{\"label\":\"updatedAt\",\"description\":\"\",\"placeholder\":\"\",\"visible\":false,\"editable\":true},\"list\":{\"label\":\"updatedAt\",\"searchable\":true,\"sortable\":true}}},\"layouts\":{\"list\":[\"id\",\"name\",\"createdAt\",\"updatedAt\"],\"edit\":[[{\"name\":\"name\",\"size\":6}]]}}','object',NULL,NULL),(27,'plugin_content_manager_configuration_content_types::api::tool.tool','{\"uid\":\"api::tool.tool\",\"settings\":{\"bulkable\":true,\"filterable\":true,\"searchable\":true,\"pageSize\":10,\"mainField\":\"type\",\"defaultSortBy\":\"type\",\"defaultSortOrder\":\"ASC\"},\"metadatas\":{\"id\":{\"edit\":{},\"list\":{\"label\":\"id\",\"searchable\":true,\"sortable\":true}},\"type\":{\"edit\":{\"label\":\"type\",\"description\":\"\",\"placeholder\":\"\",\"visible\":true,\"editable\":true},\"list\":{\"label\":\"type\",\"searchable\":true,\"sortable\":true}},\"brand\":{\"edit\":{\"label\":\"brand\",\"description\":\"\",\"placeholder\":\"\",\"visible\":true,\"editable\":true},\"list\":{\"label\":\"brand\",\"searchable\":true,\"sortable\":true}},\"interventions\":{\"edit\":{\"label\":\"interventions\",\"description\":\"\",\"placeholder\":\"\",\"visible\":true,\"editable\":true,\"mainField\":\"description\"},\"list\":{\"label\":\"interventions\",\"searchable\":false,\"sortable\":false}},\"agency\":{\"edit\":{\"label\":\"agency\",\"description\":\"\",\"placeholder\":\"\",\"visible\":true,\"editable\":true,\"mainField\":\"tradeName\"},\"list\":{\"label\":\"agency\",\"searchable\":true,\"sortable\":true}},\"model\":{\"edit\":{\"label\":\"model\",\"description\":\"\",\"placeholder\":\"\",\"visible\":true,\"editable\":true},\"list\":{\"label\":\"model\",\"searchable\":true,\"sortable\":true}},\"dateOfPurchase\":{\"edit\":{\"label\":\"dateOfPurchase\",\"description\":\"\",\"placeholder\":\"\",\"visible\":true,\"editable\":true},\"list\":{\"label\":\"dateOfPurchase\",\"searchable\":true,\"sortable\":true}},\"guaranteeEndDate\":{\"edit\":{\"label\":\"guaranteeEndDate\",\"description\":\"\",\"placeholder\":\"\",\"visible\":true,\"editable\":true},\"list\":{\"label\":\"guaranteeEndDate\",\"searchable\":true,\"sortable\":true}},\"price\":{\"edit\":{\"label\":\"price\",\"description\":\"\",\"placeholder\":\"\",\"visible\":true,\"editable\":true},\"list\":{\"label\":\"price\",\"searchable\":true,\"sortable\":true}},\"document\":{\"edit\":{\"label\":\"document\",\"description\":\"\",\"placeholder\":\"\",\"visible\":true,\"editable\":true},\"list\":{\"label\":\"document\",\"searchable\":false,\"sortable\":false}},\"description\":{\"edit\":{\"label\":\"description\",\"description\":\"\",\"placeholder\":\"\",\"visible\":true,\"editable\":true},\"list\":{\"label\":\"description\",\"searchable\":true,\"sortable\":true}},\"createdAt\":{\"edit\":{\"label\":\"createdAt\",\"description\":\"\",\"placeholder\":\"\",\"visible\":false,\"editable\":true},\"list\":{\"label\":\"createdAt\",\"searchable\":true,\"sortable\":true}},\"updatedAt\":{\"edit\":{\"label\":\"updatedAt\",\"description\":\"\",\"placeholder\":\"\",\"visible\":false,\"editable\":true},\"list\":{\"label\":\"updatedAt\",\"searchable\":true,\"sortable\":true}}},\"layouts\":{\"list\":[\"id\",\"type\",\"brand\",\"interventions\"],\"edit\":[[{\"name\":\"type\",\"size\":6},{\"name\":\"brand\",\"size\":6}],[{\"name\":\"interventions\",\"size\":6},{\"name\":\"agency\",\"size\":6}],[{\"name\":\"model\",\"size\":6},{\"name\":\"dateOfPurchase\",\"size\":4}],[{\"name\":\"guaranteeEndDate\",\"size\":4},{\"name\":\"price\",\"size\":4}],[{\"name\":\"document\",\"size\":6},{\"name\":\"description\",\"size\":6}]]}}','object',NULL,NULL),(28,'plugin_content_manager_configuration_content_types::api::type-of-site.type-of-site','{\"uid\":\"api::type-of-site.type-of-site\",\"settings\":{\"bulkable\":true,\"filterable\":true,\"searchable\":true,\"pageSize\":10,\"mainField\":\"name\",\"defaultSortBy\":\"name\",\"defaultSortOrder\":\"ASC\"},\"metadatas\":{\"id\":{\"edit\":{},\"list\":{\"label\":\"id\",\"searchable\":true,\"sortable\":true}},\"name\":{\"edit\":{\"label\":\"name\",\"description\":\"\",\"placeholder\":\"\",\"visible\":true,\"editable\":true},\"list\":{\"label\":\"name\",\"searchable\":true,\"sortable\":true}},\"createdAt\":{\"edit\":{\"label\":\"createdAt\",\"description\":\"\",\"placeholder\":\"\",\"visible\":false,\"editable\":true},\"list\":{\"label\":\"createdAt\",\"searchable\":true,\"sortable\":true}},\"updatedAt\":{\"edit\":{\"label\":\"updatedAt\",\"description\":\"\",\"placeholder\":\"\",\"visible\":false,\"editable\":true},\"list\":{\"label\":\"updatedAt\",\"searchable\":true,\"sortable\":true}}},\"layouts\":{\"list\":[\"id\",\"name\",\"createdAt\",\"updatedAt\"],\"edit\":[[{\"name\":\"name\",\"size\":6}]]}}','object',NULL,NULL),(29,'plugin_content_manager_configuration_content_types::api::vehicle.vehicle','{\"uid\":\"api::vehicle.vehicle\",\"settings\":{\"bulkable\":true,\"filterable\":true,\"searchable\":true,\"pageSize\":10,\"mainField\":\"registrationNumber\",\"defaultSortBy\":\"registrationNumber\",\"defaultSortOrder\":\"ASC\"},\"metadatas\":{\"id\":{\"edit\":{},\"list\":{\"label\":\"id\",\"searchable\":true,\"sortable\":true}},\"registrationNumber\":{\"edit\":{\"label\":\"registrationNumber\",\"description\":\"\",\"placeholder\":\"\",\"visible\":true,\"editable\":true},\"list\":{\"label\":\"registrationNumber\",\"searchable\":true,\"sortable\":true}},\"agency\":{\"edit\":{\"label\":\"agency\",\"description\":\"\",\"placeholder\":\"\",\"visible\":true,\"editable\":true,\"mainField\":\"tradeName\"},\"list\":{\"label\":\"agency\",\"searchable\":true,\"sortable\":true}},\"type\":{\"edit\":{\"label\":\"type\",\"description\":\"\",\"placeholder\":\"\",\"visible\":true,\"editable\":true},\"list\":{\"label\":\"type\",\"searchable\":true,\"sortable\":true}},\"brand\":{\"edit\":{\"label\":\"brand\",\"description\":\"\",\"placeholder\":\"\",\"visible\":true,\"editable\":true},\"list\":{\"label\":\"brand\",\"searchable\":true,\"sortable\":true}},\"model\":{\"edit\":{\"label\":\"model\",\"description\":\"\",\"placeholder\":\"\",\"visible\":true,\"editable\":true},\"list\":{\"label\":\"model\",\"searchable\":true,\"sortable\":true}},\"dateOfCirculation\":{\"edit\":{\"label\":\"dateOfCirculation\",\"description\":\"\",\"placeholder\":\"\",\"visible\":true,\"editable\":true},\"list\":{\"label\":\"dateOfCirculation\",\"searchable\":true,\"sortable\":true}},\"mileage\":{\"edit\":{\"label\":\"mileage\",\"description\":\"\",\"placeholder\":\"\",\"visible\":true,\"editable\":true},\"list\":{\"label\":\"mileage\",\"searchable\":true,\"sortable\":true}},\"dateOfMileageReport\":{\"edit\":{\"label\":\"dateOfMileageReport\",\"description\":\"\",\"placeholder\":\"\",\"visible\":true,\"editable\":true},\"list\":{\"label\":\"dateOfMileageReport\",\"searchable\":true,\"sortable\":true}},\"locationEndDate\":{\"edit\":{\"label\":\"locationEndDate\",\"description\":\"\",\"placeholder\":\"\",\"visible\":true,\"editable\":true},\"list\":{\"label\":\"locationEndDate\",\"searchable\":true,\"sortable\":true}},\"price\":{\"edit\":{\"label\":\"price\",\"description\":\"\",\"placeholder\":\"\",\"visible\":true,\"editable\":true},\"list\":{\"label\":\"price\",\"searchable\":true,\"sortable\":true}},\"document\":{\"edit\":{\"label\":\"document\",\"description\":\"\",\"placeholder\":\"\",\"visible\":true,\"editable\":true},\"list\":{\"label\":\"document\",\"searchable\":false,\"sortable\":false}},\"nextInterviewDate\":{\"edit\":{\"label\":\"nextInterviewDate\",\"description\":\"\",\"placeholder\":\"\",\"visible\":true,\"editable\":true},\"list\":{\"label\":\"nextInterviewDate\",\"searchable\":true,\"sortable\":true}},\"interventions\":{\"edit\":{\"label\":\"interventions\",\"description\":\"\",\"placeholder\":\"\",\"visible\":true,\"editable\":true,\"mainField\":\"description\"},\"list\":{\"label\":\"interventions\",\"searchable\":false,\"sortable\":false}},\"power\":{\"edit\":{\"label\":\"power\",\"description\":\"\",\"placeholder\":\"\",\"visible\":true,\"editable\":true},\"list\":{\"label\":\"power\",\"searchable\":true,\"sortable\":true}},\"createdAt\":{\"edit\":{\"label\":\"createdAt\",\"description\":\"\",\"placeholder\":\"\",\"visible\":false,\"editable\":true},\"list\":{\"label\":\"createdAt\",\"searchable\":true,\"sortable\":true}},\"updatedAt\":{\"edit\":{\"label\":\"updatedAt\",\"description\":\"\",\"placeholder\":\"\",\"visible\":false,\"editable\":true},\"list\":{\"label\":\"updatedAt\",\"searchable\":true,\"sortable\":true}}},\"layouts\":{\"list\":[\"id\",\"registrationNumber\",\"agency\",\"type\"],\"edit\":[[{\"name\":\"registrationNumber\",\"size\":6},{\"name\":\"agency\",\"size\":6}],[{\"name\":\"type\",\"size\":6},{\"name\":\"brand\",\"size\":6}],[{\"name\":\"model\",\"size\":6},{\"name\":\"dateOfCirculation\",\"size\":4}],[{\"name\":\"mileage\",\"size\":4},{\"name\":\"dateOfMileageReport\",\"size\":4},{\"name\":\"locationEndDate\",\"size\":4}],[{\"name\":\"price\",\"size\":4},{\"name\":\"document\",\"size\":6}],[{\"name\":\"nextInterviewDate\",\"size\":4},{\"name\":\"interventions\",\"size\":6}],[{\"name\":\"power\",\"size\":4}]]}}','object',NULL,NULL),(30,'plugin_content_manager_configuration_content_types::api::state.state','{\"uid\":\"api::state.state\",\"settings\":{\"bulkable\":true,\"filterable\":true,\"searchable\":true,\"pageSize\":10,\"mainField\":\"name\",\"defaultSortBy\":\"name\",\"defaultSortOrder\":\"ASC\"},\"metadatas\":{\"id\":{\"edit\":{},\"list\":{\"label\":\"id\",\"searchable\":true,\"sortable\":true}},\"name\":{\"edit\":{\"label\":\"name\",\"description\":\"\",\"placeholder\":\"\",\"visible\":true,\"editable\":true},\"list\":{\"label\":\"name\",\"searchable\":true,\"sortable\":true}},\"color\":{\"edit\":{\"label\":\"color\",\"description\":\"\",\"placeholder\":\"\",\"visible\":true,\"editable\":true},\"list\":{\"label\":\"color\",\"searchable\":true,\"sortable\":true}},\"createdAt\":{\"edit\":{\"label\":\"createdAt\",\"description\":\"\",\"placeholder\":\"\",\"visible\":false,\"editable\":true},\"list\":{\"label\":\"createdAt\",\"searchable\":true,\"sortable\":true}},\"updatedAt\":{\"edit\":{\"label\":\"updatedAt\",\"description\":\"\",\"placeholder\":\"\",\"visible\":false,\"editable\":true},\"list\":{\"label\":\"updatedAt\",\"searchable\":true,\"sortable\":true}}},\"layouts\":{\"list\":[\"id\",\"name\",\"createdAt\",\"updatedAt\"],\"edit\":[[{\"name\":\"name\",\"size\":6},{\"name\":\"color\",\"size\":6}]]}}','object',NULL,NULL),(31,'plugin_content_manager_configuration_content_types::api::tier.tier','{\"uid\":\"api::tier.tier\",\"settings\":{\"bulkable\":true,\"filterable\":true,\"searchable\":true,\"pageSize\":10,\"mainField\":\"name\",\"defaultSortBy\":\"name\",\"defaultSortOrder\":\"ASC\"},\"metadatas\":{\"id\":{\"edit\":{},\"list\":{\"label\":\"id\",\"searchable\":true,\"sortable\":true}},\"name\":{\"edit\":{\"label\":\"name\",\"description\":\"\",\"placeholder\":\"\",\"visible\":true,\"editable\":true},\"list\":{\"label\":\"name\",\"searchable\":true,\"sortable\":true}},\"address\":{\"edit\":{\"label\":\"address\",\"description\":\"\",\"placeholder\":\"\",\"visible\":true,\"editable\":true},\"list\":{\"label\":\"address\",\"searchable\":true,\"sortable\":true}},\"properties\":{\"edit\":{\"label\":\"properties\",\"description\":\"\",\"placeholder\":\"\",\"visible\":true,\"editable\":true,\"mainField\":\"phone\"},\"list\":{\"label\":\"properties\",\"searchable\":false,\"sortable\":false}},\"siret\":{\"edit\":{\"label\":\"siret\",\"description\":\"\",\"placeholder\":\"\",\"visible\":true,\"editable\":true},\"list\":{\"label\":\"siret\",\"searchable\":true,\"sortable\":true}},\"phone\":{\"edit\":{\"label\":\"phone\",\"description\":\"\",\"placeholder\":\"\",\"visible\":true,\"editable\":true},\"list\":{\"label\":\"phone\",\"searchable\":true,\"sortable\":true}},\"agencies\":{\"edit\":{\"label\":\"agencies\",\"description\":\"\",\"placeholder\":\"\",\"visible\":true,\"editable\":true,\"mainField\":\"tradeName\"},\"list\":{\"label\":\"agencies\",\"searchable\":false,\"sortable\":false}},\"additionalAddress\":{\"edit\":{\"label\":\"additionalAddress\",\"description\":\"\",\"placeholder\":\"\",\"visible\":true,\"editable\":true},\"list\":{\"label\":\"additionalAddress\",\"searchable\":true,\"sortable\":true}},\"city\":{\"edit\":{\"label\":\"city\",\"description\":\"\",\"placeholder\":\"\",\"visible\":true,\"editable\":true},\"list\":{\"label\":\"city\",\"searchable\":true,\"sortable\":true}},\"mail\":{\"edit\":{\"label\":\"mail\",\"description\":\"\",\"placeholder\":\"\",\"visible\":true,\"editable\":true},\"list\":{\"label\":\"mail\",\"searchable\":true,\"sortable\":true}},\"individuals\":{\"edit\":{\"label\":\"individuals\",\"description\":\"\",\"placeholder\":\"\",\"visible\":true,\"editable\":true,\"mainField\":\"firstname\"},\"list\":{\"label\":\"individuals\",\"searchable\":false,\"sortable\":false}},\"activities\":{\"edit\":{\"label\":\"activities\",\"description\":\"\",\"placeholder\":\"\",\"visible\":true,\"editable\":true,\"mainField\":\"name\"},\"list\":{\"label\":\"activities\",\"searchable\":false,\"sortable\":false}},\"visible_comments\":{\"edit\":{\"label\":\"visible_comments\",\"description\":\"\",\"placeholder\":\"\",\"visible\":true,\"editable\":true,\"mainField\":\"id\"},\"list\":{\"label\":\"visible_comments\",\"searchable\":false,\"sortable\":false}},\"no_visible_comments\":{\"edit\":{\"label\":\"no_visible_comments\",\"description\":\"\",\"placeholder\":\"\",\"visible\":true,\"editable\":true,\"mainField\":\"id\"},\"list\":{\"label\":\"no_visible_comments\",\"searchable\":false,\"sortable\":false}},\"zipCode\":{\"edit\":{\"label\":\"zipCode\",\"description\":\"\",\"placeholder\":\"\",\"visible\":true,\"editable\":true},\"list\":{\"label\":\"zipCode\",\"searchable\":true,\"sortable\":true}},\"tvaNumber\":{\"edit\":{\"label\":\"tvaNumber\",\"description\":\"\",\"placeholder\":\"\",\"visible\":true,\"editable\":true},\"list\":{\"label\":\"tvaNumber\",\"searchable\":true,\"sortable\":true}},\"from_qrcode\":{\"edit\":{\"label\":\"from_qrcode\",\"description\":\"\",\"placeholder\":\"\",\"visible\":true,\"editable\":true},\"list\":{\"label\":\"from_qrcode\",\"searchable\":true,\"sortable\":true}},\"createdAt\":{\"edit\":{\"label\":\"createdAt\",\"description\":\"\",\"placeholder\":\"\",\"visible\":false,\"editable\":true},\"list\":{\"label\":\"createdAt\",\"searchable\":true,\"sortable\":true}},\"updatedAt\":{\"edit\":{\"label\":\"updatedAt\",\"description\":\"\",\"placeholder\":\"\",\"visible\":false,\"editable\":true},\"list\":{\"label\":\"updatedAt\",\"searchable\":true,\"sortable\":true}}},\"layouts\":{\"list\":[\"id\",\"name\",\"properties\",\"address\"],\"edit\":[[{\"name\":\"name\",\"size\":6}],[{\"name\":\"properties\",\"size\":6}],[{\"name\":\"agencies\",\"size\":6}],[{\"name\":\"address\",\"size\":6},{\"name\":\"siret\",\"size\":6}],[{\"name\":\"phone\",\"size\":6},{\"name\":\"additionalAddress\",\"size\":6}],[{\"name\":\"city\",\"size\":6},{\"name\":\"mail\",\"size\":6}],[{\"name\":\"individuals\",\"size\":6},{\"name\":\"activities\",\"size\":6}],[{\"name\":\"visible_comments\",\"size\":6},{\"name\":\"no_visible_comments\",\"size\":6}],[{\"name\":\"zipCode\",\"size\":6},{\"name\":\"tvaNumber\",\"size\":6}],[{\"name\":\"from_qrcode\",\"size\":4}]]}}','object',NULL,NULL),(32,'plugin_upload_settings','{\"sizeOptimization\":true,\"responsiveDimensions\":true,\"autoOrientation\":false}','object',NULL,NULL),(33,'plugin_upload_metrics','{\"weeklySchedule\":\"10 1 8 * * 1\",\"lastWeeklyUpdate\":1719820870019}','object',NULL,NULL),(34,'plugin_documentation_config','{\"restrictedAccess\":false}','object',NULL,NULL),(35,'plugin_i18n_default_locale','\"en\"','string',NULL,NULL),(36,'plugin_users-permissions_grant','{\"email\":{\"enabled\":true,\"icon\":\"envelope\"},\"discord\":{\"enabled\":false,\"icon\":\"discord\",\"key\":\"\",\"secret\":\"\",\"callback\":\"api/auth/discord/callback\",\"scope\":[\"identify\",\"email\"]},\"facebook\":{\"enabled\":false,\"icon\":\"facebook-square\",\"key\":\"\",\"secret\":\"\",\"callback\":\"api/auth/facebook/callback\",\"scope\":[\"email\"]},\"google\":{\"enabled\":false,\"icon\":\"google\",\"key\":\"\",\"secret\":\"\",\"callback\":\"api/auth/google/callback\",\"scope\":[\"email\"]},\"github\":{\"enabled\":false,\"icon\":\"github\",\"key\":\"\",\"secret\":\"\",\"callback\":\"api/auth/github/callback\",\"scope\":[\"user\",\"user:email\"]},\"microsoft\":{\"enabled\":false,\"icon\":\"windows\",\"key\":\"\",\"secret\":\"\",\"callback\":\"api/auth/microsoft/callback\",\"scope\":[\"user.read\"]},\"twitter\":{\"enabled\":false,\"icon\":\"twitter\",\"key\":\"\",\"secret\":\"\",\"callback\":\"api/auth/twitter/callback\"},\"instagram\":{\"enabled\":false,\"icon\":\"instagram\",\"key\":\"\",\"secret\":\"\",\"callback\":\"api/auth/instagram/callback\",\"scope\":[\"user_profile\"]},\"vk\":{\"enabled\":false,\"icon\":\"vk\",\"key\":\"\",\"secret\":\"\",\"callback\":\"api/auth/vk/callback\",\"scope\":[\"email\"]},\"twitch\":{\"enabled\":false,\"icon\":\"twitch\",\"key\":\"\",\"secret\":\"\",\"callback\":\"api/auth/twitch/callback\",\"scope\":[\"user:read:email\"]},\"linkedin\":{\"enabled\":false,\"icon\":\"linkedin\",\"key\":\"\",\"secret\":\"\",\"callback\":\"api/auth/linkedin/callback\",\"scope\":[\"r_liteprofile\",\"r_emailaddress\"]},\"cognito\":{\"enabled\":false,\"icon\":\"aws\",\"key\":\"\",\"secret\":\"\",\"subdomain\":\"my.subdomain.com\",\"callback\":\"api/auth/cognito/callback\",\"scope\":[\"email\",\"openid\",\"profile\"]},\"reddit\":{\"enabled\":false,\"icon\":\"reddit\",\"key\":\"\",\"secret\":\"\",\"state\":true,\"callback\":\"api/auth/reddit/callback\",\"scope\":[\"identity\"]},\"auth0\":{\"enabled\":false,\"icon\":\"\",\"key\":\"\",\"secret\":\"\",\"subdomain\":\"my-tenant.eu\",\"callback\":\"api/auth/auth0/callback\",\"scope\":[\"openid\",\"email\",\"profile\"]},\"cas\":{\"enabled\":false,\"icon\":\"book\",\"key\":\"\",\"secret\":\"\",\"callback\":\"api/auth/cas/callback\",\"scope\":[\"openid email\"],\"subdomain\":\"my.subdomain.com/cas\"}}','object',NULL,NULL),(37,'plugin_users-permissions_email','{\"reset_password\":{\"display\":\"Email.template.reset_password\",\"icon\":\"sync\",\"options\":{\"from\":{\"name\":\"Administration Panel\",\"email\":\"no-reply@strapi.io\"},\"response_email\":\"\",\"object\":\"Reset password\",\"message\":\"<p>We heard that you lost your password. Sorry about that!</p>\\n\\n<p>But don’t worry! You can use the following link to reset your password:</p>\\n<p><%= URL %>?code=<%= TOKEN %></p>\\n\\n<p>Thanks.</p>\"}},\"email_confirmation\":{\"display\":\"Email.template.email_confirmation\",\"icon\":\"check-square\",\"options\":{\"from\":{\"name\":\"Administration Panel\",\"email\":\"no-reply@strapi.io\"},\"response_email\":\"\",\"object\":\"Account confirmation\",\"message\":\"<p>Thank you for registering!</p>\\n\\n<p>You have to confirm your email address. Please click on the link below.</p>\\n\\n<p><%= URL %>?confirmation=<%= CODE %></p>\\n\\n<p>Thanks.</p>\"}}}','object',NULL,NULL),(38,'plugin_users-permissions_advanced','{\"unique_email\":true,\"allow_register\":true,\"email_confirmation\":false,\"email_reset_password\":null,\"email_confirmation_redirection\":null,\"default_role\":\"authenticated\"}','object',NULL,NULL),(39,'core_admin_auth','{\"providers\":{\"autoRegister\":false,\"defaultRole\":null}}','object',NULL,NULL),(40,'plugin_content_manager_configuration_content_types::api::qr-code.qr-code','{\"uid\":\"api::qr-code.qr-code\",\"settings\":{\"bulkable\":true,\"filterable\":true,\"searchable\":true,\"pageSize\":10,\"mainField\":\"adresse\",\"defaultSortBy\":\"adresse\",\"defaultSortOrder\":\"ASC\"},\"metadatas\":{\"id\":{\"edit\":{},\"list\":{\"label\":\"id\",\"searchable\":true,\"sortable\":true}},\"property\":{\"edit\":{\"label\":\"property\",\"description\":\"\",\"placeholder\":\"\",\"visible\":true,\"editable\":true,\"mainField\":\"phone\"},\"list\":{\"label\":\"property\",\"searchable\":true,\"sortable\":true}},\"adresse\":{\"edit\":{\"label\":\"adresse\",\"description\":\"\",\"placeholder\":\"\",\"visible\":true,\"editable\":true},\"list\":{\"label\":\"adresse\",\"searchable\":true,\"sortable\":true}},\"zipCode\":{\"edit\":{\"label\":\"zipCode\",\"description\":\"\",\"placeholder\":\"\",\"visible\":true,\"editable\":true},\"list\":{\"label\":\"zipCode\",\"searchable\":true,\"sortable\":true}},\"city\":{\"edit\":{\"label\":\"city\",\"description\":\"\",\"placeholder\":\"\",\"visible\":true,\"editable\":true},\"list\":{\"label\":\"city\",\"searchable\":true,\"sortable\":true}},\"location\":{\"edit\":{\"label\":\"location\",\"description\":\"\",\"placeholder\":\"\",\"visible\":true,\"editable\":true},\"list\":{\"label\":\"location\",\"searchable\":true,\"sortable\":true}},\"stage\":{\"edit\":{\"label\":\"stage\",\"description\":\"\",\"placeholder\":\"\",\"visible\":true,\"editable\":true,\"mainField\":\"name\"},\"list\":{\"label\":\"stage\",\"searchable\":true,\"sortable\":true}},\"tier\":{\"edit\":{\"label\":\"tier\",\"description\":\"\",\"placeholder\":\"\",\"visible\":true,\"editable\":true,\"mainField\":\"name\"},\"list\":{\"label\":\"tier\",\"searchable\":true,\"sortable\":true}},\"agency\":{\"edit\":{\"label\":\"agency\",\"description\":\"\",\"placeholder\":\"\",\"visible\":true,\"editable\":true,\"mainField\":\"tradeName\"},\"list\":{\"label\":\"agency\",\"searchable\":true,\"sortable\":true}},\"qrcode\":{\"edit\":{\"label\":\"qrcode\",\"description\":\"\",\"placeholder\":\"\",\"visible\":true,\"editable\":true},\"list\":{\"label\":\"qrcode\",\"searchable\":false,\"sortable\":false}},\"individual\":{\"edit\":{\"label\":\"individual\",\"description\":\"\",\"placeholder\":\"\",\"visible\":true,\"editable\":true,\"mainField\":\"firstname\"},\"list\":{\"label\":\"individual\",\"searchable\":true,\"sortable\":true}},\"createdAt\":{\"edit\":{\"label\":\"createdAt\",\"description\":\"\",\"placeholder\":\"\",\"visible\":false,\"editable\":true},\"list\":{\"label\":\"createdAt\",\"searchable\":true,\"sortable\":true}},\"updatedAt\":{\"edit\":{\"label\":\"updatedAt\",\"description\":\"\",\"placeholder\":\"\",\"visible\":false,\"editable\":true},\"list\":{\"label\":\"updatedAt\",\"searchable\":true,\"sortable\":true}}},\"layouts\":{\"edit\":[[{\"name\":\"property\",\"size\":6},{\"name\":\"adresse\",\"size\":6}],[{\"name\":\"zipCode\",\"size\":6},{\"name\":\"city\",\"size\":6}],[{\"name\":\"location\",\"size\":6},{\"name\":\"stage\",\"size\":6}],[{\"name\":\"tier\",\"size\":6},{\"name\":\"agency\",\"size\":6}],[{\"name\":\"qrcode\",\"size\":6},{\"name\":\"individual\",\"size\":6}]],\"list\":[\"id\",\"property\",\"adresse\",\"zipCode\",\"location\"]}}','object',NULL,NULL),(41,'plugin_content_manager_configuration_content_types::api::individual.individual','{\"uid\":\"api::individual.individual\",\"settings\":{\"bulkable\":true,\"filterable\":true,\"searchable\":true,\"pageSize\":10,\"mainField\":\"firstname\",\"defaultSortBy\":\"firstname\",\"defaultSortOrder\":\"ASC\"},\"metadatas\":{\"id\":{\"edit\":{},\"list\":{\"label\":\"id\",\"searchable\":true,\"sortable\":true}},\"firstname\":{\"edit\":{\"label\":\"firstname\",\"description\":\"\",\"placeholder\":\"\",\"visible\":true,\"editable\":true},\"list\":{\"label\":\"firstname\",\"searchable\":true,\"sortable\":true}},\"lastname\":{\"edit\":{\"label\":\"lastname\",\"description\":\"\",\"placeholder\":\"\",\"visible\":true,\"editable\":true},\"list\":{\"label\":\"lastname\",\"searchable\":true,\"sortable\":true}},\"mail\":{\"edit\":{\"label\":\"mail\",\"description\":\"\",\"placeholder\":\"\",\"visible\":true,\"editable\":true},\"list\":{\"label\":\"mail\",\"searchable\":true,\"sortable\":true}},\"phone\":{\"edit\":{\"label\":\"phone\",\"description\":\"\",\"placeholder\":\"\",\"visible\":true,\"editable\":true},\"list\":{\"label\":\"phone\",\"searchable\":true,\"sortable\":true}},\"properties\":{\"edit\":{\"label\":\"properties\",\"description\":\"\",\"placeholder\":\"\",\"visible\":true,\"editable\":true,\"mainField\":\"phone\"},\"list\":{\"label\":\"properties\",\"searchable\":false,\"sortable\":false}},\"tiers\":{\"edit\":{\"label\":\"tiers\",\"description\":\"\",\"placeholder\":\"\",\"visible\":true,\"editable\":true,\"mainField\":\"name\"},\"list\":{\"label\":\"tiers\",\"searchable\":false,\"sortable\":false}},\"visible_comments\":{\"edit\":{\"label\":\"visible_comments\",\"description\":\"\",\"placeholder\":\"\",\"visible\":true,\"editable\":true,\"mainField\":\"id\"},\"list\":{\"label\":\"visible_comments\",\"searchable\":false,\"sortable\":false}},\"no_visible_comments\":{\"edit\":{\"label\":\"no_visible_comments\",\"description\":\"\",\"placeholder\":\"\",\"visible\":true,\"editable\":true,\"mainField\":\"id\"},\"list\":{\"label\":\"no_visible_comments\",\"searchable\":false,\"sortable\":false}},\"from_qrcode\":{\"edit\":{\"label\":\"from_qrcode\",\"description\":\"\",\"placeholder\":\"\",\"visible\":true,\"editable\":true},\"list\":{\"label\":\"from_qrcode\",\"searchable\":true,\"sortable\":true}},\"createdAt\":{\"edit\":{\"label\":\"createdAt\",\"description\":\"\",\"placeholder\":\"\",\"visible\":false,\"editable\":true},\"list\":{\"label\":\"createdAt\",\"searchable\":true,\"sortable\":true}},\"updatedAt\":{\"edit\":{\"label\":\"updatedAt\",\"description\":\"\",\"placeholder\":\"\",\"visible\":false,\"editable\":true},\"list\":{\"label\":\"updatedAt\",\"searchable\":true,\"sortable\":true}}},\"layouts\":{\"list\":[\"id\",\"firstname\",\"lastname\",\"tiers\"],\"edit\":[[{\"name\":\"firstname\",\"size\":6},{\"name\":\"lastname\",\"size\":6}],[{\"name\":\"mail\",\"size\":6}],[{\"name\":\"phone\",\"size\":6}],[{\"name\":\"properties\",\"size\":6}],[{\"name\":\"tiers\",\"size\":6},{\"name\":\"visible_comments\",\"size\":6}],[{\"name\":\"no_visible_comments\",\"size\":6},{\"name\":\"from_qrcode\",\"size\":4}]]}}','object',NULL,NULL),(42,'plugin_content_manager_configuration_content_types::api::frai.frai','{\"uid\":\"api::frai.frai\",\"settings\":{\"bulkable\":true,\"filterable\":true,\"searchable\":true,\"pageSize\":10,\"mainField\":\"name\",\"defaultSortBy\":\"name\",\"defaultSortOrder\":\"ASC\"},\"metadatas\":{\"id\":{\"edit\":{},\"list\":{\"label\":\"id\",\"searchable\":true,\"sortable\":true}},\"name\":{\"edit\":{\"label\":\"name\",\"description\":\"\",\"placeholder\":\"\",\"visible\":true,\"editable\":true},\"list\":{\"label\":\"name\",\"searchable\":true,\"sortable\":true}},\"amount\":{\"edit\":{\"label\":\"amount\",\"description\":\"\",\"placeholder\":\"\",\"visible\":true,\"editable\":true},\"list\":{\"label\":\"amount\",\"searchable\":true,\"sortable\":true}},\"image\":{\"edit\":{\"label\":\"image\",\"description\":\"\",\"placeholder\":\"\",\"visible\":true,\"editable\":true},\"list\":{\"label\":\"image\",\"searchable\":false,\"sortable\":false}},\"users_frai\":{\"edit\":{\"label\":\"users_frai\",\"description\":\"\",\"placeholder\":\"\",\"visible\":true,\"editable\":true,\"mainField\":\"username\"},\"list\":{\"label\":\"users_frai\",\"searchable\":true,\"sortable\":true}},\"state\":{\"edit\":{\"label\":\"state\",\"description\":\"\",\"placeholder\":\"\",\"visible\":true,\"editable\":true},\"list\":{\"label\":\"state\",\"searchable\":true,\"sortable\":true}},\"expenses_contents\":{\"edit\":{\"label\":\"expenses_contents\",\"description\":\"\",\"placeholder\":\"\",\"visible\":true,\"editable\":true,\"mainField\":\"category\"},\"list\":{\"label\":\"expenses_contents\",\"searchable\":false,\"sortable\":false}},\"agency\":{\"edit\":{\"label\":\"agency\",\"description\":\"\",\"placeholder\":\"\",\"visible\":true,\"editable\":true,\"mainField\":\"tradeName\"},\"list\":{\"label\":\"agency\",\"searchable\":true,\"sortable\":true}},\"firstname\":{\"edit\":{\"label\":\"firstname\",\"description\":\"\",\"placeholder\":\"\",\"visible\":true,\"editable\":true},\"list\":{\"label\":\"firstname\",\"searchable\":true,\"sortable\":true}},\"lastname\":{\"edit\":{\"label\":\"lastname\",\"description\":\"\",\"placeholder\":\"\",\"visible\":true,\"editable\":true},\"list\":{\"label\":\"lastname\",\"searchable\":true,\"sortable\":true}},\"createdAt\":{\"edit\":{\"label\":\"createdAt\",\"description\":\"\",\"placeholder\":\"\",\"visible\":false,\"editable\":true},\"list\":{\"label\":\"createdAt\",\"searchable\":true,\"sortable\":true}},\"updatedAt\":{\"edit\":{\"label\":\"updatedAt\",\"description\":\"\",\"placeholder\":\"\",\"visible\":false,\"editable\":true},\"list\":{\"label\":\"updatedAt\",\"searchable\":true,\"sortable\":true}}},\"layouts\":{\"list\":[\"id\",\"name\",\"amount\",\"image\"],\"edit\":[[{\"name\":\"name\",\"size\":6},{\"name\":\"amount\",\"size\":4}],[{\"name\":\"image\",\"size\":6}],[{\"name\":\"expenses_contents\",\"size\":6},{\"name\":\"agency\",\"size\":6}],[{\"name\":\"firstname\",\"size\":6},{\"name\":\"lastname\",\"size\":6}],[{\"name\":\"users_frai\",\"size\":6},{\"name\":\"state\",\"size\":6}]]}}','object',NULL,NULL),(43,'plugin_content_manager_configuration_content_types::api::expense-content.expense-content','{\"uid\":\"api::expense-content.expense-content\",\"settings\":{\"bulkable\":true,\"filterable\":true,\"searchable\":true,\"pageSize\":10,\"mainField\":\"category\",\"defaultSortBy\":\"category\",\"defaultSortOrder\":\"ASC\"},\"metadatas\":{\"id\":{\"edit\":{},\"list\":{\"label\":\"id\",\"searchable\":true,\"sortable\":true}},\"date\":{\"edit\":{\"label\":\"date\",\"description\":\"\",\"placeholder\":\"\",\"visible\":true,\"editable\":true},\"list\":{\"label\":\"date\",\"searchable\":true,\"sortable\":true}},\"category\":{\"edit\":{\"label\":\"category\",\"description\":\"\",\"placeholder\":\"\",\"visible\":true,\"editable\":true},\"list\":{\"label\":\"category\",\"searchable\":true,\"sortable\":true}},\"description\":{\"edit\":{\"label\":\"description\",\"description\":\"\",\"placeholder\":\"\",\"visible\":true,\"editable\":true},\"list\":{\"label\":\"description\",\"searchable\":true,\"sortable\":true}},\"amount\":{\"edit\":{\"label\":\"amount\",\"description\":\"\",\"placeholder\":\"\",\"visible\":true,\"editable\":true},\"list\":{\"label\":\"amount\",\"searchable\":true,\"sortable\":true}},\"vat\":{\"edit\":{\"label\":\"vat\",\"description\":\"\",\"placeholder\":\"\",\"visible\":true,\"editable\":true},\"list\":{\"label\":\"vat\",\"searchable\":true,\"sortable\":true}},\"file\":{\"edit\":{\"label\":\"file\",\"description\":\"\",\"placeholder\":\"\",\"visible\":true,\"editable\":true},\"list\":{\"label\":\"file\",\"searchable\":false,\"sortable\":false}},\"expense\":{\"edit\":{\"label\":\"expense\",\"description\":\"\",\"placeholder\":\"\",\"visible\":true,\"editable\":true,\"mainField\":\"name\"},\"list\":{\"label\":\"expense\",\"searchable\":true,\"sortable\":true}},\"createdAt\":{\"edit\":{\"label\":\"createdAt\",\"description\":\"\",\"placeholder\":\"\",\"visible\":false,\"editable\":true},\"list\":{\"label\":\"createdAt\",\"searchable\":true,\"sortable\":true}},\"updatedAt\":{\"edit\":{\"label\":\"updatedAt\",\"description\":\"\",\"placeholder\":\"\",\"visible\":false,\"editable\":true},\"list\":{\"label\":\"updatedAt\",\"searchable\":true,\"sortable\":true}}},\"layouts\":{\"list\":[\"id\",\"date\",\"category\",\"description\"],\"edit\":[[{\"name\":\"date\",\"size\":4},{\"name\":\"category\",\"size\":6}],[{\"name\":\"description\",\"size\":6},{\"name\":\"amount\",\"size\":4}],[{\"name\":\"vat\",\"size\":4}],[{\"name\":\"expense\",\"size\":6},{\"name\":\"file\",\"size\":6}]]}}','object',NULL,NULL),(44,'plugin_content_manager_configuration_content_types::api::expenses-type.expenses-type','{\"uid\":\"api::expenses-type.expenses-type\",\"settings\":{\"bulkable\":true,\"filterable\":true,\"searchable\":true,\"pageSize\":10,\"mainField\":\"name\",\"defaultSortBy\":\"name\",\"defaultSortOrder\":\"ASC\"},\"metadatas\":{\"id\":{\"edit\":{},\"list\":{\"label\":\"id\",\"searchable\":true,\"sortable\":true}},\"name\":{\"edit\":{\"label\":\"name\",\"description\":\"\",\"placeholder\":\"\",\"visible\":true,\"editable\":true},\"list\":{\"label\":\"name\",\"searchable\":true,\"sortable\":true}},\"createdAt\":{\"edit\":{\"label\":\"createdAt\",\"description\":\"\",\"placeholder\":\"\",\"visible\":false,\"editable\":true},\"list\":{\"label\":\"createdAt\",\"searchable\":true,\"sortable\":true}},\"updatedAt\":{\"edit\":{\"label\":\"updatedAt\",\"description\":\"\",\"placeholder\":\"\",\"visible\":false,\"editable\":true},\"list\":{\"label\":\"updatedAt\",\"searchable\":true,\"sortable\":true}}},\"layouts\":{\"list\":[\"id\",\"name\",\"createdAt\",\"updatedAt\"],\"edit\":[[{\"name\":\"name\",\"size\":6}]]}}','object',NULL,NULL),(45,'plugin_upload_api-folder','{\"id\":1}','object',NULL,NULL),(46,'plugin_content_manager_configuration_content_types::api::attachment-service.attachment-service','{\"uid\":\"api::attachment-service.attachment-service\",\"settings\":{\"bulkable\":true,\"filterable\":true,\"searchable\":true,\"pageSize\":10,\"mainField\":\"name\",\"defaultSortBy\":\"name\",\"defaultSortOrder\":\"ASC\"},\"metadatas\":{\"id\":{\"edit\":{},\"list\":{\"label\":\"id\",\"searchable\":true,\"sortable\":true}},\"name\":{\"edit\":{\"label\":\"name\",\"description\":\"\",\"placeholder\":\"\",\"visible\":true,\"editable\":true},\"list\":{\"label\":\"name\",\"searchable\":true,\"sortable\":true}},\"createdAt\":{\"edit\":{\"label\":\"createdAt\",\"description\":\"\",\"placeholder\":\"\",\"visible\":false,\"editable\":true},\"list\":{\"label\":\"createdAt\",\"searchable\":true,\"sortable\":true}},\"updatedAt\":{\"edit\":{\"label\":\"updatedAt\",\"description\":\"\",\"placeholder\":\"\",\"visible\":false,\"editable\":true},\"list\":{\"label\":\"updatedAt\",\"searchable\":true,\"sortable\":true}}},\"layouts\":{\"list\":[\"id\",\"name\",\"createdAt\",\"updatedAt\"],\"edit\":[[{\"name\":\"name\",\"size\":6}]]}}','object',NULL,NULL),(47,'plugin_content_manager_configuration_content_types::api::certificate.certificate','{\"uid\":\"api::certificate.certificate\",\"settings\":{\"bulkable\":true,\"filterable\":true,\"searchable\":true,\"pageSize\":10,\"mainField\":\"name\",\"defaultSortBy\":\"name\",\"defaultSortOrder\":\"ASC\"},\"metadatas\":{\"id\":{\"edit\":{},\"list\":{\"label\":\"id\",\"searchable\":true,\"sortable\":true}},\"name\":{\"edit\":{\"label\":\"name\",\"description\":\"\",\"placeholder\":\"\",\"visible\":true,\"editable\":true},\"list\":{\"label\":\"name\",\"searchable\":true,\"sortable\":true}},\"createdAt\":{\"edit\":{\"label\":\"createdAt\",\"description\":\"\",\"placeholder\":\"\",\"visible\":false,\"editable\":true},\"list\":{\"label\":\"createdAt\",\"searchable\":true,\"sortable\":true}},\"updatedAt\":{\"edit\":{\"label\":\"updatedAt\",\"description\":\"\",\"placeholder\":\"\",\"visible\":false,\"editable\":true},\"list\":{\"label\":\"updatedAt\",\"searchable\":true,\"sortable\":true}}},\"layouts\":{\"list\":[\"id\",\"name\",\"createdAt\",\"updatedAt\"],\"edit\":[[{\"name\":\"name\",\"size\":6}]]}}','object',NULL,NULL),(48,'plugin_content_manager_configuration_content_types::api::authorization.authorization','{\"uid\":\"api::authorization.authorization\",\"settings\":{\"bulkable\":true,\"filterable\":true,\"searchable\":true,\"pageSize\":10,\"mainField\":\"name\",\"defaultSortBy\":\"name\",\"defaultSortOrder\":\"ASC\"},\"metadatas\":{\"id\":{\"edit\":{},\"list\":{\"label\":\"id\",\"searchable\":true,\"sortable\":true}},\"name\":{\"edit\":{\"label\":\"name\",\"description\":\"\",\"placeholder\":\"\",\"visible\":true,\"editable\":true},\"list\":{\"label\":\"name\",\"searchable\":true,\"sortable\":true}},\"createdAt\":{\"edit\":{\"label\":\"createdAt\",\"description\":\"\",\"placeholder\":\"\",\"visible\":false,\"editable\":true},\"list\":{\"label\":\"createdAt\",\"searchable\":true,\"sortable\":true}},\"updatedAt\":{\"edit\":{\"label\":\"updatedAt\",\"description\":\"\",\"placeholder\":\"\",\"visible\":false,\"editable\":true},\"list\":{\"label\":\"updatedAt\",\"searchable\":true,\"sortable\":true}}},\"layouts\":{\"list\":[\"id\",\"name\",\"createdAt\",\"updatedAt\"],\"edit\":[[{\"name\":\"name\",\"size\":6}]]}}','object',NULL,NULL),(49,'plugin_content_manager_configuration_content_types::api::coefficient.coefficient','{\"uid\":\"api::coefficient.coefficient\",\"settings\":{\"bulkable\":true,\"filterable\":true,\"searchable\":true,\"pageSize\":10,\"mainField\":\"name\",\"defaultSortBy\":\"name\",\"defaultSortOrder\":\"ASC\"},\"metadatas\":{\"id\":{\"edit\":{},\"list\":{\"label\":\"id\",\"searchable\":true,\"sortable\":true}},\"name\":{\"edit\":{\"label\":\"name\",\"description\":\"\",\"placeholder\":\"\",\"visible\":true,\"editable\":true},\"list\":{\"label\":\"name\",\"searchable\":true,\"sortable\":true}},\"createdAt\":{\"edit\":{\"label\":\"createdAt\",\"description\":\"\",\"placeholder\":\"\",\"visible\":false,\"editable\":true},\"list\":{\"label\":\"createdAt\",\"searchable\":true,\"sortable\":true}},\"updatedAt\":{\"edit\":{\"label\":\"updatedAt\",\"description\":\"\",\"placeholder\":\"\",\"visible\":false,\"editable\":true},\"list\":{\"label\":\"updatedAt\",\"searchable\":true,\"sortable\":true}}},\"layouts\":{\"list\":[\"id\",\"name\",\"createdAt\",\"updatedAt\"],\"edit\":[[{\"name\":\"name\",\"size\":6}]]}}','object',NULL,NULL),(50,'plugin_content_manager_configuration_content_types::api::function.function','{\"uid\":\"api::function.function\",\"settings\":{\"bulkable\":true,\"filterable\":true,\"searchable\":true,\"pageSize\":10,\"mainField\":\"name\",\"defaultSortBy\":\"name\",\"defaultSortOrder\":\"ASC\"},\"metadatas\":{\"id\":{\"edit\":{},\"list\":{\"label\":\"id\",\"searchable\":true,\"sortable\":true}},\"name\":{\"edit\":{\"label\":\"name\",\"description\":\"\",\"placeholder\":\"\",\"visible\":true,\"editable\":true},\"list\":{\"label\":\"name\",\"searchable\":true,\"sortable\":true}},\"createdAt\":{\"edit\":{\"label\":\"createdAt\",\"description\":\"\",\"placeholder\":\"\",\"visible\":false,\"editable\":true},\"list\":{\"label\":\"createdAt\",\"searchable\":true,\"sortable\":true}},\"updatedAt\":{\"edit\":{\"label\":\"updatedAt\",\"description\":\"\",\"placeholder\":\"\",\"visible\":false,\"editable\":true},\"list\":{\"label\":\"updatedAt\",\"searchable\":true,\"sortable\":true}}},\"layouts\":{\"list\":[\"id\",\"name\",\"createdAt\",\"updatedAt\"],\"edit\":[[{\"name\":\"name\",\"size\":6}]]}}','object',NULL,NULL),(51,'plugin_content_manager_configuration_content_types::api::origine.origine','{\"uid\":\"api::origine.origine\",\"settings\":{\"bulkable\":true,\"filterable\":true,\"searchable\":true,\"pageSize\":10,\"mainField\":\"name\",\"defaultSortBy\":\"name\",\"defaultSortOrder\":\"ASC\"},\"metadatas\":{\"id\":{\"edit\":{},\"list\":{\"label\":\"id\",\"searchable\":true,\"sortable\":true}},\"name\":{\"edit\":{\"label\":\"name\",\"description\":\"\",\"placeholder\":\"\",\"visible\":true,\"editable\":true},\"list\":{\"label\":\"name\",\"searchable\":true,\"sortable\":true}},\"createdAt\":{\"edit\":{\"label\":\"createdAt\",\"description\":\"\",\"placeholder\":\"\",\"visible\":false,\"editable\":true},\"list\":{\"label\":\"createdAt\",\"searchable\":true,\"sortable\":true}},\"updatedAt\":{\"edit\":{\"label\":\"updatedAt\",\"description\":\"\",\"placeholder\":\"\",\"visible\":false,\"editable\":true},\"list\":{\"label\":\"updatedAt\",\"searchable\":true,\"sortable\":true}}},\"layouts\":{\"list\":[\"id\",\"name\",\"createdAt\",\"updatedAt\"],\"edit\":[[{\"name\":\"name\",\"size\":6}]]}}','object',NULL,NULL),(52,'plugin_content_manager_configuration_content_types::api::skill.skill','{\"uid\":\"api::skill.skill\",\"settings\":{\"bulkable\":true,\"filterable\":true,\"searchable\":true,\"pageSize\":10,\"mainField\":\"name\",\"defaultSortBy\":\"name\",\"defaultSortOrder\":\"ASC\"},\"metadatas\":{\"id\":{\"edit\":{},\"list\":{\"label\":\"id\",\"searchable\":true,\"sortable\":true}},\"name\":{\"edit\":{\"label\":\"name\",\"description\":\"\",\"placeholder\":\"\",\"visible\":true,\"editable\":true},\"list\":{\"label\":\"name\",\"searchable\":true,\"sortable\":true}},\"createdAt\":{\"edit\":{\"label\":\"createdAt\",\"description\":\"\",\"placeholder\":\"\",\"visible\":false,\"editable\":true},\"list\":{\"label\":\"createdAt\",\"searchable\":true,\"sortable\":true}},\"updatedAt\":{\"edit\":{\"label\":\"updatedAt\",\"description\":\"\",\"placeholder\":\"\",\"visible\":false,\"editable\":true},\"list\":{\"label\":\"updatedAt\",\"searchable\":true,\"sortable\":true}}},\"layouts\":{\"list\":[\"id\",\"name\",\"createdAt\",\"updatedAt\"],\"edit\":[[{\"name\":\"name\",\"size\":6}]]}}','object',NULL,NULL),(53,'plugin_content_manager_configuration_content_types::api::days-worked.days-worked','{\"uid\":\"api::days-worked.days-worked\",\"settings\":{\"bulkable\":true,\"filterable\":true,\"searchable\":true,\"pageSize\":10,\"mainField\":\"name\",\"defaultSortBy\":\"name\",\"defaultSortOrder\":\"ASC\"},\"metadatas\":{\"id\":{\"edit\":{},\"list\":{\"label\":\"id\",\"searchable\":true,\"sortable\":true}},\"name\":{\"edit\":{\"label\":\"name\",\"description\":\"\",\"placeholder\":\"\",\"visible\":true,\"editable\":true},\"list\":{\"label\":\"name\",\"searchable\":true,\"sortable\":true}},\"createdAt\":{\"edit\":{\"label\":\"createdAt\",\"description\":\"\",\"placeholder\":\"\",\"visible\":false,\"editable\":true},\"list\":{\"label\":\"createdAt\",\"searchable\":true,\"sortable\":true}},\"updatedAt\":{\"edit\":{\"label\":\"updatedAt\",\"description\":\"\",\"placeholder\":\"\",\"visible\":false,\"editable\":true},\"list\":{\"label\":\"updatedAt\",\"searchable\":true,\"sortable\":true}}},\"layouts\":{\"list\":[\"id\",\"name\",\"createdAt\",\"updatedAt\"],\"edit\":[[{\"name\":\"name\",\"size\":6}]]}}','object',NULL,NULL),(54,'plugin_content_manager_configuration_content_types::api::nature-of-site.nature-of-site','{\"uid\":\"api::nature-of-site.nature-of-site\",\"settings\":{\"bulkable\":true,\"filterable\":true,\"searchable\":true,\"pageSize\":10,\"mainField\":\"nature\",\"defaultSortBy\":\"nature\",\"defaultSortOrder\":\"ASC\"},\"metadatas\":{\"id\":{\"edit\":{},\"list\":{\"label\":\"id\",\"searchable\":true,\"sortable\":true}},\"nature\":{\"edit\":{\"label\":\"nature\",\"description\":\"\",\"placeholder\":\"\",\"visible\":true,\"editable\":true},\"list\":{\"label\":\"nature\",\"searchable\":true,\"sortable\":true}},\"createdAt\":{\"edit\":{\"label\":\"createdAt\",\"description\":\"\",\"placeholder\":\"\",\"visible\":false,\"editable\":true},\"list\":{\"label\":\"createdAt\",\"searchable\":true,\"sortable\":true}},\"updatedAt\":{\"edit\":{\"label\":\"updatedAt\",\"description\":\"\",\"placeholder\":\"\",\"visible\":false,\"editable\":true},\"list\":{\"label\":\"updatedAt\",\"searchable\":true,\"sortable\":true}}},\"layouts\":{\"list\":[\"id\",\"nature\",\"createdAt\",\"updatedAt\"],\"edit\":[[{\"name\":\"nature\",\"size\":6}]]}}','object',NULL,NULL),(55,'plugin_content_manager_configuration_content_types::api::equipment-of-site.equipment-of-site','{\"uid\":\"api::equipment-of-site.equipment-of-site\",\"settings\":{\"bulkable\":true,\"filterable\":true,\"searchable\":true,\"pageSize\":10,\"mainField\":\"title\",\"defaultSortBy\":\"title\",\"defaultSortOrder\":\"ASC\"},\"metadatas\":{\"id\":{\"edit\":{},\"list\":{\"label\":\"id\",\"searchable\":true,\"sortable\":true}},\"title\":{\"edit\":{\"label\":\"title\",\"description\":\"\",\"placeholder\":\"\",\"visible\":true,\"editable\":true},\"list\":{\"label\":\"title\",\"searchable\":true,\"sortable\":true}},\"properties\":{\"edit\":{\"label\":\"properties\",\"description\":\"\",\"placeholder\":\"\",\"visible\":true,\"editable\":true,\"mainField\":\"phone\"},\"list\":{\"label\":\"properties\",\"searchable\":false,\"sortable\":false}},\"createdAt\":{\"edit\":{\"label\":\"createdAt\",\"description\":\"\",\"placeholder\":\"\",\"visible\":false,\"editable\":true},\"list\":{\"label\":\"createdAt\",\"searchable\":true,\"sortable\":true}},\"updatedAt\":{\"edit\":{\"label\":\"updatedAt\",\"description\":\"\",\"placeholder\":\"\",\"visible\":false,\"editable\":true},\"list\":{\"label\":\"updatedAt\",\"searchable\":true,\"sortable\":true}}},\"layouts\":{\"list\":[\"id\",\"title\",\"properties\",\"createdAt\"],\"edit\":[[{\"name\":\"title\",\"size\":6},{\"name\":\"properties\",\"size\":6}]]}}','object',NULL,NULL),(56,'plugin_content_manager_configuration_content_types::api::fluid.fluid','{\"uid\":\"api::fluid.fluid\",\"settings\":{\"bulkable\":true,\"filterable\":true,\"searchable\":true,\"pageSize\":10,\"mainField\":\"title\",\"defaultSortBy\":\"title\",\"defaultSortOrder\":\"ASC\"},\"metadatas\":{\"id\":{\"edit\":{},\"list\":{\"label\":\"id\",\"searchable\":true,\"sortable\":true}},\"title\":{\"edit\":{\"label\":\"title\",\"description\":\"\",\"placeholder\":\"\",\"visible\":true,\"editable\":true},\"list\":{\"label\":\"title\",\"searchable\":true,\"sortable\":true}},\"properties\":{\"edit\":{\"label\":\"properties\",\"description\":\"\",\"placeholder\":\"\",\"visible\":true,\"editable\":true,\"mainField\":\"phone\"},\"list\":{\"label\":\"properties\",\"searchable\":false,\"sortable\":false}},\"createdAt\":{\"edit\":{\"label\":\"createdAt\",\"description\":\"\",\"placeholder\":\"\",\"visible\":false,\"editable\":true},\"list\":{\"label\":\"createdAt\",\"searchable\":true,\"sortable\":true}},\"updatedAt\":{\"edit\":{\"label\":\"updatedAt\",\"description\":\"\",\"placeholder\":\"\",\"visible\":false,\"editable\":true},\"list\":{\"label\":\"updatedAt\",\"searchable\":true,\"sortable\":true}}},\"layouts\":{\"list\":[\"id\",\"title\",\"properties\",\"createdAt\"],\"edit\":[[{\"name\":\"title\",\"size\":6},{\"name\":\"properties\",\"size\":6}]]}}','object',NULL,NULL),(57,'plugin_content_manager_configuration_content_types::api::no-visible-comment.no-visible-comment','{\"uid\":\"api::no-visible-comment.no-visible-comment\",\"settings\":{\"bulkable\":true,\"filterable\":true,\"searchable\":true,\"pageSize\":10,\"mainField\":\"id\",\"defaultSortBy\":\"id\",\"defaultSortOrder\":\"ASC\"},\"metadatas\":{\"id\":{\"edit\":{},\"list\":{\"label\":\"id\",\"searchable\":true,\"sortable\":true}},\"comment\":{\"edit\":{\"label\":\"comment\",\"description\":\"\",\"placeholder\":\"\",\"visible\":true,\"editable\":true},\"list\":{\"label\":\"comment\",\"searchable\":false,\"sortable\":false}},\"agency\":{\"edit\":{\"label\":\"agency\",\"description\":\"\",\"placeholder\":\"\",\"visible\":true,\"editable\":true,\"mainField\":\"tradeName\"},\"list\":{\"label\":\"agency\",\"searchable\":true,\"sortable\":true}},\"property\":{\"edit\":{\"label\":\"property\",\"description\":\"\",\"placeholder\":\"\",\"visible\":true,\"editable\":true,\"mainField\":\"phone\"},\"list\":{\"label\":\"property\",\"searchable\":true,\"sortable\":true}},\"tier\":{\"edit\":{\"label\":\"tier\",\"description\":\"\",\"placeholder\":\"\",\"visible\":true,\"editable\":true,\"mainField\":\"name\"},\"list\":{\"label\":\"tier\",\"searchable\":true,\"sortable\":true}},\"individual\":{\"edit\":{\"label\":\"individual\",\"description\":\"\",\"placeholder\":\"\",\"visible\":true,\"editable\":true,\"mainField\":\"firstname\"},\"list\":{\"label\":\"individual\",\"searchable\":true,\"sortable\":true}},\"users_permissions_user\":{\"edit\":{\"label\":\"users_permissions_user\",\"description\":\"\",\"placeholder\":\"\",\"visible\":true,\"editable\":true,\"mainField\":\"username\"},\"list\":{\"label\":\"users_permissions_user\",\"searchable\":true,\"sortable\":true}},\"createdAt\":{\"edit\":{\"label\":\"createdAt\",\"description\":\"\",\"placeholder\":\"\",\"visible\":false,\"editable\":true},\"list\":{\"label\":\"createdAt\",\"searchable\":true,\"sortable\":true}},\"updatedAt\":{\"edit\":{\"label\":\"updatedAt\",\"description\":\"\",\"placeholder\":\"\",\"visible\":false,\"editable\":true},\"list\":{\"label\":\"updatedAt\",\"searchable\":true,\"sortable\":true}}},\"layouts\":{\"list\":[\"id\",\"createdAt\",\"updatedAt\",\"agency\"],\"edit\":[[{\"name\":\"comment\",\"size\":12}],[{\"name\":\"agency\",\"size\":6},{\"name\":\"property\",\"size\":6}],[{\"name\":\"tier\",\"size\":6},{\"name\":\"individual\",\"size\":6}],[{\"name\":\"users_permissions_user\",\"size\":6}]]}}','object',NULL,NULL),(58,'plugin_content_manager_configuration_content_types::api::visible-comment.visible-comment','{\"uid\":\"api::visible-comment.visible-comment\",\"settings\":{\"bulkable\":true,\"filterable\":true,\"searchable\":true,\"pageSize\":10,\"mainField\":\"id\",\"defaultSortBy\":\"id\",\"defaultSortOrder\":\"ASC\"},\"metadatas\":{\"id\":{\"edit\":{},\"list\":{\"label\":\"id\",\"searchable\":true,\"sortable\":true}},\"comment\":{\"edit\":{\"label\":\"comment\",\"description\":\"\",\"placeholder\":\"\",\"visible\":true,\"editable\":true},\"list\":{\"label\":\"comment\",\"searchable\":false,\"sortable\":false}},\"agency\":{\"edit\":{\"label\":\"agency\",\"description\":\"\",\"placeholder\":\"\",\"visible\":true,\"editable\":true,\"mainField\":\"tradeName\"},\"list\":{\"label\":\"agency\",\"searchable\":true,\"sortable\":true}},\"property\":{\"edit\":{\"label\":\"property\",\"description\":\"\",\"placeholder\":\"\",\"visible\":true,\"editable\":true,\"mainField\":\"phone\"},\"list\":{\"label\":\"property\",\"searchable\":true,\"sortable\":true}},\"tier\":{\"edit\":{\"label\":\"tier\",\"description\":\"\",\"placeholder\":\"\",\"visible\":true,\"editable\":true,\"mainField\":\"name\"},\"list\":{\"label\":\"tier\",\"searchable\":true,\"sortable\":true}},\"individual\":{\"edit\":{\"label\":\"individual\",\"description\":\"\",\"placeholder\":\"\",\"visible\":true,\"editable\":true,\"mainField\":\"firstname\"},\"list\":{\"label\":\"individual\",\"searchable\":true,\"sortable\":true}},\"users_permissions_user\":{\"edit\":{\"label\":\"users_permissions_user\",\"description\":\"\",\"placeholder\":\"\",\"visible\":true,\"editable\":true,\"mainField\":\"username\"},\"list\":{\"label\":\"users_permissions_user\",\"searchable\":true,\"sortable\":true}},\"createdAt\":{\"edit\":{\"label\":\"createdAt\",\"description\":\"\",\"placeholder\":\"\",\"visible\":false,\"editable\":true},\"list\":{\"label\":\"createdAt\",\"searchable\":true,\"sortable\":true}},\"updatedAt\":{\"edit\":{\"label\":\"updatedAt\",\"description\":\"\",\"placeholder\":\"\",\"visible\":false,\"editable\":true},\"list\":{\"label\":\"updatedAt\",\"searchable\":true,\"sortable\":true}}},\"layouts\":{\"list\":[\"id\",\"createdAt\",\"updatedAt\",\"agency\"],\"edit\":[[{\"name\":\"comment\",\"size\":12}],[{\"name\":\"agency\",\"size\":6},{\"name\":\"property\",\"size\":6}],[{\"name\":\"tier\",\"size\":6},{\"name\":\"individual\",\"size\":6}],[{\"name\":\"users_permissions_user\",\"size\":6}]]}}','object',NULL,NULL),(59,'plugin_content_manager_configuration_content_types::api::activity.activity','{\"uid\":\"api::activity.activity\",\"settings\":{\"bulkable\":true,\"filterable\":true,\"searchable\":true,\"pageSize\":10,\"mainField\":\"name\",\"defaultSortBy\":\"name\",\"defaultSortOrder\":\"ASC\"},\"metadatas\":{\"id\":{\"edit\":{},\"list\":{\"label\":\"id\",\"searchable\":true,\"sortable\":true}},\"name\":{\"edit\":{\"label\":\"name\",\"description\":\"\",\"placeholder\":\"\",\"visible\":true,\"editable\":true},\"list\":{\"label\":\"name\",\"searchable\":true,\"sortable\":true}},\"createdAt\":{\"edit\":{\"label\":\"createdAt\",\"description\":\"\",\"placeholder\":\"\",\"visible\":false,\"editable\":true},\"list\":{\"label\":\"createdAt\",\"searchable\":true,\"sortable\":true}},\"updatedAt\":{\"edit\":{\"label\":\"updatedAt\",\"description\":\"\",\"placeholder\":\"\",\"visible\":false,\"editable\":true},\"list\":{\"label\":\"updatedAt\",\"searchable\":true,\"sortable\":true}}},\"layouts\":{\"list\":[\"id\",\"name\",\"createdAt\"],\"edit\":[[{\"name\":\"name\",\"size\":6}]]}}','object',NULL,NULL),(60,'plugin_content_manager_configuration_content_types::api::ticket-state.ticket-state','{\"uid\":\"api::ticket-state.ticket-state\",\"settings\":{\"bulkable\":true,\"filterable\":true,\"searchable\":true,\"pageSize\":10,\"mainField\":\"role\",\"defaultSortBy\":\"role\",\"defaultSortOrder\":\"ASC\"},\"metadatas\":{\"id\":{\"edit\":{},\"list\":{\"label\":\"id\",\"searchable\":true,\"sortable\":true}},\"user\":{\"edit\":{\"label\":\"user\",\"description\":\"\",\"placeholder\":\"\",\"visible\":true,\"editable\":true,\"mainField\":\"username\"},\"list\":{\"label\":\"user\",\"searchable\":true,\"sortable\":true}},\"state\":{\"edit\":{\"label\":\"state\",\"description\":\"\",\"placeholder\":\"\",\"visible\":true,\"editable\":true,\"mainField\":\"name\"},\"list\":{\"label\":\"state\",\"searchable\":true,\"sortable\":true}},\"role\":{\"edit\":{\"label\":\"role\",\"description\":\"\",\"placeholder\":\"\",\"visible\":true,\"editable\":true},\"list\":{\"label\":\"role\",\"searchable\":true,\"sortable\":true}},\"ticket\":{\"edit\":{\"label\":\"ticket\",\"description\":\"\",\"placeholder\":\"\",\"visible\":true,\"editable\":true,\"mainField\":\"address\"},\"list\":{\"label\":\"ticket\",\"searchable\":true,\"sortable\":true}},\"createdAt\":{\"edit\":{\"label\":\"createdAt\",\"description\":\"\",\"placeholder\":\"\",\"visible\":false,\"editable\":true},\"list\":{\"label\":\"createdAt\",\"searchable\":true,\"sortable\":true}},\"updatedAt\":{\"edit\":{\"label\":\"updatedAt\",\"description\":\"\",\"placeholder\":\"\",\"visible\":false,\"editable\":true},\"list\":{\"label\":\"updatedAt\",\"searchable\":true,\"sortable\":true}}},\"layouts\":{\"list\":[\"id\",\"user\",\"state\",\"role\"],\"edit\":[[{\"name\":\"user\",\"size\":6},{\"name\":\"state\",\"size\":6}],[{\"name\":\"role\",\"size\":6},{\"name\":\"ticket\",\"size\":6}]]}}','object',NULL,NULL),(61,'plugin_content_manager_configuration_content_types::api::ticket-reply.ticket-reply','{\"uid\":\"api::ticket-reply.ticket-reply\",\"settings\":{\"bulkable\":true,\"filterable\":true,\"searchable\":true,\"pageSize\":10,\"mainField\":\"id\",\"defaultSortBy\":\"id\",\"defaultSortOrder\":\"ASC\"},\"metadatas\":{\"id\":{\"edit\":{},\"list\":{\"label\":\"id\",\"searchable\":true,\"sortable\":true}},\"answer\":{\"edit\":{\"label\":\"answer\",\"description\":\"\",\"placeholder\":\"\",\"visible\":true,\"editable\":true},\"list\":{\"label\":\"answer\",\"searchable\":false,\"sortable\":false}},\"users_permissions_user\":{\"edit\":{\"label\":\"users_permissions_user\",\"description\":\"\",\"placeholder\":\"\",\"visible\":true,\"editable\":true,\"mainField\":\"username\"},\"list\":{\"label\":\"users_permissions_user\",\"searchable\":true,\"sortable\":true}},\"ticket\":{\"edit\":{\"label\":\"ticket\",\"description\":\"\",\"placeholder\":\"\",\"visible\":true,\"editable\":true,\"mainField\":\"address\"},\"list\":{\"label\":\"ticket\",\"searchable\":true,\"sortable\":true}},\"last_answer\":{\"edit\":{\"label\":\"last_answer\",\"description\":\"\",\"placeholder\":\"\",\"visible\":true,\"editable\":true},\"list\":{\"label\":\"last_answer\",\"searchable\":false,\"sortable\":false}},\"answer_checked\":{\"edit\":{\"label\":\"answer_checked\",\"description\":\"\",\"placeholder\":\"\",\"visible\":true,\"editable\":true},\"list\":{\"label\":\"answer_checked\",\"searchable\":true,\"sortable\":true}},\"createdAt\":{\"edit\":{\"label\":\"createdAt\",\"description\":\"\",\"placeholder\":\"\",\"visible\":false,\"editable\":true},\"list\":{\"label\":\"createdAt\",\"searchable\":true,\"sortable\":true}},\"updatedAt\":{\"edit\":{\"label\":\"updatedAt\",\"description\":\"\",\"placeholder\":\"\",\"visible\":false,\"editable\":true},\"list\":{\"label\":\"updatedAt\",\"searchable\":true,\"sortable\":true}}},\"layouts\":{\"list\":[\"id\",\"users_permissions_user\",\"ticket\",\"createdAt\"],\"edit\":[[{\"name\":\"answer\",\"size\":12}],[{\"name\":\"users_permissions_user\",\"size\":6},{\"name\":\"ticket\",\"size\":6}],[{\"name\":\"last_answer\",\"size\":12}],[{\"name\":\"answer_checked\",\"size\":4}]]}}','object',NULL,NULL),(62,'plugin_content_manager_configuration_content_types::api::service.service','{\"uid\":\"api::service.service\",\"settings\":{\"bulkable\":true,\"filterable\":true,\"searchable\":true,\"pageSize\":10,\"mainField\":\"title\",\"defaultSortBy\":\"title\",\"defaultSortOrder\":\"ASC\"},\"metadatas\":{\"id\":{\"edit\":{},\"list\":{\"label\":\"id\",\"searchable\":true,\"sortable\":true}},\"title\":{\"edit\":{\"label\":\"title\",\"description\":\"\",\"placeholder\":\"\",\"visible\":true,\"editable\":true},\"list\":{\"label\":\"title\",\"searchable\":true,\"sortable\":true}},\"createdAt\":{\"edit\":{\"label\":\"createdAt\",\"description\":\"\",\"placeholder\":\"\",\"visible\":false,\"editable\":true},\"list\":{\"label\":\"createdAt\",\"searchable\":true,\"sortable\":true}},\"updatedAt\":{\"edit\":{\"label\":\"updatedAt\",\"description\":\"\",\"placeholder\":\"\",\"visible\":false,\"editable\":true},\"list\":{\"label\":\"updatedAt\",\"searchable\":true,\"sortable\":true}}},\"layouts\":{\"list\":[\"id\",\"title\",\"createdAt\",\"updatedAt\"],\"edit\":[[{\"name\":\"title\",\"size\":6}]]}}','object',NULL,NULL),(63,'plugin_content_manager_configuration_content_types::api::employee-contract-service.employee-contract-service','{\"uid\":\"api::employee-contract-service.employee-contract-service\",\"settings\":{\"bulkable\":true,\"filterable\":true,\"searchable\":true,\"pageSize\":10,\"mainField\":\"name\",\"defaultSortBy\":\"name\",\"defaultSortOrder\":\"ASC\"},\"metadatas\":{\"id\":{\"edit\":{},\"list\":{\"label\":\"id\",\"searchable\":true,\"sortable\":true}},\"name\":{\"edit\":{\"label\":\"name\",\"description\":\"\",\"placeholder\":\"\",\"visible\":true,\"editable\":true},\"list\":{\"label\":\"name\",\"searchable\":true,\"sortable\":true}},\"createdAt\":{\"edit\":{\"label\":\"createdAt\",\"description\":\"\",\"placeholder\":\"\",\"visible\":false,\"editable\":true},\"list\":{\"label\":\"createdAt\",\"searchable\":true,\"sortable\":true}},\"updatedAt\":{\"edit\":{\"label\":\"updatedAt\",\"description\":\"\",\"placeholder\":\"\",\"visible\":false,\"editable\":true},\"list\":{\"label\":\"updatedAt\",\"searchable\":true,\"sortable\":true}}},\"layouts\":{\"list\":[\"id\",\"name\",\"createdAt\",\"updatedAt\"],\"edit\":[[{\"name\":\"name\",\"size\":6}]]}}','object',NULL,NULL),(64,'plugin_content_manager_configuration_content_types::api::tier-contract-reference.tier-contract-reference','{\"uid\":\"api::tier-contract-reference.tier-contract-reference\",\"settings\":{\"bulkable\":true,\"filterable\":true,\"searchable\":true,\"pageSize\":10,\"mainField\":\"reference\",\"defaultSortBy\":\"reference\",\"defaultSortOrder\":\"ASC\"},\"metadatas\":{\"id\":{\"edit\":{},\"list\":{\"label\":\"id\",\"searchable\":true,\"sortable\":true}},\"reference\":{\"edit\":{\"label\":\"reference\",\"description\":\"\",\"placeholder\":\"\",\"visible\":true,\"editable\":true},\"list\":{\"label\":\"reference\",\"searchable\":true,\"sortable\":true}},\"object\":{\"edit\":{\"label\":\"object\",\"description\":\"\",\"placeholder\":\"\",\"visible\":true,\"editable\":true},\"list\":{\"label\":\"object\",\"searchable\":true,\"sortable\":true}},\"tier_contract\":{\"edit\":{\"label\":\"tier_contract\",\"description\":\"\",\"placeholder\":\"\",\"visible\":true,\"editable\":true,\"mainField\":\"name\"},\"list\":{\"label\":\"tier_contract\",\"searchable\":true,\"sortable\":true}},\"createdAt\":{\"edit\":{\"label\":\"createdAt\",\"description\":\"\",\"placeholder\":\"\",\"visible\":false,\"editable\":true},\"list\":{\"label\":\"createdAt\",\"searchable\":true,\"sortable\":true}},\"updatedAt\":{\"edit\":{\"label\":\"updatedAt\",\"description\":\"\",\"placeholder\":\"\",\"visible\":false,\"editable\":true},\"list\":{\"label\":\"updatedAt\",\"searchable\":true,\"sortable\":true}}},\"layouts\":{\"list\":[\"id\",\"reference\",\"object\",\"createdAt\"],\"edit\":[[{\"name\":\"reference\",\"size\":6},{\"name\":\"object\",\"size\":6}],[{\"name\":\"tier_contract\",\"size\":6}]]}}','object',NULL,NULL),(65,'plugin_content_manager_configuration_content_types::api::employee-contract.employee-contract','{\"uid\":\"api::employee-contract.employee-contract\",\"settings\":{\"bulkable\":true,\"filterable\":true,\"searchable\":true,\"pageSize\":10,\"mainField\":\"lastname\",\"defaultSortBy\":\"lastname\",\"defaultSortOrder\":\"ASC\"},\"metadatas\":{\"id\":{\"edit\":{},\"list\":{\"label\":\"id\",\"searchable\":true,\"sortable\":true}},\"lastname\":{\"edit\":{\"label\":\"lastname\",\"description\":\"\",\"placeholder\":\"\",\"visible\":true,\"editable\":true},\"list\":{\"label\":\"lastname\",\"searchable\":true,\"sortable\":true}},\"firstname\":{\"edit\":{\"label\":\"firstname\",\"description\":\"\",\"placeholder\":\"\",\"visible\":true,\"editable\":true},\"list\":{\"label\":\"firstname\",\"searchable\":true,\"sortable\":true}},\"birth_date\":{\"edit\":{\"label\":\"birth_date\",\"description\":\"\",\"placeholder\":\"\",\"visible\":true,\"editable\":true},\"list\":{\"label\":\"birth_date\",\"searchable\":true,\"sortable\":true}},\"social_security_number\":{\"edit\":{\"label\":\"social_security_number\",\"description\":\"\",\"placeholder\":\"\",\"visible\":true,\"editable\":true},\"list\":{\"label\":\"social_security_number\",\"searchable\":true,\"sortable\":true}},\"address\":{\"edit\":{\"label\":\"address\",\"description\":\"\",\"placeholder\":\"\",\"visible\":true,\"editable\":true},\"list\":{\"label\":\"address\",\"searchable\":true,\"sortable\":true}},\"zip_code\":{\"edit\":{\"label\":\"zip_code\",\"description\":\"\",\"placeholder\":\"\",\"visible\":true,\"editable\":true},\"list\":{\"label\":\"zip_code\",\"searchable\":true,\"sortable\":true}},\"city\":{\"edit\":{\"label\":\"city\",\"description\":\"\",\"placeholder\":\"\",\"visible\":true,\"editable\":true},\"list\":{\"label\":\"city\",\"searchable\":true,\"sortable\":true}},\"personal_mail\":{\"edit\":{\"label\":\"personal_mail\",\"description\":\"\",\"placeholder\":\"\",\"visible\":true,\"editable\":true},\"list\":{\"label\":\"personal_mail\",\"searchable\":true,\"sortable\":true}},\"professional_mail\":{\"edit\":{\"label\":\"professional_mail\",\"description\":\"\",\"placeholder\":\"\",\"visible\":true,\"editable\":true},\"list\":{\"label\":\"professional_mail\",\"searchable\":true,\"sortable\":true}},\"personal_phone\":{\"edit\":{\"label\":\"personal_phone\",\"description\":\"\",\"placeholder\":\"\",\"visible\":true,\"editable\":true},\"list\":{\"label\":\"personal_phone\",\"searchable\":true,\"sortable\":true}},\"professional_phone\":{\"edit\":{\"label\":\"professional_phone\",\"description\":\"\",\"placeholder\":\"\",\"visible\":true,\"editable\":true},\"list\":{\"label\":\"professional_phone\",\"searchable\":true,\"sortable\":true}},\"start_date\":{\"edit\":{\"label\":\"start_date\",\"description\":\"\",\"placeholder\":\"\",\"visible\":true,\"editable\":true},\"list\":{\"label\":\"start_date\",\"searchable\":true,\"sortable\":true}},\"end_date\":{\"edit\":{\"label\":\"end_date\",\"description\":\"\",\"placeholder\":\"\",\"visible\":true,\"editable\":true},\"list\":{\"label\":\"end_date\",\"searchable\":true,\"sortable\":true}},\"state\":{\"edit\":{\"label\":\"state\",\"description\":\"\",\"placeholder\":\"\",\"visible\":true,\"editable\":true},\"list\":{\"label\":\"state\",\"searchable\":true,\"sortable\":true}},\"functions\":{\"edit\":{\"label\":\"functions\",\"description\":\"\",\"placeholder\":\"\",\"visible\":true,\"editable\":true,\"mainField\":\"name\"},\"list\":{\"label\":\"functions\",\"searchable\":false,\"sortable\":false}},\"coefficients\":{\"edit\":{\"label\":\"coefficients\",\"description\":\"\",\"placeholder\":\"\",\"visible\":true,\"editable\":true,\"mainField\":\"name\"},\"list\":{\"label\":\"coefficients\",\"searchable\":false,\"sortable\":false}},\"attachment_services\":{\"edit\":{\"label\":\"attachment_services\",\"description\":\"\",\"placeholder\":\"\",\"visible\":true,\"editable\":true,\"mainField\":\"name\"},\"list\":{\"label\":\"attachment_services\",\"searchable\":false,\"sortable\":false}},\"superiors\":{\"edit\":{\"label\":\"superiors\",\"description\":\"\",\"placeholder\":\"\",\"visible\":true,\"editable\":true,\"mainField\":\"username\"},\"list\":{\"label\":\"superiors\",\"searchable\":false,\"sortable\":false}},\"skills\":{\"edit\":{\"label\":\"skills\",\"description\":\"\",\"placeholder\":\"\",\"visible\":true,\"editable\":true,\"mainField\":\"name\"},\"list\":{\"label\":\"skills\",\"searchable\":false,\"sortable\":false}},\"certificates\":{\"edit\":{\"label\":\"certificates\",\"description\":\"\",\"placeholder\":\"\",\"visible\":true,\"editable\":true,\"mainField\":\"name\"},\"list\":{\"label\":\"certificates\",\"searchable\":false,\"sortable\":false}},\"authorizations\":{\"edit\":{\"label\":\"authorizations\",\"description\":\"\",\"placeholder\":\"\",\"visible\":true,\"editable\":true,\"mainField\":\"name\"},\"list\":{\"label\":\"authorizations\",\"searchable\":false,\"sortable\":false}},\"hours_worked\":{\"edit\":{\"label\":\"hours_worked\",\"description\":\"\",\"placeholder\":\"\",\"visible\":true,\"editable\":true},\"list\":{\"label\":\"hours_worked\",\"searchable\":true,\"sortable\":true}},\"files\":{\"edit\":{\"label\":\"files\",\"description\":\"\",\"placeholder\":\"\",\"visible\":true,\"editable\":true},\"list\":{\"label\":\"files\",\"searchable\":false,\"sortable\":false}},\"days_workeds\":{\"edit\":{\"label\":\"days_workeds\",\"description\":\"\",\"placeholder\":\"\",\"visible\":true,\"editable\":true,\"mainField\":\"name\"},\"list\":{\"label\":\"days_workeds\",\"searchable\":false,\"sortable\":false}},\"user\":{\"edit\":{\"label\":\"user\",\"description\":\"\",\"placeholder\":\"\",\"visible\":true,\"editable\":true,\"mainField\":\"username\"},\"list\":{\"label\":\"user\",\"searchable\":true,\"sortable\":true}},\"createdAt\":{\"edit\":{\"label\":\"createdAt\",\"description\":\"\",\"placeholder\":\"\",\"visible\":false,\"editable\":true},\"list\":{\"label\":\"createdAt\",\"searchable\":true,\"sortable\":true}},\"updatedAt\":{\"edit\":{\"label\":\"updatedAt\",\"description\":\"\",\"placeholder\":\"\",\"visible\":false,\"editable\":true},\"list\":{\"label\":\"updatedAt\",\"searchable\":true,\"sortable\":true}}},\"layouts\":{\"list\":[\"id\",\"lastname\",\"firstname\",\"birth_date\"],\"edit\":[[{\"name\":\"lastname\",\"size\":6},{\"name\":\"firstname\",\"size\":6}],[{\"name\":\"birth_date\",\"size\":4},{\"name\":\"social_security_number\",\"size\":6}],[{\"name\":\"address\",\"size\":6},{\"name\":\"zip_code\",\"size\":6}],[{\"name\":\"city\",\"size\":6},{\"name\":\"personal_mail\",\"size\":6}],[{\"name\":\"professional_mail\",\"size\":6},{\"name\":\"personal_phone\",\"size\":4}],[{\"name\":\"professional_phone\",\"size\":4},{\"name\":\"start_date\",\"size\":4},{\"name\":\"end_date\",\"size\":4}],[{\"name\":\"state\",\"size\":6},{\"name\":\"functions\",\"size\":6}],[{\"name\":\"coefficients\",\"size\":6},{\"name\":\"attachment_services\",\"size\":6}],[{\"name\":\"superiors\",\"size\":6},{\"name\":\"skills\",\"size\":6}],[{\"name\":\"certificates\",\"size\":6},{\"name\":\"authorizations\",\"size\":6}],[{\"name\":\"hours_worked\",\"size\":4}],[{\"name\":\"days_workeds\",\"size\":6},{\"name\":\"user\",\"size\":6}],[{\"name\":\"files\",\"size\":6}]]}}','object',NULL,NULL),(66,'plugin_content_manager_configuration_content_types::api::client-contract-service.client-contract-service','{\"uid\":\"api::client-contract-service.client-contract-service\",\"settings\":{\"bulkable\":true,\"filterable\":true,\"searchable\":true,\"pageSize\":10,\"mainField\":\"name\",\"defaultSortBy\":\"name\",\"defaultSortOrder\":\"ASC\"},\"metadatas\":{\"id\":{\"edit\":{},\"list\":{\"label\":\"id\",\"searchable\":true,\"sortable\":true}},\"name\":{\"edit\":{\"label\":\"name\",\"description\":\"\",\"placeholder\":\"\",\"visible\":true,\"editable\":true},\"list\":{\"label\":\"name\",\"searchable\":true,\"sortable\":true}},\"createdAt\":{\"edit\":{\"label\":\"createdAt\",\"description\":\"\",\"placeholder\":\"\",\"visible\":false,\"editable\":true},\"list\":{\"label\":\"createdAt\",\"searchable\":true,\"sortable\":true}},\"updatedAt\":{\"edit\":{\"label\":\"updatedAt\",\"description\":\"\",\"placeholder\":\"\",\"visible\":false,\"editable\":true},\"list\":{\"label\":\"updatedAt\",\"searchable\":true,\"sortable\":true}}},\"layouts\":{\"list\":[\"id\",\"name\",\"createdAt\",\"updatedAt\"],\"edit\":[[{\"name\":\"name\",\"size\":6}]]}}','object',NULL,NULL),(67,'plugin_content_manager_configuration_content_types::api::tier-contract.tier-contract','{\"uid\":\"api::tier-contract.tier-contract\",\"settings\":{\"bulkable\":true,\"filterable\":true,\"searchable\":true,\"pageSize\":10,\"mainField\":\"name\",\"defaultSortBy\":\"name\",\"defaultSortOrder\":\"ASC\"},\"metadatas\":{\"id\":{\"edit\":{},\"list\":{\"label\":\"id\",\"searchable\":true,\"sortable\":true}},\"name\":{\"edit\":{\"label\":\"name\",\"description\":\"\",\"placeholder\":\"\",\"visible\":true,\"editable\":true},\"list\":{\"label\":\"name\",\"searchable\":true,\"sortable\":true}},\"email\":{\"edit\":{\"label\":\"email\",\"description\":\"\",\"placeholder\":\"\",\"visible\":true,\"editable\":true},\"list\":{\"label\":\"email\",\"searchable\":true,\"sortable\":true}},\"phone\":{\"edit\":{\"label\":\"phone\",\"description\":\"\",\"placeholder\":\"\",\"visible\":true,\"editable\":true},\"list\":{\"label\":\"phone\",\"searchable\":true,\"sortable\":true}},\"address\":{\"edit\":{\"label\":\"address\",\"description\":\"\",\"placeholder\":\"\",\"visible\":true,\"editable\":true},\"list\":{\"label\":\"address\",\"searchable\":true,\"sortable\":true}},\"zip_code\":{\"edit\":{\"label\":\"zip_code\",\"description\":\"\",\"placeholder\":\"\",\"visible\":true,\"editable\":true},\"list\":{\"label\":\"zip_code\",\"searchable\":true,\"sortable\":true}},\"city\":{\"edit\":{\"label\":\"city\",\"description\":\"\",\"placeholder\":\"\",\"visible\":true,\"editable\":true},\"list\":{\"label\":\"city\",\"searchable\":true,\"sortable\":true}},\"activities\":{\"edit\":{\"label\":\"activities\",\"description\":\"\",\"placeholder\":\"\",\"visible\":true,\"editable\":true,\"mainField\":\"name\"},\"list\":{\"label\":\"activities\",\"searchable\":false,\"sortable\":false}},\"manager_firstname\":{\"edit\":{\"label\":\"manager_firstname\",\"description\":\"\",\"placeholder\":\"\",\"visible\":true,\"editable\":true},\"list\":{\"label\":\"manager_firstname\",\"searchable\":true,\"sortable\":true}},\"manager_lastname\":{\"edit\":{\"label\":\"manager_lastname\",\"description\":\"\",\"placeholder\":\"\",\"visible\":true,\"editable\":true},\"list\":{\"label\":\"manager_lastname\",\"searchable\":true,\"sortable\":true}},\"priority_contact\":{\"edit\":{\"label\":\"priority_contact\",\"description\":\"\",\"placeholder\":\"\",\"visible\":true,\"editable\":true},\"list\":{\"label\":\"priority_contact\",\"searchable\":true,\"sortable\":true}},\"secondary_contact\":{\"edit\":{\"label\":\"secondary_contact\",\"description\":\"\",\"placeholder\":\"\",\"visible\":true,\"editable\":true},\"list\":{\"label\":\"secondary_contact\",\"searchable\":true,\"sortable\":true}},\"astreinte\":{\"edit\":{\"label\":\"astreinte\",\"description\":\"\",\"placeholder\":\"\",\"visible\":true,\"editable\":true},\"list\":{\"label\":\"astreinte\",\"searchable\":true,\"sortable\":true}},\"manager_mail\":{\"edit\":{\"label\":\"manager_mail\",\"description\":\"\",\"placeholder\":\"\",\"visible\":true,\"editable\":true},\"list\":{\"label\":\"manager_mail\",\"searchable\":true,\"sortable\":true}},\"manager_phone\":{\"edit\":{\"label\":\"manager_phone\",\"description\":\"\",\"placeholder\":\"\",\"visible\":true,\"editable\":true},\"list\":{\"label\":\"manager_phone\",\"searchable\":true,\"sortable\":true}},\"references\":{\"edit\":{\"label\":\"references\",\"description\":\"\",\"placeholder\":\"\",\"visible\":true,\"editable\":true,\"mainField\":\"reference\"},\"list\":{\"label\":\"references\",\"searchable\":false,\"sortable\":false}},\"application\":{\"edit\":{\"label\":\"application\",\"description\":\"\",\"placeholder\":\"\",\"visible\":true,\"editable\":true},\"list\":{\"label\":\"application\",\"searchable\":true,\"sortable\":true}},\"file\":{\"edit\":{\"label\":\"file\",\"description\":\"\",\"placeholder\":\"\",\"visible\":true,\"editable\":true},\"list\":{\"label\":\"file\",\"searchable\":false,\"sortable\":false}},\"tier\":{\"edit\":{\"label\":\"tier\",\"description\":\"\",\"placeholder\":\"\",\"visible\":true,\"editable\":true,\"mainField\":\"name\"},\"list\":{\"label\":\"tier\",\"searchable\":true,\"sortable\":true}},\"intervention_delay\":{\"edit\":{\"label\":\"intervention_delay\",\"description\":\"\",\"placeholder\":\"\",\"visible\":true,\"editable\":true},\"list\":{\"label\":\"intervention_delay\",\"searchable\":true,\"sortable\":true}},\"property\":{\"edit\":{\"label\":\"property\",\"description\":\"\",\"placeholder\":\"\",\"visible\":true,\"editable\":true,\"mainField\":\"phone\"},\"list\":{\"label\":\"property\",\"searchable\":true,\"sortable\":true}},\"createdAt\":{\"edit\":{\"label\":\"createdAt\",\"description\":\"\",\"placeholder\":\"\",\"visible\":false,\"editable\":true},\"list\":{\"label\":\"createdAt\",\"searchable\":true,\"sortable\":true}},\"updatedAt\":{\"edit\":{\"label\":\"updatedAt\",\"description\":\"\",\"placeholder\":\"\",\"visible\":false,\"editable\":true},\"list\":{\"label\":\"updatedAt\",\"searchable\":true,\"sortable\":true}}},\"layouts\":{\"list\":[\"id\",\"name\",\"email\",\"phone\"],\"edit\":[[{\"name\":\"name\",\"size\":6},{\"name\":\"email\",\"size\":6}],[{\"name\":\"phone\",\"size\":4},{\"name\":\"address\",\"size\":6}],[{\"name\":\"zip_code\",\"size\":6},{\"name\":\"city\",\"size\":6}],[{\"name\":\"activities\",\"size\":6},{\"name\":\"intervention_delay\",\"size\":4}],[{\"name\":\"manager_firstname\",\"size\":6},{\"name\":\"manager_lastname\",\"size\":6}],[{\"name\":\"priority_contact\",\"size\":6},{\"name\":\"secondary_contact\",\"size\":6}],[{\"name\":\"astreinte\",\"size\":4},{\"name\":\"manager_mail\",\"size\":6}],[{\"name\":\"manager_phone\",\"size\":4},{\"name\":\"references\",\"size\":6}],[{\"name\":\"application\",\"size\":6},{\"name\":\"file\",\"size\":6}],[{\"name\":\"tier\",\"size\":6},{\"name\":\"property\",\"size\":6}]]}}','object',NULL,NULL),(68,'plugin_content_manager_configuration_content_types::api::relance-ticket.relance-ticket','{\"uid\":\"api::relance-ticket.relance-ticket\",\"settings\":{\"bulkable\":true,\"filterable\":true,\"searchable\":true,\"pageSize\":10,\"mainField\":\"id\",\"defaultSortBy\":\"id\",\"defaultSortOrder\":\"ASC\"},\"metadatas\":{\"id\":{\"edit\":{},\"list\":{\"label\":\"id\",\"searchable\":true,\"sortable\":true}},\"ticket\":{\"edit\":{\"label\":\"ticket\",\"description\":\"\",\"placeholder\":\"\",\"visible\":true,\"editable\":true,\"mainField\":\"id\"},\"list\":{\"label\":\"ticket\",\"searchable\":true,\"sortable\":true}},\"date\":{\"edit\":{\"label\":\"date\",\"description\":\"\",\"placeholder\":\"\",\"visible\":true,\"editable\":true},\"list\":{\"label\":\"date\",\"searchable\":true,\"sortable\":true}},\"test\":{\"edit\":{\"label\":\"test\",\"description\":\"\",\"placeholder\":\"\",\"visible\":true,\"editable\":true},\"list\":{\"label\":\"test\",\"searchable\":true,\"sortable\":true}},\"createdAt\":{\"edit\":{\"label\":\"createdAt\",\"description\":\"\",\"placeholder\":\"\",\"visible\":false,\"editable\":true},\"list\":{\"label\":\"createdAt\",\"searchable\":true,\"sortable\":true}},\"updatedAt\":{\"edit\":{\"label\":\"updatedAt\",\"description\":\"\",\"placeholder\":\"\",\"visible\":false,\"editable\":true},\"list\":{\"label\":\"updatedAt\",\"searchable\":true,\"sortable\":true}}},\"layouts\":{\"edit\":[[{\"name\":\"ticket\",\"size\":6},{\"name\":\"date\",\"size\":6}],[{\"name\":\"test\",\"size\":6}]],\"list\":[\"id\",\"ticket\",\"date\",\"createdAt\"]}}','object',NULL,NULL),(69,'plugin_content_manager_configuration_content_types::api::setting.setting','{\"uid\":\"api::setting.setting\",\"settings\":{\"bulkable\":true,\"filterable\":true,\"searchable\":true,\"pageSize\":10,\"mainField\":\"name\",\"defaultSortBy\":\"name\",\"defaultSortOrder\":\"ASC\"},\"metadatas\":{\"id\":{\"edit\":{},\"list\":{\"label\":\"id\",\"searchable\":true,\"sortable\":true}},\"name\":{\"edit\":{\"label\":\"name\",\"description\":\"\",\"placeholder\":\"\",\"visible\":true,\"editable\":true},\"list\":{\"label\":\"name\",\"searchable\":true,\"sortable\":true}},\"hour\":{\"edit\":{\"label\":\"hour\",\"description\":\"\",\"placeholder\":\"\",\"visible\":true,\"editable\":true},\"list\":{\"label\":\"hour\",\"searchable\":true,\"sortable\":true}},\"createdAt\":{\"edit\":{\"label\":\"createdAt\",\"description\":\"\",\"placeholder\":\"\",\"visible\":false,\"editable\":true},\"list\":{\"label\":\"createdAt\",\"searchable\":true,\"sortable\":true}},\"updatedAt\":{\"edit\":{\"label\":\"updatedAt\",\"description\":\"\",\"placeholder\":\"\",\"visible\":false,\"editable\":true},\"list\":{\"label\":\"updatedAt\",\"searchable\":true,\"sortable\":true}}},\"layouts\":{\"list\":[\"id\",\"name\",\"hour\",\"createdAt\"],\"edit\":[[{\"name\":\"name\",\"size\":6},{\"name\":\"hour\",\"size\":4}]]}}','object',NULL,NULL),(70,'plugin_content_manager_configuration_content_types::api::visible-object.visible-object','{\"uid\":\"api::visible-object.visible-object\",\"settings\":{\"bulkable\":true,\"filterable\":true,\"searchable\":true,\"pageSize\":10,\"mainField\":\"id\",\"defaultSortBy\":\"id\",\"defaultSortOrder\":\"ASC\"},\"metadatas\":{\"id\":{\"edit\":{},\"list\":{\"label\":\"id\",\"searchable\":true,\"sortable\":true}},\"equipment_of_sites\":{\"edit\":{\"label\":\"equipment_of_sites\",\"description\":\"\",\"placeholder\":\"\",\"visible\":true,\"editable\":true,\"mainField\":\"title\"},\"list\":{\"label\":\"equipment_of_sites\",\"searchable\":false,\"sortable\":false}},\"fluids\":{\"edit\":{\"label\":\"fluids\",\"description\":\"\",\"placeholder\":\"\",\"visible\":true,\"editable\":true,\"mainField\":\"title\"},\"list\":{\"label\":\"fluids\",\"searchable\":false,\"sortable\":false}},\"category\":{\"edit\":{\"label\":\"category\",\"description\":\"\",\"placeholder\":\"\",\"visible\":true,\"editable\":true,\"mainField\":\"name\"},\"list\":{\"label\":\"category\",\"searchable\":true,\"sortable\":true}},\"property\":{\"edit\":{\"label\":\"property\",\"description\":\"\",\"placeholder\":\"\",\"visible\":true,\"editable\":true,\"mainField\":\"phone\"},\"list\":{\"label\":\"property\",\"searchable\":true,\"sortable\":true}},\"createdAt\":{\"edit\":{\"label\":\"createdAt\",\"description\":\"\",\"placeholder\":\"\",\"visible\":false,\"editable\":true},\"list\":{\"label\":\"createdAt\",\"searchable\":true,\"sortable\":true}},\"updatedAt\":{\"edit\":{\"label\":\"updatedAt\",\"description\":\"\",\"placeholder\":\"\",\"visible\":false,\"editable\":true},\"list\":{\"label\":\"updatedAt\",\"searchable\":true,\"sortable\":true}}},\"layouts\":{\"list\":[\"id\",\"equipment_of_sites\",\"fluids\",\"category\"],\"edit\":[[{\"name\":\"equipment_of_sites\",\"size\":6},{\"name\":\"fluids\",\"size\":6}],[{\"name\":\"category\",\"size\":6},{\"name\":\"property\",\"size\":6}]]}}','object',NULL,NULL),(71,'plugin_content_manager_configuration_content_types::api::absence-type.absence-type','{\"uid\":\"api::absence-type.absence-type\",\"settings\":{\"bulkable\":true,\"filterable\":true,\"searchable\":true,\"pageSize\":10,\"mainField\":\"name\",\"defaultSortBy\":\"name\",\"defaultSortOrder\":\"ASC\"},\"metadatas\":{\"id\":{\"edit\":{},\"list\":{\"label\":\"id\",\"searchable\":true,\"sortable\":true}},\"name\":{\"edit\":{\"label\":\"name\",\"description\":\"\",\"placeholder\":\"\",\"visible\":true,\"editable\":true},\"list\":{\"label\":\"name\",\"searchable\":true,\"sortable\":true}},\"createdAt\":{\"edit\":{\"label\":\"createdAt\",\"description\":\"\",\"placeholder\":\"\",\"visible\":false,\"editable\":true},\"list\":{\"label\":\"createdAt\",\"searchable\":true,\"sortable\":true}},\"updatedAt\":{\"edit\":{\"label\":\"updatedAt\",\"description\":\"\",\"placeholder\":\"\",\"visible\":false,\"editable\":true},\"list\":{\"label\":\"updatedAt\",\"searchable\":true,\"sortable\":true}}},\"layouts\":{\"list\":[\"id\",\"name\",\"createdAt\",\"updatedAt\"],\"edit\":[[{\"name\":\"name\",\"size\":6}]]}}','object',NULL,NULL),(72,'plugin_content_manager_configuration_content_types::api::ticket-log.ticket-log','{\"uid\":\"api::ticket-log.ticket-log\",\"settings\":{\"bulkable\":true,\"filterable\":true,\"searchable\":true,\"pageSize\":10,\"mainField\":\"id\",\"defaultSortBy\":\"id\",\"defaultSortOrder\":\"ASC\"},\"metadatas\":{\"id\":{\"edit\":{},\"list\":{\"label\":\"id\",\"searchable\":true,\"sortable\":true}},\"ticket\":{\"edit\":{\"label\":\"ticket\",\"description\":\"\",\"placeholder\":\"\",\"visible\":true,\"editable\":true,\"mainField\":\"address\"},\"list\":{\"label\":\"ticket\",\"searchable\":true,\"sortable\":true}},\"gestionnaires\":{\"edit\":{\"label\":\"gestionnaires\",\"description\":\"\",\"placeholder\":\"\",\"visible\":true,\"editable\":true,\"mainField\":\"username\"},\"list\":{\"label\":\"gestionnaires\",\"searchable\":false,\"sortable\":false}},\"tiers\":{\"edit\":{\"label\":\"tiers\",\"description\":\"\",\"placeholder\":\"\",\"visible\":true,\"editable\":true,\"mainField\":\"name\"},\"list\":{\"label\":\"tiers\",\"searchable\":false,\"sortable\":false}},\"individuals\":{\"edit\":{\"label\":\"individuals\",\"description\":\"\",\"placeholder\":\"\",\"visible\":true,\"editable\":true,\"mainField\":\"firstname\"},\"list\":{\"label\":\"individuals\",\"searchable\":false,\"sortable\":false}},\"action\":{\"edit\":{\"label\":\"action\",\"description\":\"\",\"placeholder\":\"\",\"visible\":true,\"editable\":true},\"list\":{\"label\":\"action\",\"searchable\":true,\"sortable\":true}},\"log_created_by\":{\"edit\":{\"label\":\"log_created_by\",\"description\":\"\",\"placeholder\":\"\",\"visible\":true,\"editable\":true,\"mainField\":\"username\"},\"list\":{\"label\":\"log_created_by\",\"searchable\":true,\"sortable\":true}},\"createdAt\":{\"edit\":{\"label\":\"createdAt\",\"description\":\"\",\"placeholder\":\"\",\"visible\":false,\"editable\":true},\"list\":{\"label\":\"createdAt\",\"searchable\":true,\"sortable\":true}},\"updatedAt\":{\"edit\":{\"label\":\"updatedAt\",\"description\":\"\",\"placeholder\":\"\",\"visible\":false,\"editable\":true},\"list\":{\"label\":\"updatedAt\",\"searchable\":true,\"sortable\":true}}},\"layouts\":{\"list\":[\"id\",\"ticket\",\"gestionnaires\",\"tiers\"],\"edit\":[[{\"name\":\"ticket\",\"size\":6},{\"name\":\"gestionnaires\",\"size\":6}],[{\"name\":\"tiers\",\"size\":6},{\"name\":\"individuals\",\"size\":6}],[{\"name\":\"action\",\"size\":6},{\"name\":\"log_created_by\",\"size\":6}]]}}','object',NULL,NULL),(73,'plugin_content_manager_configuration_content_types::api::type-of-material.type-of-material','{\"uid\":\"api::type-of-material.type-of-material\",\"settings\":{\"bulkable\":true,\"filterable\":true,\"searchable\":true,\"pageSize\":10,\"mainField\":\"name\",\"defaultSortBy\":\"name\",\"defaultSortOrder\":\"ASC\"},\"metadatas\":{\"id\":{\"edit\":{},\"list\":{\"label\":\"id\",\"searchable\":true,\"sortable\":true}},\"name\":{\"edit\":{\"label\":\"name\",\"description\":\"\",\"placeholder\":\"\",\"visible\":true,\"editable\":true},\"list\":{\"label\":\"name\",\"searchable\":true,\"sortable\":true}},\"createdAt\":{\"edit\":{\"label\":\"createdAt\",\"description\":\"\",\"placeholder\":\"\",\"visible\":false,\"editable\":true},\"list\":{\"label\":\"createdAt\",\"searchable\":true,\"sortable\":true}},\"updatedAt\":{\"edit\":{\"label\":\"updatedAt\",\"description\":\"\",\"placeholder\":\"\",\"visible\":false,\"editable\":true},\"list\":{\"label\":\"updatedAt\",\"searchable\":true,\"sortable\":true}}},\"layouts\":{\"list\":[\"id\",\"name\",\"createdAt\",\"updatedAt\"],\"edit\":[[{\"name\":\"name\",\"size\":6}]]}}','object',NULL,NULL),(74,'plugin_content_manager_configuration_content_types::api::job.job','{\"uid\":\"api::job.job\",\"settings\":{\"bulkable\":true,\"filterable\":true,\"searchable\":true,\"pageSize\":10,\"mainField\":\"name\",\"defaultSortBy\":\"name\",\"defaultSortOrder\":\"ASC\"},\"metadatas\":{\"id\":{\"edit\":{},\"list\":{\"label\":\"id\",\"searchable\":true,\"sortable\":true}},\"name\":{\"edit\":{\"label\":\"name\",\"description\":\"\",\"placeholder\":\"\",\"visible\":true,\"editable\":true},\"list\":{\"label\":\"name\",\"searchable\":true,\"sortable\":true}},\"createdAt\":{\"edit\":{\"label\":\"createdAt\",\"description\":\"\",\"placeholder\":\"\",\"visible\":false,\"editable\":true},\"list\":{\"label\":\"createdAt\",\"searchable\":true,\"sortable\":true}},\"updatedAt\":{\"edit\":{\"label\":\"updatedAt\",\"description\":\"\",\"placeholder\":\"\",\"visible\":false,\"editable\":true},\"list\":{\"label\":\"updatedAt\",\"searchable\":true,\"sortable\":true}}},\"layouts\":{\"list\":[\"id\",\"name\",\"createdAt\",\"updatedAt\"],\"edit\":[[{\"name\":\"name\",\"size\":6}]]}}','object',NULL,NULL),(75,'core_admin_project-settings','{\"menuLogo\":null}','object',NULL,NULL);
/*!40000 ALTER TABLE `strapi_core_store_settings` ENABLE KEYS */;
UNLOCK TABLES;

--
-- Table structure for table `strapi_database_schema`
--

DROP TABLE IF EXISTS `strapi_database_schema`;
/*!40101 SET @saved_cs_client     = @@character_set_client */;
/*!50503 SET character_set_client = utf8mb4 */;
CREATE TABLE `strapi_database_schema` (
  `id` int(10) unsigned NOT NULL AUTO_INCREMENT,
  `schema` longtext CHARACTER SET utf8mb4 COLLATE utf8mb4_bin DEFAULT NULL CHECK (json_valid(`schema`)),
  `time` datetime DEFAULT NULL,
  `hash` varchar(255) DEFAULT NULL,
  PRIMARY KEY (`id`)
) ENGINE=InnoDB AUTO_INCREMENT=33 DEFAULT CHARSET=utf8mb3 COLLATE=utf8mb3_general_ci;
/*!40101 SET character_set_client = @saved_cs_client */;

--
-- Dumping data for table `strapi_database_schema`
--

LOCK TABLES `strapi_database_schema` WRITE;
/*!40000 ALTER TABLE `strapi_database_schema` DISABLE KEYS */;
INSERT INTO `strapi_database_schema` VALUES (32,'{\"tables\":[{\"name\":\"strapi_core_store_settings\",\"indexes\":[],\"foreignKeys\":[],\"columns\":[{\"name\":\"id\",\"type\":\"increments\",\"args\":[{\"primary\":true,\"primaryKey\":true}],\"defaultTo\":null,\"notNullable\":true,\"unsigned\":false},{\"name\":\"key\",\"type\":\"string\",\"args\":[],\"defaultTo\":null,\"notNullable\":false,\"unsigned\":false},{\"name\":\"value\",\"type\":\"text\",\"args\":[\"longtext\"],\"defaultTo\":null,\"notNullable\":false,\"unsigned\":false},{\"name\":\"type\",\"type\":\"string\",\"args\":[],\"defaultTo\":null,\"notNullable\":false,\"unsigned\":false},{\"name\":\"environment\",\"type\":\"string\",\"args\":[],\"defaultTo\":null,\"notNullable\":false,\"unsigned\":false},{\"name\":\"tag\",\"type\":\"string\",\"args\":[],\"defaultTo\":null,\"notNullable\":false,\"unsigned\":false}]},{\"name\":\"strapi_webhooks\",\"indexes\":[],\"foreignKeys\":[],\"columns\":[{\"name\":\"id\",\"type\":\"increments\",\"args\":[{\"primary\":true,\"primaryKey\":true}],\"defaultTo\":null,\"notNullable\":true,\"unsigned\":false},{\"name\":\"name\",\"type\":\"string\",\"args\":[],\"defaultTo\":null,\"notNullable\":false,\"unsigned\":false},{\"name\":\"url\",\"type\":\"text\",\"args\":[\"longtext\"],\"defaultTo\":null,\"notNullable\":false,\"unsigned\":false},{\"name\":\"headers\",\"type\":\"jsonb\",\"args\":[],\"defaultTo\":null,\"notNullable\":false,\"unsigned\":false},{\"name\":\"events\",\"type\":\"jsonb\",\"args\":[],\"defaultTo\":null,\"notNullable\":false,\"unsigned\":false},{\"name\":\"enabled\",\"type\":\"boolean\",\"args\":[],\"defaultTo\":null,\"notNullable\":false,\"unsigned\":false}]},{\"name\":\"admin_permissions\",\"indexes\":[{\"name\":\"admin_permissions_created_by_id_fk\",\"columns\":[\"created_by_id\"]},{\"name\":\"admin_permissions_updated_by_id_fk\",\"columns\":[\"updated_by_id\"]}],\"foreignKeys\":[{\"name\":\"admin_permissions_created_by_id_fk\",\"columns\":[\"created_by_id\"],\"referencedTable\":\"admin_users\",\"referencedColumns\":[\"id\"],\"onDelete\":\"SET NULL\"},{\"name\":\"admin_permissions_updated_by_id_fk\",\"columns\":[\"updated_by_id\"],\"referencedTable\":\"admin_users\",\"referencedColumns\":[\"id\"],\"onDelete\":\"SET NULL\"}],\"columns\":[{\"name\":\"id\",\"type\":\"increments\",\"args\":[{\"primary\":true,\"primaryKey\":true}],\"defaultTo\":null,\"notNullable\":true,\"unsigned\":false},{\"name\":\"action\",\"type\":\"string\",\"args\":[],\"defaultTo\":null,\"notNullable\":false,\"unsigned\":false},{\"name\":\"subject\",\"type\":\"string\",\"args\":[],\"defaultTo\":null,\"notNullable\":false,\"unsigned\":false},{\"name\":\"properties\",\"type\":\"jsonb\",\"args\":[],\"defaultTo\":null,\"notNullable\":false,\"unsigned\":false},{\"name\":\"conditions\",\"type\":\"jsonb\",\"args\":[],\"defaultTo\":null,\"notNullable\":false,\"unsigned\":false},{\"name\":\"created_at\",\"type\":\"datetime\",\"args\":[{\"useTz\":false,\"precision\":6}],\"defaultTo\":null,\"notNullable\":false,\"unsigned\":false},{\"name\":\"updated_at\",\"type\":\"datetime\",\"args\":[{\"useTz\":false,\"precision\":6}],\"defaultTo\":null,\"notNullable\":false,\"unsigned\":false},{\"name\":\"created_by_id\",\"type\":\"integer\",\"args\":[],\"defaultTo\":null,\"notNullable\":false,\"unsigned\":true},{\"name\":\"updated_by_id\",\"type\":\"integer\",\"args\":[],\"defaultTo\":null,\"notNullable\":false,\"unsigned\":true}]},{\"name\":\"admin_users\",\"indexes\":[{\"name\":\"admin_users_created_by_id_fk\",\"columns\":[\"created_by_id\"]},{\"name\":\"admin_users_updated_by_id_fk\",\"columns\":[\"updated_by_id\"]}],\"foreignKeys\":[{\"name\":\"admin_users_created_by_id_fk\",\"columns\":[\"created_by_id\"],\"referencedTable\":\"admin_users\",\"referencedColumns\":[\"id\"],\"onDelete\":\"SET NULL\"},{\"name\":\"admin_users_updated_by_id_fk\",\"columns\":[\"updated_by_id\"],\"referencedTable\":\"admin_users\",\"referencedColumns\":[\"id\"],\"onDelete\":\"SET NULL\"}],\"columns\":[{\"name\":\"id\",\"type\":\"increments\",\"args\":[{\"primary\":true,\"primaryKey\":true}],\"defaultTo\":null,\"notNullable\":true,\"unsigned\":false},{\"name\":\"firstname\",\"type\":\"string\",\"args\":[],\"defaultTo\":null,\"notNullable\":false,\"unsigned\":false},{\"name\":\"lastname\",\"type\":\"string\",\"args\":[],\"defaultTo\":null,\"notNullable\":false,\"unsigned\":false},{\"name\":\"username\",\"type\":\"string\",\"args\":[],\"defaultTo\":null,\"notNullable\":false,\"unsigned\":false},{\"name\":\"email\",\"type\":\"string\",\"args\":[],\"defaultTo\":null,\"notNullable\":false,\"unsigned\":false},{\"name\":\"password\",\"type\":\"string\",\"args\":[],\"defaultTo\":null,\"notNullable\":false,\"unsigned\":false},{\"name\":\"reset_password_token\",\"type\":\"string\",\"args\":[],\"defaultTo\":null,\"notNullable\":false,\"unsigned\":false},{\"name\":\"registration_token\",\"type\":\"string\",\"args\":[],\"defaultTo\":null,\"notNullable\":false,\"unsigned\":false},{\"name\":\"is_active\",\"type\":\"boolean\",\"args\":[],\"defaultTo\":null,\"notNullable\":false,\"unsigned\":false},{\"name\":\"blocked\",\"type\":\"boolean\",\"args\":[],\"defaultTo\":null,\"notNullable\":false,\"unsigned\":false},{\"name\":\"prefered_language\",\"type\":\"string\",\"args\":[],\"defaultTo\":null,\"notNullable\":false,\"unsigned\":false},{\"name\":\"created_at\",\"type\":\"datetime\",\"args\":[{\"useTz\":false,\"precision\":6}],\"defaultTo\":null,\"notNullable\":false,\"unsigned\":false},{\"name\":\"updated_at\",\"type\":\"datetime\",\"args\":[{\"useTz\":false,\"precision\":6}],\"defaultTo\":null,\"notNullable\":false,\"unsigned\":false},{\"name\":\"created_by_id\",\"type\":\"integer\",\"args\":[],\"defaultTo\":null,\"notNullable\":false,\"unsigned\":true},{\"name\":\"updated_by_id\",\"type\":\"integer\",\"args\":[],\"defaultTo\":null,\"notNullable\":false,\"unsigned\":true}]},{\"name\":\"admin_roles\",\"indexes\":[{\"name\":\"admin_roles_created_by_id_fk\",\"columns\":[\"created_by_id\"]},{\"name\":\"admin_roles_updated_by_id_fk\",\"columns\":[\"updated_by_id\"]}],\"foreignKeys\":[{\"name\":\"admin_roles_created_by_id_fk\",\"columns\":[\"created_by_id\"],\"referencedTable\":\"admin_users\",\"referencedColumns\":[\"id\"],\"onDelete\":\"SET NULL\"},{\"name\":\"admin_roles_updated_by_id_fk\",\"columns\":[\"updated_by_id\"],\"referencedTable\":\"admin_users\",\"referencedColumns\":[\"id\"],\"onDelete\":\"SET NULL\"}],\"columns\":[{\"name\":\"id\",\"type\":\"increments\",\"args\":[{\"primary\":true,\"primaryKey\":true}],\"defaultTo\":null,\"notNullable\":true,\"unsigned\":false},{\"name\":\"name\",\"type\":\"string\",\"args\":[],\"defaultTo\":null,\"notNullable\":false,\"unsigned\":false},{\"name\":\"code\",\"type\":\"string\",\"args\":[],\"defaultTo\":null,\"notNullable\":false,\"unsigned\":false},{\"name\":\"description\",\"type\":\"string\",\"args\":[],\"defaultTo\":null,\"notNullable\":false,\"unsigned\":false},{\"name\":\"created_at\",\"type\":\"datetime\",\"args\":[{\"useTz\":false,\"precision\":6}],\"defaultTo\":null,\"notNullable\":false,\"unsigned\":false},{\"name\":\"updated_at\",\"type\":\"datetime\",\"args\":[{\"useTz\":false,\"precision\":6}],\"defaultTo\":null,\"notNullable\":false,\"unsigned\":false},{\"name\":\"created_by_id\",\"type\":\"integer\",\"args\":[],\"defaultTo\":null,\"notNullable\":false,\"unsigned\":true},{\"name\":\"updated_by_id\",\"type\":\"integer\",\"args\":[],\"defaultTo\":null,\"notNullable\":false,\"unsigned\":true}]},{\"name\":\"strapi_api_tokens\",\"indexes\":[{\"name\":\"strapi_api_tokens_created_by_id_fk\",\"columns\":[\"created_by_id\"]},{\"name\":\"strapi_api_tokens_updated_by_id_fk\",\"columns\":[\"updated_by_id\"]}],\"foreignKeys\":[{\"name\":\"strapi_api_tokens_created_by_id_fk\",\"columns\":[\"created_by_id\"],\"referencedTable\":\"admin_users\",\"referencedColumns\":[\"id\"],\"onDelete\":\"SET NULL\"},{\"name\":\"strapi_api_tokens_updated_by_id_fk\",\"columns\":[\"updated_by_id\"],\"referencedTable\":\"admin_users\",\"referencedColumns\":[\"id\"],\"onDelete\":\"SET NULL\"}],\"columns\":[{\"name\":\"id\",\"type\":\"increments\",\"args\":[{\"primary\":true,\"primaryKey\":true}],\"defaultTo\":null,\"notNullable\":true,\"unsigned\":false},{\"name\":\"name\",\"type\":\"string\",\"args\":[],\"defaultTo\":null,\"notNullable\":false,\"unsigned\":false},{\"name\":\"description\",\"type\":\"string\",\"args\":[],\"defaultTo\":null,\"notNullable\":false,\"unsigned\":false},{\"name\":\"type\",\"type\":\"string\",\"args\":[],\"defaultTo\":null,\"notNullable\":false,\"unsigned\":false},{\"name\":\"access_key\",\"type\":\"string\",\"args\":[],\"defaultTo\":null,\"notNullable\":false,\"unsigned\":false},{\"name\":\"last_used_at\",\"type\":\"datetime\",\"args\":[{\"useTz\":false,\"precision\":6}],\"defaultTo\":null,\"notNullable\":false,\"unsigned\":false},{\"name\":\"expires_at\",\"type\":\"datetime\",\"args\":[{\"useTz\":false,\"precision\":6}],\"defaultTo\":null,\"notNullable\":false,\"unsigned\":false},{\"name\":\"lifespan\",\"type\":\"bigInteger\",\"args\":[],\"defaultTo\":null,\"notNullable\":false,\"unsigned\":false},{\"name\":\"created_at\",\"type\":\"datetime\",\"args\":[{\"useTz\":false,\"precision\":6}],\"defaultTo\":null,\"notNullable\":false,\"unsigned\":false},{\"name\":\"updated_at\",\"type\":\"datetime\",\"args\":[{\"useTz\":false,\"precision\":6}],\"defaultTo\":null,\"notNullable\":false,\"unsigned\":false},{\"name\":\"created_by_id\",\"type\":\"integer\",\"args\":[],\"defaultTo\":null,\"notNullable\":false,\"unsigned\":true},{\"name\":\"updated_by_id\",\"type\":\"integer\",\"args\":[],\"defaultTo\":null,\"notNullable\":false,\"unsigned\":true}]},{\"name\":\"strapi_api_token_permissions\",\"indexes\":[{\"name\":\"strapi_api_token_permissions_created_by_id_fk\",\"columns\":[\"created_by_id\"]},{\"name\":\"strapi_api_token_permissions_updated_by_id_fk\",\"columns\":[\"updated_by_id\"]}],\"foreignKeys\":[{\"name\":\"strapi_api_token_permissions_created_by_id_fk\",\"columns\":[\"created_by_id\"],\"referencedTable\":\"admin_users\",\"referencedColumns\":[\"id\"],\"onDelete\":\"SET NULL\"},{\"name\":\"strapi_api_token_permissions_updated_by_id_fk\",\"columns\":[\"updated_by_id\"],\"referencedTable\":\"admin_users\",\"referencedColumns\":[\"id\"],\"onDelete\":\"SET NULL\"}],\"columns\":[{\"name\":\"id\",\"type\":\"increments\",\"args\":[{\"primary\":true,\"primaryKey\":true}],\"defaultTo\":null,\"notNullable\":true,\"unsigned\":false},{\"name\":\"action\",\"type\":\"string\",\"args\":[],\"defaultTo\":null,\"notNullable\":false,\"unsigned\":false},{\"name\":\"created_at\",\"type\":\"datetime\",\"args\":[{\"useTz\":false,\"precision\":6}],\"defaultTo\":null,\"notNullable\":false,\"unsigned\":false},{\"name\":\"updated_at\",\"type\":\"datetime\",\"args\":[{\"useTz\":false,\"precision\":6}],\"defaultTo\":null,\"notNullable\":false,\"unsigned\":false},{\"name\":\"created_by_id\",\"type\":\"integer\",\"args\":[],\"defaultTo\":null,\"notNullable\":false,\"unsigned\":true},{\"name\":\"updated_by_id\",\"type\":\"integer\",\"args\":[],\"defaultTo\":null,\"notNullable\":false,\"unsigned\":true}]},{\"name\":\"files\",\"indexes\":[{\"name\":\"upload_files_folder_path_index\",\"columns\":[\"folder_path\"],\"type\":null},{\"name\":\"files_created_by_id_fk\",\"columns\":[\"created_by_id\"]},{\"name\":\"files_updated_by_id_fk\",\"columns\":[\"updated_by_id\"]}],\"foreignKeys\":[{\"name\":\"files_created_by_id_fk\",\"columns\":[\"created_by_id\"],\"referencedTable\":\"admin_users\",\"referencedColumns\":[\"id\"],\"onDelete\":\"SET NULL\"},{\"name\":\"files_updated_by_id_fk\",\"columns\":[\"updated_by_id\"],\"referencedTable\":\"admin_users\",\"referencedColumns\":[\"id\"],\"onDelete\":\"SET NULL\"}],\"columns\":[{\"name\":\"id\",\"type\":\"increments\",\"args\":[{\"primary\":true,\"primaryKey\":true}],\"defaultTo\":null,\"notNullable\":true,\"unsigned\":false},{\"name\":\"name\",\"type\":\"string\",\"args\":[],\"defaultTo\":null,\"notNullable\":false,\"unsigned\":false},{\"name\":\"alternative_text\",\"type\":\"string\",\"args\":[],\"defaultTo\":null,\"notNullable\":false,\"unsigned\":false},{\"name\":\"caption\",\"type\":\"string\",\"args\":[],\"defaultTo\":null,\"notNullable\":false,\"unsigned\":false},{\"name\":\"width\",\"type\":\"integer\",\"args\":[],\"defaultTo\":null,\"notNullable\":false,\"unsigned\":false},{\"name\":\"height\",\"type\":\"integer\",\"args\":[],\"defaultTo\":null,\"notNullable\":false,\"unsigned\":false},{\"name\":\"formats\",\"type\":\"jsonb\",\"args\":[],\"defaultTo\":null,\"notNullable\":false,\"unsigned\":false},{\"name\":\"hash\",\"type\":\"string\",\"args\":[],\"defaultTo\":null,\"notNullable\":false,\"unsigned\":false},{\"name\":\"ext\",\"type\":\"string\",\"args\":[],\"defaultTo\":null,\"notNullable\":false,\"unsigned\":false},{\"name\":\"mime\",\"type\":\"string\",\"args\":[],\"defaultTo\":null,\"notNullable\":false,\"unsigned\":false},{\"name\":\"size\",\"type\":\"decimal\",\"args\":[10,2],\"defaultTo\":null,\"notNullable\":false,\"unsigned\":false},{\"name\":\"url\",\"type\":\"string\",\"args\":[],\"defaultTo\":null,\"notNullable\":false,\"unsigned\":false},{\"name\":\"preview_url\",\"type\":\"string\",\"args\":[],\"defaultTo\":null,\"notNullable\":false,\"unsigned\":false},{\"name\":\"provider\",\"type\":\"string\",\"args\":[],\"defaultTo\":null,\"notNullable\":false,\"unsigned\":false},{\"name\":\"provider_metadata\",\"type\":\"jsonb\",\"args\":[],\"defaultTo\":null,\"notNullable\":false,\"unsigned\":false},{\"name\":\"folder_path\",\"type\":\"string\",\"args\":[],\"defaultTo\":null,\"notNullable\":false,\"unsigned\":false},{\"name\":\"created_at\",\"type\":\"datetime\",\"args\":[{\"useTz\":false,\"precision\":6}],\"defaultTo\":null,\"notNullable\":false,\"unsigned\":false},{\"name\":\"updated_at\",\"type\":\"datetime\",\"args\":[{\"useTz\":false,\"precision\":6}],\"defaultTo\":null,\"notNullable\":false,\"unsigned\":false},{\"name\":\"created_by_id\",\"type\":\"integer\",\"args\":[],\"defaultTo\":null,\"notNullable\":false,\"unsigned\":true},{\"name\":\"updated_by_id\",\"type\":\"integer\",\"args\":[],\"defaultTo\":null,\"notNullable\":false,\"unsigned\":true}]},{\"name\":\"upload_folders\",\"indexes\":[{\"name\":\"upload_folders_path_id_index\",\"columns\":[\"path_id\"],\"type\":\"unique\"},{\"name\":\"upload_folders_path_index\",\"columns\":[\"path\"],\"type\":\"unique\"},{\"name\":\"upload_folders_created_by_id_fk\",\"columns\":[\"created_by_id\"]},{\"name\":\"upload_folders_updated_by_id_fk\",\"columns\":[\"updated_by_id\"]}],\"foreignKeys\":[{\"name\":\"upload_folders_created_by_id_fk\",\"columns\":[\"created_by_id\"],\"referencedTable\":\"admin_users\",\"referencedColumns\":[\"id\"],\"onDelete\":\"SET NULL\"},{\"name\":\"upload_folders_updated_by_id_fk\",\"columns\":[\"updated_by_id\"],\"referencedTable\":\"admin_users\",\"referencedColumns\":[\"id\"],\"onDelete\":\"SET NULL\"}],\"columns\":[{\"name\":\"id\",\"type\":\"increments\",\"args\":[{\"primary\":true,\"primaryKey\":true}],\"defaultTo\":null,\"notNullable\":true,\"unsigned\":false},{\"name\":\"name\",\"type\":\"string\",\"args\":[],\"defaultTo\":null,\"notNullable\":false,\"unsigned\":false},{\"name\":\"path_id\",\"type\":\"integer\",\"args\":[],\"defaultTo\":null,\"notNullable\":false,\"unsigned\":false},{\"name\":\"path\",\"type\":\"string\",\"args\":[],\"defaultTo\":null,\"notNullable\":false,\"unsigned\":false},{\"name\":\"created_at\",\"type\":\"datetime\",\"args\":[{\"useTz\":false,\"precision\":6}],\"defaultTo\":null,\"notNullable\":false,\"unsigned\":false},{\"name\":\"updated_at\",\"type\":\"datetime\",\"args\":[{\"useTz\":false,\"precision\":6}],\"defaultTo\":null,\"notNullable\":false,\"unsigned\":false},{\"name\":\"created_by_id\",\"type\":\"integer\",\"args\":[],\"defaultTo\":null,\"notNullable\":false,\"unsigned\":true},{\"name\":\"updated_by_id\",\"type\":\"integer\",\"args\":[],\"defaultTo\":null,\"notNullable\":false,\"unsigned\":true}]},{\"name\":\"up_permissions\",\"indexes\":[{\"name\":\"up_permissions_created_by_id_fk\",\"columns\":[\"created_by_id\"]},{\"name\":\"up_permissions_updated_by_id_fk\",\"columns\":[\"updated_by_id\"]}],\"foreignKeys\":[{\"name\":\"up_permissions_created_by_id_fk\",\"columns\":[\"created_by_id\"],\"referencedTable\":\"admin_users\",\"referencedColumns\":[\"id\"],\"onDelete\":\"SET NULL\"},{\"name\":\"up_permissions_updated_by_id_fk\",\"columns\":[\"updated_by_id\"],\"referencedTable\":\"admin_users\",\"referencedColumns\":[\"id\"],\"onDelete\":\"SET NULL\"}],\"columns\":[{\"name\":\"id\",\"type\":\"increments\",\"args\":[{\"primary\":true,\"primaryKey\":true}],\"defaultTo\":null,\"notNullable\":true,\"unsigned\":false},{\"name\":\"action\",\"type\":\"string\",\"args\":[],\"defaultTo\":null,\"notNullable\":false,\"unsigned\":false},{\"name\":\"created_at\",\"type\":\"datetime\",\"args\":[{\"useTz\":false,\"precision\":6}],\"defaultTo\":null,\"notNullable\":false,\"unsigned\":false},{\"name\":\"updated_at\",\"type\":\"datetime\",\"args\":[{\"useTz\":false,\"precision\":6}],\"defaultTo\":null,\"notNullable\":false,\"unsigned\":false},{\"name\":\"created_by_id\",\"type\":\"integer\",\"args\":[],\"defaultTo\":null,\"notNullable\":false,\"unsigned\":true},{\"name\":\"updated_by_id\",\"type\":\"integer\",\"args\":[],\"defaultTo\":null,\"notNullable\":false,\"unsigned\":true}]},{\"name\":\"up_roles\",\"indexes\":[{\"name\":\"up_roles_created_by_id_fk\",\"columns\":[\"created_by_id\"]},{\"name\":\"up_roles_updated_by_id_fk\",\"columns\":[\"updated_by_id\"]}],\"foreignKeys\":[{\"name\":\"up_roles_created_by_id_fk\",\"columns\":[\"created_by_id\"],\"referencedTable\":\"admin_users\",\"referencedColumns\":[\"id\"],\"onDelete\":\"SET NULL\"},{\"name\":\"up_roles_updated_by_id_fk\",\"columns\":[\"updated_by_id\"],\"referencedTable\":\"admin_users\",\"referencedColumns\":[\"id\"],\"onDelete\":\"SET NULL\"}],\"columns\":[{\"name\":\"id\",\"type\":\"increments\",\"args\":[{\"primary\":true,\"primaryKey\":true}],\"defaultTo\":null,\"notNullable\":true,\"unsigned\":false},{\"name\":\"name\",\"type\":\"string\",\"args\":[],\"defaultTo\":null,\"notNullable\":false,\"unsigned\":false},{\"name\":\"description\",\"type\":\"string\",\"args\":[],\"defaultTo\":null,\"notNullable\":false,\"unsigned\":false},{\"name\":\"type\",\"type\":\"string\",\"args\":[],\"defaultTo\":null,\"notNullable\":false,\"unsigned\":false},{\"name\":\"created_at\",\"type\":\"datetime\",\"args\":[{\"useTz\":false,\"precision\":6}],\"defaultTo\":null,\"notNullable\":false,\"unsigned\":false},{\"name\":\"updated_at\",\"type\":\"datetime\",\"args\":[{\"useTz\":false,\"precision\":6}],\"defaultTo\":null,\"notNullable\":false,\"unsigned\":false},{\"name\":\"created_by_id\",\"type\":\"integer\",\"args\":[],\"defaultTo\":null,\"notNullable\":false,\"unsigned\":true},{\"name\":\"updated_by_id\",\"type\":\"integer\",\"args\":[],\"defaultTo\":null,\"notNullable\":false,\"unsigned\":true}]},{\"name\":\"up_users\",\"indexes\":[{\"name\":\"up_users_created_by_id_fk\",\"columns\":[\"created_by_id\"]},{\"name\":\"up_users_updated_by_id_fk\",\"columns\":[\"updated_by_id\"]}],\"foreignKeys\":[{\"name\":\"up_users_created_by_id_fk\",\"columns\":[\"created_by_id\"],\"referencedTable\":\"admin_users\",\"referencedColumns\":[\"id\"],\"onDelete\":\"SET NULL\"},{\"name\":\"up_users_updated_by_id_fk\",\"columns\":[\"updated_by_id\"],\"referencedTable\":\"admin_users\",\"referencedColumns\":[\"id\"],\"onDelete\":\"SET NULL\"}],\"columns\":[{\"name\":\"id\",\"type\":\"increments\",\"args\":[{\"primary\":true,\"primaryKey\":true}],\"defaultTo\":null,\"notNullable\":true,\"unsigned\":false},{\"name\":\"username\",\"type\":\"string\",\"args\":[],\"defaultTo\":null,\"notNullable\":false,\"unsigned\":false},{\"name\":\"email\",\"type\":\"string\",\"args\":[],\"defaultTo\":null,\"notNullable\":false,\"unsigned\":false},{\"name\":\"provider\",\"type\":\"string\",\"args\":[],\"defaultTo\":null,\"notNullable\":false,\"unsigned\":false},{\"name\":\"password\",\"type\":\"string\",\"args\":[],\"defaultTo\":null,\"notNullable\":false,\"unsigned\":false},{\"name\":\"reset_password_token\",\"type\":\"string\",\"args\":[],\"defaultTo\":null,\"notNullable\":false,\"unsigned\":false},{\"name\":\"confirmation_token\",\"type\":\"string\",\"args\":[],\"defaultTo\":null,\"notNullable\":false,\"unsigned\":false},{\"name\":\"confirmed\",\"type\":\"boolean\",\"args\":[],\"defaultTo\":null,\"notNullable\":false,\"unsigned\":false},{\"name\":\"blocked\",\"type\":\"boolean\",\"args\":[],\"defaultTo\":null,\"notNullable\":false,\"unsigned\":false},{\"name\":\"firstname\",\"type\":\"string\",\"args\":[],\"defaultTo\":null,\"notNullable\":false,\"unsigned\":false},{\"name\":\"phone\",\"type\":\"string\",\"args\":[],\"defaultTo\":null,\"notNullable\":false,\"unsigned\":false},{\"name\":\"lastname\",\"type\":\"string\",\"args\":[],\"defaultTo\":null,\"notNullable\":false,\"unsigned\":false},{\"name\":\"date_of_birth\",\"type\":\"date\",\"args\":[],\"defaultTo\":null,\"notNullable\":false,\"unsigned\":false},{\"name\":\"address\",\"type\":\"string\",\"args\":[],\"defaultTo\":null,\"notNullable\":false,\"unsigned\":false},{\"name\":\"phone_perso\",\"type\":\"string\",\"args\":[],\"defaultTo\":null,\"notNullable\":false,\"unsigned\":false},{\"name\":\"email_perso\",\"type\":\"string\",\"args\":[],\"defaultTo\":null,\"notNullable\":false,\"unsigned\":false},{\"name\":\"job\",\"type\":\"string\",\"args\":[],\"defaultTo\":null,\"notNullable\":false,\"unsigned\":false},{\"name\":\"sector\",\"type\":\"string\",\"args\":[],\"defaultTo\":null,\"notNullable\":false,\"unsigned\":false},{\"name\":\"authorization\",\"type\":\"string\",\"args\":[],\"defaultTo\":null,\"notNullable\":false,\"unsigned\":false},{\"name\":\"service\",\"type\":\"string\",\"args\":[],\"defaultTo\":null,\"notNullable\":false,\"unsigned\":false},{\"name\":\"is_internal\",\"type\":\"boolean\",\"args\":[],\"defaultTo\":null,\"notNullable\":false,\"unsigned\":false},{\"name\":\"created_at\",\"type\":\"datetime\",\"args\":[{\"useTz\":false,\"precision\":6}],\"defaultTo\":null,\"notNullable\":false,\"unsigned\":false},{\"name\":\"updated_at\",\"type\":\"datetime\",\"args\":[{\"useTz\":false,\"precision\":6}],\"defaultTo\":null,\"notNullable\":false,\"unsigned\":false},{\"name\":\"created_by_id\",\"type\":\"integer\",\"args\":[],\"defaultTo\":null,\"notNullable\":false,\"unsigned\":true},{\"name\":\"updated_by_id\",\"type\":\"integer\",\"args\":[],\"defaultTo\":null,\"notNullable\":false,\"unsigned\":true}]},{\"name\":\"i18n_locale\",\"indexes\":[{\"name\":\"i18n_locale_created_by_id_fk\",\"columns\":[\"created_by_id\"]},{\"name\":\"i18n_locale_updated_by_id_fk\",\"columns\":[\"updated_by_id\"]}],\"foreignKeys\":[{\"name\":\"i18n_locale_created_by_id_fk\",\"columns\":[\"created_by_id\"],\"referencedTable\":\"admin_users\",\"referencedColumns\":[\"id\"],\"onDelete\":\"SET NULL\"},{\"name\":\"i18n_locale_updated_by_id_fk\",\"columns\":[\"updated_by_id\"],\"referencedTable\":\"admin_users\",\"referencedColumns\":[\"id\"],\"onDelete\":\"SET NULL\"}],\"columns\":[{\"name\":\"id\",\"type\":\"increments\",\"args\":[{\"primary\":true,\"primaryKey\":true}],\"defaultTo\":null,\"notNullable\":true,\"unsigned\":false},{\"name\":\"name\",\"type\":\"string\",\"args\":[],\"defaultTo\":null,\"notNullable\":false,\"unsigned\":false},{\"name\":\"code\",\"type\":\"string\",\"args\":[],\"defaultTo\":null,\"notNullable\":false,\"unsigned\":false},{\"name\":\"created_at\",\"type\":\"datetime\",\"args\":[{\"useTz\":false,\"precision\":6}],\"defaultTo\":null,\"notNullable\":false,\"unsigned\":false},{\"name\":\"updated_at\",\"type\":\"datetime\",\"args\":[{\"useTz\":false,\"precision\":6}],\"defaultTo\":null,\"notNullable\":false,\"unsigned\":false},{\"name\":\"created_by_id\",\"type\":\"integer\",\"args\":[],\"defaultTo\":null,\"notNullable\":false,\"unsigned\":true},{\"name\":\"updated_by_id\",\"type\":\"integer\",\"args\":[],\"defaultTo\":null,\"notNullable\":false,\"unsigned\":true}]},{\"name\":\"absences\",\"indexes\":[{\"name\":\"absences_created_by_id_fk\",\"columns\":[\"created_by_id\"]},{\"name\":\"absences_updated_by_id_fk\",\"columns\":[\"updated_by_id\"]}],\"foreignKeys\":[{\"name\":\"absences_created_by_id_fk\",\"columns\":[\"created_by_id\"],\"referencedTable\":\"admin_users\",\"referencedColumns\":[\"id\"],\"onDelete\":\"SET NULL\"},{\"name\":\"absences_updated_by_id_fk\",\"columns\":[\"updated_by_id\"],\"referencedTable\":\"admin_users\",\"referencedColumns\":[\"id\"],\"onDelete\":\"SET NULL\"}],\"columns\":[{\"name\":\"id\",\"type\":\"increments\",\"args\":[{\"primary\":true,\"primaryKey\":true}],\"defaultTo\":null,\"notNullable\":true,\"unsigned\":false},{\"name\":\"start_date\",\"type\":\"date\",\"args\":[],\"defaultTo\":null,\"notNullable\":false,\"unsigned\":false},{\"name\":\"end_date\",\"type\":\"date\",\"args\":[],\"defaultTo\":null,\"notNullable\":false,\"unsigned\":false},{\"name\":\"state\",\"type\":\"string\",\"args\":[],\"defaultTo\":null,\"notNullable\":false,\"unsigned\":false},{\"name\":\"created_at\",\"type\":\"datetime\",\"args\":[{\"useTz\":false,\"precision\":6}],\"defaultTo\":null,\"notNullable\":false,\"unsigned\":false},{\"name\":\"updated_at\",\"type\":\"datetime\",\"args\":[{\"useTz\":false,\"precision\":6}],\"defaultTo\":null,\"notNullable\":false,\"unsigned\":false},{\"name\":\"created_by_id\",\"type\":\"integer\",\"args\":[],\"defaultTo\":null,\"notNullable\":false,\"unsigned\":true},{\"name\":\"updated_by_id\",\"type\":\"integer\",\"args\":[],\"defaultTo\":null,\"notNullable\":false,\"unsigned\":true}]},{\"name\":\"absence_types\",\"indexes\":[{\"name\":\"absence_types_created_by_id_fk\",\"columns\":[\"created_by_id\"]},{\"name\":\"absence_types_updated_by_id_fk\",\"columns\":[\"updated_by_id\"]}],\"foreignKeys\":[{\"name\":\"absence_types_created_by_id_fk\",\"columns\":[\"created_by_id\"],\"referencedTable\":\"admin_users\",\"referencedColumns\":[\"id\"],\"onDelete\":\"SET NULL\"},{\"name\":\"absence_types_updated_by_id_fk\",\"columns\":[\"updated_by_id\"],\"referencedTable\":\"admin_users\",\"referencedColumns\":[\"id\"],\"onDelete\":\"SET NULL\"}],\"columns\":[{\"name\":\"id\",\"type\":\"increments\",\"args\":[{\"primary\":true,\"primaryKey\":true}],\"defaultTo\":null,\"notNullable\":true,\"unsigned\":false},{\"name\":\"name\",\"type\":\"string\",\"args\":[],\"defaultTo\":null,\"notNullable\":false,\"unsigned\":false},{\"name\":\"created_at\",\"type\":\"datetime\",\"args\":[{\"useTz\":false,\"precision\":6}],\"defaultTo\":null,\"notNullable\":false,\"unsigned\":false},{\"name\":\"updated_at\",\"type\":\"datetime\",\"args\":[{\"useTz\":false,\"precision\":6}],\"defaultTo\":null,\"notNullable\":false,\"unsigned\":false},{\"name\":\"published_at\",\"type\":\"datetime\",\"args\":[{\"useTz\":false,\"precision\":6}],\"defaultTo\":null,\"notNullable\":false,\"unsigned\":false},{\"name\":\"created_by_id\",\"type\":\"integer\",\"args\":[],\"defaultTo\":null,\"notNullable\":false,\"unsigned\":true},{\"name\":\"updated_by_id\",\"type\":\"integer\",\"args\":[],\"defaultTo\":null,\"notNullable\":false,\"unsigned\":true}]},{\"name\":\"activities\",\"indexes\":[{\"name\":\"activities_created_by_id_fk\",\"columns\":[\"created_by_id\"]},{\"name\":\"activities_updated_by_id_fk\",\"columns\":[\"updated_by_id\"]}],\"foreignKeys\":[{\"name\":\"activities_created_by_id_fk\",\"columns\":[\"created_by_id\"],\"referencedTable\":\"admin_users\",\"referencedColumns\":[\"id\"],\"onDelete\":\"SET NULL\"},{\"name\":\"activities_updated_by_id_fk\",\"columns\":[\"updated_by_id\"],\"referencedTable\":\"admin_users\",\"referencedColumns\":[\"id\"],\"onDelete\":\"SET NULL\"}],\"columns\":[{\"name\":\"id\",\"type\":\"increments\",\"args\":[{\"primary\":true,\"primaryKey\":true}],\"defaultTo\":null,\"notNullable\":true,\"unsigned\":false},{\"name\":\"name\",\"type\":\"string\",\"args\":[],\"defaultTo\":null,\"notNullable\":false,\"unsigned\":false},{\"name\":\"created_at\",\"type\":\"datetime\",\"args\":[{\"useTz\":false,\"precision\":6}],\"defaultTo\":null,\"notNullable\":false,\"unsigned\":false},{\"name\":\"updated_at\",\"type\":\"datetime\",\"args\":[{\"useTz\":false,\"precision\":6}],\"defaultTo\":null,\"notNullable\":false,\"unsigned\":false},{\"name\":\"created_by_id\",\"type\":\"integer\",\"args\":[],\"defaultTo\":null,\"notNullable\":false,\"unsigned\":true},{\"name\":\"updated_by_id\",\"type\":\"integer\",\"args\":[],\"defaultTo\":null,\"notNullable\":false,\"unsigned\":true}]},{\"name\":\"agencies\",\"indexes\":[{\"name\":\"agencies_created_by_id_fk\",\"columns\":[\"created_by_id\"]},{\"name\":\"agencies_updated_by_id_fk\",\"columns\":[\"updated_by_id\"]}],\"foreignKeys\":[{\"name\":\"agencies_created_by_id_fk\",\"columns\":[\"created_by_id\"],\"referencedTable\":\"admin_users\",\"referencedColumns\":[\"id\"],\"onDelete\":\"SET NULL\"},{\"name\":\"agencies_updated_by_id_fk\",\"columns\":[\"updated_by_id\"],\"referencedTable\":\"admin_users\",\"referencedColumns\":[\"id\"],\"onDelete\":\"SET NULL\"}],\"columns\":[{\"name\":\"id\",\"type\":\"increments\",\"args\":[{\"primary\":true,\"primaryKey\":true}],\"defaultTo\":null,\"notNullable\":true,\"unsigned\":false},{\"name\":\"name\",\"type\":\"text\",\"args\":[\"longtext\"],\"defaultTo\":null,\"notNullable\":false,\"unsigned\":false},{\"name\":\"trade_name\",\"type\":\"string\",\"args\":[],\"defaultTo\":null,\"notNullable\":false,\"unsigned\":false},{\"name\":\"code_naf_ape\",\"type\":\"string\",\"args\":[],\"defaultTo\":null,\"notNullable\":false,\"unsigned\":false},{\"name\":\"address\",\"type\":\"string\",\"args\":[],\"defaultTo\":null,\"notNullable\":false,\"unsigned\":false},{\"name\":\"city\",\"type\":\"string\",\"args\":[],\"defaultTo\":null,\"notNullable\":false,\"unsigned\":false},{\"name\":\"phone\",\"type\":\"string\",\"args\":[],\"defaultTo\":null,\"notNullable\":false,\"unsigned\":false},{\"name\":\"siren\",\"type\":\"string\",\"args\":[],\"defaultTo\":null,\"notNullable\":false,\"unsigned\":false},{\"name\":\"siret\",\"type\":\"string\",\"args\":[],\"defaultTo\":null,\"notNullable\":false,\"unsigned\":false},{\"name\":\"tva\",\"type\":\"string\",\"args\":[],\"defaultTo\":null,\"notNullable\":false,\"unsigned\":false},{\"name\":\"type\",\"type\":\"string\",\"args\":[],\"defaultTo\":null,\"notNullable\":false,\"unsigned\":false},{\"name\":\"email\",\"type\":\"string\",\"args\":[],\"defaultTo\":null,\"notNullable\":false,\"unsigned\":false},{\"name\":\"additional_address\",\"type\":\"string\",\"args\":[],\"defaultTo\":null,\"notNullable\":false,\"unsigned\":false},{\"name\":\"zip_code\",\"type\":\"string\",\"args\":[],\"defaultTo\":null,\"notNullable\":false,\"unsigned\":false},{\"name\":\"created_at\",\"type\":\"datetime\",\"args\":[{\"useTz\":false,\"precision\":6}],\"defaultTo\":null,\"notNullable\":false,\"unsigned\":false},{\"name\":\"updated_at\",\"type\":\"datetime\",\"args\":[{\"useTz\":false,\"precision\":6}],\"defaultTo\":null,\"notNullable\":false,\"unsigned\":false},{\"name\":\"created_by_id\",\"type\":\"integer\",\"args\":[],\"defaultTo\":null,\"notNullable\":false,\"unsigned\":true},{\"name\":\"updated_by_id\",\"type\":\"integer\",\"args\":[],\"defaultTo\":null,\"notNullable\":false,\"unsigned\":true}]},{\"name\":\"attachment_services\",\"indexes\":[{\"name\":\"attachment_services_created_by_id_fk\",\"columns\":[\"created_by_id\"]},{\"name\":\"attachment_services_updated_by_id_fk\",\"columns\":[\"updated_by_id\"]}],\"foreignKeys\":[{\"name\":\"attachment_services_created_by_id_fk\",\"columns\":[\"created_by_id\"],\"referencedTable\":\"admin_users\",\"referencedColumns\":[\"id\"],\"onDelete\":\"SET NULL\"},{\"name\":\"attachment_services_updated_by_id_fk\",\"columns\":[\"updated_by_id\"],\"referencedTable\":\"admin_users\",\"referencedColumns\":[\"id\"],\"onDelete\":\"SET NULL\"}],\"columns\":[{\"name\":\"id\",\"type\":\"increments\",\"args\":[{\"primary\":true,\"primaryKey\":true}],\"defaultTo\":null,\"notNullable\":true,\"unsigned\":false},{\"name\":\"name\",\"type\":\"string\",\"args\":[],\"defaultTo\":null,\"notNullable\":false,\"unsigned\":false},{\"name\":\"created_at\",\"type\":\"datetime\",\"args\":[{\"useTz\":false,\"precision\":6}],\"defaultTo\":null,\"notNullable\":false,\"unsigned\":false},{\"name\":\"updated_at\",\"type\":\"datetime\",\"args\":[{\"useTz\":false,\"precision\":6}],\"defaultTo\":null,\"notNullable\":false,\"unsigned\":false},{\"name\":\"created_by_id\",\"type\":\"integer\",\"args\":[],\"defaultTo\":null,\"notNullable\":false,\"unsigned\":true},{\"name\":\"updated_by_id\",\"type\":\"integer\",\"args\":[],\"defaultTo\":null,\"notNullable\":false,\"unsigned\":true}]},{\"name\":\"authorizations\",\"indexes\":[{\"name\":\"authorizations_created_by_id_fk\",\"columns\":[\"created_by_id\"]},{\"name\":\"authorizations_updated_by_id_fk\",\"columns\":[\"updated_by_id\"]}],\"foreignKeys\":[{\"name\":\"authorizations_created_by_id_fk\",\"columns\":[\"created_by_id\"],\"referencedTable\":\"admin_users\",\"referencedColumns\":[\"id\"],\"onDelete\":\"SET NULL\"},{\"name\":\"authorizations_updated_by_id_fk\",\"columns\":[\"updated_by_id\"],\"referencedTable\":\"admin_users\",\"referencedColumns\":[\"id\"],\"onDelete\":\"SET NULL\"}],\"columns\":[{\"name\":\"id\",\"type\":\"increments\",\"args\":[{\"primary\":true,\"primaryKey\":true}],\"defaultTo\":null,\"notNullable\":true,\"unsigned\":false},{\"name\":\"name\",\"type\":\"string\",\"args\":[],\"defaultTo\":null,\"notNullable\":false,\"unsigned\":false},{\"name\":\"created_at\",\"type\":\"datetime\",\"args\":[{\"useTz\":false,\"precision\":6}],\"defaultTo\":null,\"notNullable\":false,\"unsigned\":false},{\"name\":\"updated_at\",\"type\":\"datetime\",\"args\":[{\"useTz\":false,\"precision\":6}],\"defaultTo\":null,\"notNullable\":false,\"unsigned\":false},{\"name\":\"created_by_id\",\"type\":\"integer\",\"args\":[],\"defaultTo\":null,\"notNullable\":false,\"unsigned\":true},{\"name\":\"updated_by_id\",\"type\":\"integer\",\"args\":[],\"defaultTo\":null,\"notNullable\":false,\"unsigned\":true}]},{\"name\":\"categories\",\"indexes\":[{\"name\":\"categories_created_by_id_fk\",\"columns\":[\"created_by_id\"]},{\"name\":\"categories_updated_by_id_fk\",\"columns\":[\"updated_by_id\"]}],\"foreignKeys\":[{\"name\":\"categories_created_by_id_fk\",\"columns\":[\"created_by_id\"],\"referencedTable\":\"admin_users\",\"referencedColumns\":[\"id\"],\"onDelete\":\"SET NULL\"},{\"name\":\"categories_updated_by_id_fk\",\"columns\":[\"updated_by_id\"],\"referencedTable\":\"admin_users\",\"referencedColumns\":[\"id\"],\"onDelete\":\"SET NULL\"}],\"columns\":[{\"name\":\"id\",\"type\":\"increments\",\"args\":[{\"primary\":true,\"primaryKey\":true}],\"defaultTo\":null,\"notNullable\":true,\"unsigned\":false},{\"name\":\"name\",\"type\":\"string\",\"args\":[],\"defaultTo\":null,\"notNullable\":false,\"unsigned\":false},{\"name\":\"demande\",\"type\":\"boolean\",\"args\":[],\"defaultTo\":null,\"notNullable\":false,\"unsigned\":false},{\"name\":\"created_at\",\"type\":\"datetime\",\"args\":[{\"useTz\":false,\"precision\":6}],\"defaultTo\":null,\"notNullable\":false,\"unsigned\":false},{\"name\":\"updated_at\",\"type\":\"datetime\",\"args\":[{\"useTz\":false,\"precision\":6}],\"defaultTo\":null,\"notNullable\":false,\"unsigned\":false},{\"name\":\"created_by_id\",\"type\":\"integer\",\"args\":[],\"defaultTo\":null,\"notNullable\":false,\"unsigned\":true},{\"name\":\"updated_by_id\",\"type\":\"integer\",\"args\":[],\"defaultTo\":null,\"notNullable\":false,\"unsigned\":true}]},{\"name\":\"certificates\",\"indexes\":[{\"name\":\"certificates_created_by_id_fk\",\"columns\":[\"created_by_id\"]},{\"name\":\"certificates_updated_by_id_fk\",\"columns\":[\"updated_by_id\"]}],\"foreignKeys\":[{\"name\":\"certificates_created_by_id_fk\",\"columns\":[\"created_by_id\"],\"referencedTable\":\"admin_users\",\"referencedColumns\":[\"id\"],\"onDelete\":\"SET NULL\"},{\"name\":\"certificates_updated_by_id_fk\",\"columns\":[\"updated_by_id\"],\"referencedTable\":\"admin_users\",\"referencedColumns\":[\"id\"],\"onDelete\":\"SET NULL\"}],\"columns\":[{\"name\":\"id\",\"type\":\"increments\",\"args\":[{\"primary\":true,\"primaryKey\":true}],\"defaultTo\":null,\"notNullable\":true,\"unsigned\":false},{\"name\":\"name\",\"type\":\"string\",\"args\":[],\"defaultTo\":null,\"notNullable\":false,\"unsigned\":false},{\"name\":\"created_at\",\"type\":\"datetime\",\"args\":[{\"useTz\":false,\"precision\":6}],\"defaultTo\":null,\"notNullable\":false,\"unsigned\":false},{\"name\":\"updated_at\",\"type\":\"datetime\",\"args\":[{\"useTz\":false,\"precision\":6}],\"defaultTo\":null,\"notNullable\":false,\"unsigned\":false},{\"name\":\"created_by_id\",\"type\":\"integer\",\"args\":[],\"defaultTo\":null,\"notNullable\":false,\"unsigned\":true},{\"name\":\"updated_by_id\",\"type\":\"integer\",\"args\":[],\"defaultTo\":null,\"notNullable\":false,\"unsigned\":true}]},{\"name\":\"client_contract_services\",\"indexes\":[{\"name\":\"client_contract_services_created_by_id_fk\",\"columns\":[\"created_by_id\"]},{\"name\":\"client_contract_services_updated_by_id_fk\",\"columns\":[\"updated_by_id\"]}],\"foreignKeys\":[{\"name\":\"client_contract_services_created_by_id_fk\",\"columns\":[\"created_by_id\"],\"referencedTable\":\"admin_users\",\"referencedColumns\":[\"id\"],\"onDelete\":\"SET NULL\"},{\"name\":\"client_contract_services_updated_by_id_fk\",\"columns\":[\"updated_by_id\"],\"referencedTable\":\"admin_users\",\"referencedColumns\":[\"id\"],\"onDelete\":\"SET NULL\"}],\"columns\":[{\"name\":\"id\",\"type\":\"increments\",\"args\":[{\"primary\":true,\"primaryKey\":true}],\"defaultTo\":null,\"notNullable\":true,\"unsigned\":false},{\"name\":\"name\",\"type\":\"string\",\"args\":[],\"defaultTo\":null,\"notNullable\":false,\"unsigned\":false},{\"name\":\"created_at\",\"type\":\"datetime\",\"args\":[{\"useTz\":false,\"precision\":6}],\"defaultTo\":null,\"notNullable\":false,\"unsigned\":false},{\"name\":\"updated_at\",\"type\":\"datetime\",\"args\":[{\"useTz\":false,\"precision\":6}],\"defaultTo\":null,\"notNullable\":false,\"unsigned\":false},{\"name\":\"published_at\",\"type\":\"datetime\",\"args\":[{\"useTz\":false,\"precision\":6}],\"defaultTo\":null,\"notNullable\":false,\"unsigned\":false},{\"name\":\"created_by_id\",\"type\":\"integer\",\"args\":[],\"defaultTo\":null,\"notNullable\":false,\"unsigned\":true},{\"name\":\"updated_by_id\",\"type\":\"integer\",\"args\":[],\"defaultTo\":null,\"notNullable\":false,\"unsigned\":true}]},{\"name\":\"coefficients\",\"indexes\":[{\"name\":\"coefficients_created_by_id_fk\",\"columns\":[\"created_by_id\"]},{\"name\":\"coefficients_updated_by_id_fk\",\"columns\":[\"updated_by_id\"]}],\"foreignKeys\":[{\"name\":\"coefficients_created_by_id_fk\",\"columns\":[\"created_by_id\"],\"referencedTable\":\"admin_users\",\"referencedColumns\":[\"id\"],\"onDelete\":\"SET NULL\"},{\"name\":\"coefficients_updated_by_id_fk\",\"columns\":[\"updated_by_id\"],\"referencedTable\":\"admin_users\",\"referencedColumns\":[\"id\"],\"onDelete\":\"SET NULL\"}],\"columns\":[{\"name\":\"id\",\"type\":\"increments\",\"args\":[{\"primary\":true,\"primaryKey\":true}],\"defaultTo\":null,\"notNullable\":true,\"unsigned\":false},{\"name\":\"name\",\"type\":\"string\",\"args\":[],\"defaultTo\":null,\"notNullable\":false,\"unsigned\":false},{\"name\":\"created_at\",\"type\":\"datetime\",\"args\":[{\"useTz\":false,\"precision\":6}],\"defaultTo\":null,\"notNullable\":false,\"unsigned\":false},{\"name\":\"updated_at\",\"type\":\"datetime\",\"args\":[{\"useTz\":false,\"precision\":6}],\"defaultTo\":null,\"notNullable\":false,\"unsigned\":false},{\"name\":\"created_by_id\",\"type\":\"integer\",\"args\":[],\"defaultTo\":null,\"notNullable\":false,\"unsigned\":true},{\"name\":\"updated_by_id\",\"type\":\"integer\",\"args\":[],\"defaultTo\":null,\"notNullable\":false,\"unsigned\":true}]},{\"name\":\"comments\",\"indexes\":[{\"name\":\"comments_created_by_id_fk\",\"columns\":[\"created_by_id\"]},{\"name\":\"comments_updated_by_id_fk\",\"columns\":[\"updated_by_id\"]}],\"foreignKeys\":[{\"name\":\"comments_created_by_id_fk\",\"columns\":[\"created_by_id\"],\"referencedTable\":\"admin_users\",\"referencedColumns\":[\"id\"],\"onDelete\":\"SET NULL\"},{\"name\":\"comments_updated_by_id_fk\",\"columns\":[\"updated_by_id\"],\"referencedTable\":\"admin_users\",\"referencedColumns\":[\"id\"],\"onDelete\":\"SET NULL\"}],\"columns\":[{\"name\":\"id\",\"type\":\"increments\",\"args\":[{\"primary\":true,\"primaryKey\":true}],\"defaultTo\":null,\"notNullable\":true,\"unsigned\":false},{\"name\":\"message\",\"type\":\"text\",\"args\":[\"longtext\"],\"defaultTo\":null,\"notNullable\":false,\"unsigned\":false},{\"name\":\"seen\",\"type\":\"boolean\",\"args\":[],\"defaultTo\":null,\"notNullable\":false,\"unsigned\":false},{\"name\":\"created_at\",\"type\":\"datetime\",\"args\":[{\"useTz\":false,\"precision\":6}],\"defaultTo\":null,\"notNullable\":false,\"unsigned\":false},{\"name\":\"updated_at\",\"type\":\"datetime\",\"args\":[{\"useTz\":false,\"precision\":6}],\"defaultTo\":null,\"notNullable\":false,\"unsigned\":false},{\"name\":\"created_by_id\",\"type\":\"integer\",\"args\":[],\"defaultTo\":null,\"notNullable\":false,\"unsigned\":true},{\"name\":\"updated_by_id\",\"type\":\"integer\",\"args\":[],\"defaultTo\":null,\"notNullable\":false,\"unsigned\":true}]},{\"name\":\"contracts\",\"indexes\":[{\"name\":\"contracts_created_by_id_fk\",\"columns\":[\"created_by_id\"]},{\"name\":\"contracts_updated_by_id_fk\",\"columns\":[\"updated_by_id\"]}],\"foreignKeys\":[{\"name\":\"contracts_created_by_id_fk\",\"columns\":[\"created_by_id\"],\"referencedTable\":\"admin_users\",\"referencedColumns\":[\"id\"],\"onDelete\":\"SET NULL\"},{\"name\":\"contracts_updated_by_id_fk\",\"columns\":[\"updated_by_id\"],\"referencedTable\":\"admin_users\",\"referencedColumns\":[\"id\"],\"onDelete\":\"SET NULL\"}],\"columns\":[{\"name\":\"id\",\"type\":\"increments\",\"args\":[{\"primary\":true,\"primaryKey\":true}],\"defaultTo\":null,\"notNullable\":true,\"unsigned\":false},{\"name\":\"name\",\"type\":\"string\",\"args\":[],\"defaultTo\":null,\"notNullable\":false,\"unsigned\":false},{\"name\":\"start_date\",\"type\":\"date\",\"args\":[],\"defaultTo\":null,\"notNullable\":false,\"unsigned\":false},{\"name\":\"end_date\",\"type\":\"date\",\"args\":[],\"defaultTo\":null,\"notNullable\":false,\"unsigned\":false},{\"name\":\"state\",\"type\":\"string\",\"args\":[],\"defaultTo\":null,\"notNullable\":false,\"unsigned\":false},{\"name\":\"billing\",\"type\":\"string\",\"args\":[],\"defaultTo\":null,\"notNullable\":false,\"unsigned\":false},{\"name\":\"total\",\"type\":\"decimal\",\"args\":[10,2],\"defaultTo\":null,\"notNullable\":false,\"unsigned\":false},{\"name\":\"communication_management\",\"type\":\"bigInteger\",\"args\":[],\"defaultTo\":null,\"notNullable\":false,\"unsigned\":false},{\"name\":\"intervention_hours\",\"type\":\"bigInteger\",\"args\":[],\"defaultTo\":null,\"notNullable\":false,\"unsigned\":false},{\"name\":\"social_reason\",\"type\":\"string\",\"args\":[],\"defaultTo\":null,\"notNullable\":false,\"unsigned\":false},{\"name\":\"mail_society\",\"type\":\"string\",\"args\":[],\"defaultTo\":null,\"notNullable\":false,\"unsigned\":false},{\"name\":\"phone_society\",\"type\":\"string\",\"args\":[],\"defaultTo\":null,\"notNullable\":false,\"unsigned\":false},{\"name\":\"address_society\",\"type\":\"string\",\"args\":[],\"defaultTo\":null,\"notNullable\":false,\"unsigned\":false},{\"name\":\"zip_code_society\",\"type\":\"string\",\"args\":[],\"defaultTo\":null,\"notNullable\":false,\"unsigned\":false},{\"name\":\"city_society\",\"type\":\"string\",\"args\":[],\"defaultTo\":null,\"notNullable\":false,\"unsigned\":false},{\"name\":\"astreinte\",\"type\":\"string\",\"args\":[],\"defaultTo\":null,\"notNullable\":false,\"unsigned\":false},{\"name\":\"firstname\",\"type\":\"string\",\"args\":[],\"defaultTo\":null,\"notNullable\":false,\"unsigned\":false},{\"name\":\"lastname\",\"type\":\"string\",\"args\":[],\"defaultTo\":null,\"notNullable\":false,\"unsigned\":false},{\"name\":\"mail\",\"type\":\"string\",\"args\":[],\"defaultTo\":null,\"notNullable\":false,\"unsigned\":false},{\"name\":\"phone\",\"type\":\"string\",\"args\":[],\"defaultTo\":null,\"notNullable\":false,\"unsigned\":false},{\"name\":\"contact_firt\",\"type\":\"string\",\"args\":[],\"defaultTo\":null,\"notNullable\":false,\"unsigned\":false},{\"name\":\"contact_second\",\"type\":\"string\",\"args\":[],\"defaultTo\":null,\"notNullable\":false,\"unsigned\":false},{\"name\":\"reference\",\"type\":\"string\",\"args\":[],\"defaultTo\":null,\"notNullable\":false,\"unsigned\":false},{\"name\":\"object\",\"type\":\"string\",\"args\":[],\"defaultTo\":null,\"notNullable\":false,\"unsigned\":false},{\"name\":\"activity\",\"type\":\"string\",\"args\":[],\"defaultTo\":null,\"notNullable\":false,\"unsigned\":false},{\"name\":\"deadline\",\"type\":\"date\",\"args\":[],\"defaultTo\":null,\"notNullable\":false,\"unsigned\":false},{\"name\":\"annual_solicitation_price\",\"type\":\"decimal\",\"args\":[10,2],\"defaultTo\":null,\"notNullable\":false,\"unsigned\":false},{\"name\":\"annual_travel_price\",\"type\":\"decimal\",\"args\":[10,2],\"defaultTo\":null,\"notNullable\":false,\"unsigned\":false},{\"name\":\"annual_hours_out_contract\",\"type\":\"bigInteger\",\"args\":[],\"defaultTo\":null,\"notNullable\":false,\"unsigned\":false},{\"name\":\"duration\",\"type\":\"string\",\"args\":[],\"defaultTo\":null,\"notNullable\":false,\"unsigned\":false},{\"name\":\"address\",\"type\":\"string\",\"args\":[],\"defaultTo\":null,\"notNullable\":false,\"unsigned\":false},{\"name\":\"zip_code\",\"type\":\"string\",\"args\":[],\"defaultTo\":null,\"notNullable\":false,\"unsigned\":false},{\"name\":\"city\",\"type\":\"string\",\"args\":[],\"defaultTo\":null,\"notNullable\":false,\"unsigned\":false},{\"name\":\"date_of_birth\",\"type\":\"string\",\"args\":[],\"defaultTo\":null,\"notNullable\":false,\"unsigned\":false},{\"name\":\"secu_number\",\"type\":\"string\",\"args\":[],\"defaultTo\":null,\"notNullable\":false,\"unsigned\":false},{\"name\":\"mail_pro\",\"type\":\"string\",\"args\":[],\"defaultTo\":null,\"notNullable\":false,\"unsigned\":false},{\"name\":\"phone_pro\",\"type\":\"string\",\"args\":[],\"defaultTo\":null,\"notNullable\":false,\"unsigned\":false},{\"name\":\"hours_worked\",\"type\":\"string\",\"args\":[],\"defaultTo\":null,\"notNullable\":false,\"unsigned\":false},{\"name\":\"annual_hours\",\"type\":\"decimal\",\"args\":[10,2],\"defaultTo\":null,\"notNullable\":false,\"unsigned\":false},{\"name\":\"created_at\",\"type\":\"datetime\",\"args\":[{\"useTz\":false,\"precision\":6}],\"defaultTo\":null,\"notNullable\":false,\"unsigned\":false},{\"name\":\"updated_at\",\"type\":\"datetime\",\"args\":[{\"useTz\":false,\"precision\":6}],\"defaultTo\":null,\"notNullable\":false,\"unsigned\":false},{\"name\":\"created_by_id\",\"type\":\"integer\",\"args\":[],\"defaultTo\":null,\"notNullable\":false,\"unsigned\":true},{\"name\":\"updated_by_id\",\"type\":\"integer\",\"args\":[],\"defaultTo\":null,\"notNullable\":false,\"unsigned\":true}]},{\"name\":\"days_workeds\",\"indexes\":[{\"name\":\"days_workeds_created_by_id_fk\",\"columns\":[\"created_by_id\"]},{\"name\":\"days_workeds_updated_by_id_fk\",\"columns\":[\"updated_by_id\"]}],\"foreignKeys\":[{\"name\":\"days_workeds_created_by_id_fk\",\"columns\":[\"created_by_id\"],\"referencedTable\":\"admin_users\",\"referencedColumns\":[\"id\"],\"onDelete\":\"SET NULL\"},{\"name\":\"days_workeds_updated_by_id_fk\",\"columns\":[\"updated_by_id\"],\"referencedTable\":\"admin_users\",\"referencedColumns\":[\"id\"],\"onDelete\":\"SET NULL\"}],\"columns\":[{\"name\":\"id\",\"type\":\"increments\",\"args\":[{\"primary\":true,\"primaryKey\":true}],\"defaultTo\":null,\"notNullable\":true,\"unsigned\":false},{\"name\":\"name\",\"type\":\"string\",\"args\":[],\"defaultTo\":null,\"notNullable\":false,\"unsigned\":false},{\"name\":\"created_at\",\"type\":\"datetime\",\"args\":[{\"useTz\":false,\"precision\":6}],\"defaultTo\":null,\"notNullable\":false,\"unsigned\":false},{\"name\":\"updated_at\",\"type\":\"datetime\",\"args\":[{\"useTz\":false,\"precision\":6}],\"defaultTo\":null,\"notNullable\":false,\"unsigned\":false},{\"name\":\"created_by_id\",\"type\":\"integer\",\"args\":[],\"defaultTo\":null,\"notNullable\":false,\"unsigned\":true},{\"name\":\"updated_by_id\",\"type\":\"integer\",\"args\":[],\"defaultTo\":null,\"notNullable\":false,\"unsigned\":true}]},{\"name\":\"employee_contracts\",\"indexes\":[{\"name\":\"employee_contracts_created_by_id_fk\",\"columns\":[\"created_by_id\"]},{\"name\":\"employee_contracts_updated_by_id_fk\",\"columns\":[\"updated_by_id\"]}],\"foreignKeys\":[{\"name\":\"employee_contracts_created_by_id_fk\",\"columns\":[\"created_by_id\"],\"referencedTable\":\"admin_users\",\"referencedColumns\":[\"id\"],\"onDelete\":\"SET NULL\"},{\"name\":\"employee_contracts_updated_by_id_fk\",\"columns\":[\"updated_by_id\"],\"referencedTable\":\"admin_users\",\"referencedColumns\":[\"id\"],\"onDelete\":\"SET NULL\"}],\"columns\":[{\"name\":\"id\",\"type\":\"increments\",\"args\":[{\"primary\":true,\"primaryKey\":true}],\"defaultTo\":null,\"notNullable\":true,\"unsigned\":false},{\"name\":\"lastname\",\"type\":\"string\",\"args\":[],\"defaultTo\":null,\"notNullable\":false,\"unsigned\":false},{\"name\":\"firstname\",\"type\":\"string\",\"args\":[],\"defaultTo\":null,\"notNullable\":false,\"unsigned\":false},{\"name\":\"birth_date\",\"type\":\"date\",\"args\":[],\"defaultTo\":null,\"notNullable\":false,\"unsigned\":false},{\"name\":\"social_security_number\",\"type\":\"string\",\"args\":[],\"defaultTo\":null,\"notNullable\":false,\"unsigned\":false},{\"name\":\"address\",\"type\":\"string\",\"args\":[],\"defaultTo\":null,\"notNullable\":false,\"unsigned\":false},{\"name\":\"zip_code\",\"type\":\"string\",\"args\":[],\"defaultTo\":null,\"notNullable\":false,\"unsigned\":false},{\"name\":\"city\",\"type\":\"string\",\"args\":[],\"defaultTo\":null,\"notNullable\":false,\"unsigned\":false},{\"name\":\"personal_mail\",\"type\":\"string\",\"args\":[],\"defaultTo\":null,\"notNullable\":false,\"unsigned\":false},{\"name\":\"professional_mail\",\"type\":\"string\",\"args\":[],\"defaultTo\":null,\"notNullable\":false,\"unsigned\":false},{\"name\":\"personal_phone\",\"type\":\"string\",\"args\":[],\"defaultTo\":null,\"notNullable\":false,\"unsigned\":false},{\"name\":\"professional_phone\",\"type\":\"string\",\"args\":[],\"defaultTo\":null,\"notNullable\":false,\"unsigned\":false},{\"name\":\"start_date\",\"type\":\"date\",\"args\":[],\"defaultTo\":null,\"notNullable\":false,\"unsigned\":false},{\"name\":\"end_date\",\"type\":\"date\",\"args\":[],\"defaultTo\":null,\"notNullable\":false,\"unsigned\":false},{\"name\":\"state\",\"type\":\"string\",\"args\":[],\"defaultTo\":null,\"notNullable\":false,\"unsigned\":false},{\"name\":\"hours_worked\",\"type\":\"integer\",\"args\":[],\"defaultTo\":null,\"notNullable\":false,\"unsigned\":false},{\"name\":\"created_at\",\"type\":\"datetime\",\"args\":[{\"useTz\":false,\"precision\":6}],\"defaultTo\":null,\"notNullable\":false,\"unsigned\":false},{\"name\":\"updated_at\",\"type\":\"datetime\",\"args\":[{\"useTz\":false,\"precision\":6}],\"defaultTo\":null,\"notNullable\":false,\"unsigned\":false},{\"name\":\"published_at\",\"type\":\"datetime\",\"args\":[{\"useTz\":false,\"precision\":6}],\"defaultTo\":null,\"notNullable\":false,\"unsigned\":false},{\"name\":\"created_by_id\",\"type\":\"integer\",\"args\":[],\"defaultTo\":null,\"notNullable\":false,\"unsigned\":true},{\"name\":\"updated_by_id\",\"type\":\"integer\",\"args\":[],\"defaultTo\":null,\"notNullable\":false,\"unsigned\":true}]},{\"name\":\"employee_contract_services\",\"indexes\":[{\"name\":\"employee_contract_services_created_by_id_fk\",\"columns\":[\"created_by_id\"]},{\"name\":\"employee_contract_services_updated_by_id_fk\",\"columns\":[\"updated_by_id\"]}],\"foreignKeys\":[{\"name\":\"employee_contract_services_created_by_id_fk\",\"columns\":[\"created_by_id\"],\"referencedTable\":\"admin_users\",\"referencedColumns\":[\"id\"],\"onDelete\":\"SET NULL\"},{\"name\":\"employee_contract_services_updated_by_id_fk\",\"columns\":[\"updated_by_id\"],\"referencedTable\":\"admin_users\",\"referencedColumns\":[\"id\"],\"onDelete\":\"SET NULL\"}],\"columns\":[{\"name\":\"id\",\"type\":\"increments\",\"args\":[{\"primary\":true,\"primaryKey\":true}],\"defaultTo\":null,\"notNullable\":true,\"unsigned\":false},{\"name\":\"name\",\"type\":\"string\",\"args\":[],\"defaultTo\":null,\"notNullable\":false,\"unsigned\":false},{\"name\":\"created_at\",\"type\":\"datetime\",\"args\":[{\"useTz\":false,\"precision\":6}],\"defaultTo\":null,\"notNullable\":false,\"unsigned\":false},{\"name\":\"updated_at\",\"type\":\"datetime\",\"args\":[{\"useTz\":false,\"precision\":6}],\"defaultTo\":null,\"notNullable\":false,\"unsigned\":false},{\"name\":\"published_at\",\"type\":\"datetime\",\"args\":[{\"useTz\":false,\"precision\":6}],\"defaultTo\":null,\"notNullable\":false,\"unsigned\":false},{\"name\":\"created_by_id\",\"type\":\"integer\",\"args\":[],\"defaultTo\":null,\"notNullable\":false,\"unsigned\":true},{\"name\":\"updated_by_id\",\"type\":\"integer\",\"args\":[],\"defaultTo\":null,\"notNullable\":false,\"unsigned\":true}]},{\"name\":\"equipment_of_sites\",\"indexes\":[{\"name\":\"equipment_of_sites_created_by_id_fk\",\"columns\":[\"created_by_id\"]},{\"name\":\"equipment_of_sites_updated_by_id_fk\",\"columns\":[\"updated_by_id\"]}],\"foreignKeys\":[{\"name\":\"equipment_of_sites_created_by_id_fk\",\"columns\":[\"created_by_id\"],\"referencedTable\":\"admin_users\",\"referencedColumns\":[\"id\"],\"onDelete\":\"SET NULL\"},{\"name\":\"equipment_of_sites_updated_by_id_fk\",\"columns\":[\"updated_by_id\"],\"referencedTable\":\"admin_users\",\"referencedColumns\":[\"id\"],\"onDelete\":\"SET NULL\"}],\"columns\":[{\"name\":\"id\",\"type\":\"increments\",\"args\":[{\"primary\":true,\"primaryKey\":true}],\"defaultTo\":null,\"notNullable\":true,\"unsigned\":false},{\"name\":\"title\",\"type\":\"string\",\"args\":[],\"defaultTo\":null,\"notNullable\":false,\"unsigned\":false},{\"name\":\"created_at\",\"type\":\"datetime\",\"args\":[{\"useTz\":false,\"precision\":6}],\"defaultTo\":null,\"notNullable\":false,\"unsigned\":false},{\"name\":\"updated_at\",\"type\":\"datetime\",\"args\":[{\"useTz\":false,\"precision\":6}],\"defaultTo\":null,\"notNullable\":false,\"unsigned\":false},{\"name\":\"published_at\",\"type\":\"datetime\",\"args\":[{\"useTz\":false,\"precision\":6}],\"defaultTo\":null,\"notNullable\":false,\"unsigned\":false},{\"name\":\"created_by_id\",\"type\":\"integer\",\"args\":[],\"defaultTo\":null,\"notNullable\":false,\"unsigned\":true},{\"name\":\"updated_by_id\",\"type\":\"integer\",\"args\":[],\"defaultTo\":null,\"notNullable\":false,\"unsigned\":true}]},{\"name\":\"expenses_contents\",\"indexes\":[{\"name\":\"expenses_contents_created_by_id_fk\",\"columns\":[\"created_by_id\"]},{\"name\":\"expenses_contents_updated_by_id_fk\",\"columns\":[\"updated_by_id\"]}],\"foreignKeys\":[{\"name\":\"expenses_contents_created_by_id_fk\",\"columns\":[\"created_by_id\"],\"referencedTable\":\"admin_users\",\"referencedColumns\":[\"id\"],\"onDelete\":\"SET NULL\"},{\"name\":\"expenses_contents_updated_by_id_fk\",\"columns\":[\"updated_by_id\"],\"referencedTable\":\"admin_users\",\"referencedColumns\":[\"id\"],\"onDelete\":\"SET NULL\"}],\"columns\":[{\"name\":\"id\",\"type\":\"increments\",\"args\":[{\"primary\":true,\"primaryKey\":true}],\"defaultTo\":null,\"notNullable\":true,\"unsigned\":false},{\"name\":\"date\",\"type\":\"date\",\"args\":[],\"defaultTo\":null,\"notNullable\":false,\"unsigned\":false},{\"name\":\"category\",\"type\":\"string\",\"args\":[],\"defaultTo\":null,\"notNullable\":false,\"unsigned\":false},{\"name\":\"description\",\"type\":\"string\",\"args\":[],\"defaultTo\":null,\"notNullable\":false,\"unsigned\":false},{\"name\":\"amount\",\"type\":\"decimal\",\"args\":[10,2],\"defaultTo\":null,\"notNullable\":false,\"unsigned\":false},{\"name\":\"vat\",\"type\":\"decimal\",\"args\":[10,2],\"defaultTo\":null,\"notNullable\":false,\"unsigned\":false},{\"name\":\"created_at\",\"type\":\"datetime\",\"args\":[{\"useTz\":false,\"precision\":6}],\"defaultTo\":null,\"notNullable\":false,\"unsigned\":false},{\"name\":\"updated_at\",\"type\":\"datetime\",\"args\":[{\"useTz\":false,\"precision\":6}],\"defaultTo\":null,\"notNullable\":false,\"unsigned\":false},{\"name\":\"published_at\",\"type\":\"datetime\",\"args\":[{\"useTz\":false,\"precision\":6}],\"defaultTo\":null,\"notNullable\":false,\"unsigned\":false},{\"name\":\"created_by_id\",\"type\":\"integer\",\"args\":[],\"defaultTo\":null,\"notNullable\":false,\"unsigned\":true},{\"name\":\"updated_by_id\",\"type\":\"integer\",\"args\":[],\"defaultTo\":null,\"notNullable\":false,\"unsigned\":true}]},{\"name\":\"expenses_types\",\"indexes\":[{\"name\":\"expenses_types_created_by_id_fk\",\"columns\":[\"created_by_id\"]},{\"name\":\"expenses_types_updated_by_id_fk\",\"columns\":[\"updated_by_id\"]}],\"foreignKeys\":[{\"name\":\"expenses_types_created_by_id_fk\",\"columns\":[\"created_by_id\"],\"referencedTable\":\"admin_users\",\"referencedColumns\":[\"id\"],\"onDelete\":\"SET NULL\"},{\"name\":\"expenses_types_updated_by_id_fk\",\"columns\":[\"updated_by_id\"],\"referencedTable\":\"admin_users\",\"referencedColumns\":[\"id\"],\"onDelete\":\"SET NULL\"}],\"columns\":[{\"name\":\"id\",\"type\":\"increments\",\"args\":[{\"primary\":true,\"primaryKey\":true}],\"defaultTo\":null,\"notNullable\":true,\"unsigned\":false},{\"name\":\"name\",\"type\":\"string\",\"args\":[],\"defaultTo\":null,\"notNullable\":false,\"unsigned\":false},{\"name\":\"created_at\",\"type\":\"datetime\",\"args\":[{\"useTz\":false,\"precision\":6}],\"defaultTo\":null,\"notNullable\":false,\"unsigned\":false},{\"name\":\"updated_at\",\"type\":\"datetime\",\"args\":[{\"useTz\":false,\"precision\":6}],\"defaultTo\":null,\"notNullable\":false,\"unsigned\":false},{\"name\":\"published_at\",\"type\":\"datetime\",\"args\":[{\"useTz\":false,\"precision\":6}],\"defaultTo\":null,\"notNullable\":false,\"unsigned\":false},{\"name\":\"created_by_id\",\"type\":\"integer\",\"args\":[],\"defaultTo\":null,\"notNullable\":false,\"unsigned\":true},{\"name\":\"updated_by_id\",\"type\":\"integer\",\"args\":[],\"defaultTo\":null,\"notNullable\":false,\"unsigned\":true}]},{\"name\":\"fluids\",\"indexes\":[{\"name\":\"fluids_created_by_id_fk\",\"columns\":[\"created_by_id\"]},{\"name\":\"fluids_updated_by_id_fk\",\"columns\":[\"updated_by_id\"]}],\"foreignKeys\":[{\"name\":\"fluids_created_by_id_fk\",\"columns\":[\"created_by_id\"],\"referencedTable\":\"admin_users\",\"referencedColumns\":[\"id\"],\"onDelete\":\"SET NULL\"},{\"name\":\"fluids_updated_by_id_fk\",\"columns\":[\"updated_by_id\"],\"referencedTable\":\"admin_users\",\"referencedColumns\":[\"id\"],\"onDelete\":\"SET NULL\"}],\"columns\":[{\"name\":\"id\",\"type\":\"increments\",\"args\":[{\"primary\":true,\"primaryKey\":true}],\"defaultTo\":null,\"notNullable\":true,\"unsigned\":false},{\"name\":\"title\",\"type\":\"string\",\"args\":[],\"defaultTo\":null,\"notNullable\":false,\"unsigned\":false},{\"name\":\"created_at\",\"type\":\"datetime\",\"args\":[{\"useTz\":false,\"precision\":6}],\"defaultTo\":null,\"notNullable\":false,\"unsigned\":false},{\"name\":\"updated_at\",\"type\":\"datetime\",\"args\":[{\"useTz\":false,\"precision\":6}],\"defaultTo\":null,\"notNullable\":false,\"unsigned\":false},{\"name\":\"published_at\",\"type\":\"datetime\",\"args\":[{\"useTz\":false,\"precision\":6}],\"defaultTo\":null,\"notNullable\":false,\"unsigned\":false},{\"name\":\"created_by_id\",\"type\":\"integer\",\"args\":[],\"defaultTo\":null,\"notNullable\":false,\"unsigned\":true},{\"name\":\"updated_by_id\",\"type\":\"integer\",\"args\":[],\"defaultTo\":null,\"notNullable\":false,\"unsigned\":true}]},{\"name\":\"frais\",\"indexes\":[{\"name\":\"frais_created_by_id_fk\",\"columns\":[\"created_by_id\"]},{\"name\":\"frais_updated_by_id_fk\",\"columns\":[\"updated_by_id\"]}],\"foreignKeys\":[{\"name\":\"frais_created_by_id_fk\",\"columns\":[\"created_by_id\"],\"referencedTable\":\"admin_users\",\"referencedColumns\":[\"id\"],\"onDelete\":\"SET NULL\"},{\"name\":\"frais_updated_by_id_fk\",\"columns\":[\"updated_by_id\"],\"referencedTable\":\"admin_users\",\"referencedColumns\":[\"id\"],\"onDelete\":\"SET NULL\"}],\"columns\":[{\"name\":\"id\",\"type\":\"increments\",\"args\":[{\"primary\":true,\"primaryKey\":true}],\"defaultTo\":null,\"notNullable\":true,\"unsigned\":false},{\"name\":\"name\",\"type\":\"string\",\"args\":[],\"defaultTo\":null,\"notNullable\":false,\"unsigned\":false},{\"name\":\"amount\",\"type\":\"decimal\",\"args\":[10,2],\"defaultTo\":null,\"notNullable\":false,\"unsigned\":false},{\"name\":\"state\",\"type\":\"string\",\"args\":[],\"defaultTo\":null,\"notNullable\":false,\"unsigned\":false},{\"name\":\"firstname\",\"type\":\"string\",\"args\":[],\"defaultTo\":null,\"notNullable\":false,\"unsigned\":false},{\"name\":\"lastname\",\"type\":\"string\",\"args\":[],\"defaultTo\":null,\"notNullable\":false,\"unsigned\":false},{\"name\":\"created_at\",\"type\":\"datetime\",\"args\":[{\"useTz\":false,\"precision\":6}],\"defaultTo\":null,\"notNullable\":false,\"unsigned\":false},{\"name\":\"updated_at\",\"type\":\"datetime\",\"args\":[{\"useTz\":false,\"precision\":6}],\"defaultTo\":null,\"notNullable\":false,\"unsigned\":false},{\"name\":\"published_at\",\"type\":\"datetime\",\"args\":[{\"useTz\":false,\"precision\":6}],\"defaultTo\":null,\"notNullable\":false,\"unsigned\":false},{\"name\":\"created_by_id\",\"type\":\"integer\",\"args\":[],\"defaultTo\":null,\"notNullable\":false,\"unsigned\":true},{\"name\":\"updated_by_id\",\"type\":\"integer\",\"args\":[],\"defaultTo\":null,\"notNullable\":false,\"unsigned\":true}]},{\"name\":\"functions\",\"indexes\":[{\"name\":\"functions_created_by_id_fk\",\"columns\":[\"created_by_id\"]},{\"name\":\"functions_updated_by_id_fk\",\"columns\":[\"updated_by_id\"]}],\"foreignKeys\":[{\"name\":\"functions_created_by_id_fk\",\"columns\":[\"created_by_id\"],\"referencedTable\":\"admin_users\",\"referencedColumns\":[\"id\"],\"onDelete\":\"SET NULL\"},{\"name\":\"functions_updated_by_id_fk\",\"columns\":[\"updated_by_id\"],\"referencedTable\":\"admin_users\",\"referencedColumns\":[\"id\"],\"onDelete\":\"SET NULL\"}],\"columns\":[{\"name\":\"id\",\"type\":\"increments\",\"args\":[{\"primary\":true,\"primaryKey\":true}],\"defaultTo\":null,\"notNullable\":true,\"unsigned\":false},{\"name\":\"name\",\"type\":\"string\",\"args\":[],\"defaultTo\":null,\"notNullable\":false,\"unsigned\":false},{\"name\":\"created_at\",\"type\":\"datetime\",\"args\":[{\"useTz\":false,\"precision\":6}],\"defaultTo\":null,\"notNullable\":false,\"unsigned\":false},{\"name\":\"updated_at\",\"type\":\"datetime\",\"args\":[{\"useTz\":false,\"precision\":6}],\"defaultTo\":null,\"notNullable\":false,\"unsigned\":false},{\"name\":\"created_by_id\",\"type\":\"integer\",\"args\":[],\"defaultTo\":null,\"notNullable\":false,\"unsigned\":true},{\"name\":\"updated_by_id\",\"type\":\"integer\",\"args\":[],\"defaultTo\":null,\"notNullable\":false,\"unsigned\":true}]},{\"name\":\"individuals\",\"indexes\":[{\"name\":\"individuals_created_by_id_fk\",\"columns\":[\"created_by_id\"]},{\"name\":\"individuals_updated_by_id_fk\",\"columns\":[\"updated_by_id\"]}],\"foreignKeys\":[{\"name\":\"individuals_created_by_id_fk\",\"columns\":[\"created_by_id\"],\"referencedTable\":\"admin_users\",\"referencedColumns\":[\"id\"],\"onDelete\":\"SET NULL\"},{\"name\":\"individuals_updated_by_id_fk\",\"columns\":[\"updated_by_id\"],\"referencedTable\":\"admin_users\",\"referencedColumns\":[\"id\"],\"onDelete\":\"SET NULL\"}],\"columns\":[{\"name\":\"id\",\"type\":\"increments\",\"args\":[{\"primary\":true,\"primaryKey\":true}],\"defaultTo\":null,\"notNullable\":true,\"unsigned\":false},{\"name\":\"firstname\",\"type\":\"string\",\"args\":[],\"defaultTo\":null,\"notNullable\":false,\"unsigned\":false},{\"name\":\"lastname\",\"type\":\"string\",\"args\":[],\"defaultTo\":null,\"notNullable\":false,\"unsigned\":false},{\"name\":\"mail\",\"type\":\"string\",\"args\":[],\"defaultTo\":null,\"notNullable\":false,\"unsigned\":false},{\"name\":\"phone\",\"type\":\"string\",\"args\":[],\"defaultTo\":null,\"notNullable\":false,\"unsigned\":false},{\"name\":\"from_qrcode\",\"type\":\"boolean\",\"args\":[],\"defaultTo\":null,\"notNullable\":false,\"unsigned\":false},{\"name\":\"created_at\",\"type\":\"datetime\",\"args\":[{\"useTz\":false,\"precision\":6}],\"defaultTo\":null,\"notNullable\":false,\"unsigned\":false},{\"name\":\"updated_at\",\"type\":\"datetime\",\"args\":[{\"useTz\":false,\"precision\":6}],\"defaultTo\":null,\"notNullable\":false,\"unsigned\":false},{\"name\":\"created_by_id\",\"type\":\"integer\",\"args\":[],\"defaultTo\":null,\"notNullable\":false,\"unsigned\":true},{\"name\":\"updated_by_id\",\"type\":\"integer\",\"args\":[],\"defaultTo\":null,\"notNullable\":false,\"unsigned\":true}]},{\"name\":\"interventions\",\"indexes\":[{\"name\":\"interventions_created_by_id_fk\",\"columns\":[\"created_by_id\"]},{\"name\":\"interventions_updated_by_id_fk\",\"columns\":[\"updated_by_id\"]}],\"foreignKeys\":[{\"name\":\"interventions_created_by_id_fk\",\"columns\":[\"created_by_id\"],\"referencedTable\":\"admin_users\",\"referencedColumns\":[\"id\"],\"onDelete\":\"SET NULL\"},{\"name\":\"interventions_updated_by_id_fk\",\"columns\":[\"updated_by_id\"],\"referencedTable\":\"admin_users\",\"referencedColumns\":[\"id\"],\"onDelete\":\"SET NULL\"}],\"columns\":[{\"name\":\"id\",\"type\":\"increments\",\"args\":[{\"primary\":true,\"primaryKey\":true}],\"defaultTo\":null,\"notNullable\":true,\"unsigned\":false},{\"name\":\"description\",\"type\":\"string\",\"args\":[],\"defaultTo\":null,\"notNullable\":false,\"unsigned\":false},{\"name\":\"state\",\"type\":\"string\",\"args\":[],\"defaultTo\":null,\"notNullable\":false,\"unsigned\":false},{\"name\":\"start_date\",\"type\":\"datetime\",\"args\":[{\"useTz\":false,\"precision\":6}],\"defaultTo\":null,\"notNullable\":false,\"unsigned\":false},{\"name\":\"end_date\",\"type\":\"datetime\",\"args\":[{\"useTz\":false,\"precision\":6}],\"defaultTo\":null,\"notNullable\":false,\"unsigned\":false},{\"name\":\"created_at\",\"type\":\"datetime\",\"args\":[{\"useTz\":false,\"precision\":6}],\"defaultTo\":null,\"notNullable\":false,\"unsigned\":false},{\"name\":\"updated_at\",\"type\":\"datetime\",\"args\":[{\"useTz\":false,\"precision\":6}],\"defaultTo\":null,\"notNullable\":false,\"unsigned\":false},{\"name\":\"created_by_id\",\"type\":\"integer\",\"args\":[],\"defaultTo\":null,\"notNullable\":false,\"unsigned\":true},{\"name\":\"updated_by_id\",\"type\":\"integer\",\"args\":[],\"defaultTo\":null,\"notNullable\":false,\"unsigned\":true}]},{\"name\":\"issuers_roles\",\"indexes\":[{\"name\":\"issuers_roles_created_by_id_fk\",\"columns\":[\"created_by_id\"]},{\"name\":\"issuers_roles_updated_by_id_fk\",\"columns\":[\"updated_by_id\"]}],\"foreignKeys\":[{\"name\":\"issuers_roles_created_by_id_fk\",\"columns\":[\"created_by_id\"],\"referencedTable\":\"admin_users\",\"referencedColumns\":[\"id\"],\"onDelete\":\"SET NULL\"},{\"name\":\"issuers_roles_updated_by_id_fk\",\"columns\":[\"updated_by_id\"],\"referencedTable\":\"admin_users\",\"referencedColumns\":[\"id\"],\"onDelete\":\"SET NULL\"}],\"columns\":[{\"name\":\"id\",\"type\":\"increments\",\"args\":[{\"primary\":true,\"primaryKey\":true}],\"defaultTo\":null,\"notNullable\":true,\"unsigned\":false},{\"name\":\"name\",\"type\":\"string\",\"args\":[],\"defaultTo\":null,\"notNullable\":false,\"unsigned\":false},{\"name\":\"created_at\",\"type\":\"datetime\",\"args\":[{\"useTz\":false,\"precision\":6}],\"defaultTo\":null,\"notNullable\":false,\"unsigned\":false},{\"name\":\"updated_at\",\"type\":\"datetime\",\"args\":[{\"useTz\":false,\"precision\":6}],\"defaultTo\":null,\"notNullable\":false,\"unsigned\":false},{\"name\":\"created_by_id\",\"type\":\"integer\",\"args\":[],\"defaultTo\":null,\"notNullable\":false,\"unsigned\":true},{\"name\":\"updated_by_id\",\"type\":\"integer\",\"args\":[],\"defaultTo\":null,\"notNullable\":false,\"unsigned\":true}]},{\"name\":\"jobs\",\"indexes\":[{\"name\":\"jobs_created_by_id_fk\",\"columns\":[\"created_by_id\"]},{\"name\":\"jobs_updated_by_id_fk\",\"columns\":[\"updated_by_id\"]}],\"foreignKeys\":[{\"name\":\"jobs_created_by_id_fk\",\"columns\":[\"created_by_id\"],\"referencedTable\":\"admin_users\",\"referencedColumns\":[\"id\"],\"onDelete\":\"SET NULL\"},{\"name\":\"jobs_updated_by_id_fk\",\"columns\":[\"updated_by_id\"],\"referencedTable\":\"admin_users\",\"referencedColumns\":[\"id\"],\"onDelete\":\"SET NULL\"}],\"columns\":[{\"name\":\"id\",\"type\":\"increments\",\"args\":[{\"primary\":true,\"primaryKey\":true}],\"defaultTo\":null,\"notNullable\":true,\"unsigned\":false},{\"name\":\"name\",\"type\":\"string\",\"args\":[],\"defaultTo\":null,\"notNullable\":false,\"unsigned\":false},{\"name\":\"created_at\",\"type\":\"datetime\",\"args\":[{\"useTz\":false,\"precision\":6}],\"defaultTo\":null,\"notNullable\":false,\"unsigned\":false},{\"name\":\"updated_at\",\"type\":\"datetime\",\"args\":[{\"useTz\":false,\"precision\":6}],\"defaultTo\":null,\"notNullable\":false,\"unsigned\":false},{\"name\":\"published_at\",\"type\":\"datetime\",\"args\":[{\"useTz\":false,\"precision\":6}],\"defaultTo\":null,\"notNullable\":false,\"unsigned\":false},{\"name\":\"created_by_id\",\"type\":\"integer\",\"args\":[],\"defaultTo\":null,\"notNullable\":false,\"unsigned\":true},{\"name\":\"updated_by_id\",\"type\":\"integer\",\"args\":[],\"defaultTo\":null,\"notNullable\":false,\"unsigned\":true}]},{\"name\":\"medias\",\"indexes\":[{\"name\":\"medias_created_by_id_fk\",\"columns\":[\"created_by_id\"]},{\"name\":\"medias_updated_by_id_fk\",\"columns\":[\"updated_by_id\"]}],\"foreignKeys\":[{\"name\":\"medias_created_by_id_fk\",\"columns\":[\"created_by_id\"],\"referencedTable\":\"admin_users\",\"referencedColumns\":[\"id\"],\"onDelete\":\"SET NULL\"},{\"name\":\"medias_updated_by_id_fk\",\"columns\":[\"updated_by_id\"],\"referencedTable\":\"admin_users\",\"referencedColumns\":[\"id\"],\"onDelete\":\"SET NULL\"}],\"columns\":[{\"name\":\"id\",\"type\":\"increments\",\"args\":[{\"primary\":true,\"primaryKey\":true}],\"defaultTo\":null,\"notNullable\":true,\"unsigned\":false},{\"name\":\"name\",\"type\":\"string\",\"args\":[],\"defaultTo\":null,\"notNullable\":false,\"unsigned\":false},{\"name\":\"created_at\",\"type\":\"datetime\",\"args\":[{\"useTz\":false,\"precision\":6}],\"defaultTo\":null,\"notNullable\":false,\"unsigned\":false},{\"name\":\"updated_at\",\"type\":\"datetime\",\"args\":[{\"useTz\":false,\"precision\":6}],\"defaultTo\":null,\"notNullable\":false,\"unsigned\":false},{\"name\":\"created_by_id\",\"type\":\"integer\",\"args\":[],\"defaultTo\":null,\"notNullable\":false,\"unsigned\":true},{\"name\":\"updated_by_id\",\"type\":\"integer\",\"args\":[],\"defaultTo\":null,\"notNullable\":false,\"unsigned\":true}]},{\"name\":\"natures\",\"indexes\":[{\"name\":\"natures_created_by_id_fk\",\"columns\":[\"created_by_id\"]},{\"name\":\"natures_updated_by_id_fk\",\"columns\":[\"updated_by_id\"]}],\"foreignKeys\":[{\"name\":\"natures_created_by_id_fk\",\"columns\":[\"created_by_id\"],\"referencedTable\":\"admin_users\",\"referencedColumns\":[\"id\"],\"onDelete\":\"SET NULL\"},{\"name\":\"natures_updated_by_id_fk\",\"columns\":[\"updated_by_id\"],\"referencedTable\":\"admin_users\",\"referencedColumns\":[\"id\"],\"onDelete\":\"SET NULL\"}],\"columns\":[{\"name\":\"id\",\"type\":\"increments\",\"args\":[{\"primary\":true,\"primaryKey\":true}],\"defaultTo\":null,\"notNullable\":true,\"unsigned\":false},{\"name\":\"name\",\"type\":\"string\",\"args\":[],\"defaultTo\":null,\"notNullable\":false,\"unsigned\":false},{\"name\":\"created_at\",\"type\":\"datetime\",\"args\":[{\"useTz\":false,\"precision\":6}],\"defaultTo\":null,\"notNullable\":false,\"unsigned\":false},{\"name\":\"updated_at\",\"type\":\"datetime\",\"args\":[{\"useTz\":false,\"precision\":6}],\"defaultTo\":null,\"notNullable\":false,\"unsigned\":false},{\"name\":\"created_by_id\",\"type\":\"integer\",\"args\":[],\"defaultTo\":null,\"notNullable\":false,\"unsigned\":true},{\"name\":\"updated_by_id\",\"type\":\"integer\",\"args\":[],\"defaultTo\":null,\"notNullable\":false,\"unsigned\":true}]},{\"name\":\"nature_of_sites\",\"indexes\":[{\"name\":\"nature_of_sites_created_by_id_fk\",\"columns\":[\"created_by_id\"]},{\"name\":\"nature_of_sites_updated_by_id_fk\",\"columns\":[\"updated_by_id\"]}],\"foreignKeys\":[{\"name\":\"nature_of_sites_created_by_id_fk\",\"columns\":[\"created_by_id\"],\"referencedTable\":\"admin_users\",\"referencedColumns\":[\"id\"],\"onDelete\":\"SET NULL\"},{\"name\":\"nature_of_sites_updated_by_id_fk\",\"columns\":[\"updated_by_id\"],\"referencedTable\":\"admin_users\",\"referencedColumns\":[\"id\"],\"onDelete\":\"SET NULL\"}],\"columns\":[{\"name\":\"id\",\"type\":\"increments\",\"args\":[{\"primary\":true,\"primaryKey\":true}],\"defaultTo\":null,\"notNullable\":true,\"unsigned\":false},{\"name\":\"nature\",\"type\":\"string\",\"args\":[],\"defaultTo\":null,\"notNullable\":false,\"unsigned\":false},{\"name\":\"created_at\",\"type\":\"datetime\",\"args\":[{\"useTz\":false,\"precision\":6}],\"defaultTo\":null,\"notNullable\":false,\"unsigned\":false},{\"name\":\"updated_at\",\"type\":\"datetime\",\"args\":[{\"useTz\":false,\"precision\":6}],\"defaultTo\":null,\"notNullable\":false,\"unsigned\":false},{\"name\":\"published_at\",\"type\":\"datetime\",\"args\":[{\"useTz\":false,\"precision\":6}],\"defaultTo\":null,\"notNullable\":false,\"unsigned\":false},{\"name\":\"created_by_id\",\"type\":\"integer\",\"args\":[],\"defaultTo\":null,\"notNullable\":false,\"unsigned\":true},{\"name\":\"updated_by_id\",\"type\":\"integer\",\"args\":[],\"defaultTo\":null,\"notNullable\":false,\"unsigned\":true}]},{\"name\":\"no_visible_comments\",\"indexes\":[{\"name\":\"no_visible_comments_created_by_id_fk\",\"columns\":[\"created_by_id\"]},{\"name\":\"no_visible_comments_updated_by_id_fk\",\"columns\":[\"updated_by_id\"]}],\"foreignKeys\":[{\"name\":\"no_visible_comments_created_by_id_fk\",\"columns\":[\"created_by_id\"],\"referencedTable\":\"admin_users\",\"referencedColumns\":[\"id\"],\"onDelete\":\"SET NULL\"},{\"name\":\"no_visible_comments_updated_by_id_fk\",\"columns\":[\"updated_by_id\"],\"referencedTable\":\"admin_users\",\"referencedColumns\":[\"id\"],\"onDelete\":\"SET NULL\"}],\"columns\":[{\"name\":\"id\",\"type\":\"increments\",\"args\":[{\"primary\":true,\"primaryKey\":true}],\"defaultTo\":null,\"notNullable\":true,\"unsigned\":false},{\"name\":\"comment\",\"type\":\"text\",\"args\":[\"longtext\"],\"defaultTo\":null,\"notNullable\":false,\"unsigned\":false},{\"name\":\"created_at\",\"type\":\"datetime\",\"args\":[{\"useTz\":false,\"precision\":6}],\"defaultTo\":null,\"notNullable\":false,\"unsigned\":false},{\"name\":\"updated_at\",\"type\":\"datetime\",\"args\":[{\"useTz\":false,\"precision\":6}],\"defaultTo\":null,\"notNullable\":false,\"unsigned\":false},{\"name\":\"published_at\",\"type\":\"datetime\",\"args\":[{\"useTz\":false,\"precision\":6}],\"defaultTo\":null,\"notNullable\":false,\"unsigned\":false},{\"name\":\"created_by_id\",\"type\":\"integer\",\"args\":[],\"defaultTo\":null,\"notNullable\":false,\"unsigned\":true},{\"name\":\"updated_by_id\",\"type\":\"integer\",\"args\":[],\"defaultTo\":null,\"notNullable\":false,\"unsigned\":true}]},{\"name\":\"origines\",\"indexes\":[{\"name\":\"origines_created_by_id_fk\",\"columns\":[\"created_by_id\"]},{\"name\":\"origines_updated_by_id_fk\",\"columns\":[\"updated_by_id\"]}],\"foreignKeys\":[{\"name\":\"origines_created_by_id_fk\",\"columns\":[\"created_by_id\"],\"referencedTable\":\"admin_users\",\"referencedColumns\":[\"id\"],\"onDelete\":\"SET NULL\"},{\"name\":\"origines_updated_by_id_fk\",\"columns\":[\"updated_by_id\"],\"referencedTable\":\"admin_users\",\"referencedColumns\":[\"id\"],\"onDelete\":\"SET NULL\"}],\"columns\":[{\"name\":\"id\",\"type\":\"increments\",\"args\":[{\"primary\":true,\"primaryKey\":true}],\"defaultTo\":null,\"notNullable\":true,\"unsigned\":false},{\"name\":\"name\",\"type\":\"string\",\"args\":[],\"defaultTo\":null,\"notNullable\":false,\"unsigned\":false},{\"name\":\"created_at\",\"type\":\"datetime\",\"args\":[{\"useTz\":false,\"precision\":6}],\"defaultTo\":null,\"notNullable\":false,\"unsigned\":false},{\"name\":\"updated_at\",\"type\":\"datetime\",\"args\":[{\"useTz\":false,\"precision\":6}],\"defaultTo\":null,\"notNullable\":false,\"unsigned\":false},{\"name\":\"created_by_id\",\"type\":\"integer\",\"args\":[],\"defaultTo\":null,\"notNullable\":false,\"unsigned\":true},{\"name\":\"updated_by_id\",\"type\":\"integer\",\"args\":[],\"defaultTo\":null,\"notNullable\":false,\"unsigned\":true}]},{\"name\":\"priorities\",\"indexes\":[{\"name\":\"priorities_created_by_id_fk\",\"columns\":[\"created_by_id\"]},{\"name\":\"priorities_updated_by_id_fk\",\"columns\":[\"updated_by_id\"]}],\"foreignKeys\":[{\"name\":\"priorities_created_by_id_fk\",\"columns\":[\"created_by_id\"],\"referencedTable\":\"admin_users\",\"referencedColumns\":[\"id\"],\"onDelete\":\"SET NULL\"},{\"name\":\"priorities_updated_by_id_fk\",\"columns\":[\"updated_by_id\"],\"referencedTable\":\"admin_users\",\"referencedColumns\":[\"id\"],\"onDelete\":\"SET NULL\"}],\"columns\":[{\"name\":\"id\",\"type\":\"increments\",\"args\":[{\"primary\":true,\"primaryKey\":true}],\"defaultTo\":null,\"notNullable\":true,\"unsigned\":false},{\"name\":\"name\",\"type\":\"string\",\"args\":[],\"defaultTo\":null,\"notNullable\":false,\"unsigned\":false},{\"name\":\"relance_time\",\"type\":\"integer\",\"args\":[],\"defaultTo\":null,\"notNullable\":false,\"unsigned\":false},{\"name\":\"created_at\",\"type\":\"datetime\",\"args\":[{\"useTz\":false,\"precision\":6}],\"defaultTo\":null,\"notNullable\":false,\"unsigned\":false},{\"name\":\"updated_at\",\"type\":\"datetime\",\"args\":[{\"useTz\":false,\"precision\":6}],\"defaultTo\":null,\"notNullable\":false,\"unsigned\":false},{\"name\":\"created_by_id\",\"type\":\"integer\",\"args\":[],\"defaultTo\":null,\"notNullable\":false,\"unsigned\":true},{\"name\":\"updated_by_id\",\"type\":\"integer\",\"args\":[],\"defaultTo\":null,\"notNullable\":false,\"unsigned\":true}]},{\"name\":\"properties\",\"indexes\":[{\"name\":\"properties_created_by_id_fk\",\"columns\":[\"created_by_id\"]},{\"name\":\"properties_updated_by_id_fk\",\"columns\":[\"updated_by_id\"]}],\"foreignKeys\":[{\"name\":\"properties_created_by_id_fk\",\"columns\":[\"created_by_id\"],\"referencedTable\":\"admin_users\",\"referencedColumns\":[\"id\"],\"onDelete\":\"SET NULL\"},{\"name\":\"properties_updated_by_id_fk\",\"columns\":[\"updated_by_id\"],\"referencedTable\":\"admin_users\",\"referencedColumns\":[\"id\"],\"onDelete\":\"SET NULL\"}],\"columns\":[{\"name\":\"id\",\"type\":\"increments\",\"args\":[{\"primary\":true,\"primaryKey\":true}],\"defaultTo\":null,\"notNullable\":true,\"unsigned\":false},{\"name\":\"name\",\"type\":\"text\",\"args\":[\"longtext\"],\"defaultTo\":null,\"notNullable\":false,\"unsigned\":false},{\"name\":\"address\",\"type\":\"text\",\"args\":[\"longtext\"],\"defaultTo\":null,\"notNullable\":false,\"unsigned\":false},{\"name\":\"phone\",\"type\":\"string\",\"args\":[],\"defaultTo\":null,\"notNullable\":false,\"unsigned\":false},{\"name\":\"zip_code\",\"type\":\"string\",\"args\":[],\"defaultTo\":null,\"notNullable\":false,\"unsigned\":false},{\"name\":\"city\",\"type\":\"string\",\"args\":[],\"defaultTo\":null,\"notNullable\":false,\"unsigned\":false},{\"name\":\"settlement_date\",\"type\":\"date\",\"args\":[],\"defaultTo\":null,\"notNullable\":false,\"unsigned\":false},{\"name\":\"number_batches\",\"type\":\"bigInteger\",\"args\":[],\"defaultTo\":null,\"notNullable\":false,\"unsigned\":false},{\"name\":\"number_residential_lots\",\"type\":\"bigInteger\",\"args\":[],\"defaultTo\":null,\"notNullable\":false,\"unsigned\":false},{\"name\":\"number_parking\",\"type\":\"bigInteger\",\"args\":[],\"defaultTo\":null,\"notNullable\":false,\"unsigned\":false},{\"name\":\"type_syndicates\",\"type\":\"string\",\"args\":[],\"defaultTo\":null,\"notNullable\":false,\"unsigned\":false},{\"name\":\"number_union\",\"type\":\"string\",\"args\":[],\"defaultTo\":null,\"notNullable\":false,\"unsigned\":false},{\"name\":\"number_elevator\",\"type\":\"string\",\"args\":[],\"defaultTo\":null,\"notNullable\":false,\"unsigned\":false},{\"name\":\"number_auto_gate\",\"type\":\"string\",\"args\":[],\"defaultTo\":null,\"notNullable\":false,\"unsigned\":false},{\"name\":\"games_children\",\"type\":\"string\",\"args\":[],\"defaultTo\":null,\"notNullable\":false,\"unsigned\":false},{\"name\":\"type_heating\",\"type\":\"string\",\"args\":[],\"defaultTo\":null,\"notNullable\":false,\"unsigned\":false},{\"name\":\"management_syndicate\",\"type\":\"string\",\"args\":[],\"defaultTo\":null,\"notNullable\":false,\"unsigned\":false},{\"name\":\"main_batches\",\"type\":\"integer\",\"args\":[],\"defaultTo\":null,\"notNullable\":false,\"unsigned\":false},{\"name\":\"secondary_batches\",\"type\":\"integer\",\"args\":[],\"defaultTo\":null,\"notNullable\":false,\"unsigned\":false},{\"name\":\"tertiary_lots\",\"type\":\"integer\",\"args\":[],\"defaultTo\":null,\"notNullable\":false,\"unsigned\":false},{\"name\":\"parking_lots\",\"type\":\"integer\",\"args\":[],\"defaultTo\":null,\"notNullable\":false,\"unsigned\":false},{\"name\":\"immatriculation\",\"type\":\"string\",\"args\":[],\"defaultTo\":null,\"notNullable\":false,\"unsigned\":false},{\"name\":\"created_at\",\"type\":\"datetime\",\"args\":[{\"useTz\":false,\"precision\":6}],\"defaultTo\":null,\"notNullable\":false,\"unsigned\":false},{\"name\":\"updated_at\",\"type\":\"datetime\",\"args\":[{\"useTz\":false,\"precision\":6}],\"defaultTo\":null,\"notNullable\":false,\"unsigned\":false},{\"name\":\"created_by_id\",\"type\":\"integer\",\"args\":[],\"defaultTo\":null,\"notNullable\":false,\"unsigned\":true},{\"name\":\"updated_by_id\",\"type\":\"integer\",\"args\":[],\"defaultTo\":null,\"notNullable\":false,\"unsigned\":true}]},{\"name\":\"qr_codes\",\"indexes\":[{\"name\":\"qr_codes_created_by_id_fk\",\"columns\":[\"created_by_id\"]},{\"name\":\"qr_codes_updated_by_id_fk\",\"columns\":[\"updated_by_id\"]}],\"foreignKeys\":[{\"name\":\"qr_codes_created_by_id_fk\",\"columns\":[\"created_by_id\"],\"referencedTable\":\"admin_users\",\"referencedColumns\":[\"id\"],\"onDelete\":\"SET NULL\"},{\"name\":\"qr_codes_updated_by_id_fk\",\"columns\":[\"updated_by_id\"],\"referencedTable\":\"admin_users\",\"referencedColumns\":[\"id\"],\"onDelete\":\"SET NULL\"}],\"columns\":[{\"name\":\"id\",\"type\":\"increments\",\"args\":[{\"primary\":true,\"primaryKey\":true}],\"defaultTo\":null,\"notNullable\":true,\"unsigned\":false},{\"name\":\"adresse\",\"type\":\"string\",\"args\":[],\"defaultTo\":null,\"notNullable\":false,\"unsigned\":false},{\"name\":\"zip_code\",\"type\":\"string\",\"args\":[],\"defaultTo\":null,\"notNullable\":false,\"unsigned\":false},{\"name\":\"city\",\"type\":\"string\",\"args\":[],\"defaultTo\":null,\"notNullable\":false,\"unsigned\":false},{\"name\":\"location\",\"type\":\"string\",\"args\":[],\"defaultTo\":null,\"notNullable\":false,\"unsigned\":false},{\"name\":\"created_at\",\"type\":\"datetime\",\"args\":[{\"useTz\":false,\"precision\":6}],\"defaultTo\":null,\"notNullable\":false,\"unsigned\":false},{\"name\":\"updated_at\",\"type\":\"datetime\",\"args\":[{\"useTz\":false,\"precision\":6}],\"defaultTo\":null,\"notNullable\":false,\"unsigned\":false},{\"name\":\"created_by_id\",\"type\":\"integer\",\"args\":[],\"defaultTo\":null,\"notNullable\":false,\"unsigned\":true},{\"name\":\"updated_by_id\",\"type\":\"integer\",\"args\":[],\"defaultTo\":null,\"notNullable\":false,\"unsigned\":true}]},{\"name\":\"relance_tickets\",\"indexes\":[{\"name\":\"relance_tickets_created_by_id_fk\",\"columns\":[\"created_by_id\"]},{\"name\":\"relance_tickets_updated_by_id_fk\",\"columns\":[\"updated_by_id\"]}],\"foreignKeys\":[{\"name\":\"relance_tickets_created_by_id_fk\",\"columns\":[\"created_by_id\"],\"referencedTable\":\"admin_users\",\"referencedColumns\":[\"id\"],\"onDelete\":\"SET NULL\"},{\"name\":\"relance_tickets_updated_by_id_fk\",\"columns\":[\"updated_by_id\"],\"referencedTable\":\"admin_users\",\"referencedColumns\":[\"id\"],\"onDelete\":\"SET NULL\"}],\"columns\":[{\"name\":\"id\",\"type\":\"increments\",\"args\":[{\"primary\":true,\"primaryKey\":true}],\"defaultTo\":null,\"notNullable\":true,\"unsigned\":false},{\"name\":\"date\",\"type\":\"datetime\",\"args\":[{\"useTz\":false,\"precision\":6}],\"defaultTo\":null,\"notNullable\":false,\"unsigned\":false},{\"name\":\"test\",\"type\":\"string\",\"args\":[],\"defaultTo\":null,\"notNullable\":false,\"unsigned\":false},{\"name\":\"created_at\",\"type\":\"datetime\",\"args\":[{\"useTz\":false,\"precision\":6}],\"defaultTo\":null,\"notNullable\":false,\"unsigned\":false},{\"name\":\"updated_at\",\"type\":\"datetime\",\"args\":[{\"useTz\":false,\"precision\":6}],\"defaultTo\":null,\"notNullable\":false,\"unsigned\":false},{\"name\":\"created_by_id\",\"type\":\"integer\",\"args\":[],\"defaultTo\":null,\"notNullable\":false,\"unsigned\":true},{\"name\":\"updated_by_id\",\"type\":\"integer\",\"args\":[],\"defaultTo\":null,\"notNullable\":false,\"unsigned\":true}]},{\"name\":\"services\",\"indexes\":[{\"name\":\"services_created_by_id_fk\",\"columns\":[\"created_by_id\"]},{\"name\":\"services_updated_by_id_fk\",\"columns\":[\"updated_by_id\"]}],\"foreignKeys\":[{\"name\":\"services_created_by_id_fk\",\"columns\":[\"created_by_id\"],\"referencedTable\":\"admin_users\",\"referencedColumns\":[\"id\"],\"onDelete\":\"SET NULL\"},{\"name\":\"services_updated_by_id_fk\",\"columns\":[\"updated_by_id\"],\"referencedTable\":\"admin_users\",\"referencedColumns\":[\"id\"],\"onDelete\":\"SET NULL\"}],\"columns\":[{\"name\":\"id\",\"type\":\"increments\",\"args\":[{\"primary\":true,\"primaryKey\":true}],\"defaultTo\":null,\"notNullable\":true,\"unsigned\":false},{\"name\":\"title\",\"type\":\"string\",\"args\":[],\"defaultTo\":null,\"notNullable\":false,\"unsigned\":false},{\"name\":\"created_at\",\"type\":\"datetime\",\"args\":[{\"useTz\":false,\"precision\":6}],\"defaultTo\":null,\"notNullable\":false,\"unsigned\":false},{\"name\":\"updated_at\",\"type\":\"datetime\",\"args\":[{\"useTz\":false,\"precision\":6}],\"defaultTo\":null,\"notNullable\":false,\"unsigned\":false},{\"name\":\"published_at\",\"type\":\"datetime\",\"args\":[{\"useTz\":false,\"precision\":6}],\"defaultTo\":null,\"notNullable\":false,\"unsigned\":false},{\"name\":\"created_by_id\",\"type\":\"integer\",\"args\":[],\"defaultTo\":null,\"notNullable\":false,\"unsigned\":true},{\"name\":\"updated_by_id\",\"type\":\"integer\",\"args\":[],\"defaultTo\":null,\"notNullable\":false,\"unsigned\":true}]},{\"name\":\"settings\",\"indexes\":[{\"name\":\"settings_created_by_id_fk\",\"columns\":[\"created_by_id\"]},{\"name\":\"settings_updated_by_id_fk\",\"columns\":[\"updated_by_id\"]}],\"foreignKeys\":[{\"name\":\"settings_created_by_id_fk\",\"columns\":[\"created_by_id\"],\"referencedTable\":\"admin_users\",\"referencedColumns\":[\"id\"],\"onDelete\":\"SET NULL\"},{\"name\":\"settings_updated_by_id_fk\",\"columns\":[\"updated_by_id\"],\"referencedTable\":\"admin_users\",\"referencedColumns\":[\"id\"],\"onDelete\":\"SET NULL\"}],\"columns\":[{\"name\":\"id\",\"type\":\"increments\",\"args\":[{\"primary\":true,\"primaryKey\":true}],\"defaultTo\":null,\"notNullable\":true,\"unsigned\":false},{\"name\":\"name\",\"type\":\"string\",\"args\":[],\"defaultTo\":null,\"notNullable\":false,\"unsigned\":false},{\"name\":\"hour\",\"type\":\"integer\",\"args\":[],\"defaultTo\":null,\"notNullable\":false,\"unsigned\":false},{\"name\":\"created_at\",\"type\":\"datetime\",\"args\":[{\"useTz\":false,\"precision\":6}],\"defaultTo\":null,\"notNullable\":false,\"unsigned\":false},{\"name\":\"updated_at\",\"type\":\"datetime\",\"args\":[{\"useTz\":false,\"precision\":6}],\"defaultTo\":null,\"notNullable\":false,\"unsigned\":false},{\"name\":\"published_at\",\"type\":\"datetime\",\"args\":[{\"useTz\":false,\"precision\":6}],\"defaultTo\":null,\"notNullable\":false,\"unsigned\":false},{\"name\":\"created_by_id\",\"type\":\"integer\",\"args\":[],\"defaultTo\":null,\"notNullable\":false,\"unsigned\":true},{\"name\":\"updated_by_id\",\"type\":\"integer\",\"args\":[],\"defaultTo\":null,\"notNullable\":false,\"unsigned\":true}]},{\"name\":\"skills\",\"indexes\":[{\"name\":\"skills_created_by_id_fk\",\"columns\":[\"created_by_id\"]},{\"name\":\"skills_updated_by_id_fk\",\"columns\":[\"updated_by_id\"]}],\"foreignKeys\":[{\"name\":\"skills_created_by_id_fk\",\"columns\":[\"created_by_id\"],\"referencedTable\":\"admin_users\",\"referencedColumns\":[\"id\"],\"onDelete\":\"SET NULL\"},{\"name\":\"skills_updated_by_id_fk\",\"columns\":[\"updated_by_id\"],\"referencedTable\":\"admin_users\",\"referencedColumns\":[\"id\"],\"onDelete\":\"SET NULL\"}],\"columns\":[{\"name\":\"id\",\"type\":\"increments\",\"args\":[{\"primary\":true,\"primaryKey\":true}],\"defaultTo\":null,\"notNullable\":true,\"unsigned\":false},{\"name\":\"name\",\"type\":\"string\",\"args\":[],\"defaultTo\":null,\"notNullable\":false,\"unsigned\":false},{\"name\":\"created_at\",\"type\":\"datetime\",\"args\":[{\"useTz\":false,\"precision\":6}],\"defaultTo\":null,\"notNullable\":false,\"unsigned\":false},{\"name\":\"updated_at\",\"type\":\"datetime\",\"args\":[{\"useTz\":false,\"precision\":6}],\"defaultTo\":null,\"notNullable\":false,\"unsigned\":false},{\"name\":\"created_by_id\",\"type\":\"integer\",\"args\":[],\"defaultTo\":null,\"notNullable\":false,\"unsigned\":true},{\"name\":\"updated_by_id\",\"type\":\"integer\",\"args\":[],\"defaultTo\":null,\"notNullable\":false,\"unsigned\":true}]},{\"name\":\"stages\",\"indexes\":[{\"name\":\"stages_created_by_id_fk\",\"columns\":[\"created_by_id\"]},{\"name\":\"stages_updated_by_id_fk\",\"columns\":[\"updated_by_id\"]}],\"foreignKeys\":[{\"name\":\"stages_created_by_id_fk\",\"columns\":[\"created_by_id\"],\"referencedTable\":\"admin_users\",\"referencedColumns\":[\"id\"],\"onDelete\":\"SET NULL\"},{\"name\":\"stages_updated_by_id_fk\",\"columns\":[\"updated_by_id\"],\"referencedTable\":\"admin_users\",\"referencedColumns\":[\"id\"],\"onDelete\":\"SET NULL\"}],\"columns\":[{\"name\":\"id\",\"type\":\"increments\",\"args\":[{\"primary\":true,\"primaryKey\":true}],\"defaultTo\":null,\"notNullable\":true,\"unsigned\":false},{\"name\":\"name\",\"type\":\"string\",\"args\":[],\"defaultTo\":null,\"notNullable\":false,\"unsigned\":false},{\"name\":\"created_at\",\"type\":\"datetime\",\"args\":[{\"useTz\":false,\"precision\":6}],\"defaultTo\":null,\"notNullable\":false,\"unsigned\":false},{\"name\":\"updated_at\",\"type\":\"datetime\",\"args\":[{\"useTz\":false,\"precision\":6}],\"defaultTo\":null,\"notNullable\":false,\"unsigned\":false},{\"name\":\"created_by_id\",\"type\":\"integer\",\"args\":[],\"defaultTo\":null,\"notNullable\":false,\"unsigned\":true},{\"name\":\"updated_by_id\",\"type\":\"integer\",\"args\":[],\"defaultTo\":null,\"notNullable\":false,\"unsigned\":true}]},{\"name\":\"states\",\"indexes\":[{\"name\":\"states_created_by_id_fk\",\"columns\":[\"created_by_id\"]},{\"name\":\"states_updated_by_id_fk\",\"columns\":[\"updated_by_id\"]}],\"foreignKeys\":[{\"name\":\"states_created_by_id_fk\",\"columns\":[\"created_by_id\"],\"referencedTable\":\"admin_users\",\"referencedColumns\":[\"id\"],\"onDelete\":\"SET NULL\"},{\"name\":\"states_updated_by_id_fk\",\"columns\":[\"updated_by_id\"],\"referencedTable\":\"admin_users\",\"referencedColumns\":[\"id\"],\"onDelete\":\"SET NULL\"}],\"columns\":[{\"name\":\"id\",\"type\":\"increments\",\"args\":[{\"primary\":true,\"primaryKey\":true}],\"defaultTo\":null,\"notNullable\":true,\"unsigned\":false},{\"name\":\"name\",\"type\":\"string\",\"args\":[],\"defaultTo\":null,\"notNullable\":false,\"unsigned\":false},{\"name\":\"color\",\"type\":\"string\",\"args\":[],\"defaultTo\":null,\"notNullable\":false,\"unsigned\":false},{\"name\":\"created_at\",\"type\":\"datetime\",\"args\":[{\"useTz\":false,\"precision\":6}],\"defaultTo\":null,\"notNullable\":false,\"unsigned\":false},{\"name\":\"updated_at\",\"type\":\"datetime\",\"args\":[{\"useTz\":false,\"precision\":6}],\"defaultTo\":null,\"notNullable\":false,\"unsigned\":false},{\"name\":\"created_by_id\",\"type\":\"integer\",\"args\":[],\"defaultTo\":null,\"notNullable\":false,\"unsigned\":true},{\"name\":\"updated_by_id\",\"type\":\"integer\",\"args\":[],\"defaultTo\":null,\"notNullable\":false,\"unsigned\":true}]},{\"name\":\"tickets\",\"indexes\":[{\"name\":\"tickets_created_by_id_fk\",\"columns\":[\"created_by_id\"]},{\"name\":\"tickets_updated_by_id_fk\",\"columns\":[\"updated_by_id\"]}],\"foreignKeys\":[{\"name\":\"tickets_created_by_id_fk\",\"columns\":[\"created_by_id\"],\"referencedTable\":\"admin_users\",\"referencedColumns\":[\"id\"],\"onDelete\":\"SET NULL\"},{\"name\":\"tickets_updated_by_id_fk\",\"columns\":[\"updated_by_id\"],\"referencedTable\":\"admin_users\",\"referencedColumns\":[\"id\"],\"onDelete\":\"SET NULL\"}],\"columns\":[{\"name\":\"id\",\"type\":\"increments\",\"args\":[{\"primary\":true,\"primaryKey\":true}],\"defaultTo\":null,\"notNullable\":true,\"unsigned\":false},{\"name\":\"description\",\"type\":\"text\",\"args\":[\"longtext\"],\"defaultTo\":null,\"notNullable\":false,\"unsigned\":false},{\"name\":\"address\",\"type\":\"string\",\"args\":[],\"defaultTo\":null,\"notNullable\":false,\"unsigned\":false},{\"name\":\"firstname\",\"type\":\"string\",\"args\":[],\"defaultTo\":null,\"notNullable\":false,\"unsigned\":false},{\"name\":\"lastname\",\"type\":\"string\",\"args\":[],\"defaultTo\":null,\"notNullable\":false,\"unsigned\":false},{\"name\":\"email\",\"type\":\"string\",\"args\":[],\"defaultTo\":null,\"notNullable\":false,\"unsigned\":false},{\"name\":\"phone\",\"type\":\"string\",\"args\":[],\"defaultTo\":null,\"notNullable\":false,\"unsigned\":false},{\"name\":\"state\",\"type\":\"string\",\"args\":[],\"defaultTo\":null,\"notNullable\":false,\"unsigned\":false},{\"name\":\"name\",\"type\":\"string\",\"args\":[],\"defaultTo\":null,\"notNullable\":false,\"unsigned\":false},{\"name\":\"ref\",\"type\":\"string\",\"args\":[],\"defaultTo\":null,\"notNullable\":false,\"unsigned\":false},{\"name\":\"city\",\"type\":\"string\",\"args\":[],\"defaultTo\":null,\"notNullable\":false,\"unsigned\":false},{\"name\":\"zip_code\",\"type\":\"string\",\"args\":[],\"defaultTo\":null,\"notNullable\":false,\"unsigned\":false},{\"name\":\"date_assigned\",\"type\":\"date\",\"args\":[],\"defaultTo\":null,\"notNullable\":false,\"unsigned\":false},{\"name\":\"location\",\"type\":\"string\",\"args\":[],\"defaultTo\":null,\"notNullable\":false,\"unsigned\":false},{\"name\":\"duplicate\",\"type\":\"bigInteger\",\"args\":[],\"defaultTo\":null,\"notNullable\":false,\"unsigned\":false},{\"name\":\"date_closed\",\"type\":\"date\",\"args\":[],\"defaultTo\":null,\"notNullable\":false,\"unsigned\":false},{\"name\":\"nature\",\"type\":\"string\",\"args\":[],\"defaultTo\":null,\"notNullable\":false,\"unsigned\":false},{\"name\":\"origine\",\"type\":\"string\",\"args\":[],\"defaultTo\":null,\"notNullable\":false,\"unsigned\":false},{\"name\":\"empty\",\"type\":\"string\",\"args\":[],\"defaultTo\":null,\"notNullable\":false,\"unsigned\":false},{\"name\":\"is_duplicate\",\"type\":\"boolean\",\"args\":[],\"defaultTo\":null,\"notNullable\":false,\"unsigned\":false},{\"name\":\"request_type\",\"type\":\"string\",\"args\":[],\"defaultTo\":null,\"notNullable\":false,\"unsigned\":false},{\"name\":\"send_target\",\"type\":\"string\",\"args\":[],\"defaultTo\":null,\"notNullable\":false,\"unsigned\":false},{\"name\":\"unsubscribe\",\"type\":\"boolean\",\"args\":[],\"defaultTo\":null,\"notNullable\":false,\"unsigned\":false},{\"name\":\"created_at\",\"type\":\"datetime\",\"args\":[{\"useTz\":false,\"precision\":6}],\"defaultTo\":null,\"notNullable\":false,\"unsigned\":false},{\"name\":\"updated_at\",\"type\":\"datetime\",\"args\":[{\"useTz\":false,\"precision\":6}],\"defaultTo\":null,\"notNullable\":false,\"unsigned\":false},{\"name\":\"created_by_id\",\"type\":\"integer\",\"args\":[],\"defaultTo\":null,\"notNullable\":false,\"unsigned\":true},{\"name\":\"updated_by_id\",\"type\":\"integer\",\"args\":[],\"defaultTo\":null,\"notNullable\":false,\"unsigned\":true}]},{\"name\":\"ticket_logs\",\"indexes\":[{\"name\":\"ticket_logs_created_by_id_fk\",\"columns\":[\"created_by_id\"]},{\"name\":\"ticket_logs_updated_by_id_fk\",\"columns\":[\"updated_by_id\"]}],\"foreignKeys\":[{\"name\":\"ticket_logs_created_by_id_fk\",\"columns\":[\"created_by_id\"],\"referencedTable\":\"admin_users\",\"referencedColumns\":[\"id\"],\"onDelete\":\"SET NULL\"},{\"name\":\"ticket_logs_updated_by_id_fk\",\"columns\":[\"updated_by_id\"],\"referencedTable\":\"admin_users\",\"referencedColumns\":[\"id\"],\"onDelete\":\"SET NULL\"}],\"columns\":[{\"name\":\"id\",\"type\":\"increments\",\"args\":[{\"primary\":true,\"primaryKey\":true}],\"defaultTo\":null,\"notNullable\":true,\"unsigned\":false},{\"name\":\"action\",\"type\":\"string\",\"args\":[],\"defaultTo\":null,\"notNullable\":false,\"unsigned\":false},{\"name\":\"created_at\",\"type\":\"datetime\",\"args\":[{\"useTz\":false,\"precision\":6}],\"defaultTo\":null,\"notNullable\":false,\"unsigned\":false},{\"name\":\"updated_at\",\"type\":\"datetime\",\"args\":[{\"useTz\":false,\"precision\":6}],\"defaultTo\":null,\"notNullable\":false,\"unsigned\":false},{\"name\":\"created_by_id\",\"type\":\"integer\",\"args\":[],\"defaultTo\":null,\"notNullable\":false,\"unsigned\":true},{\"name\":\"updated_by_id\",\"type\":\"integer\",\"args\":[],\"defaultTo\":null,\"notNullable\":false,\"unsigned\":true}]},{\"name\":\"ticket_replies\",\"indexes\":[{\"name\":\"ticket_replies_created_by_id_fk\",\"columns\":[\"created_by_id\"]},{\"name\":\"ticket_replies_updated_by_id_fk\",\"columns\":[\"updated_by_id\"]}],\"foreignKeys\":[{\"name\":\"ticket_replies_created_by_id_fk\",\"columns\":[\"created_by_id\"],\"referencedTable\":\"admin_users\",\"referencedColumns\":[\"id\"],\"onDelete\":\"SET NULL\"},{\"name\":\"ticket_replies_updated_by_id_fk\",\"columns\":[\"updated_by_id\"],\"referencedTable\":\"admin_users\",\"referencedColumns\":[\"id\"],\"onDelete\":\"SET NULL\"}],\"columns\":[{\"name\":\"id\",\"type\":\"increments\",\"args\":[{\"primary\":true,\"primaryKey\":true}],\"defaultTo\":null,\"notNullable\":true,\"unsigned\":false},{\"name\":\"answer\",\"type\":\"text\",\"args\":[\"longtext\"],\"defaultTo\":null,\"notNullable\":false,\"unsigned\":false},{\"name\":\"last_answer\",\"type\":\"text\",\"args\":[\"longtext\"],\"defaultTo\":null,\"notNullable\":false,\"unsigned\":false},{\"name\":\"answer_checked\",\"type\":\"boolean\",\"args\":[],\"defaultTo\":null,\"notNullable\":false,\"unsigned\":false},{\"name\":\"created_at\",\"type\":\"datetime\",\"args\":[{\"useTz\":false,\"precision\":6}],\"defaultTo\":null,\"notNullable\":false,\"unsigned\":false},{\"name\":\"updated_at\",\"type\":\"datetime\",\"args\":[{\"useTz\":false,\"precision\":6}],\"defaultTo\":null,\"notNullable\":false,\"unsigned\":false},{\"name\":\"published_at\",\"type\":\"datetime\",\"args\":[{\"useTz\":false,\"precision\":6}],\"defaultTo\":null,\"notNullable\":false,\"unsigned\":false},{\"name\":\"created_by_id\",\"type\":\"integer\",\"args\":[],\"defaultTo\":null,\"notNullable\":false,\"unsigned\":true},{\"name\":\"updated_by_id\",\"type\":\"integer\",\"args\":[],\"defaultTo\":null,\"notNullable\":false,\"unsigned\":true}]},{\"name\":\"ticket_states\",\"indexes\":[{\"name\":\"ticket_states_created_by_id_fk\",\"columns\":[\"created_by_id\"]},{\"name\":\"ticket_states_updated_by_id_fk\",\"columns\":[\"updated_by_id\"]}],\"foreignKeys\":[{\"name\":\"ticket_states_created_by_id_fk\",\"columns\":[\"created_by_id\"],\"referencedTable\":\"admin_users\",\"referencedColumns\":[\"id\"],\"onDelete\":\"SET NULL\"},{\"name\":\"ticket_states_updated_by_id_fk\",\"columns\":[\"updated_by_id\"],\"referencedTable\":\"admin_users\",\"referencedColumns\":[\"id\"],\"onDelete\":\"SET NULL\"}],\"columns\":[{\"name\":\"id\",\"type\":\"increments\",\"args\":[{\"primary\":true,\"primaryKey\":true}],\"defaultTo\":null,\"notNullable\":true,\"unsigned\":false},{\"name\":\"role\",\"type\":\"string\",\"args\":[],\"defaultTo\":null,\"notNullable\":false,\"unsigned\":false},{\"name\":\"created_at\",\"type\":\"datetime\",\"args\":[{\"useTz\":false,\"precision\":6}],\"defaultTo\":null,\"notNullable\":false,\"unsigned\":false},{\"name\":\"updated_at\",\"type\":\"datetime\",\"args\":[{\"useTz\":false,\"precision\":6}],\"defaultTo\":null,\"notNullable\":false,\"unsigned\":false},{\"name\":\"created_by_id\",\"type\":\"integer\",\"args\":[],\"defaultTo\":null,\"notNullable\":false,\"unsigned\":true},{\"name\":\"updated_by_id\",\"type\":\"integer\",\"args\":[],\"defaultTo\":null,\"notNullable\":false,\"unsigned\":true}]},{\"name\":\"tiers\",\"indexes\":[{\"name\":\"tiers_created_by_id_fk\",\"columns\":[\"created_by_id\"]},{\"name\":\"tiers_updated_by_id_fk\",\"columns\":[\"updated_by_id\"]}],\"foreignKeys\":[{\"name\":\"tiers_created_by_id_fk\",\"columns\":[\"created_by_id\"],\"referencedTable\":\"admin_users\",\"referencedColumns\":[\"id\"],\"onDelete\":\"SET NULL\"},{\"name\":\"tiers_updated_by_id_fk\",\"columns\":[\"updated_by_id\"],\"referencedTable\":\"admin_users\",\"referencedColumns\":[\"id\"],\"onDelete\":\"SET NULL\"}],\"columns\":[{\"name\":\"id\",\"type\":\"increments\",\"args\":[{\"primary\":true,\"primaryKey\":true}],\"defaultTo\":null,\"notNullable\":true,\"unsigned\":false},{\"name\":\"name\",\"type\":\"string\",\"args\":[],\"defaultTo\":null,\"notNullable\":false,\"unsigned\":false},{\"name\":\"address\",\"type\":\"string\",\"args\":[],\"defaultTo\":null,\"notNullable\":false,\"unsigned\":false},{\"name\":\"siret\",\"type\":\"string\",\"args\":[],\"defaultTo\":null,\"notNullable\":false,\"unsigned\":false},{\"name\":\"phone\",\"type\":\"string\",\"args\":[],\"defaultTo\":null,\"notNullable\":false,\"unsigned\":false},{\"name\":\"additional_address\",\"type\":\"string\",\"args\":[],\"defaultTo\":null,\"notNullable\":false,\"unsigned\":false},{\"name\":\"city\",\"type\":\"string\",\"args\":[],\"defaultTo\":null,\"notNullable\":false,\"unsigned\":false},{\"name\":\"mail\",\"type\":\"string\",\"args\":[],\"defaultTo\":null,\"notNullable\":false,\"unsigned\":false},{\"name\":\"zip_code\",\"type\":\"string\",\"args\":[],\"defaultTo\":null,\"notNullable\":false,\"unsigned\":false},{\"name\":\"tva_number\",\"type\":\"string\",\"args\":[],\"defaultTo\":null,\"notNullable\":false,\"unsigned\":false},{\"name\":\"from_qrcode\",\"type\":\"boolean\",\"args\":[],\"defaultTo\":null,\"notNullable\":false,\"unsigned\":false},{\"name\":\"created_at\",\"type\":\"datetime\",\"args\":[{\"useTz\":false,\"precision\":6}],\"defaultTo\":null,\"notNullable\":false,\"unsigned\":false},{\"name\":\"updated_at\",\"type\":\"datetime\",\"args\":[{\"useTz\":false,\"precision\":6}],\"defaultTo\":null,\"notNullable\":false,\"unsigned\":false},{\"name\":\"created_by_id\",\"type\":\"integer\",\"args\":[],\"defaultTo\":null,\"notNullable\":false,\"unsigned\":true},{\"name\":\"updated_by_id\",\"type\":\"integer\",\"args\":[],\"defaultTo\":null,\"notNullable\":false,\"unsigned\":true}]},{\"name\":\"tier_contracts\",\"indexes\":[{\"name\":\"tier_contracts_created_by_id_fk\",\"columns\":[\"created_by_id\"]},{\"name\":\"tier_contracts_updated_by_id_fk\",\"columns\":[\"updated_by_id\"]}],\"foreignKeys\":[{\"name\":\"tier_contracts_created_by_id_fk\",\"columns\":[\"created_by_id\"],\"referencedTable\":\"admin_users\",\"referencedColumns\":[\"id\"],\"onDelete\":\"SET NULL\"},{\"name\":\"tier_contracts_updated_by_id_fk\",\"columns\":[\"updated_by_id\"],\"referencedTable\":\"admin_users\",\"referencedColumns\":[\"id\"],\"onDelete\":\"SET NULL\"}],\"columns\":[{\"name\":\"id\",\"type\":\"increments\",\"args\":[{\"primary\":true,\"primaryKey\":true}],\"defaultTo\":null,\"notNullable\":true,\"unsigned\":false},{\"name\":\"name\",\"type\":\"string\",\"args\":[],\"defaultTo\":null,\"notNullable\":false,\"unsigned\":false},{\"name\":\"email\",\"type\":\"string\",\"args\":[],\"defaultTo\":null,\"notNullable\":false,\"unsigned\":false},{\"name\":\"phone\",\"type\":\"bigInteger\",\"args\":[],\"defaultTo\":null,\"notNullable\":false,\"unsigned\":false},{\"name\":\"address\",\"type\":\"string\",\"args\":[],\"defaultTo\":null,\"notNullable\":false,\"unsigned\":false},{\"name\":\"zip_code\",\"type\":\"string\",\"args\":[],\"defaultTo\":null,\"notNullable\":false,\"unsigned\":false},{\"name\":\"city\",\"type\":\"string\",\"args\":[],\"defaultTo\":null,\"notNullable\":false,\"unsigned\":false},{\"name\":\"manager_firstname\",\"type\":\"string\",\"args\":[],\"defaultTo\":null,\"notNullable\":false,\"unsigned\":false},{\"name\":\"manager_lastname\",\"type\":\"string\",\"args\":[],\"defaultTo\":null,\"notNullable\":false,\"unsigned\":false},{\"name\":\"priority_contact\",\"type\":\"string\",\"args\":[],\"defaultTo\":null,\"notNullable\":false,\"unsigned\":false},{\"name\":\"secondary_contact\",\"type\":\"string\",\"args\":[],\"defaultTo\":null,\"notNullable\":false,\"unsigned\":false},{\"name\":\"astreinte\",\"type\":\"boolean\",\"args\":[],\"defaultTo\":null,\"notNullable\":false,\"unsigned\":false},{\"name\":\"manager_mail\",\"type\":\"string\",\"args\":[],\"defaultTo\":null,\"notNullable\":false,\"unsigned\":false},{\"name\":\"manager_phone\",\"type\":\"bigInteger\",\"args\":[],\"defaultTo\":null,\"notNullable\":false,\"unsigned\":false},{\"name\":\"application\",\"type\":\"string\",\"args\":[],\"defaultTo\":null,\"notNullable\":false,\"unsigned\":false},{\"name\":\"intervention_delay\",\"type\":\"string\",\"args\":[],\"defaultTo\":null,\"notNullable\":false,\"unsigned\":false},{\"name\":\"created_at\",\"type\":\"datetime\",\"args\":[{\"useTz\":false,\"precision\":6}],\"defaultTo\":null,\"notNullable\":false,\"unsigned\":false},{\"name\":\"updated_at\",\"type\":\"datetime\",\"args\":[{\"useTz\":false,\"precision\":6}],\"defaultTo\":null,\"notNullable\":false,\"unsigned\":false},{\"name\":\"published_at\",\"type\":\"datetime\",\"args\":[{\"useTz\":false,\"precision\":6}],\"defaultTo\":null,\"notNullable\":false,\"unsigned\":false},{\"name\":\"created_by_id\",\"type\":\"integer\",\"args\":[],\"defaultTo\":null,\"notNullable\":false,\"unsigned\":true},{\"name\":\"updated_by_id\",\"type\":\"integer\",\"args\":[],\"defaultTo\":null,\"notNullable\":false,\"unsigned\":true}]},{\"name\":\"tier_contract_references\",\"indexes\":[{\"name\":\"tier_contract_references_created_by_id_fk\",\"columns\":[\"created_by_id\"]},{\"name\":\"tier_contract_references_updated_by_id_fk\",\"columns\":[\"updated_by_id\"]}],\"foreignKeys\":[{\"name\":\"tier_contract_references_created_by_id_fk\",\"columns\":[\"created_by_id\"],\"referencedTable\":\"admin_users\",\"referencedColumns\":[\"id\"],\"onDelete\":\"SET NULL\"},{\"name\":\"tier_contract_references_updated_by_id_fk\",\"columns\":[\"updated_by_id\"],\"referencedTable\":\"admin_users\",\"referencedColumns\":[\"id\"],\"onDelete\":\"SET NULL\"}],\"columns\":[{\"name\":\"id\",\"type\":\"increments\",\"args\":[{\"primary\":true,\"primaryKey\":true}],\"defaultTo\":null,\"notNullable\":true,\"unsigned\":false},{\"name\":\"reference\",\"type\":\"string\",\"args\":[],\"defaultTo\":null,\"notNullable\":false,\"unsigned\":false},{\"name\":\"object\",\"type\":\"string\",\"args\":[],\"defaultTo\":null,\"notNullable\":false,\"unsigned\":false},{\"name\":\"created_at\",\"type\":\"datetime\",\"args\":[{\"useTz\":false,\"precision\":6}],\"defaultTo\":null,\"notNullable\":false,\"unsigned\":false},{\"name\":\"updated_at\",\"type\":\"datetime\",\"args\":[{\"useTz\":false,\"precision\":6}],\"defaultTo\":null,\"notNullable\":false,\"unsigned\":false},{\"name\":\"published_at\",\"type\":\"datetime\",\"args\":[{\"useTz\":false,\"precision\":6}],\"defaultTo\":null,\"notNullable\":false,\"unsigned\":false},{\"name\":\"created_by_id\",\"type\":\"integer\",\"args\":[],\"defaultTo\":null,\"notNullable\":false,\"unsigned\":true},{\"name\":\"updated_by_id\",\"type\":\"integer\",\"args\":[],\"defaultTo\":null,\"notNullable\":false,\"unsigned\":true}]},{\"name\":\"tools\",\"indexes\":[{\"name\":\"tools_created_by_id_fk\",\"columns\":[\"created_by_id\"]},{\"name\":\"tools_updated_by_id_fk\",\"columns\":[\"updated_by_id\"]}],\"foreignKeys\":[{\"name\":\"tools_created_by_id_fk\",\"columns\":[\"created_by_id\"],\"referencedTable\":\"admin_users\",\"referencedColumns\":[\"id\"],\"onDelete\":\"SET NULL\"},{\"name\":\"tools_updated_by_id_fk\",\"columns\":[\"updated_by_id\"],\"referencedTable\":\"admin_users\",\"referencedColumns\":[\"id\"],\"onDelete\":\"SET NULL\"}],\"columns\":[{\"name\":\"id\",\"type\":\"increments\",\"args\":[{\"primary\":true,\"primaryKey\":true}],\"defaultTo\":null,\"notNullable\":true,\"unsigned\":false},{\"name\":\"type\",\"type\":\"string\",\"args\":[],\"defaultTo\":null,\"notNullable\":false,\"unsigned\":false},{\"name\":\"brand\",\"type\":\"string\",\"args\":[],\"defaultTo\":null,\"notNullable\":false,\"unsigned\":false},{\"name\":\"model\",\"type\":\"string\",\"args\":[],\"defaultTo\":null,\"notNullable\":false,\"unsigned\":false},{\"name\":\"date_of_purchase\",\"type\":\"date\",\"args\":[],\"defaultTo\":null,\"notNullable\":false,\"unsigned\":false},{\"name\":\"guarantee_end_date\",\"type\":\"date\",\"args\":[],\"defaultTo\":null,\"notNullable\":false,\"unsigned\":false},{\"name\":\"price\",\"type\":\"decimal\",\"args\":[10,2],\"defaultTo\":null,\"notNullable\":false,\"unsigned\":false},{\"name\":\"description\",\"type\":\"text\",\"args\":[\"longtext\"],\"defaultTo\":null,\"notNullable\":false,\"unsigned\":false},{\"name\":\"created_at\",\"type\":\"datetime\",\"args\":[{\"useTz\":false,\"precision\":6}],\"defaultTo\":null,\"notNullable\":false,\"unsigned\":false},{\"name\":\"updated_at\",\"type\":\"datetime\",\"args\":[{\"useTz\":false,\"precision\":6}],\"defaultTo\":null,\"notNullable\":false,\"unsigned\":false},{\"name\":\"created_by_id\",\"type\":\"integer\",\"args\":[],\"defaultTo\":null,\"notNullable\":false,\"unsigned\":true},{\"name\":\"updated_by_id\",\"type\":\"integer\",\"args\":[],\"defaultTo\":null,\"notNullable\":false,\"unsigned\":true}]},{\"name\":\"type_of_materials\",\"indexes\":[{\"name\":\"type_of_materials_created_by_id_fk\",\"columns\":[\"created_by_id\"]},{\"name\":\"type_of_materials_updated_by_id_fk\",\"columns\":[\"updated_by_id\"]}],\"foreignKeys\":[{\"name\":\"type_of_materials_created_by_id_fk\",\"columns\":[\"created_by_id\"],\"referencedTable\":\"admin_users\",\"referencedColumns\":[\"id\"],\"onDelete\":\"SET NULL\"},{\"name\":\"type_of_materials_updated_by_id_fk\",\"columns\":[\"updated_by_id\"],\"referencedTable\":\"admin_users\",\"referencedColumns\":[\"id\"],\"onDelete\":\"SET NULL\"}],\"columns\":[{\"name\":\"id\",\"type\":\"increments\",\"args\":[{\"primary\":true,\"primaryKey\":true}],\"defaultTo\":null,\"notNullable\":true,\"unsigned\":false},{\"name\":\"name\",\"type\":\"string\",\"args\":[],\"defaultTo\":null,\"notNullable\":false,\"unsigned\":false},{\"name\":\"created_at\",\"type\":\"datetime\",\"args\":[{\"useTz\":false,\"precision\":6}],\"defaultTo\":null,\"notNullable\":false,\"unsigned\":false},{\"name\":\"updated_at\",\"type\":\"datetime\",\"args\":[{\"useTz\":false,\"precision\":6}],\"defaultTo\":null,\"notNullable\":false,\"unsigned\":false},{\"name\":\"created_by_id\",\"type\":\"integer\",\"args\":[],\"defaultTo\":null,\"notNullable\":false,\"unsigned\":true},{\"name\":\"updated_by_id\",\"type\":\"integer\",\"args\":[],\"defaultTo\":null,\"notNullable\":false,\"unsigned\":true}]},{\"name\":\"type_of_sites\",\"indexes\":[{\"name\":\"type_of_sites_created_by_id_fk\",\"columns\":[\"created_by_id\"]},{\"name\":\"type_of_sites_updated_by_id_fk\",\"columns\":[\"updated_by_id\"]}],\"foreignKeys\":[{\"name\":\"type_of_sites_created_by_id_fk\",\"columns\":[\"created_by_id\"],\"referencedTable\":\"admin_users\",\"referencedColumns\":[\"id\"],\"onDelete\":\"SET NULL\"},{\"name\":\"type_of_sites_updated_by_id_fk\",\"columns\":[\"updated_by_id\"],\"referencedTable\":\"admin_users\",\"referencedColumns\":[\"id\"],\"onDelete\":\"SET NULL\"}],\"columns\":[{\"name\":\"id\",\"type\":\"increments\",\"args\":[{\"primary\":true,\"primaryKey\":true}],\"defaultTo\":null,\"notNullable\":true,\"unsigned\":false},{\"name\":\"name\",\"type\":\"string\",\"args\":[],\"defaultTo\":null,\"notNullable\":false,\"unsigned\":false},{\"name\":\"created_at\",\"type\":\"datetime\",\"args\":[{\"useTz\":false,\"precision\":6}],\"defaultTo\":null,\"notNullable\":false,\"unsigned\":false},{\"name\":\"updated_at\",\"type\":\"datetime\",\"args\":[{\"useTz\":false,\"precision\":6}],\"defaultTo\":null,\"notNullable\":false,\"unsigned\":false},{\"name\":\"created_by_id\",\"type\":\"integer\",\"args\":[],\"defaultTo\":null,\"notNullable\":false,\"unsigned\":true},{\"name\":\"updated_by_id\",\"type\":\"integer\",\"args\":[],\"defaultTo\":null,\"notNullable\":false,\"unsigned\":true}]},{\"name\":\"vehicles\",\"indexes\":[{\"name\":\"vehicles_created_by_id_fk\",\"columns\":[\"created_by_id\"]},{\"name\":\"vehicles_updated_by_id_fk\",\"columns\":[\"updated_by_id\"]}],\"foreignKeys\":[{\"name\":\"vehicles_created_by_id_fk\",\"columns\":[\"created_by_id\"],\"referencedTable\":\"admin_users\",\"referencedColumns\":[\"id\"],\"onDelete\":\"SET NULL\"},{\"name\":\"vehicles_updated_by_id_fk\",\"columns\":[\"updated_by_id\"],\"referencedTable\":\"admin_users\",\"referencedColumns\":[\"id\"],\"onDelete\":\"SET NULL\"}],\"columns\":[{\"name\":\"id\",\"type\":\"increments\",\"args\":[{\"primary\":true,\"primaryKey\":true}],\"defaultTo\":null,\"notNullable\":true,\"unsigned\":false},{\"name\":\"registration_number\",\"type\":\"string\",\"args\":[],\"defaultTo\":null,\"notNullable\":false,\"unsigned\":false},{\"name\":\"type\",\"type\":\"string\",\"args\":[],\"defaultTo\":null,\"notNullable\":false,\"unsigned\":false},{\"name\":\"brand\",\"type\":\"string\",\"args\":[],\"defaultTo\":null,\"notNullable\":false,\"unsigned\":false},{\"name\":\"model\",\"type\":\"string\",\"args\":[],\"defaultTo\":null,\"notNullable\":false,\"unsigned\":false},{\"name\":\"date_of_circulation\",\"type\":\"date\",\"args\":[],\"defaultTo\":null,\"notNullable\":false,\"unsigned\":false},{\"name\":\"mileage\",\"type\":\"bigInteger\",\"args\":[],\"defaultTo\":null,\"notNullable\":false,\"unsigned\":false},{\"name\":\"date_of_mileage_report\",\"type\":\"date\",\"args\":[],\"defaultTo\":null,\"notNullable\":false,\"unsigned\":false},{\"name\":\"location_end_date\",\"type\":\"date\",\"args\":[],\"defaultTo\":null,\"notNullable\":false,\"unsigned\":false},{\"name\":\"price\",\"type\":\"decimal\",\"args\":[10,2],\"defaultTo\":null,\"notNullable\":false,\"unsigned\":false},{\"name\":\"next_interview_date\",\"type\":\"date\",\"args\":[],\"defaultTo\":null,\"notNullable\":false,\"unsigned\":false},{\"name\":\"power\",\"type\":\"integer\",\"args\":[],\"defaultTo\":null,\"notNullable\":false,\"unsigned\":false},{\"name\":\"created_at\",\"type\":\"datetime\",\"args\":[{\"useTz\":false,\"precision\":6}],\"defaultTo\":null,\"notNullable\":false,\"unsigned\":false},{\"name\":\"updated_at\",\"type\":\"datetime\",\"args\":[{\"useTz\":false,\"precision\":6}],\"defaultTo\":null,\"notNullable\":false,\"unsigned\":false},{\"name\":\"created_by_id\",\"type\":\"integer\",\"args\":[],\"defaultTo\":null,\"notNullable\":false,\"unsigned\":true},{\"name\":\"updated_by_id\",\"type\":\"integer\",\"args\":[],\"defaultTo\":null,\"notNullable\":false,\"unsigned\":true}]},{\"name\":\"visible_comments\",\"indexes\":[{\"name\":\"visible_comments_created_by_id_fk\",\"columns\":[\"created_by_id\"]},{\"name\":\"visible_comments_updated_by_id_fk\",\"columns\":[\"updated_by_id\"]}],\"foreignKeys\":[{\"name\":\"visible_comments_created_by_id_fk\",\"columns\":[\"created_by_id\"],\"referencedTable\":\"admin_users\",\"referencedColumns\":[\"id\"],\"onDelete\":\"SET NULL\"},{\"name\":\"visible_comments_updated_by_id_fk\",\"columns\":[\"updated_by_id\"],\"referencedTable\":\"admin_users\",\"referencedColumns\":[\"id\"],\"onDelete\":\"SET NULL\"}],\"columns\":[{\"name\":\"id\",\"type\":\"increments\",\"args\":[{\"primary\":true,\"primaryKey\":true}],\"defaultTo\":null,\"notNullable\":true,\"unsigned\":false},{\"name\":\"comment\",\"type\":\"text\",\"args\":[\"longtext\"],\"defaultTo\":null,\"notNullable\":false,\"unsigned\":false},{\"name\":\"created_at\",\"type\":\"datetime\",\"args\":[{\"useTz\":false,\"precision\":6}],\"defaultTo\":null,\"notNullable\":false,\"unsigned\":false},{\"name\":\"updated_at\",\"type\":\"datetime\",\"args\":[{\"useTz\":false,\"precision\":6}],\"defaultTo\":null,\"notNullable\":false,\"unsigned\":false},{\"name\":\"published_at\",\"type\":\"datetime\",\"args\":[{\"useTz\":false,\"precision\":6}],\"defaultTo\":null,\"notNullable\":false,\"unsigned\":false},{\"name\":\"created_by_id\",\"type\":\"integer\",\"args\":[],\"defaultTo\":null,\"notNullable\":false,\"unsigned\":true},{\"name\":\"updated_by_id\",\"type\":\"integer\",\"args\":[],\"defaultTo\":null,\"notNullable\":false,\"unsigned\":true}]},{\"name\":\"visible_objects\",\"indexes\":[{\"name\":\"visible_objects_created_by_id_fk\",\"columns\":[\"created_by_id\"]},{\"name\":\"visible_objects_updated_by_id_fk\",\"columns\":[\"updated_by_id\"]}],\"foreignKeys\":[{\"name\":\"visible_objects_created_by_id_fk\",\"columns\":[\"created_by_id\"],\"referencedTable\":\"admin_users\",\"referencedColumns\":[\"id\"],\"onDelete\":\"SET NULL\"},{\"name\":\"visible_objects_updated_by_id_fk\",\"columns\":[\"updated_by_id\"],\"referencedTable\":\"admin_users\",\"referencedColumns\":[\"id\"],\"onDelete\":\"SET NULL\"}],\"columns\":[{\"name\":\"id\",\"type\":\"increments\",\"args\":[{\"primary\":true,\"primaryKey\":true}],\"defaultTo\":null,\"notNullable\":true,\"unsigned\":false},{\"name\":\"created_at\",\"type\":\"datetime\",\"args\":[{\"useTz\":false,\"precision\":6}],\"defaultTo\":null,\"notNullable\":false,\"unsigned\":false},{\"name\":\"updated_at\",\"type\":\"datetime\",\"args\":[{\"useTz\":false,\"precision\":6}],\"defaultTo\":null,\"notNullable\":false,\"unsigned\":false},{\"name\":\"published_at\",\"type\":\"datetime\",\"args\":[{\"useTz\":false,\"precision\":6}],\"defaultTo\":null,\"notNullable\":false,\"unsigned\":false},{\"name\":\"created_by_id\",\"type\":\"integer\",\"args\":[],\"defaultTo\":null,\"notNullable\":false,\"unsigned\":true},{\"name\":\"updated_by_id\",\"type\":\"integer\",\"args\":[],\"defaultTo\":null,\"notNullable\":false,\"unsigned\":true}]},{\"name\":\"admin_permissions_role_links\",\"indexes\":[{\"name\":\"admin_permissions_role_links_fk\",\"columns\":[\"permission_id\"]},{\"name\":\"admin_permissions_role_links_inv_fk\",\"columns\":[\"role_id\"]},{\"name\":\"admin_permissions_role_links_unique\",\"columns\":[\"permission_id\",\"role_id\"],\"type\":\"unique\"},{\"name\":\"admin_permissions_role_links_order_inv_fk\",\"columns\":[\"permission_order\"]}],\"foreignKeys\":[{\"name\":\"admin_permissions_role_links_fk\",\"columns\":[\"permission_id\"],\"referencedColumns\":[\"id\"],\"referencedTable\":\"admin_permissions\",\"onDelete\":\"CASCADE\"},{\"name\":\"admin_permissions_role_links_inv_fk\",\"columns\":[\"role_id\"],\"referencedColumns\":[\"id\"],\"referencedTable\":\"admin_roles\",\"onDelete\":\"CASCADE\"}],\"columns\":[{\"name\":\"id\",\"type\":\"increments\",\"args\":[{\"primary\":true,\"primaryKey\":true}],\"defaultTo\":null,\"notNullable\":true,\"unsigned\":false},{\"name\":\"permission_id\",\"type\":\"integer\",\"args\":[],\"defaultTo\":null,\"notNullable\":false,\"unsigned\":true},{\"name\":\"role_id\",\"type\":\"integer\",\"args\":[],\"defaultTo\":null,\"notNullable\":false,\"unsigned\":true},{\"name\":\"permission_order\",\"type\":\"integer\",\"args\":[],\"defaultTo\":null,\"notNullable\":false,\"unsigned\":true}]},{\"name\":\"admin_users_roles_links\",\"indexes\":[{\"name\":\"admin_users_roles_links_fk\",\"columns\":[\"user_id\"]},{\"name\":\"admin_users_roles_links_inv_fk\",\"columns\":[\"role_id\"]},{\"name\":\"admin_users_roles_links_unique\",\"columns\":[\"user_id\",\"role_id\"],\"type\":\"unique\"},{\"name\":\"admin_users_roles_links_order_fk\",\"columns\":[\"role_order\"]},{\"name\":\"admin_users_roles_links_order_inv_fk\",\"columns\":[\"user_order\"]}],\"foreignKeys\":[{\"name\":\"admin_users_roles_links_fk\",\"columns\":[\"user_id\"],\"referencedColumns\":[\"id\"],\"referencedTable\":\"admin_users\",\"onDelete\":\"CASCADE\"},{\"name\":\"admin_users_roles_links_inv_fk\",\"columns\":[\"role_id\"],\"referencedColumns\":[\"id\"],\"referencedTable\":\"admin_roles\",\"onDelete\":\"CASCADE\"}],\"columns\":[{\"name\":\"id\",\"type\":\"increments\",\"args\":[{\"primary\":true,\"primaryKey\":true}],\"defaultTo\":null,\"notNullable\":true,\"unsigned\":false},{\"name\":\"user_id\",\"type\":\"integer\",\"args\":[],\"defaultTo\":null,\"notNullable\":false,\"unsigned\":true},{\"name\":\"role_id\",\"type\":\"integer\",\"args\":[],\"defaultTo\":null,\"notNullable\":false,\"unsigned\":true},{\"name\":\"role_order\",\"type\":\"integer\",\"args\":[],\"defaultTo\":null,\"notNullable\":false,\"unsigned\":true},{\"name\":\"user_order\",\"type\":\"integer\",\"args\":[],\"defaultTo\":null,\"notNullable\":false,\"unsigned\":true}]},{\"name\":\"strapi_api_token_permissions_token_links\",\"indexes\":[{\"name\":\"strapi_api_token_permissions_token_links_fk\",\"columns\":[\"api_token_permission_id\"]},{\"name\":\"strapi_api_token_permissions_token_links_inv_fk\",\"columns\":[\"api_token_id\"]},{\"name\":\"strapi_api_token_permissions_token_links_unique\",\"columns\":[\"api_token_permission_id\",\"api_token_id\"],\"type\":\"unique\"},{\"name\":\"strapi_api_token_permissions_token_links_order_inv_fk\",\"columns\":[\"api_token_permission_order\"]}],\"foreignKeys\":[{\"name\":\"strapi_api_token_permissions_token_links_fk\",\"columns\":[\"api_token_permission_id\"],\"referencedColumns\":[\"id\"],\"referencedTable\":\"strapi_api_token_permissions\",\"onDelete\":\"CASCADE\"},{\"name\":\"strapi_api_token_permissions_token_links_inv_fk\",\"columns\":[\"api_token_id\"],\"referencedColumns\":[\"id\"],\"referencedTable\":\"strapi_api_tokens\",\"onDelete\":\"CASCADE\"}],\"columns\":[{\"name\":\"id\",\"type\":\"increments\",\"args\":[{\"primary\":true,\"primaryKey\":true}],\"defaultTo\":null,\"notNullable\":true,\"unsigned\":false},{\"name\":\"api_token_permission_id\",\"type\":\"integer\",\"args\":[],\"defaultTo\":null,\"notNullable\":false,\"unsigned\":true},{\"name\":\"api_token_id\",\"type\":\"integer\",\"args\":[],\"defaultTo\":null,\"notNullable\":false,\"unsigned\":true},{\"name\":\"api_token_permission_order\",\"type\":\"integer\",\"args\":[],\"defaultTo\":null,\"notNullable\":false,\"unsigned\":true}]},{\"name\":\"files_related_morphs\",\"indexes\":[{\"name\":\"files_related_morphs_fk\",\"columns\":[\"file_id\"]}],\"foreignKeys\":[{\"name\":\"files_related_morphs_fk\",\"columns\":[\"file_id\"],\"referencedColumns\":[\"id\"],\"referencedTable\":\"files\",\"onDelete\":\"CASCADE\"}],\"columns\":[{\"name\":\"id\",\"type\":\"increments\",\"args\":[{\"primary\":true,\"primaryKey\":true}],\"defaultTo\":null,\"notNullable\":true,\"unsigned\":false},{\"name\":\"file_id\",\"type\":\"integer\",\"args\":[],\"defaultTo\":null,\"notNullable\":false,\"unsigned\":true},{\"name\":\"related_id\",\"type\":\"integer\",\"args\":[],\"defaultTo\":null,\"notNullable\":false,\"unsigned\":true},{\"name\":\"related_type\",\"type\":\"string\",\"args\":[],\"defaultTo\":null,\"notNullable\":false,\"unsigned\":false},{\"name\":\"field\",\"type\":\"string\",\"args\":[],\"defaultTo\":null,\"notNullable\":false,\"unsigned\":false},{\"name\":\"order\",\"type\":\"integer\",\"args\":[],\"defaultTo\":null,\"notNullable\":false,\"unsigned\":true}]},{\"name\":\"files_folder_links\",\"indexes\":[{\"name\":\"files_folder_links_fk\",\"columns\":[\"file_id\"]},{\"name\":\"files_folder_links_inv_fk\",\"columns\":[\"folder_id\"]},{\"name\":\"files_folder_links_unique\",\"columns\":[\"file_id\",\"folder_id\"],\"type\":\"unique\"},{\"name\":\"files_folder_links_order_inv_fk\",\"columns\":[\"file_order\"]}],\"foreignKeys\":[{\"name\":\"files_folder_links_fk\",\"columns\":[\"file_id\"],\"referencedColumns\":[\"id\"],\"referencedTable\":\"files\",\"onDelete\":\"CASCADE\"},{\"name\":\"files_folder_links_inv_fk\",\"columns\":[\"folder_id\"],\"referencedColumns\":[\"id\"],\"referencedTable\":\"upload_folders\",\"onDelete\":\"CASCADE\"}],\"columns\":[{\"name\":\"id\",\"type\":\"increments\",\"args\":[{\"primary\":true,\"primaryKey\":true}],\"defaultTo\":null,\"notNullable\":true,\"unsigned\":false},{\"name\":\"file_id\",\"type\":\"integer\",\"args\":[],\"defaultTo\":null,\"notNullable\":false,\"unsigned\":true},{\"name\":\"folder_id\",\"type\":\"integer\",\"args\":[],\"defaultTo\":null,\"notNullable\":false,\"unsigned\":true},{\"name\":\"file_order\",\"type\":\"integer\",\"args\":[],\"defaultTo\":null,\"notNullable\":false,\"unsigned\":true}]},{\"name\":\"upload_folders_parent_links\",\"indexes\":[{\"name\":\"upload_folders_parent_links_fk\",\"columns\":[\"folder_id\"]},{\"name\":\"upload_folders_parent_links_inv_fk\",\"columns\":[\"inv_folder_id\"]},{\"name\":\"upload_folders_parent_links_unique\",\"columns\":[\"folder_id\",\"inv_folder_id\"],\"type\":\"unique\"},{\"name\":\"upload_folders_parent_links_order_inv_fk\",\"columns\":[\"folder_order\"]}],\"foreignKeys\":[{\"name\":\"upload_folders_parent_links_fk\",\"columns\":[\"folder_id\"],\"referencedColumns\":[\"id\"],\"referencedTable\":\"upload_folders\",\"onDelete\":\"CASCADE\"},{\"name\":\"upload_folders_parent_links_inv_fk\",\"columns\":[\"inv_folder_id\"],\"referencedColumns\":[\"id\"],\"referencedTable\":\"upload_folders\",\"onDelete\":\"CASCADE\"}],\"columns\":[{\"name\":\"id\",\"type\":\"increments\",\"args\":[{\"primary\":true,\"primaryKey\":true}],\"defaultTo\":null,\"notNullable\":true,\"unsigned\":false},{\"name\":\"folder_id\",\"type\":\"integer\",\"args\":[],\"defaultTo\":null,\"notNullable\":false,\"unsigned\":true},{\"name\":\"inv_folder_id\",\"type\":\"integer\",\"args\":[],\"defaultTo\":null,\"notNullable\":false,\"unsigned\":true},{\"name\":\"folder_order\",\"type\":\"integer\",\"args\":[],\"defaultTo\":null,\"notNullable\":false,\"unsigned\":true}]},{\"name\":\"up_permissions_role_links\",\"indexes\":[{\"name\":\"up_permissions_role_links_fk\",\"columns\":[\"permission_id\"]},{\"name\":\"up_permissions_role_links_inv_fk\",\"columns\":[\"role_id\"]},{\"name\":\"up_permissions_role_links_unique\",\"columns\":[\"permission_id\",\"role_id\"],\"type\":\"unique\"},{\"name\":\"up_permissions_role_links_order_inv_fk\",\"columns\":[\"permission_order\"]}],\"foreignKeys\":[{\"name\":\"up_permissions_role_links_fk\",\"columns\":[\"permission_id\"],\"referencedColumns\":[\"id\"],\"referencedTable\":\"up_permissions\",\"onDelete\":\"CASCADE\"},{\"name\":\"up_permissions_role_links_inv_fk\",\"columns\":[\"role_id\"],\"referencedColumns\":[\"id\"],\"referencedTable\":\"up_roles\",\"onDelete\":\"CASCADE\"}],\"columns\":[{\"name\":\"id\",\"type\":\"increments\",\"args\":[{\"primary\":true,\"primaryKey\":true}],\"defaultTo\":null,\"notNullable\":true,\"unsigned\":false},{\"name\":\"permission_id\",\"type\":\"integer\",\"args\":[],\"defaultTo\":null,\"notNullable\":false,\"unsigned\":true},{\"name\":\"role_id\",\"type\":\"integer\",\"args\":[],\"defaultTo\":null,\"notNullable\":false,\"unsigned\":true},{\"name\":\"permission_order\",\"type\":\"integer\",\"args\":[],\"defaultTo\":null,\"notNullable\":false,\"unsigned\":true}]},{\"name\":\"up_users_role_links\",\"indexes\":[{\"name\":\"up_users_role_links_fk\",\"columns\":[\"user_id\"]},{\"name\":\"up_users_role_links_inv_fk\",\"columns\":[\"role_id\"]},{\"name\":\"up_users_role_links_unique\",\"columns\":[\"user_id\",\"role_id\"],\"type\":\"unique\"},{\"name\":\"up_users_role_links_order_inv_fk\",\"columns\":[\"user_order\"]}],\"foreignKeys\":[{\"name\":\"up_users_role_links_fk\",\"columns\":[\"user_id\"],\"referencedColumns\":[\"id\"],\"referencedTable\":\"up_users\",\"onDelete\":\"CASCADE\"},{\"name\":\"up_users_role_links_inv_fk\",\"columns\":[\"role_id\"],\"referencedColumns\":[\"id\"],\"referencedTable\":\"up_roles\",\"onDelete\":\"CASCADE\"}],\"columns\":[{\"name\":\"id\",\"type\":\"increments\",\"args\":[{\"primary\":true,\"primaryKey\":true}],\"defaultTo\":null,\"notNullable\":true,\"unsigned\":false},{\"name\":\"user_id\",\"type\":\"integer\",\"args\":[],\"defaultTo\":null,\"notNullable\":false,\"unsigned\":true},{\"name\":\"role_id\",\"type\":\"integer\",\"args\":[],\"defaultTo\":null,\"notNullable\":false,\"unsigned\":true},{\"name\":\"user_order\",\"type\":\"integer\",\"args\":[],\"defaultTo\":null,\"notNullable\":false,\"unsigned\":true}]},{\"name\":\"up_users_agency_links\",\"indexes\":[{\"name\":\"up_users_agency_links_fk\",\"columns\":[\"user_id\"]},{\"name\":\"up_users_agency_links_inv_fk\",\"columns\":[\"agency_id\"]},{\"name\":\"up_users_agency_links_unique\",\"columns\":[\"user_id\",\"agency_id\"],\"type\":\"unique\"},{\"name\":\"up_users_agency_links_order_inv_fk\",\"columns\":[\"user_order\"]}],\"foreignKeys\":[{\"name\":\"up_users_agency_links_fk\",\"columns\":[\"user_id\"],\"referencedColumns\":[\"id\"],\"referencedTable\":\"up_users\",\"onDelete\":\"CASCADE\"},{\"name\":\"up_users_agency_links_inv_fk\",\"columns\":[\"agency_id\"],\"referencedColumns\":[\"id\"],\"referencedTable\":\"agencies\",\"onDelete\":\"CASCADE\"}],\"columns\":[{\"name\":\"id\",\"type\":\"increments\",\"args\":[{\"primary\":true,\"primaryKey\":true}],\"defaultTo\":null,\"notNullable\":true,\"unsigned\":false},{\"name\":\"user_id\",\"type\":\"integer\",\"args\":[],\"defaultTo\":null,\"notNullable\":false,\"unsigned\":true},{\"name\":\"agency_id\",\"type\":\"integer\",\"args\":[],\"defaultTo\":null,\"notNullable\":false,\"unsigned\":true},{\"name\":\"user_order\",\"type\":\"integer\",\"args\":[],\"defaultTo\":null,\"notNullable\":false,\"unsigned\":true}]},{\"name\":\"up_users_service_properties_links\",\"indexes\":[{\"name\":\"up_users_service_properties_links_fk\",\"columns\":[\"user_id\"]},{\"name\":\"up_users_service_properties_links_inv_fk\",\"columns\":[\"property_id\"]},{\"name\":\"up_users_service_properties_links_unique\",\"columns\":[\"user_id\",\"property_id\"],\"type\":\"unique\"},{\"name\":\"up_users_service_properties_links_order_fk\",\"columns\":[\"property_order\"]},{\"name\":\"up_users_service_properties_links_order_inv_fk\",\"columns\":[\"user_order\"]}],\"foreignKeys\":[{\"name\":\"up_users_service_properties_links_fk\",\"columns\":[\"user_id\"],\"referencedColumns\":[\"id\"],\"referencedTable\":\"up_users\",\"onDelete\":\"CASCADE\"},{\"name\":\"up_users_service_properties_links_inv_fk\",\"columns\":[\"property_id\"],\"referencedColumns\":[\"id\"],\"referencedTable\":\"properties\",\"onDelete\":\"CASCADE\"}],\"columns\":[{\"name\":\"id\",\"type\":\"increments\",\"args\":[{\"primary\":true,\"primaryKey\":true}],\"defaultTo\":null,\"notNullable\":true,\"unsigned\":false},{\"name\":\"user_id\",\"type\":\"integer\",\"args\":[],\"defaultTo\":null,\"notNullable\":false,\"unsigned\":true},{\"name\":\"property_id\",\"type\":\"integer\",\"args\":[],\"defaultTo\":null,\"notNullable\":false,\"unsigned\":true},{\"name\":\"property_order\",\"type\":\"integer\",\"args\":[],\"defaultTo\":null,\"notNullable\":false,\"unsigned\":true},{\"name\":\"user_order\",\"type\":\"integer\",\"args\":[],\"defaultTo\":null,\"notNullable\":false,\"unsigned\":true}]},{\"name\":\"absences_users_permissions_user_links\",\"indexes\":[{\"name\":\"absences_users_permissions_user_links_fk\",\"columns\":[\"absence_id\"]},{\"name\":\"absences_users_permissions_user_links_inv_fk\",\"columns\":[\"user_id\"]},{\"name\":\"absences_users_permissions_user_links_unique\",\"columns\":[\"absence_id\",\"user_id\"],\"type\":\"unique\"},{\"name\":\"absences_users_permissions_user_links_order_inv_fk\",\"columns\":[\"absence_order\"]}],\"foreignKeys\":[{\"name\":\"absences_users_permissions_user_links_fk\",\"columns\":[\"absence_id\"],\"referencedColumns\":[\"id\"],\"referencedTable\":\"absences\",\"onDelete\":\"CASCADE\"},{\"name\":\"absences_users_permissions_user_links_inv_fk\",\"columns\":[\"user_id\"],\"referencedColumns\":[\"id\"],\"referencedTable\":\"up_users\",\"onDelete\":\"CASCADE\"}],\"columns\":[{\"name\":\"id\",\"type\":\"increments\",\"args\":[{\"primary\":true,\"primaryKey\":true}],\"defaultTo\":null,\"notNullable\":true,\"unsigned\":false},{\"name\":\"absence_id\",\"type\":\"integer\",\"args\":[],\"defaultTo\":null,\"notNullable\":false,\"unsigned\":true},{\"name\":\"user_id\",\"type\":\"integer\",\"args\":[],\"defaultTo\":null,\"notNullable\":false,\"unsigned\":true},{\"name\":\"absence_order\",\"type\":\"integer\",\"args\":[],\"defaultTo\":null,\"notNullable\":false,\"unsigned\":true}]},{\"name\":\"absences_absence_type_links\",\"indexes\":[{\"name\":\"absences_absence_type_links_fk\",\"columns\":[\"absence_id\"]},{\"name\":\"absences_absence_type_links_inv_fk\",\"columns\":[\"absence_type_id\"]},{\"name\":\"absences_absence_type_links_unique\",\"columns\":[\"absence_id\",\"absence_type_id\"],\"type\":\"unique\"}],\"foreignKeys\":[{\"name\":\"absences_absence_type_links_fk\",\"columns\":[\"absence_id\"],\"referencedColumns\":[\"id\"],\"referencedTable\":\"absences\",\"onDelete\":\"CASCADE\"},{\"name\":\"absences_absence_type_links_inv_fk\",\"columns\":[\"absence_type_id\"],\"referencedColumns\":[\"id\"],\"referencedTable\":\"absence_types\",\"onDelete\":\"CASCADE\"}],\"columns\":[{\"name\":\"id\",\"type\":\"increments\",\"args\":[{\"primary\":true,\"primaryKey\":true}],\"defaultTo\":null,\"notNullable\":true,\"unsigned\":false},{\"name\":\"absence_id\",\"type\":\"integer\",\"args\":[],\"defaultTo\":null,\"notNullable\":false,\"unsigned\":true},{\"name\":\"absence_type_id\",\"type\":\"integer\",\"args\":[],\"defaultTo\":null,\"notNullable\":false,\"unsigned\":true}]},{\"name\":\"comments_ticket_links\",\"indexes\":[{\"name\":\"comments_ticket_links_fk\",\"columns\":[\"comment_id\"]},{\"name\":\"comments_ticket_links_inv_fk\",\"columns\":[\"ticket_id\"]},{\"name\":\"comments_ticket_links_unique\",\"columns\":[\"comment_id\",\"ticket_id\"],\"type\":\"unique\"},{\"name\":\"comments_ticket_links_order_inv_fk\",\"columns\":[\"comment_order\"]}],\"foreignKeys\":[{\"name\":\"comments_ticket_links_fk\",\"columns\":[\"comment_id\"],\"referencedColumns\":[\"id\"],\"referencedTable\":\"comments\",\"onDelete\":\"CASCADE\"},{\"name\":\"comments_ticket_links_inv_fk\",\"columns\":[\"ticket_id\"],\"referencedColumns\":[\"id\"],\"referencedTable\":\"tickets\",\"onDelete\":\"CASCADE\"}],\"columns\":[{\"name\":\"id\",\"type\":\"increments\",\"args\":[{\"primary\":true,\"primaryKey\":true}],\"defaultTo\":null,\"notNullable\":true,\"unsigned\":false},{\"name\":\"comment_id\",\"type\":\"integer\",\"args\":[],\"defaultTo\":null,\"notNullable\":false,\"unsigned\":true},{\"name\":\"ticket_id\",\"type\":\"integer\",\"args\":[],\"defaultTo\":null,\"notNullable\":false,\"unsigned\":true},{\"name\":\"comment_order\",\"type\":\"integer\",\"args\":[],\"defaultTo\":null,\"notNullable\":false,\"unsigned\":true}]},{\"name\":\"comments_users_permissions_user_links\",\"indexes\":[{\"name\":\"comments_users_permissions_user_links_fk\",\"columns\":[\"comment_id\"]},{\"name\":\"comments_users_permissions_user_links_inv_fk\",\"columns\":[\"user_id\"]},{\"name\":\"comments_users_permissions_user_links_unique\",\"columns\":[\"comment_id\",\"user_id\"],\"type\":\"unique\"},{\"name\":\"comments_users_permissions_user_links_order_inv_fk\",\"columns\":[\"comment_order\"]}],\"foreignKeys\":[{\"name\":\"comments_users_permissions_user_links_fk\",\"columns\":[\"comment_id\"],\"referencedColumns\":[\"id\"],\"referencedTable\":\"comments\",\"onDelete\":\"CASCADE\"},{\"name\":\"comments_users_permissions_user_links_inv_fk\",\"columns\":[\"user_id\"],\"referencedColumns\":[\"id\"],\"referencedTable\":\"up_users\",\"onDelete\":\"CASCADE\"}],\"columns\":[{\"name\":\"id\",\"type\":\"increments\",\"args\":[{\"primary\":true,\"primaryKey\":true}],\"defaultTo\":null,\"notNullable\":true,\"unsigned\":false},{\"name\":\"comment_id\",\"type\":\"integer\",\"args\":[],\"defaultTo\":null,\"notNullable\":false,\"unsigned\":true},{\"name\":\"user_id\",\"type\":\"integer\",\"args\":[],\"defaultTo\":null,\"notNullable\":false,\"unsigned\":true},{\"name\":\"comment_order\",\"type\":\"integer\",\"args\":[],\"defaultTo\":null,\"notNullable\":false,\"unsigned\":true}]},{\"name\":\"contracts_property_links\",\"indexes\":[{\"name\":\"contracts_property_links_fk\",\"columns\":[\"contract_id\"]},{\"name\":\"contracts_property_links_inv_fk\",\"columns\":[\"property_id\"]},{\"name\":\"contracts_property_links_unique\",\"columns\":[\"contract_id\",\"property_id\"],\"type\":\"unique\"},{\"name\":\"contracts_property_links_order_inv_fk\",\"columns\":[\"contract_order\"]}],\"foreignKeys\":[{\"name\":\"contracts_property_links_fk\",\"columns\":[\"contract_id\"],\"referencedColumns\":[\"id\"],\"referencedTable\":\"contracts\",\"onDelete\":\"CASCADE\"},{\"name\":\"contracts_property_links_inv_fk\",\"columns\":[\"property_id\"],\"referencedColumns\":[\"id\"],\"referencedTable\":\"properties\",\"onDelete\":\"CASCADE\"}],\"columns\":[{\"name\":\"id\",\"type\":\"increments\",\"args\":[{\"primary\":true,\"primaryKey\":true}],\"defaultTo\":null,\"notNullable\":true,\"unsigned\":false},{\"name\":\"contract_id\",\"type\":\"integer\",\"args\":[],\"defaultTo\":null,\"notNullable\":false,\"unsigned\":true},{\"name\":\"property_id\",\"type\":\"integer\",\"args\":[],\"defaultTo\":null,\"notNullable\":false,\"unsigned\":true},{\"name\":\"contract_order\",\"type\":\"integer\",\"args\":[],\"defaultTo\":null,\"notNullable\":false,\"unsigned\":true}]},{\"name\":\"contracts_agency_links\",\"indexes\":[{\"name\":\"contracts_agency_links_fk\",\"columns\":[\"contract_id\"]},{\"name\":\"contracts_agency_links_inv_fk\",\"columns\":[\"agency_id\"]},{\"name\":\"contracts_agency_links_unique\",\"columns\":[\"contract_id\",\"agency_id\"],\"type\":\"unique\"},{\"name\":\"contracts_agency_links_order_inv_fk\",\"columns\":[\"contract_order\"]}],\"foreignKeys\":[{\"name\":\"contracts_agency_links_fk\",\"columns\":[\"contract_id\"],\"referencedColumns\":[\"id\"],\"referencedTable\":\"contracts\",\"onDelete\":\"CASCADE\"},{\"name\":\"contracts_agency_links_inv_fk\",\"columns\":[\"agency_id\"],\"referencedColumns\":[\"id\"],\"referencedTable\":\"agencies\",\"onDelete\":\"CASCADE\"}],\"columns\":[{\"name\":\"id\",\"type\":\"increments\",\"args\":[{\"primary\":true,\"primaryKey\":true}],\"defaultTo\":null,\"notNullable\":true,\"unsigned\":false},{\"name\":\"contract_id\",\"type\":\"integer\",\"args\":[],\"defaultTo\":null,\"notNullable\":false,\"unsigned\":true},{\"name\":\"agency_id\",\"type\":\"integer\",\"args\":[],\"defaultTo\":null,\"notNullable\":false,\"unsigned\":true},{\"name\":\"contract_order\",\"type\":\"integer\",\"args\":[],\"defaultTo\":null,\"notNullable\":false,\"unsigned\":true}]},{\"name\":\"contracts_users_links\",\"indexes\":[{\"name\":\"contracts_users_links_fk\",\"columns\":[\"contract_id\"]},{\"name\":\"contracts_users_links_inv_fk\",\"columns\":[\"user_id\"]},{\"name\":\"contracts_users_links_unique\",\"columns\":[\"contract_id\",\"user_id\"],\"type\":\"unique\"},{\"name\":\"contracts_users_links_order_fk\",\"columns\":[\"user_order\"]}],\"foreignKeys\":[{\"name\":\"contracts_users_links_fk\",\"columns\":[\"contract_id\"],\"referencedColumns\":[\"id\"],\"referencedTable\":\"contracts\",\"onDelete\":\"CASCADE\"},{\"name\":\"contracts_users_links_inv_fk\",\"columns\":[\"user_id\"],\"referencedColumns\":[\"id\"],\"referencedTable\":\"up_users\",\"onDelete\":\"CASCADE\"}],\"columns\":[{\"name\":\"id\",\"type\":\"increments\",\"args\":[{\"primary\":true,\"primaryKey\":true}],\"defaultTo\":null,\"notNullable\":true,\"unsigned\":false},{\"name\":\"contract_id\",\"type\":\"integer\",\"args\":[],\"defaultTo\":null,\"notNullable\":false,\"unsigned\":true},{\"name\":\"user_id\",\"type\":\"integer\",\"args\":[],\"defaultTo\":null,\"notNullable\":false,\"unsigned\":true},{\"name\":\"user_order\",\"type\":\"integer\",\"args\":[],\"defaultTo\":null,\"notNullable\":false,\"unsigned\":true}]},{\"name\":\"contracts_functions_links\",\"indexes\":[{\"name\":\"contracts_functions_links_fk\",\"columns\":[\"contract_id\"]},{\"name\":\"contracts_functions_links_inv_fk\",\"columns\":[\"function_id\"]},{\"name\":\"contracts_functions_links_unique\",\"columns\":[\"contract_id\",\"function_id\"],\"type\":\"unique\"},{\"name\":\"contracts_functions_links_order_fk\",\"columns\":[\"function_order\"]}],\"foreignKeys\":[{\"name\":\"contracts_functions_links_fk\",\"columns\":[\"contract_id\"],\"referencedColumns\":[\"id\"],\"referencedTable\":\"contracts\",\"onDelete\":\"CASCADE\"},{\"name\":\"contracts_functions_links_inv_fk\",\"columns\":[\"function_id\"],\"referencedColumns\":[\"id\"],\"referencedTable\":\"functions\",\"onDelete\":\"CASCADE\"}],\"columns\":[{\"name\":\"id\",\"type\":\"increments\",\"args\":[{\"primary\":true,\"primaryKey\":true}],\"defaultTo\":null,\"notNullable\":true,\"unsigned\":false},{\"name\":\"contract_id\",\"type\":\"integer\",\"args\":[],\"defaultTo\":null,\"notNullable\":false,\"unsigned\":true},{\"name\":\"function_id\",\"type\":\"integer\",\"args\":[],\"defaultTo\":null,\"notNullable\":false,\"unsigned\":true},{\"name\":\"function_order\",\"type\":\"integer\",\"args\":[],\"defaultTo\":null,\"notNullable\":false,\"unsigned\":true}]},{\"name\":\"contracts_coefficients_links\",\"indexes\":[{\"name\":\"contracts_coefficients_links_fk\",\"columns\":[\"contract_id\"]},{\"name\":\"contracts_coefficients_links_inv_fk\",\"columns\":[\"coefficient_id\"]},{\"name\":\"contracts_coefficients_links_unique\",\"columns\":[\"contract_id\",\"coefficient_id\"],\"type\":\"unique\"},{\"name\":\"contracts_coefficients_links_order_fk\",\"columns\":[\"coefficient_order\"]}],\"foreignKeys\":[{\"name\":\"contracts_coefficients_links_fk\",\"columns\":[\"contract_id\"],\"referencedColumns\":[\"id\"],\"referencedTable\":\"contracts\",\"onDelete\":\"CASCADE\"},{\"name\":\"contracts_coefficients_links_inv_fk\",\"columns\":[\"coefficient_id\"],\"referencedColumns\":[\"id\"],\"referencedTable\":\"coefficients\",\"onDelete\":\"CASCADE\"}],\"columns\":[{\"name\":\"id\",\"type\":\"increments\",\"args\":[{\"primary\":true,\"primaryKey\":true}],\"defaultTo\":null,\"notNullable\":true,\"unsigned\":false},{\"name\":\"contract_id\",\"type\":\"integer\",\"args\":[],\"defaultTo\":null,\"notNullable\":false,\"unsigned\":true},{\"name\":\"coefficient_id\",\"type\":\"integer\",\"args\":[],\"defaultTo\":null,\"notNullable\":false,\"unsigned\":true},{\"name\":\"coefficient_order\",\"type\":\"integer\",\"args\":[],\"defaultTo\":null,\"notNullable\":false,\"unsigned\":true}]},{\"name\":\"contracts_attachment_services_links\",\"indexes\":[{\"name\":\"contracts_attachment_services_links_fk\",\"columns\":[\"contract_id\"]},{\"name\":\"contracts_attachment_services_links_inv_fk\",\"columns\":[\"attachment_service_id\"]},{\"name\":\"contracts_attachment_services_links_unique\",\"columns\":[\"contract_id\",\"attachment_service_id\"],\"type\":\"unique\"},{\"name\":\"contracts_attachment_services_links_order_fk\",\"columns\":[\"attachment_service_order\"]}],\"foreignKeys\":[{\"name\":\"contracts_attachment_services_links_fk\",\"columns\":[\"contract_id\"],\"referencedColumns\":[\"id\"],\"referencedTable\":\"contracts\",\"onDelete\":\"CASCADE\"},{\"name\":\"contracts_attachment_services_links_inv_fk\",\"columns\":[\"attachment_service_id\"],\"referencedColumns\":[\"id\"],\"referencedTable\":\"attachment_services\",\"onDelete\":\"CASCADE\"}],\"columns\":[{\"name\":\"id\",\"type\":\"increments\",\"args\":[{\"primary\":true,\"primaryKey\":true}],\"defaultTo\":null,\"notNullable\":true,\"unsigned\":false},{\"name\":\"contract_id\",\"type\":\"integer\",\"args\":[],\"defaultTo\":null,\"notNullable\":false,\"unsigned\":true},{\"name\":\"attachment_service_id\",\"type\":\"integer\",\"args\":[],\"defaultTo\":null,\"notNullable\":false,\"unsigned\":true},{\"name\":\"attachment_service_order\",\"type\":\"integer\",\"args\":[],\"defaultTo\":null,\"notNullable\":false,\"unsigned\":true}]},{\"name\":\"contracts_skills_links\",\"indexes\":[{\"name\":\"contracts_skills_links_fk\",\"columns\":[\"contract_id\"]},{\"name\":\"contracts_skills_links_inv_fk\",\"columns\":[\"skill_id\"]},{\"name\":\"contracts_skills_links_unique\",\"columns\":[\"contract_id\",\"skill_id\"],\"type\":\"unique\"},{\"name\":\"contracts_skills_links_order_fk\",\"columns\":[\"skill_order\"]}],\"foreignKeys\":[{\"name\":\"contracts_skills_links_fk\",\"columns\":[\"contract_id\"],\"referencedColumns\":[\"id\"],\"referencedTable\":\"contracts\",\"onDelete\":\"CASCADE\"},{\"name\":\"contracts_skills_links_inv_fk\",\"columns\":[\"skill_id\"],\"referencedColumns\":[\"id\"],\"referencedTable\":\"skills\",\"onDelete\":\"CASCADE\"}],\"columns\":[{\"name\":\"id\",\"type\":\"increments\",\"args\":[{\"primary\":true,\"primaryKey\":true}],\"defaultTo\":null,\"notNullable\":true,\"unsigned\":false},{\"name\":\"contract_id\",\"type\":\"integer\",\"args\":[],\"defaultTo\":null,\"notNullable\":false,\"unsigned\":true},{\"name\":\"skill_id\",\"type\":\"integer\",\"args\":[],\"defaultTo\":null,\"notNullable\":false,\"unsigned\":true},{\"name\":\"skill_order\",\"type\":\"integer\",\"args\":[],\"defaultTo\":null,\"notNullable\":false,\"unsigned\":true}]},{\"name\":\"contracts_certificates_links\",\"indexes\":[{\"name\":\"contracts_certificates_links_fk\",\"columns\":[\"contract_id\"]},{\"name\":\"contracts_certificates_links_inv_fk\",\"columns\":[\"certificate_id\"]},{\"name\":\"contracts_certificates_links_unique\",\"columns\":[\"contract_id\",\"certificate_id\"],\"type\":\"unique\"},{\"name\":\"contracts_certificates_links_order_fk\",\"columns\":[\"certificate_order\"]}],\"foreignKeys\":[{\"name\":\"contracts_certificates_links_fk\",\"columns\":[\"contract_id\"],\"referencedColumns\":[\"id\"],\"referencedTable\":\"contracts\",\"onDelete\":\"CASCADE\"},{\"name\":\"contracts_certificates_links_inv_fk\",\"columns\":[\"certificate_id\"],\"referencedColumns\":[\"id\"],\"referencedTable\":\"certificates\",\"onDelete\":\"CASCADE\"}],\"columns\":[{\"name\":\"id\",\"type\":\"increments\",\"args\":[{\"primary\":true,\"primaryKey\":true}],\"defaultTo\":null,\"notNullable\":true,\"unsigned\":false},{\"name\":\"contract_id\",\"type\":\"integer\",\"args\":[],\"defaultTo\":null,\"notNullable\":false,\"unsigned\":true},{\"name\":\"certificate_id\",\"type\":\"integer\",\"args\":[],\"defaultTo\":null,\"notNullable\":false,\"unsigned\":true},{\"name\":\"certificate_order\",\"type\":\"integer\",\"args\":[],\"defaultTo\":null,\"notNullable\":false,\"unsigned\":true}]},{\"name\":\"contracts_authorizations_links\",\"indexes\":[{\"name\":\"contracts_authorizations_links_fk\",\"columns\":[\"contract_id\"]},{\"name\":\"contracts_authorizations_links_inv_fk\",\"columns\":[\"authorization_id\"]},{\"name\":\"contracts_authorizations_links_unique\",\"columns\":[\"contract_id\",\"authorization_id\"],\"type\":\"unique\"},{\"name\":\"contracts_authorizations_links_order_fk\",\"columns\":[\"authorization_order\"]}],\"foreignKeys\":[{\"name\":\"contracts_authorizations_links_fk\",\"columns\":[\"contract_id\"],\"referencedColumns\":[\"id\"],\"referencedTable\":\"contracts\",\"onDelete\":\"CASCADE\"},{\"name\":\"contracts_authorizations_links_inv_fk\",\"columns\":[\"authorization_id\"],\"referencedColumns\":[\"id\"],\"referencedTable\":\"authorizations\",\"onDelete\":\"CASCADE\"}],\"columns\":[{\"name\":\"id\",\"type\":\"increments\",\"args\":[{\"primary\":true,\"primaryKey\":true}],\"defaultTo\":null,\"notNullable\":true,\"unsigned\":false},{\"name\":\"contract_id\",\"type\":\"integer\",\"args\":[],\"defaultTo\":null,\"notNullable\":false,\"unsigned\":true},{\"name\":\"authorization_id\",\"type\":\"integer\",\"args\":[],\"defaultTo\":null,\"notNullable\":false,\"unsigned\":true},{\"name\":\"authorization_order\",\"type\":\"integer\",\"args\":[],\"defaultTo\":null,\"notNullable\":false,\"unsigned\":true}]},{\"name\":\"contracts_days_workeds_links\",\"indexes\":[{\"name\":\"contracts_days_workeds_links_fk\",\"columns\":[\"contract_id\"]},{\"name\":\"contracts_days_workeds_links_inv_fk\",\"columns\":[\"days_worked_id\"]},{\"name\":\"contracts_days_workeds_links_unique\",\"columns\":[\"contract_id\",\"days_worked_id\"],\"type\":\"unique\"},{\"name\":\"contracts_days_workeds_links_order_fk\",\"columns\":[\"days_worked_order\"]}],\"foreignKeys\":[{\"name\":\"contracts_days_workeds_links_fk\",\"columns\":[\"contract_id\"],\"referencedColumns\":[\"id\"],\"referencedTable\":\"contracts\",\"onDelete\":\"CASCADE\"},{\"name\":\"contracts_days_workeds_links_inv_fk\",\"columns\":[\"days_worked_id\"],\"referencedColumns\":[\"id\"],\"referencedTable\":\"days_workeds\",\"onDelete\":\"CASCADE\"}],\"columns\":[{\"name\":\"id\",\"type\":\"increments\",\"args\":[{\"primary\":true,\"primaryKey\":true}],\"defaultTo\":null,\"notNullable\":true,\"unsigned\":false},{\"name\":\"contract_id\",\"type\":\"integer\",\"args\":[],\"defaultTo\":null,\"notNullable\":false,\"unsigned\":true},{\"name\":\"days_worked_id\",\"type\":\"integer\",\"args\":[],\"defaultTo\":null,\"notNullable\":false,\"unsigned\":true},{\"name\":\"days_worked_order\",\"type\":\"integer\",\"args\":[],\"defaultTo\":null,\"notNullable\":false,\"unsigned\":true}]},{\"name\":\"contracts_line_managers_links\",\"indexes\":[{\"name\":\"contracts_line_managers_links_fk\",\"columns\":[\"contract_id\"]},{\"name\":\"contracts_line_managers_links_inv_fk\",\"columns\":[\"user_id\"]},{\"name\":\"contracts_line_managers_links_unique\",\"columns\":[\"contract_id\",\"user_id\"],\"type\":\"unique\"},{\"name\":\"contracts_line_managers_links_order_fk\",\"columns\":[\"user_order\"]}],\"foreignKeys\":[{\"name\":\"contracts_line_managers_links_fk\",\"columns\":[\"contract_id\"],\"referencedColumns\":[\"id\"],\"referencedTable\":\"contracts\",\"onDelete\":\"CASCADE\"},{\"name\":\"contracts_line_managers_links_inv_fk\",\"columns\":[\"user_id\"],\"referencedColumns\":[\"id\"],\"referencedTable\":\"up_users\",\"onDelete\":\"CASCADE\"}],\"columns\":[{\"name\":\"id\",\"type\":\"increments\",\"args\":[{\"primary\":true,\"primaryKey\":true}],\"defaultTo\":null,\"notNullable\":true,\"unsigned\":false},{\"name\":\"contract_id\",\"type\":\"integer\",\"args\":[],\"defaultTo\":null,\"notNullable\":false,\"unsigned\":true},{\"name\":\"user_id\",\"type\":\"integer\",\"args\":[],\"defaultTo\":null,\"notNullable\":false,\"unsigned\":true},{\"name\":\"user_order\",\"type\":\"integer\",\"args\":[],\"defaultTo\":null,\"notNullable\":false,\"unsigned\":true}]},{\"name\":\"contracts_client_contract_services_links\",\"indexes\":[{\"name\":\"contracts_client_contract_services_links_fk\",\"columns\":[\"contract_id\"]},{\"name\":\"contracts_client_contract_services_links_inv_fk\",\"columns\":[\"client_contract_service_id\"]},{\"name\":\"contracts_client_contract_services_links_unique\",\"columns\":[\"contract_id\",\"client_contract_service_id\"],\"type\":\"unique\"},{\"name\":\"contracts_client_contract_services_links_order_fk\",\"columns\":[\"client_contract_service_order\"]}],\"foreignKeys\":[{\"name\":\"contracts_client_contract_services_links_fk\",\"columns\":[\"contract_id\"],\"referencedColumns\":[\"id\"],\"referencedTable\":\"contracts\",\"onDelete\":\"CASCADE\"},{\"name\":\"contracts_client_contract_services_links_inv_fk\",\"columns\":[\"client_contract_service_id\"],\"referencedColumns\":[\"id\"],\"referencedTable\":\"client_contract_services\",\"onDelete\":\"CASCADE\"}],\"columns\":[{\"name\":\"id\",\"type\":\"increments\",\"args\":[{\"primary\":true,\"primaryKey\":true}],\"defaultTo\":null,\"notNullable\":true,\"unsigned\":false},{\"name\":\"contract_id\",\"type\":\"integer\",\"args\":[],\"defaultTo\":null,\"notNullable\":false,\"unsigned\":true},{\"name\":\"client_contract_service_id\",\"type\":\"integer\",\"args\":[],\"defaultTo\":null,\"notNullable\":false,\"unsigned\":true},{\"name\":\"client_contract_service_order\",\"type\":\"integer\",\"args\":[],\"defaultTo\":null,\"notNullable\":false,\"unsigned\":true}]},{\"name\":\"employee_contracts_functions_links\",\"indexes\":[{\"name\":\"employee_contracts_functions_links_fk\",\"columns\":[\"employee_contract_id\"]},{\"name\":\"employee_contracts_functions_links_inv_fk\",\"columns\":[\"function_id\"]},{\"name\":\"employee_contracts_functions_links_unique\",\"columns\":[\"employee_contract_id\",\"function_id\"],\"type\":\"unique\"},{\"name\":\"employee_contracts_functions_links_order_fk\",\"columns\":[\"function_order\"]}],\"foreignKeys\":[{\"name\":\"employee_contracts_functions_links_fk\",\"columns\":[\"employee_contract_id\"],\"referencedColumns\":[\"id\"],\"referencedTable\":\"employee_contracts\",\"onDelete\":\"CASCADE\"},{\"name\":\"employee_contracts_functions_links_inv_fk\",\"columns\":[\"function_id\"],\"referencedColumns\":[\"id\"],\"referencedTable\":\"functions\",\"onDelete\":\"CASCADE\"}],\"columns\":[{\"name\":\"id\",\"type\":\"increments\",\"args\":[{\"primary\":true,\"primaryKey\":true}],\"defaultTo\":null,\"notNullable\":true,\"unsigned\":false},{\"name\":\"employee_contract_id\",\"type\":\"integer\",\"args\":[],\"defaultTo\":null,\"notNullable\":false,\"unsigned\":true},{\"name\":\"function_id\",\"type\":\"integer\",\"args\":[],\"defaultTo\":null,\"notNullable\":false,\"unsigned\":true},{\"name\":\"function_order\",\"type\":\"integer\",\"args\":[],\"defaultTo\":null,\"notNullable\":false,\"unsigned\":true}]},{\"name\":\"employee_contracts_coefficients_links\",\"indexes\":[{\"name\":\"employee_contracts_coefficients_links_fk\",\"columns\":[\"employee_contract_id\"]},{\"name\":\"employee_contracts_coefficients_links_inv_fk\",\"columns\":[\"coefficient_id\"]},{\"name\":\"employee_contracts_coefficients_links_unique\",\"columns\":[\"employee_contract_id\",\"coefficient_id\"],\"type\":\"unique\"},{\"name\":\"employee_contracts_coefficients_links_order_fk\",\"columns\":[\"coefficient_order\"]}],\"foreignKeys\":[{\"name\":\"employee_contracts_coefficients_links_fk\",\"columns\":[\"employee_contract_id\"],\"referencedColumns\":[\"id\"],\"referencedTable\":\"employee_contracts\",\"onDelete\":\"CASCADE\"},{\"name\":\"employee_contracts_coefficients_links_inv_fk\",\"columns\":[\"coefficient_id\"],\"referencedColumns\":[\"id\"],\"referencedTable\":\"coefficients\",\"onDelete\":\"CASCADE\"}],\"columns\":[{\"name\":\"id\",\"type\":\"increments\",\"args\":[{\"primary\":true,\"primaryKey\":true}],\"defaultTo\":null,\"notNullable\":true,\"unsigned\":false},{\"name\":\"employee_contract_id\",\"type\":\"integer\",\"args\":[],\"defaultTo\":null,\"notNullable\":false,\"unsigned\":true},{\"name\":\"coefficient_id\",\"type\":\"integer\",\"args\":[],\"defaultTo\":null,\"notNullable\":false,\"unsigned\":true},{\"name\":\"coefficient_order\",\"type\":\"integer\",\"args\":[],\"defaultTo\":null,\"notNullable\":false,\"unsigned\":true}]},{\"name\":\"employee_contracts_attachment_services_links\",\"indexes\":[{\"name\":\"employee_contracts_attachment_services_links_fk\",\"columns\":[\"employee_contract_id\"]},{\"name\":\"employee_contracts_attachment_services_links_inv_fk\",\"columns\":[\"attachment_service_id\"]},{\"name\":\"employee_contracts_attachment_services_links_unique\",\"columns\":[\"employee_contract_id\",\"attachment_service_id\"],\"type\":\"unique\"},{\"name\":\"employee_contracts_attachment_services_links_order_fk\",\"columns\":[\"attachment_service_order\"]}],\"foreignKeys\":[{\"name\":\"employee_contracts_attachment_services_links_fk\",\"columns\":[\"employee_contract_id\"],\"referencedColumns\":[\"id\"],\"referencedTable\":\"employee_contracts\",\"onDelete\":\"CASCADE\"},{\"name\":\"employee_contracts_attachment_services_links_inv_fk\",\"columns\":[\"attachment_service_id\"],\"referencedColumns\":[\"id\"],\"referencedTable\":\"attachment_services\",\"onDelete\":\"CASCADE\"}],\"columns\":[{\"name\":\"id\",\"type\":\"increments\",\"args\":[{\"primary\":true,\"primaryKey\":true}],\"defaultTo\":null,\"notNullable\":true,\"unsigned\":false},{\"name\":\"employee_contract_id\",\"type\":\"integer\",\"args\":[],\"defaultTo\":null,\"notNullable\":false,\"unsigned\":true},{\"name\":\"attachment_service_id\",\"type\":\"integer\",\"args\":[],\"defaultTo\":null,\"notNullable\":false,\"unsigned\":true},{\"name\":\"attachment_service_order\",\"type\":\"integer\",\"args\":[],\"defaultTo\":null,\"notNullable\":false,\"unsigned\":true}]},{\"name\":\"employee_contracts_superiors_links\",\"indexes\":[{\"name\":\"employee_contracts_superiors_links_fk\",\"columns\":[\"employee_contract_id\"]},{\"name\":\"employee_contracts_superiors_links_inv_fk\",\"columns\":[\"user_id\"]},{\"name\":\"employee_contracts_superiors_links_unique\",\"columns\":[\"employee_contract_id\",\"user_id\"],\"type\":\"unique\"},{\"name\":\"employee_contracts_superiors_links_order_fk\",\"columns\":[\"user_order\"]}],\"foreignKeys\":[{\"name\":\"employee_contracts_superiors_links_fk\",\"columns\":[\"employee_contract_id\"],\"referencedColumns\":[\"id\"],\"referencedTable\":\"employee_contracts\",\"onDelete\":\"CASCADE\"},{\"name\":\"employee_contracts_superiors_links_inv_fk\",\"columns\":[\"user_id\"],\"referencedColumns\":[\"id\"],\"referencedTable\":\"up_users\",\"onDelete\":\"CASCADE\"}],\"columns\":[{\"name\":\"id\",\"type\":\"increments\",\"args\":[{\"primary\":true,\"primaryKey\":true}],\"defaultTo\":null,\"notNullable\":true,\"unsigned\":false},{\"name\":\"employee_contract_id\",\"type\":\"integer\",\"args\":[],\"defaultTo\":null,\"notNullable\":false,\"unsigned\":true},{\"name\":\"user_id\",\"type\":\"integer\",\"args\":[],\"defaultTo\":null,\"notNullable\":false,\"unsigned\":true},{\"name\":\"user_order\",\"type\":\"integer\",\"args\":[],\"defaultTo\":null,\"notNullable\":false,\"unsigned\":true}]},{\"name\":\"employee_contracts_skills_links\",\"indexes\":[{\"name\":\"employee_contracts_skills_links_fk\",\"columns\":[\"employee_contract_id\"]},{\"name\":\"employee_contracts_skills_links_inv_fk\",\"columns\":[\"skill_id\"]},{\"name\":\"employee_contracts_skills_links_unique\",\"columns\":[\"employee_contract_id\",\"skill_id\"],\"type\":\"unique\"},{\"name\":\"employee_contracts_skills_links_order_fk\",\"columns\":[\"skill_order\"]}],\"foreignKeys\":[{\"name\":\"employee_contracts_skills_links_fk\",\"columns\":[\"employee_contract_id\"],\"referencedColumns\":[\"id\"],\"referencedTable\":\"employee_contracts\",\"onDelete\":\"CASCADE\"},{\"name\":\"employee_contracts_skills_links_inv_fk\",\"columns\":[\"skill_id\"],\"referencedColumns\":[\"id\"],\"referencedTable\":\"skills\",\"onDelete\":\"CASCADE\"}],\"columns\":[{\"name\":\"id\",\"type\":\"increments\",\"args\":[{\"primary\":true,\"primaryKey\":true}],\"defaultTo\":null,\"notNullable\":true,\"unsigned\":false},{\"name\":\"employee_contract_id\",\"type\":\"integer\",\"args\":[],\"defaultTo\":null,\"notNullable\":false,\"unsigned\":true},{\"name\":\"skill_id\",\"type\":\"integer\",\"args\":[],\"defaultTo\":null,\"notNullable\":false,\"unsigned\":true},{\"name\":\"skill_order\",\"type\":\"integer\",\"args\":[],\"defaultTo\":null,\"notNullable\":false,\"unsigned\":true}]},{\"name\":\"employee_contracts_certificates_links\",\"indexes\":[{\"name\":\"employee_contracts_certificates_links_fk\",\"columns\":[\"employee_contract_id\"]},{\"name\":\"employee_contracts_certificates_links_inv_fk\",\"columns\":[\"certificate_id\"]},{\"name\":\"employee_contracts_certificates_links_unique\",\"columns\":[\"employee_contract_id\",\"certificate_id\"],\"type\":\"unique\"},{\"name\":\"employee_contracts_certificates_links_order_fk\",\"columns\":[\"certificate_order\"]}],\"foreignKeys\":[{\"name\":\"employee_contracts_certificates_links_fk\",\"columns\":[\"employee_contract_id\"],\"referencedColumns\":[\"id\"],\"referencedTable\":\"employee_contracts\",\"onDelete\":\"CASCADE\"},{\"name\":\"employee_contracts_certificates_links_inv_fk\",\"columns\":[\"certificate_id\"],\"referencedColumns\":[\"id\"],\"referencedTable\":\"certificates\",\"onDelete\":\"CASCADE\"}],\"columns\":[{\"name\":\"id\",\"type\":\"increments\",\"args\":[{\"primary\":true,\"primaryKey\":true}],\"defaultTo\":null,\"notNullable\":true,\"unsigned\":false},{\"name\":\"employee_contract_id\",\"type\":\"integer\",\"args\":[],\"defaultTo\":null,\"notNullable\":false,\"unsigned\":true},{\"name\":\"certificate_id\",\"type\":\"integer\",\"args\":[],\"defaultTo\":null,\"notNullable\":false,\"unsigned\":true},{\"name\":\"certificate_order\",\"type\":\"integer\",\"args\":[],\"defaultTo\":null,\"notNullable\":false,\"unsigned\":true}]},{\"name\":\"employee_contracts_authorizations_links\",\"indexes\":[{\"name\":\"employee_contracts_authorizations_links_fk\",\"columns\":[\"employee_contract_id\"]},{\"name\":\"employee_contracts_authorizations_links_inv_fk\",\"columns\":[\"authorization_id\"]},{\"name\":\"employee_contracts_authorizations_links_unique\",\"columns\":[\"employee_contract_id\",\"authorization_id\"],\"type\":\"unique\"},{\"name\":\"employee_contracts_authorizations_links_order_fk\",\"columns\":[\"authorization_order\"]}],\"foreignKeys\":[{\"name\":\"employee_contracts_authorizations_links_fk\",\"columns\":[\"employee_contract_id\"],\"referencedColumns\":[\"id\"],\"referencedTable\":\"employee_contracts\",\"onDelete\":\"CASCADE\"},{\"name\":\"employee_contracts_authorizations_links_inv_fk\",\"columns\":[\"authorization_id\"],\"referencedColumns\":[\"id\"],\"referencedTable\":\"authorizations\",\"onDelete\":\"CASCADE\"}],\"columns\":[{\"name\":\"id\",\"type\":\"increments\",\"args\":[{\"primary\":true,\"primaryKey\":true}],\"defaultTo\":null,\"notNullable\":true,\"unsigned\":false},{\"name\":\"employee_contract_id\",\"type\":\"integer\",\"args\":[],\"defaultTo\":null,\"notNullable\":false,\"unsigned\":true},{\"name\":\"authorization_id\",\"type\":\"integer\",\"args\":[],\"defaultTo\":null,\"notNullable\":false,\"unsigned\":true},{\"name\":\"authorization_order\",\"type\":\"integer\",\"args\":[],\"defaultTo\":null,\"notNullable\":false,\"unsigned\":true}]},{\"name\":\"employee_contracts_days_workeds_links\",\"indexes\":[{\"name\":\"employee_contracts_days_workeds_links_fk\",\"columns\":[\"employee_contract_id\"]},{\"name\":\"employee_contracts_days_workeds_links_inv_fk\",\"columns\":[\"days_worked_id\"]},{\"name\":\"employee_contracts_days_workeds_links_unique\",\"columns\":[\"employee_contract_id\",\"days_worked_id\"],\"type\":\"unique\"},{\"name\":\"employee_contracts_days_workeds_links_order_fk\",\"columns\":[\"days_worked_order\"]}],\"foreignKeys\":[{\"name\":\"employee_contracts_days_workeds_links_fk\",\"columns\":[\"employee_contract_id\"],\"referencedColumns\":[\"id\"],\"referencedTable\":\"employee_contracts\",\"onDelete\":\"CASCADE\"},{\"name\":\"employee_contracts_days_workeds_links_inv_fk\",\"columns\":[\"days_worked_id\"],\"referencedColumns\":[\"id\"],\"referencedTable\":\"days_workeds\",\"onDelete\":\"CASCADE\"}],\"columns\":[{\"name\":\"id\",\"type\":\"increments\",\"args\":[{\"primary\":true,\"primaryKey\":true}],\"defaultTo\":null,\"notNullable\":true,\"unsigned\":false},{\"name\":\"employee_contract_id\",\"type\":\"integer\",\"args\":[],\"defaultTo\":null,\"notNullable\":false,\"unsigned\":true},{\"name\":\"days_worked_id\",\"type\":\"integer\",\"args\":[],\"defaultTo\":null,\"notNullable\":false,\"unsigned\":true},{\"name\":\"days_worked_order\",\"type\":\"integer\",\"args\":[],\"defaultTo\":null,\"notNullable\":false,\"unsigned\":true}]},{\"name\":\"employee_contracts_user_links\",\"indexes\":[{\"name\":\"employee_contracts_user_links_fk\",\"columns\":[\"employee_contract_id\"]},{\"name\":\"employee_contracts_user_links_inv_fk\",\"columns\":[\"user_id\"]},{\"name\":\"employee_contracts_user_links_unique\",\"columns\":[\"employee_contract_id\",\"user_id\"],\"type\":\"unique\"}],\"foreignKeys\":[{\"name\":\"employee_contracts_user_links_fk\",\"columns\":[\"employee_contract_id\"],\"referencedColumns\":[\"id\"],\"referencedTable\":\"employee_contracts\",\"onDelete\":\"CASCADE\"},{\"name\":\"employee_contracts_user_links_inv_fk\",\"columns\":[\"user_id\"],\"referencedColumns\":[\"id\"],\"referencedTable\":\"up_users\",\"onDelete\":\"CASCADE\"}],\"columns\":[{\"name\":\"id\",\"type\":\"increments\",\"args\":[{\"primary\":true,\"primaryKey\":true}],\"defaultTo\":null,\"notNullable\":true,\"unsigned\":false},{\"name\":\"employee_contract_id\",\"type\":\"integer\",\"args\":[],\"defaultTo\":null,\"notNullable\":false,\"unsigned\":true},{\"name\":\"user_id\",\"type\":\"integer\",\"args\":[],\"defaultTo\":null,\"notNullable\":false,\"unsigned\":true}]},{\"name\":\"equipment_of_sites_properties_links\",\"indexes\":[{\"name\":\"equipment_of_sites_properties_links_fk\",\"columns\":[\"equipment_of_site_id\"]},{\"name\":\"equipment_of_sites_properties_links_inv_fk\",\"columns\":[\"property_id\"]},{\"name\":\"equipment_of_sites_properties_links_unique\",\"columns\":[\"equipment_of_site_id\",\"property_id\"],\"type\":\"unique\"},{\"name\":\"equipment_of_sites_properties_links_order_fk\",\"columns\":[\"property_order\"]},{\"name\":\"equipment_of_sites_properties_links_order_inv_fk\",\"columns\":[\"equipment_of_site_order\"]}],\"foreignKeys\":[{\"name\":\"equipment_of_sites_properties_links_fk\",\"columns\":[\"equipment_of_site_id\"],\"referencedColumns\":[\"id\"],\"referencedTable\":\"equipment_of_sites\",\"onDelete\":\"CASCADE\"},{\"name\":\"equipment_of_sites_properties_links_inv_fk\",\"columns\":[\"property_id\"],\"referencedColumns\":[\"id\"],\"referencedTable\":\"properties\",\"onDelete\":\"CASCADE\"}],\"columns\":[{\"name\":\"id\",\"type\":\"increments\",\"args\":[{\"primary\":true,\"primaryKey\":true}],\"defaultTo\":null,\"notNullable\":true,\"unsigned\":false},{\"name\":\"equipment_of_site_id\",\"type\":\"integer\",\"args\":[],\"defaultTo\":null,\"notNullable\":false,\"unsigned\":true},{\"name\":\"property_id\",\"type\":\"integer\",\"args\":[],\"defaultTo\":null,\"notNullable\":false,\"unsigned\":true},{\"name\":\"property_order\",\"type\":\"integer\",\"args\":[],\"defaultTo\":null,\"notNullable\":false,\"unsigned\":true},{\"name\":\"equipment_of_site_order\",\"type\":\"integer\",\"args\":[],\"defaultTo\":null,\"notNullable\":false,\"unsigned\":true}]},{\"name\":\"expenses_contents_expense_links\",\"indexes\":[{\"name\":\"expenses_contents_expense_links_fk\",\"columns\":[\"expense_content_id\"]},{\"name\":\"expenses_contents_expense_links_inv_fk\",\"columns\":[\"frai_id\"]},{\"name\":\"expenses_contents_expense_links_unique\",\"columns\":[\"expense_content_id\",\"frai_id\"],\"type\":\"unique\"},{\"name\":\"expenses_contents_expense_links_order_inv_fk\",\"columns\":[\"expense_content_order\"]}],\"foreignKeys\":[{\"name\":\"expenses_contents_expense_links_fk\",\"columns\":[\"expense_content_id\"],\"referencedColumns\":[\"id\"],\"referencedTable\":\"expenses_contents\",\"onDelete\":\"CASCADE\"},{\"name\":\"expenses_contents_expense_links_inv_fk\",\"columns\":[\"frai_id\"],\"referencedColumns\":[\"id\"],\"referencedTable\":\"frais\",\"onDelete\":\"CASCADE\"}],\"columns\":[{\"name\":\"id\",\"type\":\"increments\",\"args\":[{\"primary\":true,\"primaryKey\":true}],\"defaultTo\":null,\"notNullable\":true,\"unsigned\":false},{\"name\":\"expense_content_id\",\"type\":\"integer\",\"args\":[],\"defaultTo\":null,\"notNullable\":false,\"unsigned\":true},{\"name\":\"frai_id\",\"type\":\"integer\",\"args\":[],\"defaultTo\":null,\"notNullable\":false,\"unsigned\":true},{\"name\":\"expense_content_order\",\"type\":\"integer\",\"args\":[],\"defaultTo\":null,\"notNullable\":false,\"unsigned\":true}]},{\"name\":\"frais_users_frai_links\",\"indexes\":[{\"name\":\"frais_users_frai_links_fk\",\"columns\":[\"frai_id\"]},{\"name\":\"frais_users_frai_links_inv_fk\",\"columns\":[\"user_id\"]},{\"name\":\"frais_users_frai_links_unique\",\"columns\":[\"frai_id\",\"user_id\"],\"type\":\"unique\"}],\"foreignKeys\":[{\"name\":\"frais_users_frai_links_fk\",\"columns\":[\"frai_id\"],\"referencedColumns\":[\"id\"],\"referencedTable\":\"frais\",\"onDelete\":\"CASCADE\"},{\"name\":\"frais_users_frai_links_inv_fk\",\"columns\":[\"user_id\"],\"referencedColumns\":[\"id\"],\"referencedTable\":\"up_users\",\"onDelete\":\"CASCADE\"}],\"columns\":[{\"name\":\"id\",\"type\":\"increments\",\"args\":[{\"primary\":true,\"primaryKey\":true}],\"defaultTo\":null,\"notNullable\":true,\"unsigned\":false},{\"name\":\"frai_id\",\"type\":\"integer\",\"args\":[],\"defaultTo\":null,\"notNullable\":false,\"unsigned\":true},{\"name\":\"user_id\",\"type\":\"integer\",\"args\":[],\"defaultTo\":null,\"notNullable\":false,\"unsigned\":true}]},{\"name\":\"frais_agency_links\",\"indexes\":[{\"name\":\"frais_agency_links_fk\",\"columns\":[\"frai_id\"]},{\"name\":\"frais_agency_links_inv_fk\",\"columns\":[\"agency_id\"]},{\"name\":\"frais_agency_links_unique\",\"columns\":[\"frai_id\",\"agency_id\"],\"type\":\"unique\"},{\"name\":\"frais_agency_links_order_inv_fk\",\"columns\":[\"frai_order\"]}],\"foreignKeys\":[{\"name\":\"frais_agency_links_fk\",\"columns\":[\"frai_id\"],\"referencedColumns\":[\"id\"],\"referencedTable\":\"frais\",\"onDelete\":\"CASCADE\"},{\"name\":\"frais_agency_links_inv_fk\",\"columns\":[\"agency_id\"],\"referencedColumns\":[\"id\"],\"referencedTable\":\"agencies\",\"onDelete\":\"CASCADE\"}],\"columns\":[{\"name\":\"id\",\"type\":\"increments\",\"args\":[{\"primary\":true,\"primaryKey\":true}],\"defaultTo\":null,\"notNullable\":true,\"unsigned\":false},{\"name\":\"frai_id\",\"type\":\"integer\",\"args\":[],\"defaultTo\":null,\"notNullable\":false,\"unsigned\":true},{\"name\":\"agency_id\",\"type\":\"integer\",\"args\":[],\"defaultTo\":null,\"notNullable\":false,\"unsigned\":true},{\"name\":\"frai_order\",\"type\":\"integer\",\"args\":[],\"defaultTo\":null,\"notNullable\":false,\"unsigned\":true}]},{\"name\":\"individuals_properties_links\",\"indexes\":[{\"name\":\"individuals_properties_links_fk\",\"columns\":[\"individual_id\"]},{\"name\":\"individuals_properties_links_inv_fk\",\"columns\":[\"property_id\"]},{\"name\":\"individuals_properties_links_unique\",\"columns\":[\"individual_id\",\"property_id\"],\"type\":\"unique\"},{\"name\":\"individuals_properties_links_order_fk\",\"columns\":[\"property_order\"]},{\"name\":\"individuals_properties_links_order_inv_fk\",\"columns\":[\"individual_order\"]}],\"foreignKeys\":[{\"name\":\"individuals_properties_links_fk\",\"columns\":[\"individual_id\"],\"referencedColumns\":[\"id\"],\"referencedTable\":\"individuals\",\"onDelete\":\"CASCADE\"},{\"name\":\"individuals_properties_links_inv_fk\",\"columns\":[\"property_id\"],\"referencedColumns\":[\"id\"],\"referencedTable\":\"properties\",\"onDelete\":\"CASCADE\"}],\"columns\":[{\"name\":\"id\",\"type\":\"increments\",\"args\":[{\"primary\":true,\"primaryKey\":true}],\"defaultTo\":null,\"notNullable\":true,\"unsigned\":false},{\"name\":\"individual_id\",\"type\":\"integer\",\"args\":[],\"defaultTo\":null,\"notNullable\":false,\"unsigned\":true},{\"name\":\"property_id\",\"type\":\"integer\",\"args\":[],\"defaultTo\":null,\"notNullable\":false,\"unsigned\":true},{\"name\":\"property_order\",\"type\":\"integer\",\"args\":[],\"defaultTo\":null,\"notNullable\":false,\"unsigned\":true},{\"name\":\"individual_order\",\"type\":\"integer\",\"args\":[],\"defaultTo\":null,\"notNullable\":false,\"unsigned\":true}]},{\"name\":\"individuals_tiers_links\",\"indexes\":[{\"name\":\"individuals_tiers_links_fk\",\"columns\":[\"individual_id\"]},{\"name\":\"individuals_tiers_links_inv_fk\",\"columns\":[\"tier_id\"]},{\"name\":\"individuals_tiers_links_unique\",\"columns\":[\"individual_id\",\"tier_id\"],\"type\":\"unique\"},{\"name\":\"individuals_tiers_links_order_fk\",\"columns\":[\"tier_order\"]},{\"name\":\"individuals_tiers_links_order_inv_fk\",\"columns\":[\"individual_order\"]}],\"foreignKeys\":[{\"name\":\"individuals_tiers_links_fk\",\"columns\":[\"individual_id\"],\"referencedColumns\":[\"id\"],\"referencedTable\":\"individuals\",\"onDelete\":\"CASCADE\"},{\"name\":\"individuals_tiers_links_inv_fk\",\"columns\":[\"tier_id\"],\"referencedColumns\":[\"id\"],\"referencedTable\":\"tiers\",\"onDelete\":\"CASCADE\"}],\"columns\":[{\"name\":\"id\",\"type\":\"increments\",\"args\":[{\"primary\":true,\"primaryKey\":true}],\"defaultTo\":null,\"notNullable\":true,\"unsigned\":false},{\"name\":\"individual_id\",\"type\":\"integer\",\"args\":[],\"defaultTo\":null,\"notNullable\":false,\"unsigned\":true},{\"name\":\"tier_id\",\"type\":\"integer\",\"args\":[],\"defaultTo\":null,\"notNullable\":false,\"unsigned\":true},{\"name\":\"tier_order\",\"type\":\"integer\",\"args\":[],\"defaultTo\":null,\"notNullable\":false,\"unsigned\":true},{\"name\":\"individual_order\",\"type\":\"integer\",\"args\":[],\"defaultTo\":null,\"notNullable\":false,\"unsigned\":true}]},{\"name\":\"interventions_users_permissions_users_links\",\"indexes\":[{\"name\":\"interventions_users_permissions_users_links_fk\",\"columns\":[\"intervention_id\"]},{\"name\":\"interventions_users_permissions_users_links_inv_fk\",\"columns\":[\"user_id\"]},{\"name\":\"interventions_users_permissions_users_links_unique\",\"columns\":[\"intervention_id\",\"user_id\"],\"type\":\"unique\"},{\"name\":\"interventions_users_permissions_users_links_order_fk\",\"columns\":[\"user_order\"]},{\"name\":\"interventions_users_permissions_users_links_order_inv_fk\",\"columns\":[\"intervention_order\"]}],\"foreignKeys\":[{\"name\":\"interventions_users_permissions_users_links_fk\",\"columns\":[\"intervention_id\"],\"referencedColumns\":[\"id\"],\"referencedTable\":\"interventions\",\"onDelete\":\"CASCADE\"},{\"name\":\"interventions_users_permissions_users_links_inv_fk\",\"columns\":[\"user_id\"],\"referencedColumns\":[\"id\"],\"referencedTable\":\"up_users\",\"onDelete\":\"CASCADE\"}],\"columns\":[{\"name\":\"id\",\"type\":\"increments\",\"args\":[{\"primary\":true,\"primaryKey\":true}],\"defaultTo\":null,\"notNullable\":true,\"unsigned\":false},{\"name\":\"intervention_id\",\"type\":\"integer\",\"args\":[],\"defaultTo\":null,\"notNullable\":false,\"unsigned\":true},{\"name\":\"user_id\",\"type\":\"integer\",\"args\":[],\"defaultTo\":null,\"notNullable\":false,\"unsigned\":true},{\"name\":\"user_order\",\"type\":\"integer\",\"args\":[],\"defaultTo\":null,\"notNullable\":false,\"unsigned\":true},{\"name\":\"intervention_order\",\"type\":\"integer\",\"args\":[],\"defaultTo\":null,\"notNullable\":false,\"unsigned\":true}]},{\"name\":\"interventions_ticket_links\",\"indexes\":[{\"name\":\"interventions_ticket_links_fk\",\"columns\":[\"intervention_id\"]},{\"name\":\"interventions_ticket_links_inv_fk\",\"columns\":[\"ticket_id\"]},{\"name\":\"interventions_ticket_links_unique\",\"columns\":[\"intervention_id\",\"ticket_id\"],\"type\":\"unique\"},{\"name\":\"interventions_ticket_links_order_inv_fk\",\"columns\":[\"intervention_order\"]}],\"foreignKeys\":[{\"name\":\"interventions_ticket_links_fk\",\"columns\":[\"intervention_id\"],\"referencedColumns\":[\"id\"],\"referencedTable\":\"interventions\",\"onDelete\":\"CASCADE\"},{\"name\":\"interventions_ticket_links_inv_fk\",\"columns\":[\"ticket_id\"],\"referencedColumns\":[\"id\"],\"referencedTable\":\"tickets\",\"onDelete\":\"CASCADE\"}],\"columns\":[{\"name\":\"id\",\"type\":\"increments\",\"args\":[{\"primary\":true,\"primaryKey\":true}],\"defaultTo\":null,\"notNullable\":true,\"unsigned\":false},{\"name\":\"intervention_id\",\"type\":\"integer\",\"args\":[],\"defaultTo\":null,\"notNullable\":false,\"unsigned\":true},{\"name\":\"ticket_id\",\"type\":\"integer\",\"args\":[],\"defaultTo\":null,\"notNullable\":false,\"unsigned\":true},{\"name\":\"intervention_order\",\"type\":\"integer\",\"args\":[],\"defaultTo\":null,\"notNullable\":false,\"unsigned\":true}]},{\"name\":\"interventions_vehicles_links\",\"indexes\":[{\"name\":\"interventions_vehicles_links_fk\",\"columns\":[\"intervention_id\"]},{\"name\":\"interventions_vehicles_links_inv_fk\",\"columns\":[\"vehicle_id\"]},{\"name\":\"interventions_vehicles_links_unique\",\"columns\":[\"intervention_id\",\"vehicle_id\"],\"type\":\"unique\"},{\"name\":\"interventions_vehicles_links_order_fk\",\"columns\":[\"vehicle_order\"]},{\"name\":\"interventions_vehicles_links_order_inv_fk\",\"columns\":[\"intervention_order\"]}],\"foreignKeys\":[{\"name\":\"interventions_vehicles_links_fk\",\"columns\":[\"intervention_id\"],\"referencedColumns\":[\"id\"],\"referencedTable\":\"interventions\",\"onDelete\":\"CASCADE\"},{\"name\":\"interventions_vehicles_links_inv_fk\",\"columns\":[\"vehicle_id\"],\"referencedColumns\":[\"id\"],\"referencedTable\":\"vehicles\",\"onDelete\":\"CASCADE\"}],\"columns\":[{\"name\":\"id\",\"type\":\"increments\",\"args\":[{\"primary\":true,\"primaryKey\":true}],\"defaultTo\":null,\"notNullable\":true,\"unsigned\":false},{\"name\":\"intervention_id\",\"type\":\"integer\",\"args\":[],\"defaultTo\":null,\"notNullable\":false,\"unsigned\":true},{\"name\":\"vehicle_id\",\"type\":\"integer\",\"args\":[],\"defaultTo\":null,\"notNullable\":false,\"unsigned\":true},{\"name\":\"vehicle_order\",\"type\":\"integer\",\"args\":[],\"defaultTo\":null,\"notNullable\":false,\"unsigned\":true},{\"name\":\"intervention_order\",\"type\":\"integer\",\"args\":[],\"defaultTo\":null,\"notNullable\":false,\"unsigned\":true}]},{\"name\":\"interventions_agency_links\",\"indexes\":[{\"name\":\"interventions_agency_links_fk\",\"columns\":[\"intervention_id\"]},{\"name\":\"interventions_agency_links_inv_fk\",\"columns\":[\"agency_id\"]},{\"name\":\"interventions_agency_links_unique\",\"columns\":[\"intervention_id\",\"agency_id\"],\"type\":\"unique\"},{\"name\":\"interventions_agency_links_order_inv_fk\",\"columns\":[\"intervention_order\"]}],\"foreignKeys\":[{\"name\":\"interventions_agency_links_fk\",\"columns\":[\"intervention_id\"],\"referencedColumns\":[\"id\"],\"referencedTable\":\"interventions\",\"onDelete\":\"CASCADE\"},{\"name\":\"interventions_agency_links_inv_fk\",\"columns\":[\"agency_id\"],\"referencedColumns\":[\"id\"],\"referencedTable\":\"agencies\",\"onDelete\":\"CASCADE\"}],\"columns\":[{\"name\":\"id\",\"type\":\"increments\",\"args\":[{\"primary\":true,\"primaryKey\":true}],\"defaultTo\":null,\"notNullable\":true,\"unsigned\":false},{\"name\":\"intervention_id\",\"type\":\"integer\",\"args\":[],\"defaultTo\":null,\"notNullable\":false,\"unsigned\":true},{\"name\":\"agency_id\",\"type\":\"integer\",\"args\":[],\"defaultTo\":null,\"notNullable\":false,\"unsigned\":true},{\"name\":\"intervention_order\",\"type\":\"integer\",\"args\":[],\"defaultTo\":null,\"notNullable\":false,\"unsigned\":true}]},{\"name\":\"natures_category_links\",\"indexes\":[{\"name\":\"natures_category_links_fk\",\"columns\":[\"nature_id\"]},{\"name\":\"natures_category_links_inv_fk\",\"columns\":[\"category_id\"]},{\"name\":\"natures_category_links_unique\",\"columns\":[\"nature_id\",\"category_id\"],\"type\":\"unique\"},{\"name\":\"natures_category_links_order_inv_fk\",\"columns\":[\"nature_order\"]}],\"foreignKeys\":[{\"name\":\"natures_category_links_fk\",\"columns\":[\"nature_id\"],\"referencedColumns\":[\"id\"],\"referencedTable\":\"natures\",\"onDelete\":\"CASCADE\"},{\"name\":\"natures_category_links_inv_fk\",\"columns\":[\"category_id\"],\"referencedColumns\":[\"id\"],\"referencedTable\":\"categories\",\"onDelete\":\"CASCADE\"}],\"columns\":[{\"name\":\"id\",\"type\":\"increments\",\"args\":[{\"primary\":true,\"primaryKey\":true}],\"defaultTo\":null,\"notNullable\":true,\"unsigned\":false},{\"name\":\"nature_id\",\"type\":\"integer\",\"args\":[],\"defaultTo\":null,\"notNullable\":false,\"unsigned\":true},{\"name\":\"category_id\",\"type\":\"integer\",\"args\":[],\"defaultTo\":null,\"notNullable\":false,\"unsigned\":true},{\"name\":\"nature_order\",\"type\":\"integer\",\"args\":[],\"defaultTo\":null,\"notNullable\":false,\"unsigned\":true}]},{\"name\":\"no_visible_comments_agency_links\",\"indexes\":[{\"name\":\"no_visible_comments_agency_links_fk\",\"columns\":[\"no_visible_comment_id\"]},{\"name\":\"no_visible_comments_agency_links_inv_fk\",\"columns\":[\"agency_id\"]},{\"name\":\"no_visible_comments_agency_links_unique\",\"columns\":[\"no_visible_comment_id\",\"agency_id\"],\"type\":\"unique\"},{\"name\":\"no_visible_comments_agency_links_order_inv_fk\",\"columns\":[\"no_visible_comment_order\"]}],\"foreignKeys\":[{\"name\":\"no_visible_comments_agency_links_fk\",\"columns\":[\"no_visible_comment_id\"],\"referencedColumns\":[\"id\"],\"referencedTable\":\"no_visible_comments\",\"onDelete\":\"CASCADE\"},{\"name\":\"no_visible_comments_agency_links_inv_fk\",\"columns\":[\"agency_id\"],\"referencedColumns\":[\"id\"],\"referencedTable\":\"agencies\",\"onDelete\":\"CASCADE\"}],\"columns\":[{\"name\":\"id\",\"type\":\"increments\",\"args\":[{\"primary\":true,\"primaryKey\":true}],\"defaultTo\":null,\"notNullable\":true,\"unsigned\":false},{\"name\":\"no_visible_comment_id\",\"type\":\"integer\",\"args\":[],\"defaultTo\":null,\"notNullable\":false,\"unsigned\":true},{\"name\":\"agency_id\",\"type\":\"integer\",\"args\":[],\"defaultTo\":null,\"notNullable\":false,\"unsigned\":true},{\"name\":\"no_visible_comment_order\",\"type\":\"integer\",\"args\":[],\"defaultTo\":null,\"notNullable\":false,\"unsigned\":true}]},{\"name\":\"no_visible_comments_property_links\",\"indexes\":[{\"name\":\"no_visible_comments_property_links_fk\",\"columns\":[\"no_visible_comment_id\"]},{\"name\":\"no_visible_comments_property_links_inv_fk\",\"columns\":[\"property_id\"]},{\"name\":\"no_visible_comments_property_links_unique\",\"columns\":[\"no_visible_comment_id\",\"property_id\"],\"type\":\"unique\"},{\"name\":\"no_visible_comments_property_links_order_inv_fk\",\"columns\":[\"no_visible_comment_order\"]}],\"foreignKeys\":[{\"name\":\"no_visible_comments_property_links_fk\",\"columns\":[\"no_visible_comment_id\"],\"referencedColumns\":[\"id\"],\"referencedTable\":\"no_visible_comments\",\"onDelete\":\"CASCADE\"},{\"name\":\"no_visible_comments_property_links_inv_fk\",\"columns\":[\"property_id\"],\"referencedColumns\":[\"id\"],\"referencedTable\":\"properties\",\"onDelete\":\"CASCADE\"}],\"columns\":[{\"name\":\"id\",\"type\":\"increments\",\"args\":[{\"primary\":true,\"primaryKey\":true}],\"defaultTo\":null,\"notNullable\":true,\"unsigned\":false},{\"name\":\"no_visible_comment_id\",\"type\":\"integer\",\"args\":[],\"defaultTo\":null,\"notNullable\":false,\"unsigned\":true},{\"name\":\"property_id\",\"type\":\"integer\",\"args\":[],\"defaultTo\":null,\"notNullable\":false,\"unsigned\":true},{\"name\":\"no_visible_comment_order\",\"type\":\"integer\",\"args\":[],\"defaultTo\":null,\"notNullable\":false,\"unsigned\":true}]},{\"name\":\"no_visible_comments_tier_links\",\"indexes\":[{\"name\":\"no_visible_comments_tier_links_fk\",\"columns\":[\"no_visible_comment_id\"]},{\"name\":\"no_visible_comments_tier_links_inv_fk\",\"columns\":[\"tier_id\"]},{\"name\":\"no_visible_comments_tier_links_unique\",\"columns\":[\"no_visible_comment_id\",\"tier_id\"],\"type\":\"unique\"},{\"name\":\"no_visible_comments_tier_links_order_inv_fk\",\"columns\":[\"no_visible_comment_order\"]}],\"foreignKeys\":[{\"name\":\"no_visible_comments_tier_links_fk\",\"columns\":[\"no_visible_comment_id\"],\"referencedColumns\":[\"id\"],\"referencedTable\":\"no_visible_comments\",\"onDelete\":\"CASCADE\"},{\"name\":\"no_visible_comments_tier_links_inv_fk\",\"columns\":[\"tier_id\"],\"referencedColumns\":[\"id\"],\"referencedTable\":\"tiers\",\"onDelete\":\"CASCADE\"}],\"columns\":[{\"name\":\"id\",\"type\":\"increments\",\"args\":[{\"primary\":true,\"primaryKey\":true}],\"defaultTo\":null,\"notNullable\":true,\"unsigned\":false},{\"name\":\"no_visible_comment_id\",\"type\":\"integer\",\"args\":[],\"defaultTo\":null,\"notNullable\":false,\"unsigned\":true},{\"name\":\"tier_id\",\"type\":\"integer\",\"args\":[],\"defaultTo\":null,\"notNullable\":false,\"unsigned\":true},{\"name\":\"no_visible_comment_order\",\"type\":\"integer\",\"args\":[],\"defaultTo\":null,\"notNullable\":false,\"unsigned\":true}]},{\"name\":\"no_visible_comments_individual_links\",\"indexes\":[{\"name\":\"no_visible_comments_individual_links_fk\",\"columns\":[\"no_visible_comment_id\"]},{\"name\":\"no_visible_comments_individual_links_inv_fk\",\"columns\":[\"individual_id\"]},{\"name\":\"no_visible_comments_individual_links_unique\",\"columns\":[\"no_visible_comment_id\",\"individual_id\"],\"type\":\"unique\"},{\"name\":\"no_visible_comments_individual_links_order_inv_fk\",\"columns\":[\"no_visible_comment_order\"]}],\"foreignKeys\":[{\"name\":\"no_visible_comments_individual_links_fk\",\"columns\":[\"no_visible_comment_id\"],\"referencedColumns\":[\"id\"],\"referencedTable\":\"no_visible_comments\",\"onDelete\":\"CASCADE\"},{\"name\":\"no_visible_comments_individual_links_inv_fk\",\"columns\":[\"individual_id\"],\"referencedColumns\":[\"id\"],\"referencedTable\":\"individuals\",\"onDelete\":\"CASCADE\"}],\"columns\":[{\"name\":\"id\",\"type\":\"increments\",\"args\":[{\"primary\":true,\"primaryKey\":true}],\"defaultTo\":null,\"notNullable\":true,\"unsigned\":false},{\"name\":\"no_visible_comment_id\",\"type\":\"integer\",\"args\":[],\"defaultTo\":null,\"notNullable\":false,\"unsigned\":true},{\"name\":\"individual_id\",\"type\":\"integer\",\"args\":[],\"defaultTo\":null,\"notNullable\":false,\"unsigned\":true},{\"name\":\"no_visible_comment_order\",\"type\":\"integer\",\"args\":[],\"defaultTo\":null,\"notNullable\":false,\"unsigned\":true}]},{\"name\":\"no_visible_comments_users_permissions_user_links\",\"indexes\":[{\"name\":\"no_visible_comments_users_permissions_user_links_fk\",\"columns\":[\"no_visible_comment_id\"]},{\"name\":\"no_visible_comments_users_permissions_user_links_inv_fk\",\"columns\":[\"user_id\"]},{\"name\":\"no_visible_comments_users_permissions_user_links_unique\",\"columns\":[\"no_visible_comment_id\",\"user_id\"],\"type\":\"unique\"}],\"foreignKeys\":[{\"name\":\"no_visible_comments_users_permissions_user_links_fk\",\"columns\":[\"no_visible_comment_id\"],\"referencedColumns\":[\"id\"],\"referencedTable\":\"no_visible_comments\",\"onDelete\":\"CASCADE\"},{\"name\":\"no_visible_comments_users_permissions_user_links_inv_fk\",\"columns\":[\"user_id\"],\"referencedColumns\":[\"id\"],\"referencedTable\":\"up_users\",\"onDelete\":\"CASCADE\"}],\"columns\":[{\"name\":\"id\",\"type\":\"increments\",\"args\":[{\"primary\":true,\"primaryKey\":true}],\"defaultTo\":null,\"notNullable\":true,\"unsigned\":false},{\"name\":\"no_visible_comment_id\",\"type\":\"integer\",\"args\":[],\"defaultTo\":null,\"notNullable\":false,\"unsigned\":true},{\"name\":\"user_id\",\"type\":\"integer\",\"args\":[],\"defaultTo\":null,\"notNullable\":false,\"unsigned\":true}]},{\"name\":\"properties_agency_links\",\"indexes\":[{\"name\":\"properties_agency_links_fk\",\"columns\":[\"property_id\"]},{\"name\":\"properties_agency_links_inv_fk\",\"columns\":[\"agency_id\"]},{\"name\":\"properties_agency_links_unique\",\"columns\":[\"property_id\",\"agency_id\"],\"type\":\"unique\"},{\"name\":\"properties_agency_links_order_inv_fk\",\"columns\":[\"property_order\"]}],\"foreignKeys\":[{\"name\":\"properties_agency_links_fk\",\"columns\":[\"property_id\"],\"referencedColumns\":[\"id\"],\"referencedTable\":\"properties\",\"onDelete\":\"CASCADE\"},{\"name\":\"properties_agency_links_inv_fk\",\"columns\":[\"agency_id\"],\"referencedColumns\":[\"id\"],\"referencedTable\":\"agencies\",\"onDelete\":\"CASCADE\"}],\"columns\":[{\"name\":\"id\",\"type\":\"increments\",\"args\":[{\"primary\":true,\"primaryKey\":true}],\"defaultTo\":null,\"notNullable\":true,\"unsigned\":false},{\"name\":\"property_id\",\"type\":\"integer\",\"args\":[],\"defaultTo\":null,\"notNullable\":false,\"unsigned\":true},{\"name\":\"agency_id\",\"type\":\"integer\",\"args\":[],\"defaultTo\":null,\"notNullable\":false,\"unsigned\":true},{\"name\":\"property_order\",\"type\":\"integer\",\"args\":[],\"defaultTo\":null,\"notNullable\":false,\"unsigned\":true}]},{\"name\":\"properties_users_links\",\"indexes\":[{\"name\":\"properties_users_links_fk\",\"columns\":[\"property_id\"]},{\"name\":\"properties_users_links_inv_fk\",\"columns\":[\"user_id\"]},{\"name\":\"properties_users_links_unique\",\"columns\":[\"property_id\",\"user_id\"],\"type\":\"unique\"},{\"name\":\"properties_users_links_order_fk\",\"columns\":[\"user_order\"]},{\"name\":\"properties_users_links_order_inv_fk\",\"columns\":[\"property_order\"]}],\"foreignKeys\":[{\"name\":\"properties_users_links_fk\",\"columns\":[\"property_id\"],\"referencedColumns\":[\"id\"],\"referencedTable\":\"properties\",\"onDelete\":\"CASCADE\"},{\"name\":\"properties_users_links_inv_fk\",\"columns\":[\"user_id\"],\"referencedColumns\":[\"id\"],\"referencedTable\":\"up_users\",\"onDelete\":\"CASCADE\"}],\"columns\":[{\"name\":\"id\",\"type\":\"increments\",\"args\":[{\"primary\":true,\"primaryKey\":true}],\"defaultTo\":null,\"notNullable\":true,\"unsigned\":false},{\"name\":\"property_id\",\"type\":\"integer\",\"args\":[],\"defaultTo\":null,\"notNullable\":false,\"unsigned\":true},{\"name\":\"user_id\",\"type\":\"integer\",\"args\":[],\"defaultTo\":null,\"notNullable\":false,\"unsigned\":true},{\"name\":\"user_order\",\"type\":\"integer\",\"args\":[],\"defaultTo\":null,\"notNullable\":false,\"unsigned\":true},{\"name\":\"property_order\",\"type\":\"integer\",\"args\":[],\"defaultTo\":null,\"notNullable\":false,\"unsigned\":true}]},{\"name\":\"properties_stages_links\",\"indexes\":[{\"name\":\"properties_stages_links_fk\",\"columns\":[\"property_id\"]},{\"name\":\"properties_stages_links_inv_fk\",\"columns\":[\"stage_id\"]},{\"name\":\"properties_stages_links_unique\",\"columns\":[\"property_id\",\"stage_id\"],\"type\":\"unique\"},{\"name\":\"properties_stages_links_order_fk\",\"columns\":[\"stage_order\"]}],\"foreignKeys\":[{\"name\":\"properties_stages_links_fk\",\"columns\":[\"property_id\"],\"referencedColumns\":[\"id\"],\"referencedTable\":\"properties\",\"onDelete\":\"CASCADE\"},{\"name\":\"properties_stages_links_inv_fk\",\"columns\":[\"stage_id\"],\"referencedColumns\":[\"id\"],\"referencedTable\":\"stages\",\"onDelete\":\"CASCADE\"}],\"columns\":[{\"name\":\"id\",\"type\":\"increments\",\"args\":[{\"primary\":true,\"primaryKey\":true}],\"defaultTo\":null,\"notNullable\":true,\"unsigned\":false},{\"name\":\"property_id\",\"type\":\"integer\",\"args\":[],\"defaultTo\":null,\"notNullable\":false,\"unsigned\":true},{\"name\":\"stage_id\",\"type\":\"integer\",\"args\":[],\"defaultTo\":null,\"notNullable\":false,\"unsigned\":true},{\"name\":\"stage_order\",\"type\":\"integer\",\"args\":[],\"defaultTo\":null,\"notNullable\":false,\"unsigned\":true}]},{\"name\":\"properties_type_of_site_links\",\"indexes\":[{\"name\":\"properties_type_of_site_links_fk\",\"columns\":[\"property_id\"]},{\"name\":\"properties_type_of_site_links_inv_fk\",\"columns\":[\"type_of_site_id\"]},{\"name\":\"properties_type_of_site_links_unique\",\"columns\":[\"property_id\",\"type_of_site_id\"],\"type\":\"unique\"}],\"foreignKeys\":[{\"name\":\"properties_type_of_site_links_fk\",\"columns\":[\"property_id\"],\"referencedColumns\":[\"id\"],\"referencedTable\":\"properties\",\"onDelete\":\"CASCADE\"},{\"name\":\"properties_type_of_site_links_inv_fk\",\"columns\":[\"type_of_site_id\"],\"referencedColumns\":[\"id\"],\"referencedTable\":\"type_of_sites\",\"onDelete\":\"CASCADE\"}],\"columns\":[{\"name\":\"id\",\"type\":\"increments\",\"args\":[{\"primary\":true,\"primaryKey\":true}],\"defaultTo\":null,\"notNullable\":true,\"unsigned\":false},{\"name\":\"property_id\",\"type\":\"integer\",\"args\":[],\"defaultTo\":null,\"notNullable\":false,\"unsigned\":true},{\"name\":\"type_of_site_id\",\"type\":\"integer\",\"args\":[],\"defaultTo\":null,\"notNullable\":false,\"unsigned\":true}]},{\"name\":\"properties_nature_of_site_links\",\"indexes\":[{\"name\":\"properties_nature_of_site_links_fk\",\"columns\":[\"property_id\"]},{\"name\":\"properties_nature_of_site_links_inv_fk\",\"columns\":[\"nature_of_site_id\"]},{\"name\":\"properties_nature_of_site_links_unique\",\"columns\":[\"property_id\",\"nature_of_site_id\"],\"type\":\"unique\"}],\"foreignKeys\":[{\"name\":\"properties_nature_of_site_links_fk\",\"columns\":[\"property_id\"],\"referencedColumns\":[\"id\"],\"referencedTable\":\"properties\",\"onDelete\":\"CASCADE\"},{\"name\":\"properties_nature_of_site_links_inv_fk\",\"columns\":[\"nature_of_site_id\"],\"referencedColumns\":[\"id\"],\"referencedTable\":\"nature_of_sites\",\"onDelete\":\"CASCADE\"}],\"columns\":[{\"name\":\"id\",\"type\":\"increments\",\"args\":[{\"primary\":true,\"primaryKey\":true}],\"defaultTo\":null,\"notNullable\":true,\"unsigned\":false},{\"name\":\"property_id\",\"type\":\"integer\",\"args\":[],\"defaultTo\":null,\"notNullable\":false,\"unsigned\":true},{\"name\":\"nature_of_site_id\",\"type\":\"integer\",\"args\":[],\"defaultTo\":null,\"notNullable\":false,\"unsigned\":true}]},{\"name\":\"properties_fluids_links\",\"indexes\":[{\"name\":\"properties_fluids_links_fk\",\"columns\":[\"property_id\"]},{\"name\":\"properties_fluids_links_inv_fk\",\"columns\":[\"fluid_id\"]},{\"name\":\"properties_fluids_links_unique\",\"columns\":[\"property_id\",\"fluid_id\"],\"type\":\"unique\"},{\"name\":\"properties_fluids_links_order_fk\",\"columns\":[\"fluid_order\"]},{\"name\":\"properties_fluids_links_order_inv_fk\",\"columns\":[\"property_order\"]}],\"foreignKeys\":[{\"name\":\"properties_fluids_links_fk\",\"columns\":[\"property_id\"],\"referencedColumns\":[\"id\"],\"referencedTable\":\"properties\",\"onDelete\":\"CASCADE\"},{\"name\":\"properties_fluids_links_inv_fk\",\"columns\":[\"fluid_id\"],\"referencedColumns\":[\"id\"],\"referencedTable\":\"fluids\",\"onDelete\":\"CASCADE\"}],\"columns\":[{\"name\":\"id\",\"type\":\"increments\",\"args\":[{\"primary\":true,\"primaryKey\":true}],\"defaultTo\":null,\"notNullable\":true,\"unsigned\":false},{\"name\":\"property_id\",\"type\":\"integer\",\"args\":[],\"defaultTo\":null,\"notNullable\":false,\"unsigned\":true},{\"name\":\"fluid_id\",\"type\":\"integer\",\"args\":[],\"defaultTo\":null,\"notNullable\":false,\"unsigned\":true},{\"name\":\"fluid_order\",\"type\":\"integer\",\"args\":[],\"defaultTo\":null,\"notNullable\":false,\"unsigned\":true},{\"name\":\"property_order\",\"type\":\"integer\",\"args\":[],\"defaultTo\":null,\"notNullable\":false,\"unsigned\":true}]},{\"name\":\"properties_gestionnaire_links\",\"indexes\":[{\"name\":\"properties_gestionnaire_links_fk\",\"columns\":[\"property_id\"]},{\"name\":\"properties_gestionnaire_links_inv_fk\",\"columns\":[\"user_id\"]},{\"name\":\"properties_gestionnaire_links_unique\",\"columns\":[\"property_id\",\"user_id\"],\"type\":\"unique\"},{\"name\":\"properties_gestionnaire_links_order_inv_fk\",\"columns\":[\"property_order\"]}],\"foreignKeys\":[{\"name\":\"properties_gestionnaire_links_fk\",\"columns\":[\"property_id\"],\"referencedColumns\":[\"id\"],\"referencedTable\":\"properties\",\"onDelete\":\"CASCADE\"},{\"name\":\"properties_gestionnaire_links_inv_fk\",\"columns\":[\"user_id\"],\"referencedColumns\":[\"id\"],\"referencedTable\":\"up_users\",\"onDelete\":\"CASCADE\"}],\"columns\":[{\"name\":\"id\",\"type\":\"increments\",\"args\":[{\"primary\":true,\"primaryKey\":true}],\"defaultTo\":null,\"notNullable\":true,\"unsigned\":false},{\"name\":\"property_id\",\"type\":\"integer\",\"args\":[],\"defaultTo\":null,\"notNullable\":false,\"unsigned\":true},{\"name\":\"user_id\",\"type\":\"integer\",\"args\":[],\"defaultTo\":null,\"notNullable\":false,\"unsigned\":true},{\"name\":\"property_order\",\"type\":\"integer\",\"args\":[],\"defaultTo\":null,\"notNullable\":false,\"unsigned\":true}]},{\"name\":\"qr_codes_property_links\",\"indexes\":[{\"name\":\"qr_codes_property_links_fk\",\"columns\":[\"qr_code_id\"]},{\"name\":\"qr_codes_property_links_inv_fk\",\"columns\":[\"property_id\"]},{\"name\":\"qr_codes_property_links_unique\",\"columns\":[\"qr_code_id\",\"property_id\"],\"type\":\"unique\"}],\"foreignKeys\":[{\"name\":\"qr_codes_property_links_fk\",\"columns\":[\"qr_code_id\"],\"referencedColumns\":[\"id\"],\"referencedTable\":\"qr_codes\",\"onDelete\":\"CASCADE\"},{\"name\":\"qr_codes_property_links_inv_fk\",\"columns\":[\"property_id\"],\"referencedColumns\":[\"id\"],\"referencedTable\":\"properties\",\"onDelete\":\"CASCADE\"}],\"columns\":[{\"name\":\"id\",\"type\":\"increments\",\"args\":[{\"primary\":true,\"primaryKey\":true}],\"defaultTo\":null,\"notNullable\":true,\"unsigned\":false},{\"name\":\"qr_code_id\",\"type\":\"integer\",\"args\":[],\"defaultTo\":null,\"notNullable\":false,\"unsigned\":true},{\"name\":\"property_id\",\"type\":\"integer\",\"args\":[],\"defaultTo\":null,\"notNullable\":false,\"unsigned\":true}]},{\"name\":\"qr_codes_stage_links\",\"indexes\":[{\"name\":\"qr_codes_stage_links_fk\",\"columns\":[\"qr_code_id\"]},{\"name\":\"qr_codes_stage_links_inv_fk\",\"columns\":[\"stage_id\"]},{\"name\":\"qr_codes_stage_links_unique\",\"columns\":[\"qr_code_id\",\"stage_id\"],\"type\":\"unique\"}],\"foreignKeys\":[{\"name\":\"qr_codes_stage_links_fk\",\"columns\":[\"qr_code_id\"],\"referencedColumns\":[\"id\"],\"referencedTable\":\"qr_codes\",\"onDelete\":\"CASCADE\"},{\"name\":\"qr_codes_stage_links_inv_fk\",\"columns\":[\"stage_id\"],\"referencedColumns\":[\"id\"],\"referencedTable\":\"stages\",\"onDelete\":\"CASCADE\"}],\"columns\":[{\"name\":\"id\",\"type\":\"increments\",\"args\":[{\"primary\":true,\"primaryKey\":true}],\"defaultTo\":null,\"notNullable\":true,\"unsigned\":false},{\"name\":\"qr_code_id\",\"type\":\"integer\",\"args\":[],\"defaultTo\":null,\"notNullable\":false,\"unsigned\":true},{\"name\":\"stage_id\",\"type\":\"integer\",\"args\":[],\"defaultTo\":null,\"notNullable\":false,\"unsigned\":true}]},{\"name\":\"qr_codes_tier_links\",\"indexes\":[{\"name\":\"qr_codes_tier_links_fk\",\"columns\":[\"qr_code_id\"]},{\"name\":\"qr_codes_tier_links_inv_fk\",\"columns\":[\"tier_id\"]},{\"name\":\"qr_codes_tier_links_unique\",\"columns\":[\"qr_code_id\",\"tier_id\"],\"type\":\"unique\"}],\"foreignKeys\":[{\"name\":\"qr_codes_tier_links_fk\",\"columns\":[\"qr_code_id\"],\"referencedColumns\":[\"id\"],\"referencedTable\":\"qr_codes\",\"onDelete\":\"CASCADE\"},{\"name\":\"qr_codes_tier_links_inv_fk\",\"columns\":[\"tier_id\"],\"referencedColumns\":[\"id\"],\"referencedTable\":\"tiers\",\"onDelete\":\"CASCADE\"}],\"columns\":[{\"name\":\"id\",\"type\":\"increments\",\"args\":[{\"primary\":true,\"primaryKey\":true}],\"defaultTo\":null,\"notNullable\":true,\"unsigned\":false},{\"name\":\"qr_code_id\",\"type\":\"integer\",\"args\":[],\"defaultTo\":null,\"notNullable\":false,\"unsigned\":true},{\"name\":\"tier_id\",\"type\":\"integer\",\"args\":[],\"defaultTo\":null,\"notNullable\":false,\"unsigned\":true}]},{\"name\":\"qr_codes_agency_links\",\"indexes\":[{\"name\":\"qr_codes_agency_links_fk\",\"columns\":[\"qr_code_id\"]},{\"name\":\"qr_codes_agency_links_inv_fk\",\"columns\":[\"agency_id\"]},{\"name\":\"qr_codes_agency_links_unique\",\"columns\":[\"qr_code_id\",\"agency_id\"],\"type\":\"unique\"}],\"foreignKeys\":[{\"name\":\"qr_codes_agency_links_fk\",\"columns\":[\"qr_code_id\"],\"referencedColumns\":[\"id\"],\"referencedTable\":\"qr_codes\",\"onDelete\":\"CASCADE\"},{\"name\":\"qr_codes_agency_links_inv_fk\",\"columns\":[\"agency_id\"],\"referencedColumns\":[\"id\"],\"referencedTable\":\"agencies\",\"onDelete\":\"CASCADE\"}],\"columns\":[{\"name\":\"id\",\"type\":\"increments\",\"args\":[{\"primary\":true,\"primaryKey\":true}],\"defaultTo\":null,\"notNullable\":true,\"unsigned\":false},{\"name\":\"qr_code_id\",\"type\":\"integer\",\"args\":[],\"defaultTo\":null,\"notNullable\":false,\"unsigned\":true},{\"name\":\"agency_id\",\"type\":\"integer\",\"args\":[],\"defaultTo\":null,\"notNullable\":false,\"unsigned\":true}]},{\"name\":\"qr_codes_individual_links\",\"indexes\":[{\"name\":\"qr_codes_individual_links_fk\",\"columns\":[\"qr_code_id\"]},{\"name\":\"qr_codes_individual_links_inv_fk\",\"columns\":[\"individual_id\"]},{\"name\":\"qr_codes_individual_links_unique\",\"columns\":[\"qr_code_id\",\"individual_id\"],\"type\":\"unique\"}],\"foreignKeys\":[{\"name\":\"qr_codes_individual_links_fk\",\"columns\":[\"qr_code_id\"],\"referencedColumns\":[\"id\"],\"referencedTable\":\"qr_codes\",\"onDelete\":\"CASCADE\"},{\"name\":\"qr_codes_individual_links_inv_fk\",\"columns\":[\"individual_id\"],\"referencedColumns\":[\"id\"],\"referencedTable\":\"individuals\",\"onDelete\":\"CASCADE\"}],\"columns\":[{\"name\":\"id\",\"type\":\"increments\",\"args\":[{\"primary\":true,\"primaryKey\":true}],\"defaultTo\":null,\"notNullable\":true,\"unsigned\":false},{\"name\":\"qr_code_id\",\"type\":\"integer\",\"args\":[],\"defaultTo\":null,\"notNullable\":false,\"unsigned\":true},{\"name\":\"individual_id\",\"type\":\"integer\",\"args\":[],\"defaultTo\":null,\"notNullable\":false,\"unsigned\":true}]},{\"name\":\"relance_tickets_ticket_links\",\"indexes\":[{\"name\":\"relance_tickets_ticket_links_fk\",\"columns\":[\"relance_ticket_id\"]},{\"name\":\"relance_tickets_ticket_links_inv_fk\",\"columns\":[\"ticket_id\"]},{\"name\":\"relance_tickets_ticket_links_unique\",\"columns\":[\"relance_ticket_id\",\"ticket_id\"],\"type\":\"unique\"},{\"name\":\"relance_tickets_ticket_links_order_inv_fk\",\"columns\":[\"relance_ticket_order\"]}],\"foreignKeys\":[{\"name\":\"relance_tickets_ticket_links_fk\",\"columns\":[\"relance_ticket_id\"],\"referencedColumns\":[\"id\"],\"referencedTable\":\"relance_tickets\",\"onDelete\":\"CASCADE\"},{\"name\":\"relance_tickets_ticket_links_inv_fk\",\"columns\":[\"ticket_id\"],\"referencedColumns\":[\"id\"],\"referencedTable\":\"tickets\",\"onDelete\":\"CASCADE\"}],\"columns\":[{\"name\":\"id\",\"type\":\"increments\",\"args\":[{\"primary\":true,\"primaryKey\":true}],\"defaultTo\":null,\"notNullable\":true,\"unsigned\":false},{\"name\":\"relance_ticket_id\",\"type\":\"integer\",\"args\":[],\"defaultTo\":null,\"notNullable\":false,\"unsigned\":true},{\"name\":\"ticket_id\",\"type\":\"integer\",\"args\":[],\"defaultTo\":null,\"notNullable\":false,\"unsigned\":true},{\"name\":\"relance_ticket_order\",\"type\":\"integer\",\"args\":[],\"defaultTo\":null,\"notNullable\":false,\"unsigned\":true}]},{\"name\":\"tickets_agency_links\",\"indexes\":[{\"name\":\"tickets_agency_links_fk\",\"columns\":[\"ticket_id\"]},{\"name\":\"tickets_agency_links_inv_fk\",\"columns\":[\"agency_id\"]},{\"name\":\"tickets_agency_links_unique\",\"columns\":[\"ticket_id\",\"agency_id\"],\"type\":\"unique\"},{\"name\":\"tickets_agency_links_order_inv_fk\",\"columns\":[\"ticket_order\"]}],\"foreignKeys\":[{\"name\":\"tickets_agency_links_fk\",\"columns\":[\"ticket_id\"],\"referencedColumns\":[\"id\"],\"referencedTable\":\"tickets\",\"onDelete\":\"CASCADE\"},{\"name\":\"tickets_agency_links_inv_fk\",\"columns\":[\"agency_id\"],\"referencedColumns\":[\"id\"],\"referencedTable\":\"agencies\",\"onDelete\":\"CASCADE\"}],\"columns\":[{\"name\":\"id\",\"type\":\"increments\",\"args\":[{\"primary\":true,\"primaryKey\":true}],\"defaultTo\":null,\"notNullable\":true,\"unsigned\":false},{\"name\":\"ticket_id\",\"type\":\"integer\",\"args\":[],\"defaultTo\":null,\"notNullable\":false,\"unsigned\":true},{\"name\":\"agency_id\",\"type\":\"integer\",\"args\":[],\"defaultTo\":null,\"notNullable\":false,\"unsigned\":true},{\"name\":\"ticket_order\",\"type\":\"integer\",\"args\":[],\"defaultTo\":null,\"notNullable\":false,\"unsigned\":true}]},{\"name\":\"tickets_property_links\",\"indexes\":[{\"name\":\"tickets_property_links_fk\",\"columns\":[\"ticket_id\"]},{\"name\":\"tickets_property_links_inv_fk\",\"columns\":[\"property_id\"]},{\"name\":\"tickets_property_links_unique\",\"columns\":[\"ticket_id\",\"property_id\"],\"type\":\"unique\"},{\"name\":\"tickets_property_links_order_inv_fk\",\"columns\":[\"ticket_order\"]}],\"foreignKeys\":[{\"name\":\"tickets_property_links_fk\",\"columns\":[\"ticket_id\"],\"referencedColumns\":[\"id\"],\"referencedTable\":\"tickets\",\"onDelete\":\"CASCADE\"},{\"name\":\"tickets_property_links_inv_fk\",\"columns\":[\"property_id\"],\"referencedColumns\":[\"id\"],\"referencedTable\":\"properties\",\"onDelete\":\"CASCADE\"}],\"columns\":[{\"name\":\"id\",\"type\":\"increments\",\"args\":[{\"primary\":true,\"primaryKey\":true}],\"defaultTo\":null,\"notNullable\":true,\"unsigned\":false},{\"name\":\"ticket_id\",\"type\":\"integer\",\"args\":[],\"defaultTo\":null,\"notNullable\":false,\"unsigned\":true},{\"name\":\"property_id\",\"type\":\"integer\",\"args\":[],\"defaultTo\":null,\"notNullable\":false,\"unsigned\":true},{\"name\":\"ticket_order\",\"type\":\"integer\",\"args\":[],\"defaultTo\":null,\"notNullable\":false,\"unsigned\":true}]},{\"name\":\"tickets_users_permissions_user_links\",\"indexes\":[{\"name\":\"tickets_users_permissions_user_links_fk\",\"columns\":[\"ticket_id\"]},{\"name\":\"tickets_users_permissions_user_links_inv_fk\",\"columns\":[\"user_id\"]},{\"name\":\"tickets_users_permissions_user_links_unique\",\"columns\":[\"ticket_id\",\"user_id\"],\"type\":\"unique\"},{\"name\":\"tickets_users_permissions_user_links_order_inv_fk\",\"columns\":[\"ticket_order\"]}],\"foreignKeys\":[{\"name\":\"tickets_users_permissions_user_links_fk\",\"columns\":[\"ticket_id\"],\"referencedColumns\":[\"id\"],\"referencedTable\":\"tickets\",\"onDelete\":\"CASCADE\"},{\"name\":\"tickets_users_permissions_user_links_inv_fk\",\"columns\":[\"user_id\"],\"referencedColumns\":[\"id\"],\"referencedTable\":\"up_users\",\"onDelete\":\"CASCADE\"}],\"columns\":[{\"name\":\"id\",\"type\":\"increments\",\"args\":[{\"primary\":true,\"primaryKey\":true}],\"defaultTo\":null,\"notNullable\":true,\"unsigned\":false},{\"name\":\"ticket_id\",\"type\":\"integer\",\"args\":[],\"defaultTo\":null,\"notNullable\":false,\"unsigned\":true},{\"name\":\"user_id\",\"type\":\"integer\",\"args\":[],\"defaultTo\":null,\"notNullable\":false,\"unsigned\":true},{\"name\":\"ticket_order\",\"type\":\"integer\",\"args\":[],\"defaultTo\":null,\"notNullable\":false,\"unsigned\":true}]},{\"name\":\"tickets_tiers_links\",\"indexes\":[{\"name\":\"tickets_tiers_links_fk\",\"columns\":[\"ticket_id\"]},{\"name\":\"tickets_tiers_links_inv_fk\",\"columns\":[\"tier_id\"]},{\"name\":\"tickets_tiers_links_unique\",\"columns\":[\"ticket_id\",\"tier_id\"],\"type\":\"unique\"},{\"name\":\"tickets_tiers_links_order_fk\",\"columns\":[\"tier_order\"]}],\"foreignKeys\":[{\"name\":\"tickets_tiers_links_fk\",\"columns\":[\"ticket_id\"],\"referencedColumns\":[\"id\"],\"referencedTable\":\"tickets\",\"onDelete\":\"CASCADE\"},{\"name\":\"tickets_tiers_links_inv_fk\",\"columns\":[\"tier_id\"],\"referencedColumns\":[\"id\"],\"referencedTable\":\"tiers\",\"onDelete\":\"CASCADE\"}],\"columns\":[{\"name\":\"id\",\"type\":\"increments\",\"args\":[{\"primary\":true,\"primaryKey\":true}],\"defaultTo\":null,\"notNullable\":true,\"unsigned\":false},{\"name\":\"ticket_id\",\"type\":\"integer\",\"args\":[],\"defaultTo\":null,\"notNullable\":false,\"unsigned\":true},{\"name\":\"tier_id\",\"type\":\"integer\",\"args\":[],\"defaultTo\":null,\"notNullable\":false,\"unsigned\":true},{\"name\":\"tier_order\",\"type\":\"integer\",\"args\":[],\"defaultTo\":null,\"notNullable\":false,\"unsigned\":true}]},{\"name\":\"tickets_categories_links\",\"indexes\":[{\"name\":\"tickets_categories_links_fk\",\"columns\":[\"ticket_id\"]},{\"name\":\"tickets_categories_links_inv_fk\",\"columns\":[\"category_id\"]},{\"name\":\"tickets_categories_links_unique\",\"columns\":[\"ticket_id\",\"category_id\"],\"type\":\"unique\"}],\"foreignKeys\":[{\"name\":\"tickets_categories_links_fk\",\"columns\":[\"ticket_id\"],\"referencedColumns\":[\"id\"],\"referencedTable\":\"tickets\",\"onDelete\":\"CASCADE\"},{\"name\":\"tickets_categories_links_inv_fk\",\"columns\":[\"category_id\"],\"referencedColumns\":[\"id\"],\"referencedTable\":\"categories\",\"onDelete\":\"CASCADE\"}],\"columns\":[{\"name\":\"id\",\"type\":\"increments\",\"args\":[{\"primary\":true,\"primaryKey\":true}],\"defaultTo\":null,\"notNullable\":true,\"unsigned\":false},{\"name\":\"ticket_id\",\"type\":\"integer\",\"args\":[],\"defaultTo\":null,\"notNullable\":false,\"unsigned\":true},{\"name\":\"category_id\",\"type\":\"integer\",\"args\":[],\"defaultTo\":null,\"notNullable\":false,\"unsigned\":true}]},{\"name\":\"tickets_priority_links\",\"indexes\":[{\"name\":\"tickets_priority_links_fk\",\"columns\":[\"ticket_id\"]},{\"name\":\"tickets_priority_links_inv_fk\",\"columns\":[\"priority_id\"]},{\"name\":\"tickets_priority_links_unique\",\"columns\":[\"ticket_id\",\"priority_id\"],\"type\":\"unique\"}],\"foreignKeys\":[{\"name\":\"tickets_priority_links_fk\",\"columns\":[\"ticket_id\"],\"referencedColumns\":[\"id\"],\"referencedTable\":\"tickets\",\"onDelete\":\"CASCADE\"},{\"name\":\"tickets_priority_links_inv_fk\",\"columns\":[\"priority_id\"],\"referencedColumns\":[\"id\"],\"referencedTable\":\"priorities\",\"onDelete\":\"CASCADE\"}],\"columns\":[{\"name\":\"id\",\"type\":\"increments\",\"args\":[{\"primary\":true,\"primaryKey\":true}],\"defaultTo\":null,\"notNullable\":true,\"unsigned\":false},{\"name\":\"ticket_id\",\"type\":\"integer\",\"args\":[],\"defaultTo\":null,\"notNullable\":false,\"unsigned\":true},{\"name\":\"priority_id\",\"type\":\"integer\",\"args\":[],\"defaultTo\":null,\"notNullable\":false,\"unsigned\":true}]},{\"name\":\"tickets_stage_links\",\"indexes\":[{\"name\":\"tickets_stage_links_fk\",\"columns\":[\"ticket_id\"]},{\"name\":\"tickets_stage_links_inv_fk\",\"columns\":[\"stage_id\"]},{\"name\":\"tickets_stage_links_unique\",\"columns\":[\"ticket_id\",\"stage_id\"],\"type\":\"unique\"}],\"foreignKeys\":[{\"name\":\"tickets_stage_links_fk\",\"columns\":[\"ticket_id\"],\"referencedColumns\":[\"id\"],\"referencedTable\":\"tickets\",\"onDelete\":\"CASCADE\"},{\"name\":\"tickets_stage_links_inv_fk\",\"columns\":[\"stage_id\"],\"referencedColumns\":[\"id\"],\"referencedTable\":\"stages\",\"onDelete\":\"CASCADE\"}],\"columns\":[{\"name\":\"id\",\"type\":\"increments\",\"args\":[{\"primary\":true,\"primaryKey\":true}],\"defaultTo\":null,\"notNullable\":true,\"unsigned\":false},{\"name\":\"ticket_id\",\"type\":\"integer\",\"args\":[],\"defaultTo\":null,\"notNullable\":false,\"unsigned\":true},{\"name\":\"stage_id\",\"type\":\"integer\",\"args\":[],\"defaultTo\":null,\"notNullable\":false,\"unsigned\":true}]},{\"name\":\"tickets_role_links\",\"indexes\":[{\"name\":\"tickets_role_links_fk\",\"columns\":[\"ticket_id\"]},{\"name\":\"tickets_role_links_inv_fk\",\"columns\":[\"issuers_role_id\"]},{\"name\":\"tickets_role_links_unique\",\"columns\":[\"ticket_id\",\"issuers_role_id\"],\"type\":\"unique\"}],\"foreignKeys\":[{\"name\":\"tickets_role_links_fk\",\"columns\":[\"ticket_id\"],\"referencedColumns\":[\"id\"],\"referencedTable\":\"tickets\",\"onDelete\":\"CASCADE\"},{\"name\":\"tickets_role_links_inv_fk\",\"columns\":[\"issuers_role_id\"],\"referencedColumns\":[\"id\"],\"referencedTable\":\"issuers_roles\",\"onDelete\":\"CASCADE\"}],\"columns\":[{\"name\":\"id\",\"type\":\"increments\",\"args\":[{\"primary\":true,\"primaryKey\":true}],\"defaultTo\":null,\"notNullable\":true,\"unsigned\":false},{\"name\":\"ticket_id\",\"type\":\"integer\",\"args\":[],\"defaultTo\":null,\"notNullable\":false,\"unsigned\":true},{\"name\":\"issuers_role_id\",\"type\":\"integer\",\"args\":[],\"defaultTo\":null,\"notNullable\":false,\"unsigned\":true}]},{\"name\":\"tickets_other_stage_links\",\"indexes\":[{\"name\":\"tickets_other_stage_links_fk\",\"columns\":[\"ticket_id\"]},{\"name\":\"tickets_other_stage_links_inv_fk\",\"columns\":[\"stage_id\"]},{\"name\":\"tickets_other_stage_links_unique\",\"columns\":[\"ticket_id\",\"stage_id\"],\"type\":\"unique\"}],\"foreignKeys\":[{\"name\":\"tickets_other_stage_links_fk\",\"columns\":[\"ticket_id\"],\"referencedColumns\":[\"id\"],\"referencedTable\":\"tickets\",\"onDelete\":\"CASCADE\"},{\"name\":\"tickets_other_stage_links_inv_fk\",\"columns\":[\"stage_id\"],\"referencedColumns\":[\"id\"],\"referencedTable\":\"stages\",\"onDelete\":\"CASCADE\"}],\"columns\":[{\"name\":\"id\",\"type\":\"increments\",\"args\":[{\"primary\":true,\"primaryKey\":true}],\"defaultTo\":null,\"notNullable\":true,\"unsigned\":false},{\"name\":\"ticket_id\",\"type\":\"integer\",\"args\":[],\"defaultTo\":null,\"notNullable\":false,\"unsigned\":true},{\"name\":\"stage_id\",\"type\":\"integer\",\"args\":[],\"defaultTo\":null,\"notNullable\":false,\"unsigned\":true}]},{\"name\":\"tickets_individuals_links\",\"indexes\":[{\"name\":\"tickets_individuals_links_fk\",\"columns\":[\"ticket_id\"]},{\"name\":\"tickets_individuals_links_inv_fk\",\"columns\":[\"individual_id\"]},{\"name\":\"tickets_individuals_links_unique\",\"columns\":[\"ticket_id\",\"individual_id\"],\"type\":\"unique\"},{\"name\":\"tickets_individuals_links_order_fk\",\"columns\":[\"individual_order\"]}],\"foreignKeys\":[{\"name\":\"tickets_individuals_links_fk\",\"columns\":[\"ticket_id\"],\"referencedColumns\":[\"id\"],\"referencedTable\":\"tickets\",\"onDelete\":\"CASCADE\"},{\"name\":\"tickets_individuals_links_inv_fk\",\"columns\":[\"individual_id\"],\"referencedColumns\":[\"id\"],\"referencedTable\":\"individuals\",\"onDelete\":\"CASCADE\"}],\"columns\":[{\"name\":\"id\",\"type\":\"increments\",\"args\":[{\"primary\":true,\"primaryKey\":true}],\"defaultTo\":null,\"notNullable\":true,\"unsigned\":false},{\"name\":\"ticket_id\",\"type\":\"integer\",\"args\":[],\"defaultTo\":null,\"notNullable\":false,\"unsigned\":true},{\"name\":\"individual_id\",\"type\":\"integer\",\"args\":[],\"defaultTo\":null,\"notNullable\":false,\"unsigned\":true},{\"name\":\"individual_order\",\"type\":\"integer\",\"args\":[],\"defaultTo\":null,\"notNullable\":false,\"unsigned\":true}]},{\"name\":\"tickets_qr_code_links\",\"indexes\":[{\"name\":\"tickets_qr_code_links_fk\",\"columns\":[\"ticket_id\"]},{\"name\":\"tickets_qr_code_links_inv_fk\",\"columns\":[\"qr_code_id\"]},{\"name\":\"tickets_qr_code_links_unique\",\"columns\":[\"ticket_id\",\"qr_code_id\"],\"type\":\"unique\"}],\"foreignKeys\":[{\"name\":\"tickets_qr_code_links_fk\",\"columns\":[\"ticket_id\"],\"referencedColumns\":[\"id\"],\"referencedTable\":\"tickets\",\"onDelete\":\"CASCADE\"},{\"name\":\"tickets_qr_code_links_inv_fk\",\"columns\":[\"qr_code_id\"],\"referencedColumns\":[\"id\"],\"referencedTable\":\"qr_codes\",\"onDelete\":\"CASCADE\"}],\"columns\":[{\"name\":\"id\",\"type\":\"increments\",\"args\":[{\"primary\":true,\"primaryKey\":true}],\"defaultTo\":null,\"notNullable\":true,\"unsigned\":false},{\"name\":\"ticket_id\",\"type\":\"integer\",\"args\":[],\"defaultTo\":null,\"notNullable\":false,\"unsigned\":true},{\"name\":\"qr_code_id\",\"type\":\"integer\",\"args\":[],\"defaultTo\":null,\"notNullable\":false,\"unsigned\":true}]},{\"name\":\"tickets_managers_links\",\"indexes\":[{\"name\":\"tickets_managers_links_fk\",\"columns\":[\"ticket_id\"]},{\"name\":\"tickets_managers_links_inv_fk\",\"columns\":[\"user_id\"]},{\"name\":\"tickets_managers_links_unique\",\"columns\":[\"ticket_id\",\"user_id\"],\"type\":\"unique\"},{\"name\":\"tickets_managers_links_order_fk\",\"columns\":[\"user_order\"]}],\"foreignKeys\":[{\"name\":\"tickets_managers_links_fk\",\"columns\":[\"ticket_id\"],\"referencedColumns\":[\"id\"],\"referencedTable\":\"tickets\",\"onDelete\":\"CASCADE\"},{\"name\":\"tickets_managers_links_inv_fk\",\"columns\":[\"user_id\"],\"referencedColumns\":[\"id\"],\"referencedTable\":\"up_users\",\"onDelete\":\"CASCADE\"}],\"columns\":[{\"name\":\"id\",\"type\":\"increments\",\"args\":[{\"primary\":true,\"primaryKey\":true}],\"defaultTo\":null,\"notNullable\":true,\"unsigned\":false},{\"name\":\"ticket_id\",\"type\":\"integer\",\"args\":[],\"defaultTo\":null,\"notNullable\":false,\"unsigned\":true},{\"name\":\"user_id\",\"type\":\"integer\",\"args\":[],\"defaultTo\":null,\"notNullable\":false,\"unsigned\":true},{\"name\":\"user_order\",\"type\":\"integer\",\"args\":[],\"defaultTo\":null,\"notNullable\":false,\"unsigned\":true}]},{\"name\":\"tickets_duplicata_of_links\",\"indexes\":[{\"name\":\"tickets_duplicata_of_links_fk\",\"columns\":[\"ticket_id\"]},{\"name\":\"tickets_duplicata_of_links_inv_fk\",\"columns\":[\"inv_ticket_id\"]},{\"name\":\"tickets_duplicata_of_links_unique\",\"columns\":[\"ticket_id\",\"inv_ticket_id\"],\"type\":\"unique\"},{\"name\":\"tickets_duplicata_of_links_order_inv_fk\",\"columns\":[\"ticket_order\"]}],\"foreignKeys\":[{\"name\":\"tickets_duplicata_of_links_fk\",\"columns\":[\"ticket_id\"],\"referencedColumns\":[\"id\"],\"referencedTable\":\"tickets\",\"onDelete\":\"CASCADE\"},{\"name\":\"tickets_duplicata_of_links_inv_fk\",\"columns\":[\"inv_ticket_id\"],\"referencedColumns\":[\"id\"],\"referencedTable\":\"tickets\",\"onDelete\":\"CASCADE\"}],\"columns\":[{\"name\":\"id\",\"type\":\"increments\",\"args\":[{\"primary\":true,\"primaryKey\":true}],\"defaultTo\":null,\"notNullable\":true,\"unsigned\":false},{\"name\":\"ticket_id\",\"type\":\"integer\",\"args\":[],\"defaultTo\":null,\"notNullable\":false,\"unsigned\":true},{\"name\":\"inv_ticket_id\",\"type\":\"integer\",\"args\":[],\"defaultTo\":null,\"notNullable\":false,\"unsigned\":true},{\"name\":\"ticket_order\",\"type\":\"integer\",\"args\":[],\"defaultTo\":null,\"notNullable\":false,\"unsigned\":true}]},{\"name\":\"tickets_ticket_reply_links\",\"indexes\":[{\"name\":\"tickets_ticket_reply_links_fk\",\"columns\":[\"ticket_id\"]},{\"name\":\"tickets_ticket_reply_links_inv_fk\",\"columns\":[\"ticket_reply_id\"]},{\"name\":\"tickets_ticket_reply_links_unique\",\"columns\":[\"ticket_id\",\"ticket_reply_id\"],\"type\":\"unique\"}],\"foreignKeys\":[{\"name\":\"tickets_ticket_reply_links_fk\",\"columns\":[\"ticket_id\"],\"referencedColumns\":[\"id\"],\"referencedTable\":\"tickets\",\"onDelete\":\"CASCADE\"},{\"name\":\"tickets_ticket_reply_links_inv_fk\",\"columns\":[\"ticket_reply_id\"],\"referencedColumns\":[\"id\"],\"referencedTable\":\"ticket_replies\",\"onDelete\":\"CASCADE\"}],\"columns\":[{\"name\":\"id\",\"type\":\"increments\",\"args\":[{\"primary\":true,\"primaryKey\":true}],\"defaultTo\":null,\"notNullable\":true,\"unsigned\":false},{\"name\":\"ticket_id\",\"type\":\"integer\",\"args\":[],\"defaultTo\":null,\"notNullable\":false,\"unsigned\":true},{\"name\":\"ticket_reply_id\",\"type\":\"integer\",\"args\":[],\"defaultTo\":null,\"notNullable\":false,\"unsigned\":true}]},{\"name\":\"ticket_logs_ticket_links\",\"indexes\":[{\"name\":\"ticket_logs_ticket_links_fk\",\"columns\":[\"ticket_log_id\"]},{\"name\":\"ticket_logs_ticket_links_inv_fk\",\"columns\":[\"ticket_id\"]},{\"name\":\"ticket_logs_ticket_links_unique\",\"columns\":[\"ticket_log_id\",\"ticket_id\"],\"type\":\"unique\"},{\"name\":\"ticket_logs_ticket_links_order_inv_fk\",\"columns\":[\"ticket_log_order\"]}],\"foreignKeys\":[{\"name\":\"ticket_logs_ticket_links_fk\",\"columns\":[\"ticket_log_id\"],\"referencedColumns\":[\"id\"],\"referencedTable\":\"ticket_logs\",\"onDelete\":\"CASCADE\"},{\"name\":\"ticket_logs_ticket_links_inv_fk\",\"columns\":[\"ticket_id\"],\"referencedColumns\":[\"id\"],\"referencedTable\":\"tickets\",\"onDelete\":\"CASCADE\"}],\"columns\":[{\"name\":\"id\",\"type\":\"increments\",\"args\":[{\"primary\":true,\"primaryKey\":true}],\"defaultTo\":null,\"notNullable\":true,\"unsigned\":false},{\"name\":\"ticket_log_id\",\"type\":\"integer\",\"args\":[],\"defaultTo\":null,\"notNullable\":false,\"unsigned\":true},{\"name\":\"ticket_id\",\"type\":\"integer\",\"args\":[],\"defaultTo\":null,\"notNullable\":false,\"unsigned\":true},{\"name\":\"ticket_log_order\",\"type\":\"integer\",\"args\":[],\"defaultTo\":null,\"notNullable\":false,\"unsigned\":true}]},{\"name\":\"ticket_logs_gestionnaires_links\",\"indexes\":[{\"name\":\"ticket_logs_gestionnaires_links_fk\",\"columns\":[\"ticket_log_id\"]},{\"name\":\"ticket_logs_gestionnaires_links_inv_fk\",\"columns\":[\"user_id\"]},{\"name\":\"ticket_logs_gestionnaires_links_unique\",\"columns\":[\"ticket_log_id\",\"user_id\"],\"type\":\"unique\"},{\"name\":\"ticket_logs_gestionnaires_links_order_fk\",\"columns\":[\"user_order\"]}],\"foreignKeys\":[{\"name\":\"ticket_logs_gestionnaires_links_fk\",\"columns\":[\"ticket_log_id\"],\"referencedColumns\":[\"id\"],\"referencedTable\":\"ticket_logs\",\"onDelete\":\"CASCADE\"},{\"name\":\"ticket_logs_gestionnaires_links_inv_fk\",\"columns\":[\"user_id\"],\"referencedColumns\":[\"id\"],\"referencedTable\":\"up_users\",\"onDelete\":\"CASCADE\"}],\"columns\":[{\"name\":\"id\",\"type\":\"increments\",\"args\":[{\"primary\":true,\"primaryKey\":true}],\"defaultTo\":null,\"notNullable\":true,\"unsigned\":false},{\"name\":\"ticket_log_id\",\"type\":\"integer\",\"args\":[],\"defaultTo\":null,\"notNullable\":false,\"unsigned\":true},{\"name\":\"user_id\",\"type\":\"integer\",\"args\":[],\"defaultTo\":null,\"notNullable\":false,\"unsigned\":true},{\"name\":\"user_order\",\"type\":\"integer\",\"args\":[],\"defaultTo\":null,\"notNullable\":false,\"unsigned\":true}]},{\"name\":\"ticket_logs_tiers_links\",\"indexes\":[{\"name\":\"ticket_logs_tiers_links_fk\",\"columns\":[\"ticket_log_id\"]},{\"name\":\"ticket_logs_tiers_links_inv_fk\",\"columns\":[\"tier_id\"]},{\"name\":\"ticket_logs_tiers_links_unique\",\"columns\":[\"ticket_log_id\",\"tier_id\"],\"type\":\"unique\"},{\"name\":\"ticket_logs_tiers_links_order_fk\",\"columns\":[\"tier_order\"]}],\"foreignKeys\":[{\"name\":\"ticket_logs_tiers_links_fk\",\"columns\":[\"ticket_log_id\"],\"referencedColumns\":[\"id\"],\"referencedTable\":\"ticket_logs\",\"onDelete\":\"CASCADE\"},{\"name\":\"ticket_logs_tiers_links_inv_fk\",\"columns\":[\"tier_id\"],\"referencedColumns\":[\"id\"],\"referencedTable\":\"tiers\",\"onDelete\":\"CASCADE\"}],\"columns\":[{\"name\":\"id\",\"type\":\"increments\",\"args\":[{\"primary\":true,\"primaryKey\":true}],\"defaultTo\":null,\"notNullable\":true,\"unsigned\":false},{\"name\":\"ticket_log_id\",\"type\":\"integer\",\"args\":[],\"defaultTo\":null,\"notNullable\":false,\"unsigned\":true},{\"name\":\"tier_id\",\"type\":\"integer\",\"args\":[],\"defaultTo\":null,\"notNullable\":false,\"unsigned\":true},{\"name\":\"tier_order\",\"type\":\"integer\",\"args\":[],\"defaultTo\":null,\"notNullable\":false,\"unsigned\":true}]},{\"name\":\"ticket_logs_individuals_links\",\"indexes\":[{\"name\":\"ticket_logs_individuals_links_fk\",\"columns\":[\"ticket_log_id\"]},{\"name\":\"ticket_logs_individuals_links_inv_fk\",\"columns\":[\"individual_id\"]},{\"name\":\"ticket_logs_individuals_links_unique\",\"columns\":[\"ticket_log_id\",\"individual_id\"],\"type\":\"unique\"},{\"name\":\"ticket_logs_individuals_links_order_fk\",\"columns\":[\"individual_order\"]}],\"foreignKeys\":[{\"name\":\"ticket_logs_individuals_links_fk\",\"columns\":[\"ticket_log_id\"],\"referencedColumns\":[\"id\"],\"referencedTable\":\"ticket_logs\",\"onDelete\":\"CASCADE\"},{\"name\":\"ticket_logs_individuals_links_inv_fk\",\"columns\":[\"individual_id\"],\"referencedColumns\":[\"id\"],\"referencedTable\":\"individuals\",\"onDelete\":\"CASCADE\"}],\"columns\":[{\"name\":\"id\",\"type\":\"increments\",\"args\":[{\"primary\":true,\"primaryKey\":true}],\"defaultTo\":null,\"notNullable\":true,\"unsigned\":false},{\"name\":\"ticket_log_id\",\"type\":\"integer\",\"args\":[],\"defaultTo\":null,\"notNullable\":false,\"unsigned\":true},{\"name\":\"individual_id\",\"type\":\"integer\",\"args\":[],\"defaultTo\":null,\"notNullable\":false,\"unsigned\":true},{\"name\":\"individual_order\",\"type\":\"integer\",\"args\":[],\"defaultTo\":null,\"notNullable\":false,\"unsigned\":true}]},{\"name\":\"ticket_logs_log_created_by_links\",\"indexes\":[{\"name\":\"ticket_logs_log_created_by_links_fk\",\"columns\":[\"ticket_log_id\"]},{\"name\":\"ticket_logs_log_created_by_links_inv_fk\",\"columns\":[\"user_id\"]},{\"name\":\"ticket_logs_log_created_by_links_unique\",\"columns\":[\"ticket_log_id\",\"user_id\"],\"type\":\"unique\"}],\"foreignKeys\":[{\"name\":\"ticket_logs_log_created_by_links_fk\",\"columns\":[\"ticket_log_id\"],\"referencedColumns\":[\"id\"],\"referencedTable\":\"ticket_logs\",\"onDelete\":\"CASCADE\"},{\"name\":\"ticket_logs_log_created_by_links_inv_fk\",\"columns\":[\"user_id\"],\"referencedColumns\":[\"id\"],\"referencedTable\":\"up_users\",\"onDelete\":\"CASCADE\"}],\"columns\":[{\"name\":\"id\",\"type\":\"increments\",\"args\":[{\"primary\":true,\"primaryKey\":true}],\"defaultTo\":null,\"notNullable\":true,\"unsigned\":false},{\"name\":\"ticket_log_id\",\"type\":\"integer\",\"args\":[],\"defaultTo\":null,\"notNullable\":false,\"unsigned\":true},{\"name\":\"user_id\",\"type\":\"integer\",\"args\":[],\"defaultTo\":null,\"notNullable\":false,\"unsigned\":true}]},{\"name\":\"ticket_replies_users_permissions_user_links\",\"indexes\":[{\"name\":\"ticket_replies_users_permissions_user_links_fk\",\"columns\":[\"ticket_reply_id\"]},{\"name\":\"ticket_replies_users_permissions_user_links_inv_fk\",\"columns\":[\"user_id\"]},{\"name\":\"ticket_replies_users_permissions_user_links_unique\",\"columns\":[\"ticket_reply_id\",\"user_id\"],\"type\":\"unique\"}],\"foreignKeys\":[{\"name\":\"ticket_replies_users_permissions_user_links_fk\",\"columns\":[\"ticket_reply_id\"],\"referencedColumns\":[\"id\"],\"referencedTable\":\"ticket_replies\",\"onDelete\":\"CASCADE\"},{\"name\":\"ticket_replies_users_permissions_user_links_inv_fk\",\"columns\":[\"user_id\"],\"referencedColumns\":[\"id\"],\"referencedTable\":\"up_users\",\"onDelete\":\"CASCADE\"}],\"columns\":[{\"name\":\"id\",\"type\":\"increments\",\"args\":[{\"primary\":true,\"primaryKey\":true}],\"defaultTo\":null,\"notNullable\":true,\"unsigned\":false},{\"name\":\"ticket_reply_id\",\"type\":\"integer\",\"args\":[],\"defaultTo\":null,\"notNullable\":false,\"unsigned\":true},{\"name\":\"user_id\",\"type\":\"integer\",\"args\":[],\"defaultTo\":null,\"notNullable\":false,\"unsigned\":true}]},{\"name\":\"ticket_states_user_links\",\"indexes\":[{\"name\":\"ticket_states_user_links_fk\",\"columns\":[\"ticket_state_id\"]},{\"name\":\"ticket_states_user_links_inv_fk\",\"columns\":[\"user_id\"]},{\"name\":\"ticket_states_user_links_unique\",\"columns\":[\"ticket_state_id\",\"user_id\"],\"type\":\"unique\"}],\"foreignKeys\":[{\"name\":\"ticket_states_user_links_fk\",\"columns\":[\"ticket_state_id\"],\"referencedColumns\":[\"id\"],\"referencedTable\":\"ticket_states\",\"onDelete\":\"CASCADE\"},{\"name\":\"ticket_states_user_links_inv_fk\",\"columns\":[\"user_id\"],\"referencedColumns\":[\"id\"],\"referencedTable\":\"up_users\",\"onDelete\":\"CASCADE\"}],\"columns\":[{\"name\":\"id\",\"type\":\"increments\",\"args\":[{\"primary\":true,\"primaryKey\":true}],\"defaultTo\":null,\"notNullable\":true,\"unsigned\":false},{\"name\":\"ticket_state_id\",\"type\":\"integer\",\"args\":[],\"defaultTo\":null,\"notNullable\":false,\"unsigned\":true},{\"name\":\"user_id\",\"type\":\"integer\",\"args\":[],\"defaultTo\":null,\"notNullable\":false,\"unsigned\":true}]},{\"name\":\"ticket_states_state_links\",\"indexes\":[{\"name\":\"ticket_states_state_links_fk\",\"columns\":[\"ticket_state_id\"]},{\"name\":\"ticket_states_state_links_inv_fk\",\"columns\":[\"state_id\"]},{\"name\":\"ticket_states_state_links_unique\",\"columns\":[\"ticket_state_id\",\"state_id\"],\"type\":\"unique\"}],\"foreignKeys\":[{\"name\":\"ticket_states_state_links_fk\",\"columns\":[\"ticket_state_id\"],\"referencedColumns\":[\"id\"],\"referencedTable\":\"ticket_states\",\"onDelete\":\"CASCADE\"},{\"name\":\"ticket_states_state_links_inv_fk\",\"columns\":[\"state_id\"],\"referencedColumns\":[\"id\"],\"referencedTable\":\"states\",\"onDelete\":\"CASCADE\"}],\"columns\":[{\"name\":\"id\",\"type\":\"increments\",\"args\":[{\"primary\":true,\"primaryKey\":true}],\"defaultTo\":null,\"notNullable\":true,\"unsigned\":false},{\"name\":\"ticket_state_id\",\"type\":\"integer\",\"args\":[],\"defaultTo\":null,\"notNullable\":false,\"unsigned\":true},{\"name\":\"state_id\",\"type\":\"integer\",\"args\":[],\"defaultTo\":null,\"notNullable\":false,\"unsigned\":true}]},{\"name\":\"ticket_states_ticket_links\",\"indexes\":[{\"name\":\"ticket_states_ticket_links_fk\",\"columns\":[\"ticket_state_id\"]},{\"name\":\"ticket_states_ticket_links_inv_fk\",\"columns\":[\"ticket_id\"]},{\"name\":\"ticket_states_ticket_links_unique\",\"columns\":[\"ticket_state_id\",\"ticket_id\"],\"type\":\"unique\"},{\"name\":\"ticket_states_ticket_links_order_inv_fk\",\"columns\":[\"ticket_state_order\"]}],\"foreignKeys\":[{\"name\":\"ticket_states_ticket_links_fk\",\"columns\":[\"ticket_state_id\"],\"referencedColumns\":[\"id\"],\"referencedTable\":\"ticket_states\",\"onDelete\":\"CASCADE\"},{\"name\":\"ticket_states_ticket_links_inv_fk\",\"columns\":[\"ticket_id\"],\"referencedColumns\":[\"id\"],\"referencedTable\":\"tickets\",\"onDelete\":\"CASCADE\"}],\"columns\":[{\"name\":\"id\",\"type\":\"increments\",\"args\":[{\"primary\":true,\"primaryKey\":true}],\"defaultTo\":null,\"notNullable\":true,\"unsigned\":false},{\"name\":\"ticket_state_id\",\"type\":\"integer\",\"args\":[],\"defaultTo\":null,\"notNullable\":false,\"unsigned\":true},{\"name\":\"ticket_id\",\"type\":\"integer\",\"args\":[],\"defaultTo\":null,\"notNullable\":false,\"unsigned\":true},{\"name\":\"ticket_state_order\",\"type\":\"integer\",\"args\":[],\"defaultTo\":null,\"notNullable\":false,\"unsigned\":true}]},{\"name\":\"tiers_properties_links\",\"indexes\":[{\"name\":\"tiers_properties_links_fk\",\"columns\":[\"tier_id\"]},{\"name\":\"tiers_properties_links_inv_fk\",\"columns\":[\"property_id\"]},{\"name\":\"tiers_properties_links_unique\",\"columns\":[\"tier_id\",\"property_id\"],\"type\":\"unique\"},{\"name\":\"tiers_properties_links_order_fk\",\"columns\":[\"property_order\"]},{\"name\":\"tiers_properties_links_order_inv_fk\",\"columns\":[\"tier_order\"]}],\"foreignKeys\":[{\"name\":\"tiers_properties_links_fk\",\"columns\":[\"tier_id\"],\"referencedColumns\":[\"id\"],\"referencedTable\":\"tiers\",\"onDelete\":\"CASCADE\"},{\"name\":\"tiers_properties_links_inv_fk\",\"columns\":[\"property_id\"],\"referencedColumns\":[\"id\"],\"referencedTable\":\"properties\",\"onDelete\":\"CASCADE\"}],\"columns\":[{\"name\":\"id\",\"type\":\"increments\",\"args\":[{\"primary\":true,\"primaryKey\":true}],\"defaultTo\":null,\"notNullable\":true,\"unsigned\":false},{\"name\":\"tier_id\",\"type\":\"integer\",\"args\":[],\"defaultTo\":null,\"notNullable\":false,\"unsigned\":true},{\"name\":\"property_id\",\"type\":\"integer\",\"args\":[],\"defaultTo\":null,\"notNullable\":false,\"unsigned\":true},{\"name\":\"property_order\",\"type\":\"integer\",\"args\":[],\"defaultTo\":null,\"notNullable\":false,\"unsigned\":true},{\"name\":\"tier_order\",\"type\":\"integer\",\"args\":[],\"defaultTo\":null,\"notNullable\":false,\"unsigned\":true}]},{\"name\":\"tiers_agencies_links\",\"indexes\":[{\"name\":\"tiers_agencies_links_fk\",\"columns\":[\"tier_id\"]},{\"name\":\"tiers_agencies_links_inv_fk\",\"columns\":[\"agency_id\"]},{\"name\":\"tiers_agencies_links_unique\",\"columns\":[\"tier_id\",\"agency_id\"],\"type\":\"unique\"},{\"name\":\"tiers_agencies_links_order_fk\",\"columns\":[\"agency_order\"]},{\"name\":\"tiers_agencies_links_order_inv_fk\",\"columns\":[\"tier_order\"]}],\"foreignKeys\":[{\"name\":\"tiers_agencies_links_fk\",\"columns\":[\"tier_id\"],\"referencedColumns\":[\"id\"],\"referencedTable\":\"tiers\",\"onDelete\":\"CASCADE\"},{\"name\":\"tiers_agencies_links_inv_fk\",\"columns\":[\"agency_id\"],\"referencedColumns\":[\"id\"],\"referencedTable\":\"agencies\",\"onDelete\":\"CASCADE\"}],\"columns\":[{\"name\":\"id\",\"type\":\"increments\",\"args\":[{\"primary\":true,\"primaryKey\":true}],\"defaultTo\":null,\"notNullable\":true,\"unsigned\":false},{\"name\":\"tier_id\",\"type\":\"integer\",\"args\":[],\"defaultTo\":null,\"notNullable\":false,\"unsigned\":true},{\"name\":\"agency_id\",\"type\":\"integer\",\"args\":[],\"defaultTo\":null,\"notNullable\":false,\"unsigned\":true},{\"name\":\"agency_order\",\"type\":\"integer\",\"args\":[],\"defaultTo\":null,\"notNullable\":false,\"unsigned\":true},{\"name\":\"tier_order\",\"type\":\"integer\",\"args\":[],\"defaultTo\":null,\"notNullable\":false,\"unsigned\":true}]},{\"name\":\"tiers_activities_links\",\"indexes\":[{\"name\":\"tiers_activities_links_fk\",\"columns\":[\"tier_id\"]},{\"name\":\"tiers_activities_links_inv_fk\",\"columns\":[\"activity_id\"]},{\"name\":\"tiers_activities_links_unique\",\"columns\":[\"tier_id\",\"activity_id\"],\"type\":\"unique\"},{\"name\":\"tiers_activities_links_order_fk\",\"columns\":[\"activity_order\"]}],\"foreignKeys\":[{\"name\":\"tiers_activities_links_fk\",\"columns\":[\"tier_id\"],\"referencedColumns\":[\"id\"],\"referencedTable\":\"tiers\",\"onDelete\":\"CASCADE\"},{\"name\":\"tiers_activities_links_inv_fk\",\"columns\":[\"activity_id\"],\"referencedColumns\":[\"id\"],\"referencedTable\":\"activities\",\"onDelete\":\"CASCADE\"}],\"columns\":[{\"name\":\"id\",\"type\":\"increments\",\"args\":[{\"primary\":true,\"primaryKey\":true}],\"defaultTo\":null,\"notNullable\":true,\"unsigned\":false},{\"name\":\"tier_id\",\"type\":\"integer\",\"args\":[],\"defaultTo\":null,\"notNullable\":false,\"unsigned\":true},{\"name\":\"activity_id\",\"type\":\"integer\",\"args\":[],\"defaultTo\":null,\"notNullable\":false,\"unsigned\":true},{\"name\":\"activity_order\",\"type\":\"integer\",\"args\":[],\"defaultTo\":null,\"notNullable\":false,\"unsigned\":true}]},{\"name\":\"tier_contracts_activities_links\",\"indexes\":[{\"name\":\"tier_contracts_activities_links_fk\",\"columns\":[\"tier_contract_id\"]},{\"name\":\"tier_contracts_activities_links_inv_fk\",\"columns\":[\"activity_id\"]},{\"name\":\"tier_contracts_activities_links_unique\",\"columns\":[\"tier_contract_id\",\"activity_id\"],\"type\":\"unique\"},{\"name\":\"tier_contracts_activities_links_order_fk\",\"columns\":[\"activity_order\"]}],\"foreignKeys\":[{\"name\":\"tier_contracts_activities_links_fk\",\"columns\":[\"tier_contract_id\"],\"referencedColumns\":[\"id\"],\"referencedTable\":\"tier_contracts\",\"onDelete\":\"CASCADE\"},{\"name\":\"tier_contracts_activities_links_inv_fk\",\"columns\":[\"activity_id\"],\"referencedColumns\":[\"id\"],\"referencedTable\":\"activities\",\"onDelete\":\"CASCADE\"}],\"columns\":[{\"name\":\"id\",\"type\":\"increments\",\"args\":[{\"primary\":true,\"primaryKey\":true}],\"defaultTo\":null,\"notNullable\":true,\"unsigned\":false},{\"name\":\"tier_contract_id\",\"type\":\"integer\",\"args\":[],\"defaultTo\":null,\"notNullable\":false,\"unsigned\":true},{\"name\":\"activity_id\",\"type\":\"integer\",\"args\":[],\"defaultTo\":null,\"notNullable\":false,\"unsigned\":true},{\"name\":\"activity_order\",\"type\":\"integer\",\"args\":[],\"defaultTo\":null,\"notNullable\":false,\"unsigned\":true}]},{\"name\":\"tier_contracts_tier_links\",\"indexes\":[{\"name\":\"tier_contracts_tier_links_fk\",\"columns\":[\"tier_contract_id\"]},{\"name\":\"tier_contracts_tier_links_inv_fk\",\"columns\":[\"tier_id\"]},{\"name\":\"tier_contracts_tier_links_unique\",\"columns\":[\"tier_contract_id\",\"tier_id\"],\"type\":\"unique\"}],\"foreignKeys\":[{\"name\":\"tier_contracts_tier_links_fk\",\"columns\":[\"tier_contract_id\"],\"referencedColumns\":[\"id\"],\"referencedTable\":\"tier_contracts\",\"onDelete\":\"CASCADE\"},{\"name\":\"tier_contracts_tier_links_inv_fk\",\"columns\":[\"tier_id\"],\"referencedColumns\":[\"id\"],\"referencedTable\":\"tiers\",\"onDelete\":\"CASCADE\"}],\"columns\":[{\"name\":\"id\",\"type\":\"increments\",\"args\":[{\"primary\":true,\"primaryKey\":true}],\"defaultTo\":null,\"notNullable\":true,\"unsigned\":false},{\"name\":\"tier_contract_id\",\"type\":\"integer\",\"args\":[],\"defaultTo\":null,\"notNullable\":false,\"unsigned\":true},{\"name\":\"tier_id\",\"type\":\"integer\",\"args\":[],\"defaultTo\":null,\"notNullable\":false,\"unsigned\":true}]},{\"name\":\"tier_contracts_property_links\",\"indexes\":[{\"name\":\"tier_contracts_property_links_fk\",\"columns\":[\"tier_contract_id\"]},{\"name\":\"tier_contracts_property_links_inv_fk\",\"columns\":[\"property_id\"]},{\"name\":\"tier_contracts_property_links_unique\",\"columns\":[\"tier_contract_id\",\"property_id\"],\"type\":\"unique\"}],\"foreignKeys\":[{\"name\":\"tier_contracts_property_links_fk\",\"columns\":[\"tier_contract_id\"],\"referencedColumns\":[\"id\"],\"referencedTable\":\"tier_contracts\",\"onDelete\":\"CASCADE\"},{\"name\":\"tier_contracts_property_links_inv_fk\",\"columns\":[\"property_id\"],\"referencedColumns\":[\"id\"],\"referencedTable\":\"properties\",\"onDelete\":\"CASCADE\"}],\"columns\":[{\"name\":\"id\",\"type\":\"increments\",\"args\":[{\"primary\":true,\"primaryKey\":true}],\"defaultTo\":null,\"notNullable\":true,\"unsigned\":false},{\"name\":\"tier_contract_id\",\"type\":\"integer\",\"args\":[],\"defaultTo\":null,\"notNullable\":false,\"unsigned\":true},{\"name\":\"property_id\",\"type\":\"integer\",\"args\":[],\"defaultTo\":null,\"notNullable\":false,\"unsigned\":true}]},{\"name\":\"tier_contract_references_tier_contract_links\",\"indexes\":[{\"name\":\"tier_contract_references_tier_contract_links_fk\",\"columns\":[\"tier_contract_reference_id\"]},{\"name\":\"tier_contract_references_tier_contract_links_inv_fk\",\"columns\":[\"tier_contract_id\"]},{\"name\":\"tier_contract_references_tier_contract_links_unique\",\"columns\":[\"tier_contract_reference_id\",\"tier_contract_id\"],\"type\":\"unique\"},{\"name\":\"tier_contract_references_tier_contract_links_order_inv_fk\",\"columns\":[\"tier_contract_reference_order\"]}],\"foreignKeys\":[{\"name\":\"tier_contract_references_tier_contract_links_fk\",\"columns\":[\"tier_contract_reference_id\"],\"referencedColumns\":[\"id\"],\"referencedTable\":\"tier_contract_references\",\"onDelete\":\"CASCADE\"},{\"name\":\"tier_contract_references_tier_contract_links_inv_fk\",\"columns\":[\"tier_contract_id\"],\"referencedColumns\":[\"id\"],\"referencedTable\":\"tier_contracts\",\"onDelete\":\"CASCADE\"}],\"columns\":[{\"name\":\"id\",\"type\":\"increments\",\"args\":[{\"primary\":true,\"primaryKey\":true}],\"defaultTo\":null,\"notNullable\":true,\"unsigned\":false},{\"name\":\"tier_contract_reference_id\",\"type\":\"integer\",\"args\":[],\"defaultTo\":null,\"notNullable\":false,\"unsigned\":true},{\"name\":\"tier_contract_id\",\"type\":\"integer\",\"args\":[],\"defaultTo\":null,\"notNullable\":false,\"unsigned\":true},{\"name\":\"tier_contract_reference_order\",\"type\":\"integer\",\"args\":[],\"defaultTo\":null,\"notNullable\":false,\"unsigned\":true}]},{\"name\":\"tools_interventions_links\",\"indexes\":[{\"name\":\"tools_interventions_links_fk\",\"columns\":[\"tool_id\"]},{\"name\":\"tools_interventions_links_inv_fk\",\"columns\":[\"intervention_id\"]},{\"name\":\"tools_interventions_links_unique\",\"columns\":[\"tool_id\",\"intervention_id\"],\"type\":\"unique\"},{\"name\":\"tools_interventions_links_order_fk\",\"columns\":[\"intervention_order\"]},{\"name\":\"tools_interventions_links_order_inv_fk\",\"columns\":[\"tool_order\"]}],\"foreignKeys\":[{\"name\":\"tools_interventions_links_fk\",\"columns\":[\"tool_id\"],\"referencedColumns\":[\"id\"],\"referencedTable\":\"tools\",\"onDelete\":\"CASCADE\"},{\"name\":\"tools_interventions_links_inv_fk\",\"columns\":[\"intervention_id\"],\"referencedColumns\":[\"id\"],\"referencedTable\":\"interventions\",\"onDelete\":\"CASCADE\"}],\"columns\":[{\"name\":\"id\",\"type\":\"increments\",\"args\":[{\"primary\":true,\"primaryKey\":true}],\"defaultTo\":null,\"notNullable\":true,\"unsigned\":false},{\"name\":\"tool_id\",\"type\":\"integer\",\"args\":[],\"defaultTo\":null,\"notNullable\":false,\"unsigned\":true},{\"name\":\"intervention_id\",\"type\":\"integer\",\"args\":[],\"defaultTo\":null,\"notNullable\":false,\"unsigned\":true},{\"name\":\"intervention_order\",\"type\":\"integer\",\"args\":[],\"defaultTo\":null,\"notNullable\":false,\"unsigned\":true},{\"name\":\"tool_order\",\"type\":\"integer\",\"args\":[],\"defaultTo\":null,\"notNullable\":false,\"unsigned\":true}]},{\"name\":\"tools_agency_links\",\"indexes\":[{\"name\":\"tools_agency_links_fk\",\"columns\":[\"tool_id\"]},{\"name\":\"tools_agency_links_inv_fk\",\"columns\":[\"agency_id\"]},{\"name\":\"tools_agency_links_unique\",\"columns\":[\"tool_id\",\"agency_id\"],\"type\":\"unique\"},{\"name\":\"tools_agency_links_order_inv_fk\",\"columns\":[\"tool_order\"]}],\"foreignKeys\":[{\"name\":\"tools_agency_links_fk\",\"columns\":[\"tool_id\"],\"referencedColumns\":[\"id\"],\"referencedTable\":\"tools\",\"onDelete\":\"CASCADE\"},{\"name\":\"tools_agency_links_inv_fk\",\"columns\":[\"agency_id\"],\"referencedColumns\":[\"id\"],\"referencedTable\":\"agencies\",\"onDelete\":\"CASCADE\"}],\"columns\":[{\"name\":\"id\",\"type\":\"increments\",\"args\":[{\"primary\":true,\"primaryKey\":true}],\"defaultTo\":null,\"notNullable\":true,\"unsigned\":false},{\"name\":\"tool_id\",\"type\":\"integer\",\"args\":[],\"defaultTo\":null,\"notNullable\":false,\"unsigned\":true},{\"name\":\"agency_id\",\"type\":\"integer\",\"args\":[],\"defaultTo\":null,\"notNullable\":false,\"unsigned\":true},{\"name\":\"tool_order\",\"type\":\"integer\",\"args\":[],\"defaultTo\":null,\"notNullable\":false,\"unsigned\":true}]},{\"name\":\"vehicles_agency_links\",\"indexes\":[{\"name\":\"vehicles_agency_links_fk\",\"columns\":[\"vehicle_id\"]},{\"name\":\"vehicles_agency_links_inv_fk\",\"columns\":[\"agency_id\"]},{\"name\":\"vehicles_agency_links_unique\",\"columns\":[\"vehicle_id\",\"agency_id\"],\"type\":\"unique\"},{\"name\":\"vehicles_agency_links_order_inv_fk\",\"columns\":[\"vehicle_order\"]}],\"foreignKeys\":[{\"name\":\"vehicles_agency_links_fk\",\"columns\":[\"vehicle_id\"],\"referencedColumns\":[\"id\"],\"referencedTable\":\"vehicles\",\"onDelete\":\"CASCADE\"},{\"name\":\"vehicles_agency_links_inv_fk\",\"columns\":[\"agency_id\"],\"referencedColumns\":[\"id\"],\"referencedTable\":\"agencies\",\"onDelete\":\"CASCADE\"}],\"columns\":[{\"name\":\"id\",\"type\":\"increments\",\"args\":[{\"primary\":true,\"primaryKey\":true}],\"defaultTo\":null,\"notNullable\":true,\"unsigned\":false},{\"name\":\"vehicle_id\",\"type\":\"integer\",\"args\":[],\"defaultTo\":null,\"notNullable\":false,\"unsigned\":true},{\"name\":\"agency_id\",\"type\":\"integer\",\"args\":[],\"defaultTo\":null,\"notNullable\":false,\"unsigned\":true},{\"name\":\"vehicle_order\",\"type\":\"integer\",\"args\":[],\"defaultTo\":null,\"notNullable\":false,\"unsigned\":true}]},{\"name\":\"visible_comments_agency_links\",\"indexes\":[{\"name\":\"visible_comments_agency_links_fk\",\"columns\":[\"visible_comment_id\"]},{\"name\":\"visible_comments_agency_links_inv_fk\",\"columns\":[\"agency_id\"]},{\"name\":\"visible_comments_agency_links_unique\",\"columns\":[\"visible_comment_id\",\"agency_id\"],\"type\":\"unique\"},{\"name\":\"visible_comments_agency_links_order_inv_fk\",\"columns\":[\"visible_comment_order\"]}],\"foreignKeys\":[{\"name\":\"visible_comments_agency_links_fk\",\"columns\":[\"visible_comment_id\"],\"referencedColumns\":[\"id\"],\"referencedTable\":\"visible_comments\",\"onDelete\":\"CASCADE\"},{\"name\":\"visible_comments_agency_links_inv_fk\",\"columns\":[\"agency_id\"],\"referencedColumns\":[\"id\"],\"referencedTable\":\"agencies\",\"onDelete\":\"CASCADE\"}],\"columns\":[{\"name\":\"id\",\"type\":\"increments\",\"args\":[{\"primary\":true,\"primaryKey\":true}],\"defaultTo\":null,\"notNullable\":true,\"unsigned\":false},{\"name\":\"visible_comment_id\",\"type\":\"integer\",\"args\":[],\"defaultTo\":null,\"notNullable\":false,\"unsigned\":true},{\"name\":\"agency_id\",\"type\":\"integer\",\"args\":[],\"defaultTo\":null,\"notNullable\":false,\"unsigned\":true},{\"name\":\"visible_comment_order\",\"type\":\"integer\",\"args\":[],\"defaultTo\":null,\"notNullable\":false,\"unsigned\":true}]},{\"name\":\"visible_comments_property_links\",\"indexes\":[{\"name\":\"visible_comments_property_links_fk\",\"columns\":[\"visible_comment_id\"]},{\"name\":\"visible_comments_property_links_inv_fk\",\"columns\":[\"property_id\"]},{\"name\":\"visible_comments_property_links_unique\",\"columns\":[\"visible_comment_id\",\"property_id\"],\"type\":\"unique\"},{\"name\":\"visible_comments_property_links_order_inv_fk\",\"columns\":[\"visible_comment_order\"]}],\"foreignKeys\":[{\"name\":\"visible_comments_property_links_fk\",\"columns\":[\"visible_comment_id\"],\"referencedColumns\":[\"id\"],\"referencedTable\":\"visible_comments\",\"onDelete\":\"CASCADE\"},{\"name\":\"visible_comments_property_links_inv_fk\",\"columns\":[\"property_id\"],\"referencedColumns\":[\"id\"],\"referencedTable\":\"properties\",\"onDelete\":\"CASCADE\"}],\"columns\":[{\"name\":\"id\",\"type\":\"increments\",\"args\":[{\"primary\":true,\"primaryKey\":true}],\"defaultTo\":null,\"notNullable\":true,\"unsigned\":false},{\"name\":\"visible_comment_id\",\"type\":\"integer\",\"args\":[],\"defaultTo\":null,\"notNullable\":false,\"unsigned\":true},{\"name\":\"property_id\",\"type\":\"integer\",\"args\":[],\"defaultTo\":null,\"notNullable\":false,\"unsigned\":true},{\"name\":\"visible_comment_order\",\"type\":\"integer\",\"args\":[],\"defaultTo\":null,\"notNullable\":false,\"unsigned\":true}]},{\"name\":\"visible_comments_tier_links\",\"indexes\":[{\"name\":\"visible_comments_tier_links_fk\",\"columns\":[\"visible_comment_id\"]},{\"name\":\"visible_comments_tier_links_inv_fk\",\"columns\":[\"tier_id\"]},{\"name\":\"visible_comments_tier_links_unique\",\"columns\":[\"visible_comment_id\",\"tier_id\"],\"type\":\"unique\"},{\"name\":\"visible_comments_tier_links_order_inv_fk\",\"columns\":[\"visible_comment_order\"]}],\"foreignKeys\":[{\"name\":\"visible_comments_tier_links_fk\",\"columns\":[\"visible_comment_id\"],\"referencedColumns\":[\"id\"],\"referencedTable\":\"visible_comments\",\"onDelete\":\"CASCADE\"},{\"name\":\"visible_comments_tier_links_inv_fk\",\"columns\":[\"tier_id\"],\"referencedColumns\":[\"id\"],\"referencedTable\":\"tiers\",\"onDelete\":\"CASCADE\"}],\"columns\":[{\"name\":\"id\",\"type\":\"increments\",\"args\":[{\"primary\":true,\"primaryKey\":true}],\"defaultTo\":null,\"notNullable\":true,\"unsigned\":false},{\"name\":\"visible_comment_id\",\"type\":\"integer\",\"args\":[],\"defaultTo\":null,\"notNullable\":false,\"unsigned\":true},{\"name\":\"tier_id\",\"type\":\"integer\",\"args\":[],\"defaultTo\":null,\"notNullable\":false,\"unsigned\":true},{\"name\":\"visible_comment_order\",\"type\":\"integer\",\"args\":[],\"defaultTo\":null,\"notNullable\":false,\"unsigned\":true}]},{\"name\":\"visible_comments_individual_links\",\"indexes\":[{\"name\":\"visible_comments_individual_links_fk\",\"columns\":[\"visible_comment_id\"]},{\"name\":\"visible_comments_individual_links_inv_fk\",\"columns\":[\"individual_id\"]},{\"name\":\"visible_comments_individual_links_unique\",\"columns\":[\"visible_comment_id\",\"individual_id\"],\"type\":\"unique\"},{\"name\":\"visible_comments_individual_links_order_inv_fk\",\"columns\":[\"visible_comment_order\"]}],\"foreignKeys\":[{\"name\":\"visible_comments_individual_links_fk\",\"columns\":[\"visible_comment_id\"],\"referencedColumns\":[\"id\"],\"referencedTable\":\"visible_comments\",\"onDelete\":\"CASCADE\"},{\"name\":\"visible_comments_individual_links_inv_fk\",\"columns\":[\"individual_id\"],\"referencedColumns\":[\"id\"],\"referencedTable\":\"individuals\",\"onDelete\":\"CASCADE\"}],\"columns\":[{\"name\":\"id\",\"type\":\"increments\",\"args\":[{\"primary\":true,\"primaryKey\":true}],\"defaultTo\":null,\"notNullable\":true,\"unsigned\":false},{\"name\":\"visible_comment_id\",\"type\":\"integer\",\"args\":[],\"defaultTo\":null,\"notNullable\":false,\"unsigned\":true},{\"name\":\"individual_id\",\"type\":\"integer\",\"args\":[],\"defaultTo\":null,\"notNullable\":false,\"unsigned\":true},{\"name\":\"visible_comment_order\",\"type\":\"integer\",\"args\":[],\"defaultTo\":null,\"notNullable\":false,\"unsigned\":true}]},{\"name\":\"visible_comments_users_permissions_user_links\",\"indexes\":[{\"name\":\"visible_comments_users_permissions_user_links_fk\",\"columns\":[\"visible_comment_id\"]},{\"name\":\"visible_comments_users_permissions_user_links_inv_fk\",\"columns\":[\"user_id\"]},{\"name\":\"visible_comments_users_permissions_user_links_unique\",\"columns\":[\"visible_comment_id\",\"user_id\"],\"type\":\"unique\"}],\"foreignKeys\":[{\"name\":\"visible_comments_users_permissions_user_links_fk\",\"columns\":[\"visible_comment_id\"],\"referencedColumns\":[\"id\"],\"referencedTable\":\"visible_comments\",\"onDelete\":\"CASCADE\"},{\"name\":\"visible_comments_users_permissions_user_links_inv_fk\",\"columns\":[\"user_id\"],\"referencedColumns\":[\"id\"],\"referencedTable\":\"up_users\",\"onDelete\":\"CASCADE\"}],\"columns\":[{\"name\":\"id\",\"type\":\"increments\",\"args\":[{\"primary\":true,\"primaryKey\":true}],\"defaultTo\":null,\"notNullable\":true,\"unsigned\":false},{\"name\":\"visible_comment_id\",\"type\":\"integer\",\"args\":[],\"defaultTo\":null,\"notNullable\":false,\"unsigned\":true},{\"name\":\"user_id\",\"type\":\"integer\",\"args\":[],\"defaultTo\":null,\"notNullable\":false,\"unsigned\":true}]},{\"name\":\"visible_objects_equipment_of_sites_links\",\"indexes\":[{\"name\":\"visible_objects_equipment_of_sites_links_fk\",\"columns\":[\"visible_object_id\"]},{\"name\":\"visible_objects_equipment_of_sites_links_inv_fk\",\"columns\":[\"equipment_of_site_id\"]},{\"name\":\"visible_objects_equipment_of_sites_links_unique\",\"columns\":[\"visible_object_id\",\"equipment_of_site_id\"],\"type\":\"unique\"},{\"name\":\"visible_objects_equipment_of_sites_links_order_fk\",\"columns\":[\"equipment_of_site_order\"]}],\"foreignKeys\":[{\"name\":\"visible_objects_equipment_of_sites_links_fk\",\"columns\":[\"visible_object_id\"],\"referencedColumns\":[\"id\"],\"referencedTable\":\"visible_objects\",\"onDelete\":\"CASCADE\"},{\"name\":\"visible_objects_equipment_of_sites_links_inv_fk\",\"columns\":[\"equipment_of_site_id\"],\"referencedColumns\":[\"id\"],\"referencedTable\":\"equipment_of_sites\",\"onDelete\":\"CASCADE\"}],\"columns\":[{\"name\":\"id\",\"type\":\"increments\",\"args\":[{\"primary\":true,\"primaryKey\":true}],\"defaultTo\":null,\"notNullable\":true,\"unsigned\":false},{\"name\":\"visible_object_id\",\"type\":\"integer\",\"args\":[],\"defaultTo\":null,\"notNullable\":false,\"unsigned\":true},{\"name\":\"equipment_of_site_id\",\"type\":\"integer\",\"args\":[],\"defaultTo\":null,\"notNullable\":false,\"unsigned\":true},{\"name\":\"equipment_of_site_order\",\"type\":\"integer\",\"args\":[],\"defaultTo\":null,\"notNullable\":false,\"unsigned\":true}]},{\"name\":\"visible_objects_fluids_links\",\"indexes\":[{\"name\":\"visible_objects_fluids_links_fk\",\"columns\":[\"visible_object_id\"]},{\"name\":\"visible_objects_fluids_links_inv_fk\",\"columns\":[\"fluid_id\"]},{\"name\":\"visible_objects_fluids_links_unique\",\"columns\":[\"visible_object_id\",\"fluid_id\"],\"type\":\"unique\"},{\"name\":\"visible_objects_fluids_links_order_fk\",\"columns\":[\"fluid_order\"]}],\"foreignKeys\":[{\"name\":\"visible_objects_fluids_links_fk\",\"columns\":[\"visible_object_id\"],\"referencedColumns\":[\"id\"],\"referencedTable\":\"visible_objects\",\"onDelete\":\"CASCADE\"},{\"name\":\"visible_objects_fluids_links_inv_fk\",\"columns\":[\"fluid_id\"],\"referencedColumns\":[\"id\"],\"referencedTable\":\"fluids\",\"onDelete\":\"CASCADE\"}],\"columns\":[{\"name\":\"id\",\"type\":\"increments\",\"args\":[{\"primary\":true,\"primaryKey\":true}],\"defaultTo\":null,\"notNullable\":true,\"unsigned\":false},{\"name\":\"visible_object_id\",\"type\":\"integer\",\"args\":[],\"defaultTo\":null,\"notNullable\":false,\"unsigned\":true},{\"name\":\"fluid_id\",\"type\":\"integer\",\"args\":[],\"defaultTo\":null,\"notNullable\":false,\"unsigned\":true},{\"name\":\"fluid_order\",\"type\":\"integer\",\"args\":[],\"defaultTo\":null,\"notNullable\":false,\"unsigned\":true}]},{\"name\":\"visible_objects_category_links\",\"indexes\":[{\"name\":\"visible_objects_category_links_fk\",\"columns\":[\"visible_object_id\"]},{\"name\":\"visible_objects_category_links_inv_fk\",\"columns\":[\"category_id\"]},{\"name\":\"visible_objects_category_links_unique\",\"columns\":[\"visible_object_id\",\"category_id\"],\"type\":\"unique\"}],\"foreignKeys\":[{\"name\":\"visible_objects_category_links_fk\",\"columns\":[\"visible_object_id\"],\"referencedColumns\":[\"id\"],\"referencedTable\":\"visible_objects\",\"onDelete\":\"CASCADE\"},{\"name\":\"visible_objects_category_links_inv_fk\",\"columns\":[\"category_id\"],\"referencedColumns\":[\"id\"],\"referencedTable\":\"categories\",\"onDelete\":\"CASCADE\"}],\"columns\":[{\"name\":\"id\",\"type\":\"increments\",\"args\":[{\"primary\":true,\"primaryKey\":true}],\"defaultTo\":null,\"notNullable\":true,\"unsigned\":false},{\"name\":\"visible_object_id\",\"type\":\"integer\",\"args\":[],\"defaultTo\":null,\"notNullable\":false,\"unsigned\":true},{\"name\":\"category_id\",\"type\":\"integer\",\"args\":[],\"defaultTo\":null,\"notNullable\":false,\"unsigned\":true}]},{\"name\":\"visible_objects_property_links\",\"indexes\":[{\"name\":\"visible_objects_property_links_fk\",\"columns\":[\"visible_object_id\"]},{\"name\":\"visible_objects_property_links_inv_fk\",\"columns\":[\"property_id\"]},{\"name\":\"visible_objects_property_links_unique\",\"columns\":[\"visible_object_id\",\"property_id\"],\"type\":\"unique\"},{\"name\":\"visible_objects_property_links_order_inv_fk\",\"columns\":[\"visible_object_order\"]}],\"foreignKeys\":[{\"name\":\"visible_objects_property_links_fk\",\"columns\":[\"visible_object_id\"],\"referencedColumns\":[\"id\"],\"referencedTable\":\"visible_objects\",\"onDelete\":\"CASCADE\"},{\"name\":\"visible_objects_property_links_inv_fk\",\"columns\":[\"property_id\"],\"referencedColumns\":[\"id\"],\"referencedTable\":\"properties\",\"onDelete\":\"CASCADE\"}],\"columns\":[{\"name\":\"id\",\"type\":\"increments\",\"args\":[{\"primary\":true,\"primaryKey\":true}],\"defaultTo\":null,\"notNullable\":true,\"unsigned\":false},{\"name\":\"visible_object_id\",\"type\":\"integer\",\"args\":[],\"defaultTo\":null,\"notNullable\":false,\"unsigned\":true},{\"name\":\"property_id\",\"type\":\"integer\",\"args\":[],\"defaultTo\":null,\"notNullable\":false,\"unsigned\":true},{\"name\":\"visible_object_order\",\"type\":\"integer\",\"args\":[],\"defaultTo\":null,\"notNullable\":false,\"unsigned\":true}]}]}','2024-04-12 09:43:10','5a2c58519ba747ed3eb61f38864e3ef6');
/*!40000 ALTER TABLE `strapi_database_schema` ENABLE KEYS */;
UNLOCK TABLES;

--
-- Table structure for table `strapi_migrations`
--

DROP TABLE IF EXISTS `strapi_migrations`;
/*!40101 SET @saved_cs_client     = @@character_set_client */;
/*!50503 SET character_set_client = utf8mb4 */;
CREATE TABLE `strapi_migrations` (
  `id` int(10) unsigned NOT NULL AUTO_INCREMENT,
  `name` varchar(255) DEFAULT NULL,
  `time` datetime DEFAULT NULL,
  PRIMARY KEY (`id`)
) ENGINE=InnoDB DEFAULT CHARSET=utf8mb3 COLLATE=utf8mb3_general_ci;
/*!40101 SET character_set_client = @saved_cs_client */;

--
-- Dumping data for table `strapi_migrations`
--

LOCK TABLES `strapi_migrations` WRITE;
/*!40000 ALTER TABLE `strapi_migrations` DISABLE KEYS */;
/*!40000 ALTER TABLE `strapi_migrations` ENABLE KEYS */;
UNLOCK TABLES;

--
-- Table structure for table `strapi_webhooks`
--

DROP TABLE IF EXISTS `strapi_webhooks`;
/*!40101 SET @saved_cs_client     = @@character_set_client */;
/*!50503 SET character_set_client = utf8mb4 */;
CREATE TABLE `strapi_webhooks` (
  `id` int(10) unsigned NOT NULL AUTO_INCREMENT,
  `name` varchar(255) DEFAULT NULL,
  `url` longtext DEFAULT NULL,
  `headers` longtext CHARACTER SET utf8mb4 COLLATE utf8mb4_bin DEFAULT NULL CHECK (json_valid(`headers`)),
  `events` longtext CHARACTER SET utf8mb4 COLLATE utf8mb4_bin DEFAULT NULL CHECK (json_valid(`events`)),
  `enabled` tinyint(1) DEFAULT NULL,
  PRIMARY KEY (`id`)
) ENGINE=InnoDB DEFAULT CHARSET=utf8mb3 COLLATE=utf8mb3_general_ci;
/*!40101 SET character_set_client = @saved_cs_client */;

--
-- Dumping data for table `strapi_webhooks`
--

LOCK TABLES `strapi_webhooks` WRITE;
/*!40000 ALTER TABLE `strapi_webhooks` DISABLE KEYS */;
/*!40000 ALTER TABLE `strapi_webhooks` ENABLE KEYS */;
UNLOCK TABLES;

--
-- Temporary view structure for view `ticket_a_traiter`
--

DROP TABLE IF EXISTS `ticket_a_traiter`;
/*!50001 DROP VIEW IF EXISTS `ticket_a_traiter`*/;
SET @saved_cs_client     = @@character_set_client;
/*!50503 SET character_set_client = utf8mb4 */;
/*!50001 CREATE VIEW `ticket_a_traiter` AS SELECT 
 1 AS `date_begin_process_ticket_id`,
 1 AS `date_begin_process_created_at`*/;
SET character_set_client = @saved_cs_client;

--
-- Table structure for table `ticket_logs`
--

DROP TABLE IF EXISTS `ticket_logs`;
/*!40101 SET @saved_cs_client     = @@character_set_client */;
/*!50503 SET character_set_client = utf8mb4 */;
CREATE TABLE `ticket_logs` (
  `id` int(10) unsigned NOT NULL AUTO_INCREMENT,
  `created_at` datetime(6) DEFAULT NULL,
  `updated_at` datetime(6) DEFAULT NULL,
  `created_by_id` int(10) unsigned DEFAULT NULL,
  `updated_by_id` int(10) unsigned DEFAULT NULL,
  `action` varchar(255) DEFAULT NULL,
  PRIMARY KEY (`id`),
  KEY `ticket_logs_created_by_id_fk` (`created_by_id`),
  KEY `ticket_logs_updated_by_id_fk` (`updated_by_id`),
  CONSTRAINT `ticket_logs_created_by_id_fk` FOREIGN KEY (`created_by_id`) REFERENCES `admin_users` (`id`) ON DELETE SET NULL,
  CONSTRAINT `ticket_logs_updated_by_id_fk` FOREIGN KEY (`updated_by_id`) REFERENCES `admin_users` (`id`) ON DELETE SET NULL
) ENGINE=InnoDB AUTO_INCREMENT=73 DEFAULT CHARSET=utf8mb3 COLLATE=utf8mb3_general_ci;
/*!40101 SET character_set_client = @saved_cs_client */;

--
-- Dumping data for table `ticket_logs`
--

LOCK TABLES `ticket_logs` WRITE;
/*!40000 ALTER TABLE `ticket_logs` DISABLE KEYS */;
INSERT INTO `ticket_logs` VALUES (45,'2024-05-08 08:21:08.941000','2024-05-08 08:21:08.941000',NULL,NULL,'add'),(46,'2024-05-08 08:21:14.601000','2024-05-08 08:21:14.601000',NULL,NULL,'add'),(47,'2024-05-08 08:21:17.005000','2024-05-08 08:21:17.005000',NULL,NULL,'add'),(48,'2024-05-08 09:00:12.292000','2024-05-08 09:00:12.292000',NULL,NULL,'add'),(49,'2024-05-09 19:53:54.719000','2024-05-09 19:53:54.719000',NULL,NULL,'add'),(50,'2024-05-10 08:06:38.008000','2024-05-10 08:06:38.008000',NULL,NULL,'add'),(51,'2024-05-10 08:13:15.296000','2024-05-10 08:13:15.296000',NULL,NULL,'add'),(52,'2024-05-10 12:16:57.673000','2024-05-10 12:16:57.673000',NULL,NULL,'add'),(53,'2024-05-15 15:08:37.152000','2024-05-15 15:08:37.152000',NULL,NULL,'add'),(54,'2024-05-17 09:58:08.539000','2024-05-17 09:58:08.539000',NULL,NULL,'add'),(55,'2024-05-17 10:12:03.061000','2024-05-17 10:12:03.061000',NULL,NULL,'add'),(56,'2024-05-17 10:17:19.729000','2024-05-17 10:17:19.729000',NULL,NULL,'add'),(57,'2024-05-17 12:09:13.831000','2024-05-17 12:09:13.831000',NULL,NULL,'add'),(58,'2024-05-19 09:06:28.987000','2024-05-19 09:06:28.987000',NULL,NULL,'add'),(59,'2024-05-19 09:07:16.189000','2024-05-19 09:07:16.189000',NULL,NULL,'add'),(60,'2024-05-21 13:41:58.394000','2024-05-21 13:41:58.394000',NULL,NULL,'add'),(61,'2024-05-21 13:46:49.125000','2024-05-21 13:46:49.125000',NULL,NULL,'add'),(62,'2024-05-27 07:28:42.663000','2024-05-27 07:28:42.663000',NULL,NULL,'add'),(63,'2024-05-31 12:01:28.693000','2024-05-31 12:01:28.693000',NULL,NULL,'add'),(64,'2024-06-03 06:30:43.495000','2024-06-03 06:30:43.495000',NULL,NULL,'add'),(65,'2024-06-06 08:48:38.300000','2024-06-06 08:48:38.300000',NULL,NULL,'add'),(66,'2024-06-07 10:18:57.279000','2024-06-07 10:18:57.279000',NULL,NULL,'add'),(67,'2024-06-07 20:27:26.616000','2024-06-07 20:27:26.616000',NULL,NULL,'add'),(68,'2024-06-10 14:07:23.391000','2024-06-10 14:07:23.391000',NULL,NULL,'add'),(69,'2024-06-20 07:32:12.589000','2024-06-20 07:32:12.589000',NULL,NULL,'add'),(70,'2024-06-21 11:43:13.832000','2024-06-21 11:43:13.832000',NULL,NULL,'add'),(71,'2024-06-21 11:56:49.797000','2024-06-21 11:56:49.797000',NULL,NULL,'add'),(72,'2024-06-21 11:59:18.888000','2024-06-21 11:59:18.888000',NULL,NULL,'add');
/*!40000 ALTER TABLE `ticket_logs` ENABLE KEYS */;
UNLOCK TABLES;

--
-- Table structure for table `ticket_logs_gestionnaires_links`
--

DROP TABLE IF EXISTS `ticket_logs_gestionnaires_links`;
/*!40101 SET @saved_cs_client     = @@character_set_client */;
/*!50503 SET character_set_client = utf8mb4 */;
CREATE TABLE `ticket_logs_gestionnaires_links` (
  `id` int(10) unsigned NOT NULL AUTO_INCREMENT,
  `ticket_log_id` int(10) unsigned DEFAULT NULL,
  `user_id` int(10) unsigned DEFAULT NULL,
  `user_order` int(10) unsigned DEFAULT NULL,
  PRIMARY KEY (`id`),
  UNIQUE KEY `ticket_logs_gestionnaires_links_unique` (`ticket_log_id`,`user_id`),
  KEY `ticket_logs_gestionnaires_links_fk` (`ticket_log_id`),
  KEY `ticket_logs_gestionnaires_links_inv_fk` (`user_id`),
  KEY `ticket_logs_gestionnaires_links_order_fk` (`user_order`),
  CONSTRAINT `ticket_logs_gestionnaires_links_fk` FOREIGN KEY (`ticket_log_id`) REFERENCES `ticket_logs` (`id`) ON DELETE CASCADE,
  CONSTRAINT `ticket_logs_gestionnaires_links_inv_fk` FOREIGN KEY (`user_id`) REFERENCES `up_users` (`id`) ON DELETE CASCADE
) ENGINE=InnoDB AUTO_INCREMENT=49 DEFAULT CHARSET=utf8mb3 COLLATE=utf8mb3_general_ci;
/*!40101 SET character_set_client = @saved_cs_client */;

--
-- Dumping data for table `ticket_logs_gestionnaires_links`
--

LOCK TABLES `ticket_logs_gestionnaires_links` WRITE;
/*!40000 ALTER TABLE `ticket_logs_gestionnaires_links` DISABLE KEYS */;
INSERT INTO `ticket_logs_gestionnaires_links` VALUES (24,45,72,1),(25,46,72,1),(26,47,72,1),(27,48,72,1),(28,49,75,1),(29,51,72,1),(30,52,72,1),(31,53,72,1),(32,53,79,2),(33,54,79,1),(34,55,79,1),(35,59,75,1),(36,60,79,1),(37,61,79,1),(38,62,79,1),(39,63,79,1),(40,64,79,1),(41,65,79,1),(42,66,79,1),(43,67,72,1),(44,68,79,1),(45,68,72,2),(46,69,72,1),(47,70,72,1),(48,72,75,1);
/*!40000 ALTER TABLE `ticket_logs_gestionnaires_links` ENABLE KEYS */;
UNLOCK TABLES;

--
-- Table structure for table `ticket_logs_individuals_links`
--

DROP TABLE IF EXISTS `ticket_logs_individuals_links`;
/*!40101 SET @saved_cs_client     = @@character_set_client */;
/*!50503 SET character_set_client = utf8mb4 */;
CREATE TABLE `ticket_logs_individuals_links` (
  `id` int(10) unsigned NOT NULL AUTO_INCREMENT,
  `ticket_log_id` int(10) unsigned DEFAULT NULL,
  `individual_id` int(10) unsigned DEFAULT NULL,
  `individual_order` int(10) unsigned DEFAULT NULL,
  PRIMARY KEY (`id`),
  UNIQUE KEY `ticket_logs_individuals_links_unique` (`ticket_log_id`,`individual_id`),
  KEY `ticket_logs_individuals_links_fk` (`ticket_log_id`),
  KEY `ticket_logs_individuals_links_inv_fk` (`individual_id`),
  KEY `ticket_logs_individuals_links_order_fk` (`individual_order`),
  CONSTRAINT `ticket_logs_individuals_links_fk` FOREIGN KEY (`ticket_log_id`) REFERENCES `ticket_logs` (`id`) ON DELETE CASCADE,
  CONSTRAINT `ticket_logs_individuals_links_inv_fk` FOREIGN KEY (`individual_id`) REFERENCES `individuals` (`id`) ON DELETE CASCADE
) ENGINE=InnoDB AUTO_INCREMENT=17 DEFAULT CHARSET=utf8mb3 COLLATE=utf8mb3_general_ci;
/*!40101 SET character_set_client = @saved_cs_client */;

--
-- Dumping data for table `ticket_logs_individuals_links`
--

LOCK TABLES `ticket_logs_individuals_links` WRITE;
/*!40000 ALTER TABLE `ticket_logs_individuals_links` DISABLE KEYS */;
INSERT INTO `ticket_logs_individuals_links` VALUES (12,50,36,1),(13,56,36,1),(14,57,36,1),(15,58,36,1),(16,71,36,1);
/*!40000 ALTER TABLE `ticket_logs_individuals_links` ENABLE KEYS */;
UNLOCK TABLES;

--
-- Table structure for table `ticket_logs_log_created_by_links`
--

DROP TABLE IF EXISTS `ticket_logs_log_created_by_links`;
/*!40101 SET @saved_cs_client     = @@character_set_client */;
/*!50503 SET character_set_client = utf8mb4 */;
CREATE TABLE `ticket_logs_log_created_by_links` (
  `id` int(10) unsigned NOT NULL AUTO_INCREMENT,
  `ticket_log_id` int(10) unsigned DEFAULT NULL,
  `user_id` int(10) unsigned DEFAULT NULL,
  PRIMARY KEY (`id`),
  UNIQUE KEY `ticket_logs_log_created_by_links_unique` (`ticket_log_id`,`user_id`),
  KEY `ticket_logs_log_created_by_links_fk` (`ticket_log_id`),
  KEY `ticket_logs_log_created_by_links_inv_fk` (`user_id`),
  CONSTRAINT `ticket_logs_log_created_by_links_fk` FOREIGN KEY (`ticket_log_id`) REFERENCES `ticket_logs` (`id`) ON DELETE CASCADE,
  CONSTRAINT `ticket_logs_log_created_by_links_inv_fk` FOREIGN KEY (`user_id`) REFERENCES `up_users` (`id`) ON DELETE CASCADE
) ENGINE=InnoDB AUTO_INCREMENT=73 DEFAULT CHARSET=utf8mb3 COLLATE=utf8mb3_general_ci;
/*!40101 SET character_set_client = @saved_cs_client */;

--
-- Dumping data for table `ticket_logs_log_created_by_links`
--

LOCK TABLES `ticket_logs_log_created_by_links` WRITE;
/*!40000 ALTER TABLE `ticket_logs_log_created_by_links` DISABLE KEYS */;
INSERT INTO `ticket_logs_log_created_by_links` VALUES (45,45,1),(46,46,1),(47,47,1),(48,48,1),(49,49,1),(50,50,1),(51,51,1),(52,52,1),(53,53,1),(54,54,1),(55,55,1),(56,56,1),(57,57,1),(58,58,1),(59,59,1),(60,60,1),(61,61,1),(62,62,1),(63,63,1),(64,64,1),(65,65,1),(66,66,1),(67,67,1),(68,68,1),(69,69,1),(70,70,78),(71,71,73),(72,72,73);
/*!40000 ALTER TABLE `ticket_logs_log_created_by_links` ENABLE KEYS */;
UNLOCK TABLES;

--
-- Table structure for table `ticket_logs_ticket_links`
--

DROP TABLE IF EXISTS `ticket_logs_ticket_links`;
/*!40101 SET @saved_cs_client     = @@character_set_client */;
/*!50503 SET character_set_client = utf8mb4 */;
CREATE TABLE `ticket_logs_ticket_links` (
  `id` int(10) unsigned NOT NULL AUTO_INCREMENT,
  `ticket_log_id` int(10) unsigned DEFAULT NULL,
  `ticket_id` int(10) unsigned DEFAULT NULL,
  `ticket_log_order` int(10) unsigned DEFAULT NULL,
  PRIMARY KEY (`id`),
  UNIQUE KEY `ticket_logs_ticket_links_unique` (`ticket_log_id`,`ticket_id`),
  KEY `ticket_logs_ticket_links_fk` (`ticket_log_id`),
  KEY `ticket_logs_ticket_links_inv_fk` (`ticket_id`),
  KEY `ticket_logs_ticket_links_order_inv_fk` (`ticket_log_order`),
  CONSTRAINT `ticket_logs_ticket_links_fk` FOREIGN KEY (`ticket_log_id`) REFERENCES `ticket_logs` (`id`) ON DELETE CASCADE,
  CONSTRAINT `ticket_logs_ticket_links_inv_fk` FOREIGN KEY (`ticket_id`) REFERENCES `tickets` (`id`) ON DELETE CASCADE
) ENGINE=InnoDB AUTO_INCREMENT=73 DEFAULT CHARSET=utf8mb3 COLLATE=utf8mb3_general_ci;
/*!40101 SET character_set_client = @saved_cs_client */;

--
-- Dumping data for table `ticket_logs_ticket_links`
--

LOCK TABLES `ticket_logs_ticket_links` WRITE;
/*!40000 ALTER TABLE `ticket_logs_ticket_links` DISABLE KEYS */;
INSERT INTO `ticket_logs_ticket_links` VALUES (67,67,208,1),(68,68,210,1),(69,69,224,1),(70,70,223,1),(71,71,224,2),(72,72,225,1);
/*!40000 ALTER TABLE `ticket_logs_ticket_links` ENABLE KEYS */;
UNLOCK TABLES;

--
-- Table structure for table `ticket_logs_tiers_links`
--

DROP TABLE IF EXISTS `ticket_logs_tiers_links`;
/*!40101 SET @saved_cs_client     = @@character_set_client */;
/*!50503 SET character_set_client = utf8mb4 */;
CREATE TABLE `ticket_logs_tiers_links` (
  `id` int(10) unsigned NOT NULL AUTO_INCREMENT,
  `ticket_log_id` int(10) unsigned DEFAULT NULL,
  `tier_id` int(10) unsigned DEFAULT NULL,
  `tier_order` int(10) unsigned DEFAULT NULL,
  PRIMARY KEY (`id`),
  UNIQUE KEY `ticket_logs_tiers_links_unique` (`ticket_log_id`,`tier_id`),
  KEY `ticket_logs_tiers_links_fk` (`ticket_log_id`),
  KEY `ticket_logs_tiers_links_inv_fk` (`tier_id`),
  KEY `ticket_logs_tiers_links_order_fk` (`tier_order`),
  CONSTRAINT `ticket_logs_tiers_links_fk` FOREIGN KEY (`ticket_log_id`) REFERENCES `ticket_logs` (`id`) ON DELETE CASCADE,
  CONSTRAINT `ticket_logs_tiers_links_inv_fk` FOREIGN KEY (`tier_id`) REFERENCES `tiers` (`id`) ON DELETE CASCADE
) ENGINE=InnoDB AUTO_INCREMENT=15 DEFAULT CHARSET=utf8mb3 COLLATE=utf8mb3_general_ci;
/*!40101 SET character_set_client = @saved_cs_client */;

--
-- Dumping data for table `ticket_logs_tiers_links`
--

LOCK TABLES `ticket_logs_tiers_links` WRITE;
/*!40000 ALTER TABLE `ticket_logs_tiers_links` DISABLE KEYS */;
/*!40000 ALTER TABLE `ticket_logs_tiers_links` ENABLE KEYS */;
UNLOCK TABLES;

--
-- Table structure for table `ticket_replies`
--

DROP TABLE IF EXISTS `ticket_replies`;
/*!40101 SET @saved_cs_client     = @@character_set_client */;
/*!50503 SET character_set_client = utf8mb4 */;
CREATE TABLE `ticket_replies` (
  `id` int(10) unsigned NOT NULL AUTO_INCREMENT,
  `answer` longtext DEFAULT NULL,
  `created_at` datetime(6) DEFAULT NULL,
  `updated_at` datetime(6) DEFAULT NULL,
  `published_at` datetime(6) DEFAULT NULL,
  `created_by_id` int(10) unsigned DEFAULT NULL,
  `updated_by_id` int(10) unsigned DEFAULT NULL,
  `last_answer` longtext DEFAULT NULL,
  `answer_checked` tinyint(1) DEFAULT NULL,
  PRIMARY KEY (`id`),
  KEY `ticket_replies_created_by_id_fk` (`created_by_id`),
  KEY `ticket_replies_updated_by_id_fk` (`updated_by_id`),
  CONSTRAINT `ticket_replies_created_by_id_fk` FOREIGN KEY (`created_by_id`) REFERENCES `admin_users` (`id`) ON DELETE SET NULL,
  CONSTRAINT `ticket_replies_updated_by_id_fk` FOREIGN KEY (`updated_by_id`) REFERENCES `admin_users` (`id`) ON DELETE SET NULL
) ENGINE=InnoDB AUTO_INCREMENT=59 DEFAULT CHARSET=utf8mb3 COLLATE=utf8mb3_general_ci;
/*!40101 SET character_set_client = @saved_cs_client */;

--
-- Dumping data for table `ticket_replies`
--

LOCK TABLES `ticket_replies` WRITE;
/*!40000 ALTER TABLE `ticket_replies` DISABLE KEYS */;
INSERT INTO `ticket_replies` VALUES (18,'fuck you','2024-05-08 08:25:53.066000','2024-05-13 14:23:41.975000','2024-05-08 08:25:53.063000',NULL,NULL,NULL,1),(19,'je veux une nouvelle moto','2024-05-08 09:07:49.496000','2024-05-08 09:07:49.496000','2024-05-08 09:07:49.438000',NULL,NULL,NULL,0),(20,'unb toit ouvrant','2024-05-08 09:28:55.299000','2024-05-08 09:28:55.299000','2024-05-08 09:28:55.297000',NULL,NULL,NULL,0),(21,'gg','2024-05-08 09:38:09.469000','2024-05-08 09:43:42.621000','2024-05-08 09:38:09.465000',NULL,NULL,NULL,1),(22,'Test','2024-05-09 19:55:03.907000','2024-05-09 19:55:03.907000','2024-05-09 19:55:03.901000',NULL,NULL,NULL,1),(23,'test réponse\n','2024-05-10 08:31:28.005000','2024-05-10 08:35:52.630000','2024-05-10 08:31:28.000000',NULL,NULL,NULL,1),(24,'Merci, je déclare à l\'assurance','2024-05-10 09:48:35.500000','2024-05-10 12:26:24.387000','2024-05-10 09:48:35.497000',NULL,NULL,NULL,1),(25,'TEST 1','2024-05-13 14:24:44.120000','2024-05-13 14:35:27.075000','2024-05-13 14:24:44.116000',NULL,NULL,NULL,1),(26,NULL,'2024-05-15 07:59:17.804000','2024-05-15 07:59:17.804000','2024-05-15 07:59:17.800000',NULL,NULL,'rgaergear aergaerg',1),(27,'Bonjour la demande est traitée et résolue','2024-05-21 13:43:09.209000','2024-05-21 13:43:45.887000','2024-05-21 13:43:09.202000',NULL,NULL,NULL,1),(28,'L\'entreprise est intervenue','2024-05-21 13:49:03.876000','2024-05-21 13:49:45.070000','2024-05-21 13:49:03.872000',NULL,NULL,NULL,1),(29,'Merci pour l\'information','2024-06-03 06:35:52.513000','2024-06-03 06:36:34.666000','2024-06-03 06:35:52.508000',NULL,NULL,NULL,1),(30,NULL,'2024-06-03 06:43:44.824000','2024-06-03 06:43:44.824000','2024-06-03 06:43:44.815000',NULL,NULL,'Merci pour l\'information',1),(31,'re test','2024-06-03 06:45:28.877000','2024-06-03 06:45:38.886000','2024-06-03 06:45:28.872000',NULL,NULL,NULL,1),(32,NULL,'2024-06-03 08:33:38.395000','2024-06-03 08:33:38.395000','2024-06-03 08:33:38.390000',NULL,NULL,'REPONSE ANA ',1),(33,NULL,'2024-06-06 09:28:36.050000','2024-06-06 09:28:36.050000','2024-06-06 09:28:36.043000',NULL,NULL,'Merci pour ce test !!!',1),(34,NULL,'2024-06-06 09:36:15.071000','2024-06-06 09:36:15.071000','2024-06-06 09:36:15.064000',NULL,NULL,'Merci vous avez reçu la cloture?',1),(35,'Bonjour, Voici ma réponse de gestionnaire','2024-06-06 16:36:03.489000','2024-06-06 16:36:03.489000','2024-06-06 16:36:03.484000',NULL,NULL,NULL,0),(36,'Bonjour, Nous accusons réception de votre signalement. Nous vous conseillons de contacter la police. Nous consignons votre signalement dans un dossier.\nBien à vous ','2024-06-07 20:32:25.362000','2024-06-07 20:34:35.687000','2024-06-07 20:32:25.355000',NULL,NULL,NULL,1),(37,'Merci pour vos commentaires','2024-06-10 17:09:26.742000','2024-06-10 17:09:26.742000','2024-06-10 17:09:26.735000',NULL,NULL,NULL,0),(38,NULL,'2024-06-11 13:27:02.121000','2024-06-11 13:27:02.121000','2024-06-11 13:27:02.114000',NULL,NULL,'Merci pour le test !\n\nA vos reco pour les copros --> Bureaux, habitations, commerces, entreprises, proposez ASTRALLYS !',1),(39,NULL,'2024-06-11 13:27:20.480000','2024-06-11 13:27:20.480000','2024-06-11 13:27:20.473000',NULL,NULL,'Merci pour le test !\n\nA vos reco pour les copros --> Bureaux, habitations, commerces, entreprises, proposez ASTRALLYS !',1),(40,NULL,'2024-06-11 13:27:28.254000','2024-06-11 13:27:28.254000','2024-06-11 13:27:28.247000',NULL,NULL,'Merci pour le test !\n\nA vos reco pour les copros --> Bureaux, habitations, commerces, entreprises, proposez ASTRALLYS !',1),(41,NULL,'2024-06-11 13:27:37.122000','2024-06-11 13:27:37.122000','2024-06-11 13:27:37.117000',NULL,NULL,'Merci pour le test !\n\nA vos reco pour les copros --> Bureaux, habitations, commerces, entreprises, proposez ASTRALLYS !',1),(42,NULL,'2024-06-11 13:27:49.993000','2024-06-11 13:27:49.993000','2024-06-11 13:27:49.989000',NULL,NULL,'Merci pour le test !\n\nA vos reco pour les copros --> Bureaux, habitations, commerces, entreprises, proposez ASTRALLYS !',1),(43,NULL,'2024-06-11 13:28:04.504000','2024-06-11 13:28:04.504000','2024-06-11 13:28:04.500000',NULL,NULL,'Merci pour le test !\n\nA vos reco pour les copros --> Bureaux, habitations, commerces, entreprises, proposez ASTRALLYS !',1),(44,NULL,'2024-06-11 13:28:12.476000','2024-06-11 13:28:12.476000','2024-06-11 13:28:12.469000',NULL,NULL,'Merci pour le test !\n\nA vos reco pour les copros --> Bureaux, habitations, commerces, entreprises, proposez ASTRALLYS !',1),(45,NULL,'2024-06-11 13:28:18.216000','2024-06-11 13:28:18.216000','2024-06-11 13:28:18.211000',NULL,NULL,'Merci pour le test !\n\nA vos reco pour les copros --> Bureaux, habitations, commerces, entreprises, proposez ASTRALLYS !',1),(46,NULL,'2024-06-11 13:28:25.275000','2024-06-11 13:28:25.275000','2024-06-11 13:28:25.267000',NULL,NULL,'Merci pour le test !\n\nA vos reco pour les copros --> Bureaux, habitations, commerces, entreprises, proposez ASTRALLYS !',1),(47,NULL,'2024-06-21 11:57:17.171000','2024-06-21 11:57:17.171000','2024-06-21 11:57:17.167000',NULL,NULL,'Ceci est une réponse',1),(48,'Ceci est une réponse','2024-06-21 12:03:45.667000','2024-06-21 12:04:05.168000','2024-06-21 12:03:45.657000',NULL,NULL,NULL,1),(49,NULL,'2024-07-02 11:43:16.480000','2024-07-02 11:43:16.480000','2024-07-02 11:43:16.475000',NULL,NULL,'Merci Jérémy pour le contact ! ',1),(50,NULL,'2024-07-02 11:43:35.453000','2024-07-02 11:43:35.453000','2024-07-02 11:43:35.448000',NULL,NULL,'Merci pour l\'aide !',1),(51,NULL,'2024-07-02 11:43:46.329000','2024-07-02 11:43:46.329000','2024-07-02 11:43:46.325000',NULL,NULL,'Merci pour l\'aide !',1),(52,NULL,'2024-07-02 11:43:58.835000','2024-07-02 11:43:58.835000','2024-07-02 11:43:58.831000',NULL,NULL,'Merci pour l\'aide !',1),(53,NULL,'2024-07-02 11:44:12.259000','2024-07-02 11:44:12.259000','2024-07-02 11:44:12.255000',NULL,NULL,'Merci pour l\'aide !',1),(54,NULL,'2024-07-02 11:44:21.471000','2024-07-02 11:44:21.471000','2024-07-02 11:44:21.466000',NULL,NULL,'Merci pour l\'aide !',1),(55,NULL,'2024-07-02 11:44:33.254000','2024-07-02 11:44:33.254000','2024-07-02 11:44:33.248000',NULL,NULL,'Merci pour l\'aide !',1),(56,NULL,'2024-07-02 11:44:43.720000','2024-07-02 11:44:43.720000','2024-07-02 11:44:43.714000',NULL,NULL,'Merci pour l\'aide !',1),(57,NULL,'2024-07-02 11:44:52.061000','2024-07-02 11:44:52.061000','2024-07-02 11:44:52.051000',NULL,NULL,'Merci pour l\'aide !',1),(58,NULL,'2024-07-02 11:45:04.306000','2024-07-02 11:45:04.306000','2024-07-02 11:45:04.303000',NULL,NULL,'Merci pour l\'aide !',1);
/*!40000 ALTER TABLE `ticket_replies` ENABLE KEYS */;
UNLOCK TABLES;

--
-- Table structure for table `ticket_replies_users_permissions_user_links`
--

DROP TABLE IF EXISTS `ticket_replies_users_permissions_user_links`;
/*!40101 SET @saved_cs_client     = @@character_set_client */;
/*!50503 SET character_set_client = utf8mb4 */;
CREATE TABLE `ticket_replies_users_permissions_user_links` (
  `id` int(10) unsigned NOT NULL AUTO_INCREMENT,
  `ticket_reply_id` int(10) unsigned DEFAULT NULL,
  `user_id` int(10) unsigned DEFAULT NULL,
  PRIMARY KEY (`id`),
  UNIQUE KEY `ticket_replies_users_permissions_user_links_unique` (`ticket_reply_id`,`user_id`),
  KEY `ticket_replies_users_permissions_user_links_fk` (`ticket_reply_id`),
  KEY `ticket_replies_users_permissions_user_links_inv_fk` (`user_id`),
  CONSTRAINT `ticket_replies_users_permissions_user_links_fk` FOREIGN KEY (`ticket_reply_id`) REFERENCES `ticket_replies` (`id`) ON DELETE CASCADE,
  CONSTRAINT `ticket_replies_users_permissions_user_links_inv_fk` FOREIGN KEY (`user_id`) REFERENCES `up_users` (`id`) ON DELETE CASCADE
) ENGINE=InnoDB AUTO_INCREMENT=59 DEFAULT CHARSET=utf8mb3 COLLATE=utf8mb3_general_ci;
/*!40101 SET character_set_client = @saved_cs_client */;

--
-- Dumping data for table `ticket_replies_users_permissions_user_links`
--

LOCK TABLES `ticket_replies_users_permissions_user_links` WRITE;
/*!40000 ALTER TABLE `ticket_replies_users_permissions_user_links` DISABLE KEYS */;
INSERT INTO `ticket_replies_users_permissions_user_links` VALUES (18,18,71),(19,19,72),(20,20,75),(21,21,75),(22,22,1),(23,23,1),(24,24,72),(25,25,1),(26,26,1),(27,27,79),(28,28,79),(29,29,79),(30,30,1),(31,31,79),(32,32,1),(33,33,1),(34,34,1),(35,35,79),(36,36,72),(37,37,72),(38,38,1),(39,39,1),(40,40,1),(41,41,1),(42,42,1),(43,43,1),(44,44,1),(45,45,1),(46,46,1),(47,47,73),(48,48,75),(49,49,1),(50,50,1),(51,51,1),(52,52,1),(53,53,1),(54,54,1),(55,55,1),(56,56,1),(57,57,1),(58,58,1);
/*!40000 ALTER TABLE `ticket_replies_users_permissions_user_links` ENABLE KEYS */;
UNLOCK TABLES;

--
-- Table structure for table `ticket_states`
--

DROP TABLE IF EXISTS `ticket_states`;
/*!40101 SET @saved_cs_client     = @@character_set_client */;
/*!50503 SET character_set_client = utf8mb4 */;
CREATE TABLE `ticket_states` (
  `id` int(10) unsigned NOT NULL AUTO_INCREMENT,
  `role` varchar(255) DEFAULT NULL,
  `created_at` datetime(6) DEFAULT NULL,
  `updated_at` datetime(6) DEFAULT NULL,
  `created_by_id` int(10) unsigned DEFAULT NULL,
  `updated_by_id` int(10) unsigned DEFAULT NULL,
  PRIMARY KEY (`id`),
  KEY `ticket_states_created_by_id_fk` (`created_by_id`),
  KEY `ticket_states_updated_by_id_fk` (`updated_by_id`),
  CONSTRAINT `ticket_states_created_by_id_fk` FOREIGN KEY (`created_by_id`) REFERENCES `admin_users` (`id`) ON DELETE SET NULL,
  CONSTRAINT `ticket_states_updated_by_id_fk` FOREIGN KEY (`updated_by_id`) REFERENCES `admin_users` (`id`) ON DELETE SET NULL
) ENGINE=InnoDB AUTO_INCREMENT=707 DEFAULT CHARSET=utf8mb3 COLLATE=utf8mb3_general_ci;
/*!40101 SET character_set_client = @saved_cs_client */;

--
-- Dumping data for table `ticket_states`
--

LOCK TABLES `ticket_states` WRITE;
/*!40000 ALTER TABLE `ticket_states` DISABLE KEYS */;
INSERT INTO `ticket_states` VALUES (398,'Astrallys','2024-05-03 17:59:48.122000','2024-05-03 17:59:48.122000',NULL,NULL),(399,'Astrallys','2024-05-03 18:10:16.936000','2024-05-03 18:10:16.936000',NULL,NULL),(400,'Astrallys','2024-05-03 18:17:02.994000','2024-05-03 18:17:02.994000',NULL,NULL),(401,'Gestionnaire','2024-05-03 18:17:02.997000','2024-05-03 18:17:02.997000',NULL,NULL),(402,'All','2024-05-03 18:18:31.418000','2024-05-03 18:18:31.418000',NULL,NULL),(403,'Astrallys','2024-05-03 18:22:45.891000','2024-05-03 18:22:45.891000',NULL,NULL),(404,'Astrallys','2024-05-03 18:40:57.103000','2024-05-03 18:40:57.103000',NULL,NULL),(407,'All','2024-05-03 18:53:12.493000','2024-05-03 18:53:12.493000',NULL,NULL),(408,'Astrallys','2024-05-08 05:53:05.828000','2024-05-08 05:53:05.828000',NULL,NULL),(409,'Astrallys','2024-05-08 07:05:15.019000','2024-05-08 07:05:15.019000',NULL,NULL),(410,'Astrallys','2024-05-08 07:07:13.209000','2024-05-08 07:07:13.209000',NULL,NULL),(411,'Astrallys','2024-05-08 08:20:02.822000','2024-05-08 08:20:02.822000',NULL,NULL),(412,'Astrallys','2024-05-08 08:21:13.130000','2024-05-08 08:21:13.130000',NULL,NULL),(413,'Gestionnaire','2024-05-08 08:21:13.133000','2024-05-08 08:21:13.133000',NULL,NULL),(414,'Astrallys','2024-05-08 08:21:19.611000','2024-05-08 08:21:19.611000',NULL,NULL),(415,'Gestionnaire','2024-05-08 08:21:19.613000','2024-05-08 08:21:19.613000',NULL,NULL),(416,'Gestionnaire','2024-05-08 08:21:23.895000','2024-05-08 08:21:23.895000',NULL,NULL),(417,'All','2024-05-08 08:25:53.191000','2024-05-08 08:25:53.191000',NULL,NULL),(418,'Astrallys','2024-05-08 08:59:54.107000','2024-05-08 08:59:54.107000',NULL,NULL),(419,'Astrallys','2024-05-08 09:00:00.595000','2024-05-08 09:00:00.595000',NULL,NULL),(420,'Astrallys','2024-05-08 09:00:12.591000','2024-05-08 09:00:12.591000',NULL,NULL),(421,'Gestionnaire','2024-05-08 09:00:12.595000','2024-05-08 09:00:12.595000',NULL,NULL),(422,'Gestionnaire','2024-05-08 09:00:26.755000','2024-05-08 09:00:26.755000',NULL,NULL),(423,'All','2024-05-08 09:07:49.605000','2024-05-08 09:07:49.605000',NULL,NULL),(424,'All','2024-05-08 09:28:55.496000','2024-05-08 09:28:55.496000',NULL,NULL),(425,'Astrallys','2024-05-08 09:35:22.912000','2024-05-08 09:35:22.912000',NULL,NULL),(426,'Astrallys','2024-05-08 09:35:23.114000','2024-05-08 09:35:23.114000',NULL,NULL),(427,'Employee','2024-05-08 09:35:59.819000','2024-05-08 09:35:59.819000',NULL,NULL),(428,'Employee','2024-05-08 09:36:52.491000','2024-05-08 09:36:52.491000',NULL,NULL),(429,'Employee','2024-05-08 09:37:04.909000','2024-05-08 09:37:04.909000',NULL,NULL),(430,'Employee','2024-05-08 09:37:24.591000','2024-05-08 09:37:24.591000',NULL,NULL),(431,'All','2024-05-08 09:38:09.568000','2024-05-08 09:38:09.568000',NULL,NULL),(432,'All','2024-05-08 09:45:22.003000','2024-05-08 09:45:22.003000',NULL,NULL),(433,'Astrallys','2024-05-09 18:16:09.408000','2024-05-09 18:16:09.408000',NULL,NULL),(434,'Astrallys','2024-05-09 19:53:41.642000','2024-05-09 19:53:41.642000',NULL,NULL),(435,'Astrallys','2024-05-09 19:53:55.010000','2024-05-09 19:53:55.010000',NULL,NULL),(436,'Gestionnaire','2024-05-09 19:53:55.011000','2024-05-09 19:53:55.011000',NULL,NULL),(437,'All','2024-05-09 19:55:04.295000','2024-05-09 19:55:04.295000',NULL,NULL),(438,'Astrallys','2024-05-09 19:58:26.914000','2024-05-09 19:58:26.914000',NULL,NULL),(439,'Astrallys','2024-05-09 19:59:27.598000','2024-05-09 19:59:27.598000',NULL,NULL),(440,'All','2024-05-09 20:00:34.306000','2024-05-09 20:00:34.306000',NULL,NULL),(441,'All','2024-05-09 20:07:27.894000','2024-05-09 20:07:27.894000',NULL,NULL),(442,'Astrallys','2024-05-10 08:03:32.915000','2024-05-10 08:03:32.915000',NULL,NULL),(443,'Astrallys','2024-05-10 08:05:57.515000','2024-05-10 08:05:57.515000',NULL,NULL),(444,'Astrallys','2024-05-10 08:13:15.597000','2024-05-10 08:13:15.597000',NULL,NULL),(445,'Gestionnaire','2024-05-10 08:13:15.601000','2024-05-10 08:13:15.601000',NULL,NULL),(446,'All','2024-05-10 08:31:28.301000','2024-05-10 08:31:28.301000',NULL,NULL),(447,'All','2024-05-10 09:32:26.885000','2024-05-10 09:32:26.885000',NULL,NULL),(448,'Astrallys','2024-05-10 09:40:44.022000','2024-05-10 09:40:44.022000',NULL,NULL),(449,'Employee','2024-05-10 09:41:34.216000','2024-05-10 09:41:34.216000',NULL,NULL),(450,'Employee','2024-05-10 09:47:43.117000','2024-05-10 09:47:43.117000',NULL,NULL),(451,'Employee','2024-05-10 09:47:51.951000','2024-05-10 09:47:51.951000',NULL,NULL),(452,'Employee','2024-05-10 09:48:05.161000','2024-05-10 09:48:05.161000',NULL,NULL),(453,'All','2024-05-10 09:48:35.608000','2024-05-10 09:48:35.608000',NULL,NULL),(454,'Astrallys','2024-05-10 12:04:11.521000','2024-05-10 12:04:11.521000',NULL,NULL),(455,'Astrallys','2024-05-10 12:04:35.981000','2024-05-10 12:04:35.981000',NULL,NULL),(457,'Astrallys','2024-05-10 12:16:57.997000','2024-05-10 12:16:57.997000',NULL,NULL),(458,'Gestionnaire','2024-05-10 12:16:57.998000','2024-05-10 12:16:57.998000',NULL,NULL),(459,'Astrallys','2024-05-10 12:21:21.698000','2024-05-10 12:21:21.698000',NULL,NULL),(460,'Astrallys','2024-05-10 12:21:21.926000','2024-05-10 12:21:21.926000',NULL,NULL),(461,'Astrallys','2024-05-10 12:22:09.206000','2024-05-10 12:22:09.206000',NULL,NULL),(462,'Astrallys','2024-05-13 07:50:13.599000','2024-05-13 07:50:13.599000',NULL,NULL),(463,'Astrallys','2024-05-13 07:50:36.597000','2024-05-13 07:50:36.597000',NULL,NULL),(464,'Astrallys','2024-05-13 07:50:59.100000','2024-05-13 07:50:59.100000',NULL,NULL),(465,'Astrallys','2024-05-13 07:56:14.396000','2024-05-13 07:56:14.396000',NULL,NULL),(466,'Astrallys','2024-05-13 07:56:14.615000','2024-05-13 07:56:14.615000',NULL,NULL),(467,'All','2024-05-13 14:24:44.504000','2024-05-13 14:24:44.504000',NULL,NULL),(468,'Astrallys','2024-05-13 14:35:16.092000','2024-05-13 14:35:16.092000',NULL,NULL),(469,'Astrallys','2024-05-15 07:45:40.022000','2024-05-15 07:45:40.022000',NULL,NULL),(470,'Astrallys','2024-05-15 07:46:28.152000','2024-05-15 07:46:28.152000',NULL,NULL),(471,'Astrallys','2024-05-15 07:46:28.228000','2024-05-15 07:46:28.228000',NULL,NULL),(472,'Astrallys','2024-05-15 07:47:48.133000','2024-05-15 07:47:48.133000',NULL,NULL),(473,'Astrallys','2024-05-15 07:47:48.202000','2024-05-15 07:47:48.202000',NULL,NULL),(474,'Astrallys','2024-05-15 07:48:48.533000','2024-05-15 07:48:48.533000',NULL,NULL),(475,'Astrallys','2024-05-15 07:59:05.720000','2024-05-15 07:59:05.720000',NULL,NULL),(476,'All','2024-05-15 07:59:17.914000','2024-05-15 07:59:17.914000',NULL,NULL),(477,'Astrallys','2024-05-15 07:59:40.781000','2024-05-15 07:59:40.781000',NULL,NULL),(478,'Astrallys','2024-05-15 14:27:05.186000','2024-05-15 14:27:05.186000',NULL,NULL),(479,'Astrallys','2024-05-15 14:30:45.799000','2024-05-15 14:30:45.799000',NULL,NULL),(481,'Astrallys','2024-05-15 14:39:59.585000','2024-05-15 14:39:59.585000',NULL,NULL),(482,'Astrallys','2024-05-15 14:40:10.834000','2024-05-15 14:40:10.834000',NULL,NULL),(488,'All','2024-05-15 15:00:46.213000','2024-05-15 15:00:46.213000',NULL,NULL),(489,'All','2024-05-15 15:00:58.161000','2024-05-15 15:00:58.161000',NULL,NULL),(490,'Astrallys','2024-05-15 15:08:37.290000','2024-05-15 15:08:37.290000',NULL,NULL),(491,'Gestionnaire','2024-05-15 15:08:37.292000','2024-05-15 15:08:37.292000',NULL,NULL),(492,'Gestionnaire','2024-05-15 15:58:18.431000','2024-05-15 15:58:18.431000',NULL,NULL),(493,'Astrallys','2024-05-15 21:23:58.603000','2024-05-15 21:23:58.603000',NULL,NULL),(494,'All','2024-05-16 07:58:35.280000','2024-05-16 07:58:35.280000',NULL,NULL),(495,'Astrallys','2024-05-16 08:02:10.129000','2024-05-16 08:02:10.129000',NULL,NULL),(496,'Astrallys','2024-05-16 08:02:25.688000','2024-05-16 08:02:25.688000',NULL,NULL),(497,'All','2024-05-16 11:53:39.314000','2024-05-16 11:53:39.314000',NULL,NULL),(498,'Astrallys','2024-05-16 11:54:54.292000','2024-05-16 11:54:54.292000',NULL,NULL),(499,'Astrallys','2024-05-16 11:55:55.284000','2024-05-16 11:55:55.284000',NULL,NULL),(500,'Astrallys','2024-05-16 11:55:55.357000','2024-05-16 11:55:55.357000',NULL,NULL),(501,'Astrallys','2024-05-16 11:56:33.234000','2024-05-16 11:56:33.234000',NULL,NULL),(502,'All','2024-05-16 11:56:44.641000','2024-05-16 11:56:44.641000',NULL,NULL),(504,'Astrallys','2024-05-17 09:37:53.846000','2024-05-17 09:37:53.846000',NULL,NULL),(505,'Astrallys','2024-05-17 09:38:41.844000','2024-05-17 09:38:41.844000',NULL,NULL),(506,'Astrallys','2024-05-17 09:58:08.674000','2024-05-17 09:58:08.674000',NULL,NULL),(507,'Gestionnaire','2024-05-17 09:58:08.705000','2024-05-17 09:58:08.705000',NULL,NULL),(509,'All','2024-05-17 10:07:40.720000','2024-05-17 10:07:40.720000',NULL,NULL),(510,'Astrallys','2024-05-17 10:12:03.214000','2024-05-17 10:12:03.214000',NULL,NULL),(511,'Gestionnaire','2024-05-17 10:12:03.217000','2024-05-17 10:12:03.217000',NULL,NULL),(512,'Astrallys','2024-05-17 11:47:31.752000','2024-05-17 11:47:31.752000',NULL,NULL),(513,'Astrallys','2024-05-17 11:50:03.751000','2024-05-17 11:50:03.751000',NULL,NULL),(514,'Astrallys','2024-05-17 11:50:03.825000','2024-05-17 11:50:03.825000',NULL,NULL),(515,'Astrallys','2024-05-17 11:50:41.873000','2024-05-17 11:50:41.873000',NULL,NULL),(516,'All','2024-05-17 11:50:52.740000','2024-05-17 11:50:52.740000',NULL,NULL),(517,'Astrallys','2024-05-18 19:57:40.708000','2024-05-18 19:57:40.708000',NULL,NULL),(518,'Astrallys','2024-05-18 19:58:07.716000','2024-05-18 19:58:07.716000',NULL,NULL),(519,'Astrallys','2024-05-19 09:05:49.568000','2024-05-19 09:05:49.568000',NULL,NULL),(520,'Astrallys','2024-05-19 09:06:03.011000','2024-05-19 09:06:03.011000',NULL,NULL),(521,'Astrallys','2024-05-19 09:07:16.315000','2024-05-19 09:07:16.315000',NULL,NULL),(522,'Gestionnaire','2024-05-19 09:07:16.319000','2024-05-19 09:07:16.319000',NULL,NULL),(523,'Astrallys','2024-05-20 11:56:11.809000','2024-05-20 11:56:11.809000',NULL,NULL),(524,'Astrallys','2024-05-20 11:56:28.960000','2024-05-20 11:56:28.960000',NULL,NULL),(525,'All','2024-05-20 11:56:55.557000','2024-05-20 11:56:55.557000',NULL,NULL),(526,'Astrallys','2024-05-20 11:58:03.154000','2024-05-20 11:58:03.154000',NULL,NULL),(527,'Astrallys','2024-05-20 11:58:28.120000','2024-05-20 11:58:28.120000',NULL,NULL),(528,'All','2024-05-20 11:58:57.387000','2024-05-20 11:58:57.387000',NULL,NULL),(529,'Astrallys','2024-05-20 12:00:14.110000','2024-05-20 12:00:14.110000',NULL,NULL),(530,'Astrallys','2024-05-20 12:00:36.526000','2024-05-20 12:00:36.526000',NULL,NULL),(531,'All','2024-05-20 12:01:32.780000','2024-05-20 12:01:32.780000',NULL,NULL),(532,'All','2024-05-21 13:40:22.888000','2024-05-21 13:40:22.888000',NULL,NULL),(533,'Gestionnaire','2024-05-21 13:41:58.507000','2024-05-21 13:41:58.507000',NULL,NULL),(534,'Astrallys','2024-05-21 13:41:58.511000','2024-05-21 13:41:58.511000',NULL,NULL),(535,'Gestionnaire','2024-05-21 13:42:16.579000','2024-05-21 13:42:16.579000',NULL,NULL),(536,'All','2024-05-21 13:43:09.333000','2024-05-21 13:43:09.333000',NULL,NULL),(537,'All','2024-05-21 13:44:47.811000','2024-05-21 13:44:47.811000',NULL,NULL),(538,'Astrallys','2024-05-21 13:45:33.018000','2024-05-21 13:45:33.018000',NULL,NULL),(539,'Astrallys','2024-05-21 13:46:07.353000','2024-05-21 13:46:07.353000',NULL,NULL),(540,'Astrallys','2024-05-21 13:46:49.274000','2024-05-21 13:46:49.274000',NULL,NULL),(541,'Gestionnaire','2024-05-21 13:46:49.279000','2024-05-21 13:46:49.279000',NULL,NULL),(542,'Gestionnaire','2024-05-21 13:47:30.129000','2024-05-21 13:47:30.129000',NULL,NULL),(543,'All','2024-05-21 13:49:03.981000','2024-05-21 13:49:03.981000',NULL,NULL),(544,'Astrallys','2024-05-27 07:27:58.445000','2024-05-27 07:27:58.445000',NULL,NULL),(545,'Astrallys','2024-05-27 07:28:24.304000','2024-05-27 07:28:24.304000',NULL,NULL),(546,'Astrallys','2024-05-27 07:28:42.831000','2024-05-27 07:28:42.831000',NULL,NULL),(547,'Gestionnaire','2024-05-27 07:28:42.835000','2024-05-27 07:28:42.835000',NULL,NULL),(548,'Gestionnaire','2024-05-29 23:05:29.547000','2024-05-29 23:05:29.547000',NULL,NULL),(549,'Astrallys','2024-05-31 12:01:07.060000','2024-05-31 12:01:07.060000',NULL,NULL),(550,'Astrallys','2024-05-31 12:01:22.347000','2024-05-31 12:01:22.347000',NULL,NULL),(551,'Astrallys','2024-05-31 12:01:28.826000','2024-05-31 12:01:28.826000',NULL,NULL),(552,'Gestionnaire','2024-05-31 12:01:28.830000','2024-05-31 12:01:28.830000',NULL,NULL),(553,'Astrallys','2024-06-03 06:29:22.654000','2024-06-03 06:29:22.654000',NULL,NULL),(554,'Astrallys','2024-06-03 06:30:16.184000','2024-06-03 06:30:16.184000',NULL,NULL),(555,'Astrallys','2024-06-03 06:30:32.406000','2024-06-03 06:30:32.406000',NULL,NULL),(556,'Astrallys','2024-06-03 06:30:43.616000','2024-06-03 06:30:43.616000',NULL,NULL),(557,'Gestionnaire','2024-06-03 06:30:43.619000','2024-06-03 06:30:43.619000',NULL,NULL),(558,'Astrallys','2024-06-03 06:30:53.597000','2024-06-03 06:30:53.597000',NULL,NULL),(559,'All','2024-06-03 06:31:22.788000','2024-06-03 06:31:22.788000',NULL,NULL),(560,'Gestionnaire','2024-06-03 06:35:39.534000','2024-06-03 06:35:39.534000',NULL,NULL),(561,'All','2024-06-03 06:35:52.579000','2024-06-03 06:35:52.579000',NULL,NULL),(562,'All','2024-06-03 06:42:38.758000','2024-06-03 06:42:38.758000',NULL,NULL),(563,'All','2024-06-03 06:43:44.915000','2024-06-03 06:43:44.915000',NULL,NULL),(564,'Gestionnaire','2024-06-03 06:45:19.262000','2024-06-03 06:45:19.262000',NULL,NULL),(565,'All','2024-06-03 06:45:28.979000','2024-06-03 06:45:28.979000',NULL,NULL),(566,'Astrallys','2024-06-03 08:32:04.619000','2024-06-03 08:32:04.619000',NULL,NULL),(567,'Astrallys','2024-06-03 08:32:19.365000','2024-06-03 08:32:19.365000',NULL,NULL),(568,'All','2024-06-03 08:33:05.906000','2024-06-03 08:33:05.906000',NULL,NULL),(569,'All','2024-06-03 08:33:38.506000','2024-06-03 08:33:38.506000',NULL,NULL),(570,'All','2024-06-03 11:47:41.038000','2024-06-03 11:47:41.038000',NULL,NULL),(571,'Astrallys','2024-06-04 12:12:52.416000','2024-06-04 12:12:52.416000',NULL,NULL),(572,'Astrallys','2024-06-04 12:14:09.682000','2024-06-04 12:14:09.682000',NULL,NULL),(573,'Astrallys','2024-06-04 12:14:37.610000','2024-06-04 12:14:37.610000',NULL,NULL),(574,'Astrallys','2024-06-04 12:15:57.089000','2024-06-04 12:15:57.089000',NULL,NULL),(575,'All','2024-06-06 08:00:43.888000','2024-06-06 08:00:43.888000',NULL,NULL),(576,'All','2024-06-06 08:00:57.808000','2024-06-06 08:00:57.808000',NULL,NULL),(577,'All','2024-06-06 08:01:05.959000','2024-06-06 08:01:05.959000',NULL,NULL),(578,'All','2024-06-06 08:01:12.101000','2024-06-06 08:01:12.101000',NULL,NULL),(579,'All','2024-06-06 08:01:28.017000','2024-06-06 08:01:28.017000',NULL,NULL),(580,'Astrallys','2024-06-06 08:48:38.508000','2024-06-06 08:48:38.508000',NULL,NULL),(581,'Gestionnaire','2024-06-06 08:48:38.511000','2024-06-06 08:48:38.511000',NULL,NULL),(582,'Astrallys','2024-06-06 09:25:22.735000','2024-06-06 09:25:22.735000',NULL,NULL),(583,'Astrallys','2024-06-06 09:25:52.393000','2024-06-06 09:25:52.393000',NULL,NULL),(585,'All','2024-06-06 09:28:36.199000','2024-06-06 09:28:36.199000',NULL,NULL),(586,'Astrallys','2024-06-06 09:29:14.344000','2024-06-06 09:29:14.344000',NULL,NULL),(587,'Astrallys','2024-06-06 09:29:23.450000','2024-06-06 09:29:23.450000',NULL,NULL),(588,'All','2024-06-06 09:29:53.026000','2024-06-06 09:29:53.026000',NULL,NULL),(589,'All','2024-06-06 09:34:49.506000','2024-06-06 09:34:49.506000',NULL,NULL),(590,'All','2024-06-06 09:36:15.198000','2024-06-06 09:36:15.198000',NULL,NULL),(591,'All','2024-06-06 09:36:39.107000','2024-06-06 09:36:39.107000',NULL,NULL),(592,'Gestionnaire','2024-06-06 16:23:26.057000','2024-06-06 16:23:26.057000',NULL,NULL),(593,'All','2024-06-06 16:36:03.615000','2024-06-06 16:36:03.615000',NULL,NULL),(594,'Astrallys','2024-06-07 10:18:57.455000','2024-06-07 10:18:57.455000',NULL,NULL),(595,'Gestionnaire','2024-06-07 10:18:57.457000','2024-06-07 10:18:57.457000',NULL,NULL),(596,'Astrallys','2024-06-07 20:24:46.819000','2024-06-07 20:24:46.819000',NULL,NULL),(597,'Astrallys','2024-06-07 20:27:04.930000','2024-06-07 20:27:04.930000',NULL,NULL),(598,'Astrallys','2024-06-07 20:27:26.756000','2024-06-07 20:27:26.756000',NULL,NULL),(599,'Gestionnaire','2024-06-07 20:27:26.760000','2024-06-07 20:27:26.760000',NULL,NULL),(600,'Gestionnaire','2024-06-07 20:30:02.677000','2024-06-07 20:30:02.677000',NULL,NULL),(601,'All','2024-06-07 20:32:25.497000','2024-06-07 20:32:25.497000',NULL,NULL),(602,'Astrallys','2024-06-07 20:42:06.274000','2024-06-07 20:42:06.274000',NULL,NULL),(603,'Astrallys','2024-06-07 20:42:26.767000','2024-06-07 20:42:26.767000',NULL,NULL),(605,'All','2024-06-10 08:06:18.734000','2024-06-10 08:06:18.734000',NULL,NULL),(606,'Astrallys','2024-06-10 14:06:53.491000','2024-06-10 14:06:53.491000',NULL,NULL),(607,'Astrallys','2024-06-10 14:07:16.104000','2024-06-10 14:07:16.104000',NULL,NULL),(608,'Astrallys','2024-06-10 14:07:23.541000','2024-06-10 14:07:23.541000',NULL,NULL),(609,'Gestionnaire','2024-06-10 14:07:23.545000','2024-06-10 14:07:23.545000',NULL,NULL),(610,'Gestionnaire','2024-06-10 14:08:17.233000','2024-06-10 14:08:17.233000',NULL,NULL),(611,'All','2024-06-10 17:09:26.912000','2024-06-10 17:09:26.912000',NULL,NULL),(612,'Astrallys','2024-06-11 06:38:14.662000','2024-06-11 06:38:14.662000',NULL,NULL),(613,'Astrallys','2024-06-11 06:38:32.774000','2024-06-11 06:38:32.774000',NULL,NULL),(614,'Astrallys','2024-06-11 06:38:42.913000','2024-06-11 06:38:42.913000',NULL,NULL),(615,'Astrallys','2024-06-11 06:38:49.439000','2024-06-11 06:38:49.439000',NULL,NULL),(616,'Astrallys','2024-06-11 06:38:55.941000','2024-06-11 06:38:55.941000',NULL,NULL),(617,'Astrallys','2024-06-11 06:40:07.754000','2024-06-11 06:40:07.754000',NULL,NULL),(618,'Astrallys','2024-06-11 06:40:14.027000','2024-06-11 06:40:14.027000',NULL,NULL),(619,'Astrallys','2024-06-11 06:40:15.239000','2024-06-11 06:40:15.239000',NULL,NULL),(620,'Astrallys','2024-06-11 06:41:06.184000','2024-06-11 06:41:06.184000',NULL,NULL),(621,'Astrallys','2024-06-11 07:43:32.399000','2024-06-11 07:43:32.399000',NULL,NULL),(622,'Astrallys','2024-06-11 12:57:08.469000','2024-06-11 12:57:08.469000',NULL,NULL),(623,'Astrallys','2024-06-11 13:19:52.881000','2024-06-11 13:19:52.881000',NULL,NULL),(624,'Astrallys','2024-06-11 13:20:10.488000','2024-06-11 13:20:10.488000',NULL,NULL),(625,'Astrallys','2024-06-11 13:21:39.531000','2024-06-11 13:21:39.531000',NULL,NULL),(626,'Astrallys','2024-06-11 13:21:58.946000','2024-06-11 13:21:58.946000',NULL,NULL),(627,'Astrallys','2024-06-11 13:22:15.709000','2024-06-11 13:22:15.709000',NULL,NULL),(628,'Astrallys','2024-06-11 13:22:24.225000','2024-06-11 13:22:24.225000',NULL,NULL),(629,'Astrallys','2024-06-11 13:22:31.634000','2024-06-11 13:22:31.634000',NULL,NULL),(630,'All','2024-06-11 13:27:02.300000','2024-06-11 13:27:02.300000',NULL,NULL),(631,'All','2024-06-11 13:27:20.626000','2024-06-11 13:27:20.626000',NULL,NULL),(632,'All','2024-06-11 13:27:28.396000','2024-06-11 13:27:28.396000',NULL,NULL),(633,'All','2024-06-11 13:27:37.268000','2024-06-11 13:27:37.268000',NULL,NULL),(634,'All','2024-06-11 13:27:50.154000','2024-06-11 13:27:50.154000',NULL,NULL),(635,'All','2024-06-11 13:28:04.614000','2024-06-11 13:28:04.614000',NULL,NULL),(636,'All','2024-06-11 13:28:12.569000','2024-06-11 13:28:12.569000',NULL,NULL),(637,'All','2024-06-11 13:28:18.337000','2024-06-11 13:28:18.337000',NULL,NULL),(638,'All','2024-06-11 13:28:25.465000','2024-06-11 13:28:25.465000',NULL,NULL),(642,'Astrallys','2024-06-14 11:35:55.616000','2024-06-14 11:35:55.616000',NULL,NULL),(643,'Employee','2024-06-14 11:36:30.165000','2024-06-14 11:36:30.165000',NULL,NULL),(645,'Astrallys','2024-06-17 14:47:41.639000','2024-06-17 14:47:41.639000',NULL,NULL),(646,'Astrallys','2024-06-17 14:47:46.827000','2024-06-17 14:47:46.827000',NULL,NULL),(647,'All','2024-06-17 15:54:26.721000','2024-06-17 15:54:26.721000',NULL,NULL),(648,'Astrallys','2024-06-18 09:39:40.711000','2024-06-18 09:39:40.711000',NULL,NULL),(649,'Astrallys','2024-06-18 09:39:46.505000','2024-06-18 09:39:46.505000',NULL,NULL),(650,'Astrallys','2024-06-20 07:31:05.996000','2024-06-20 07:31:05.996000',NULL,NULL),(651,'Astrallys','2024-06-20 07:32:00.780000','2024-06-20 07:32:00.780000',NULL,NULL),(652,'Astrallys','2024-06-20 07:32:12.759000','2024-06-20 07:32:12.759000',NULL,NULL),(653,'Gestionnaire','2024-06-20 07:32:12.761000','2024-06-20 07:32:12.761000',NULL,NULL),(654,'Astrallys','2024-06-21 11:43:14.023000','2024-06-21 11:43:14.023000',NULL,NULL),(655,'Gestionnaire','2024-06-21 11:43:14.042000','2024-06-21 11:43:14.042000',NULL,NULL),(656,'All','2024-06-21 11:57:17.313000','2024-06-21 11:57:17.313000',NULL,NULL),(657,'All','2024-06-21 11:57:35.918000','2024-06-21 11:57:35.918000',NULL,NULL),(658,'Astrallys','2024-06-21 11:58:48.361000','2024-06-21 11:58:48.361000',NULL,NULL),(659,'Employee','2024-06-21 11:59:01.487000','2024-06-21 11:59:01.487000',NULL,NULL),(660,'Employee','2024-06-21 11:59:19.030000','2024-06-21 11:59:19.030000',NULL,NULL),(661,'Gestionnaire','2024-06-21 11:59:19.032000','2024-06-21 11:59:19.032000',NULL,NULL),(662,'Gestionnaire','2024-06-21 12:03:33.256000','2024-06-21 12:03:33.256000',NULL,NULL),(663,'All','2024-06-21 12:03:45.847000','2024-06-21 12:03:45.847000',NULL,NULL),(664,'All','2024-06-21 12:05:29.358000','2024-06-21 12:05:29.358000',NULL,NULL),(665,'All','2024-06-25 08:17:59.018000','2024-06-25 08:17:59.018000',NULL,NULL),(666,'Astrallys','2024-06-28 07:34:41.475000','2024-06-28 07:34:41.475000',NULL,NULL),(667,'Astrallys','2024-07-02 06:05:56.924000','2024-07-02 06:05:56.924000',NULL,NULL),(668,'Astrallys','2024-07-02 06:06:06.469000','2024-07-02 06:06:06.469000',NULL,NULL),(669,'Astrallys','2024-07-02 06:06:17.252000','2024-07-02 06:06:17.252000',NULL,NULL),(670,'Astrallys','2024-07-02 06:06:21.234000','2024-07-02 06:06:21.234000',NULL,NULL),(671,'Astrallys','2024-07-02 06:06:35.031000','2024-07-02 06:06:35.031000',NULL,NULL),(672,'Astrallys','2024-07-02 06:06:48.499000','2024-07-02 06:06:48.499000',NULL,NULL),(673,'Astrallys','2024-07-02 06:07:05.992000','2024-07-02 06:07:05.992000',NULL,NULL),(674,'Astrallys','2024-07-02 06:07:08.615000','2024-07-02 06:07:08.615000',NULL,NULL),(675,'Astrallys','2024-07-02 06:07:58.332000','2024-07-02 06:07:58.332000',NULL,NULL),(676,'Astrallys','2024-07-02 06:08:10.709000','2024-07-02 06:08:10.709000',NULL,NULL),(677,'Astrallys','2024-07-02 11:40:38.323000','2024-07-02 11:40:38.323000',NULL,NULL),(678,'Astrallys','2024-07-02 11:41:05.691000','2024-07-02 11:41:05.691000',NULL,NULL),(679,'Astrallys','2024-07-02 11:41:17.568000','2024-07-02 11:41:17.568000',NULL,NULL),(680,'Astrallys','2024-07-02 11:41:24.567000','2024-07-02 11:41:24.567000',NULL,NULL),(681,'Astrallys','2024-07-02 11:41:34.487000','2024-07-02 11:41:34.487000',NULL,NULL),(682,'Astrallys','2024-07-02 11:41:42.004000','2024-07-02 11:41:42.004000',NULL,NULL),(683,'Astrallys','2024-07-02 11:41:51.602000','2024-07-02 11:41:51.602000',NULL,NULL),(684,'Astrallys','2024-07-02 11:42:02.407000','2024-07-02 11:42:02.407000',NULL,NULL),(685,'Astrallys','2024-07-02 11:42:19.112000','2024-07-02 11:42:19.112000',NULL,NULL),(686,'Astrallys','2024-07-02 11:42:30.032000','2024-07-02 11:42:30.032000',NULL,NULL),(687,'All','2024-07-02 11:43:16.619000','2024-07-02 11:43:16.619000',NULL,NULL),(688,'All','2024-07-02 11:43:20.618000','2024-07-02 11:43:20.618000',NULL,NULL),(689,'All','2024-07-02 11:43:35.575000','2024-07-02 11:43:35.575000',NULL,NULL),(690,'All','2024-07-02 11:43:36.839000','2024-07-02 11:43:36.839000',NULL,NULL),(691,'All','2024-07-02 11:43:46.468000','2024-07-02 11:43:46.468000',NULL,NULL),(692,'All','2024-07-02 11:43:47.833000','2024-07-02 11:43:47.833000',NULL,NULL),(693,'All','2024-07-02 11:43:58.958000','2024-07-02 11:43:58.958000',NULL,NULL),(694,'All','2024-07-02 11:44:00.701000','2024-07-02 11:44:00.701000',NULL,NULL),(695,'All','2024-07-02 11:44:12.348000','2024-07-02 11:44:12.348000',NULL,NULL),(696,'All','2024-07-02 11:44:13.883000','2024-07-02 11:44:13.883000',NULL,NULL),(697,'All','2024-07-02 11:44:21.574000','2024-07-02 11:44:21.574000',NULL,NULL),(698,'All','2024-07-02 11:44:23.118000','2024-07-02 11:44:23.118000',NULL,NULL),(699,'All','2024-07-02 11:44:33.376000','2024-07-02 11:44:33.376000',NULL,NULL),(700,'All','2024-07-02 11:44:35.726000','2024-07-02 11:44:35.726000',NULL,NULL),(701,'All','2024-07-02 11:44:43.865000','2024-07-02 11:44:43.865000',NULL,NULL),(702,'All','2024-07-02 11:44:46.427000','2024-07-02 11:44:46.427000',NULL,NULL),(703,'All','2024-07-02 11:44:52.181000','2024-07-02 11:44:52.181000',NULL,NULL),(704,'All','2024-07-02 11:44:54.167000','2024-07-02 11:44:54.167000',NULL,NULL),(705,'All','2024-07-02 11:45:04.406000','2024-07-02 11:45:04.406000',NULL,NULL),(706,'All','2024-07-02 11:45:05.732000','2024-07-02 11:45:05.732000',NULL,NULL);
/*!40000 ALTER TABLE `ticket_states` ENABLE KEYS */;
UNLOCK TABLES;

--
-- Table structure for table `ticket_states_state_links`
--

DROP TABLE IF EXISTS `ticket_states_state_links`;
/*!40101 SET @saved_cs_client     = @@character_set_client */;
/*!50503 SET character_set_client = utf8mb4 */;
CREATE TABLE `ticket_states_state_links` (
  `id` int(10) unsigned NOT NULL AUTO_INCREMENT,
  `ticket_state_id` int(10) unsigned DEFAULT NULL,
  `state_id` int(10) unsigned DEFAULT NULL,
  PRIMARY KEY (`id`),
  UNIQUE KEY `ticket_states_state_links_unique` (`ticket_state_id`,`state_id`),
  KEY `ticket_states_state_links_fk` (`ticket_state_id`),
  KEY `ticket_states_state_links_inv_fk` (`state_id`),
  CONSTRAINT `ticket_states_state_links_fk` FOREIGN KEY (`ticket_state_id`) REFERENCES `ticket_states` (`id`) ON DELETE CASCADE,
  CONSTRAINT `ticket_states_state_links_inv_fk` FOREIGN KEY (`state_id`) REFERENCES `states` (`id`) ON DELETE CASCADE
) ENGINE=InnoDB AUTO_INCREMENT=703 DEFAULT CHARSET=utf8mb3 COLLATE=utf8mb3_general_ci;
/*!40101 SET character_set_client = @saved_cs_client */;

--
-- Dumping data for table `ticket_states_state_links`
--

LOCK TABLES `ticket_states_state_links` WRITE;
/*!40000 ALTER TABLE `ticket_states_state_links` DISABLE KEYS */;
INSERT INTO `ticket_states_state_links` VALUES (394,398,1),(395,399,2),(396,400,3),(397,401,1),(398,402,4),(399,403,1),(400,404,2),(403,407,5),(404,408,1),(405,409,1),(406,410,1),(407,411,2),(408,412,3),(409,413,1),(410,414,3),(411,415,1),(412,416,1),(413,417,4),(414,418,2),(415,419,2),(416,420,3),(417,421,1),(418,422,2),(419,423,4),(420,424,4),(421,425,1),(422,426,1),(423,427,2),(424,428,2),(425,429,2),(426,430,2),(427,431,4),(428,432,5),(429,433,1),(430,434,2),(432,435,3),(431,436,1),(433,437,4),(434,438,1),(435,439,2),(436,440,6),(437,441,5),(438,442,1),(439,443,2),(441,444,3),(440,445,1),(442,446,4),(443,447,5),(444,448,1),(445,449,2),(446,450,2),(447,451,2),(448,452,2),(449,453,4),(450,454,1),(451,455,2),(453,457,3),(454,458,1),(455,459,1),(456,460,1),(457,461,2),(458,462,1),(459,463,1),(460,464,2),(461,465,1),(462,466,1),(463,467,4),(464,468,2),(465,469,1),(466,470,1),(467,471,6),(468,472,1),(469,473,6),(470,474,1),(471,475,2),(472,476,4),(473,477,2),(474,478,1),(475,479,2),(477,481,1),(478,482,2),(484,488,6),(485,489,6),(487,490,3),(486,491,1),(488,492,2),(489,493,1),(490,494,6),(491,495,2),(492,496,2),(493,497,9),(494,498,1),(495,499,1),(496,500,6),(497,501,2),(498,502,9),(500,504,1),(501,505,2),(502,506,3),(503,507,1),(505,509,9),(507,510,3),(506,511,1),(508,512,1),(509,513,1),(510,514,6),(511,515,2),(512,516,9),(513,517,1),(514,518,2),(515,519,1),(516,520,2),(517,521,3),(518,522,1),(519,523,1),(520,524,2),(521,525,9),(522,526,1),(523,527,2),(524,528,9),(525,529,1),(526,530,2),(527,531,9),(528,532,5),(529,533,1),(530,534,3),(531,535,2),(532,536,4),(533,537,5),(534,538,1),(535,539,2),(536,540,3),(537,541,1),(538,542,2),(539,543,4),(540,544,1),(541,545,2),(542,546,3),(543,547,1),(544,548,2),(545,549,1),(546,550,2),(547,551,3),(548,552,1),(549,553,1),(550,554,1),(551,555,2),(552,556,3),(553,557,1),(554,558,2),(555,559,9),(556,560,2),(557,561,4),(558,562,5),(559,563,4),(560,564,2),(561,565,4),(562,566,1),(563,567,2),(564,568,9),(565,569,4),(566,570,5),(567,571,1),(568,572,1),(569,573,2),(570,574,2),(571,575,5),(572,576,5),(573,577,5),(574,578,5),(575,579,5),(576,580,3),(577,581,1),(578,582,1),(579,583,2),(581,585,4),(582,586,1),(583,587,2),(584,588,9),(585,589,5),(586,590,4),(587,591,5),(588,592,2),(589,593,4),(590,594,3),(591,595,1),(592,596,1),(593,597,2),(594,598,3),(595,599,1),(596,600,2),(597,601,4),(598,602,1),(599,603,2),(601,605,5),(602,606,1),(603,607,2),(604,608,3),(605,609,1),(606,610,2),(607,611,4),(608,612,1),(609,613,1),(610,614,1),(611,615,1),(612,616,1),(613,617,1),(614,618,1),(615,619,1),(616,620,1),(617,621,2),(618,622,2),(619,623,2),(620,624,2),(621,625,2),(622,626,2),(623,627,2),(624,628,2),(625,629,2),(626,630,4),(627,631,4),(628,632,4),(629,633,4),(630,634,4),(631,635,4),(632,636,4),(633,637,4),(634,638,4),(638,642,1),(639,643,2),(641,645,1),(642,646,2),(643,647,5),(644,648,1),(645,649,2),(646,650,1),(647,651,2),(648,652,3),(649,653,1),(650,654,3),(651,655,1),(652,656,4),(653,657,5),(654,658,1),(655,659,2),(656,660,3),(657,661,1),(658,662,2),(659,663,4),(660,664,5),(661,665,5),(662,666,2),(663,667,1),(664,668,1),(665,669,1),(666,670,1),(667,671,1),(668,672,1),(669,673,1),(670,674,1),(671,675,1),(672,676,1),(673,677,2),(674,678,2),(675,679,2),(676,680,2),(677,681,2),(678,682,2),(679,683,2),(680,684,2),(681,685,2),(682,686,2),(683,687,4),(684,688,5),(685,689,4),(686,690,5),(687,691,4),(688,692,5),(689,693,4),(690,694,5),(691,695,4),(692,696,5),(693,697,4),(694,698,5),(695,699,4),(696,700,5),(697,701,4),(698,702,5),(699,703,4),(700,704,5),(701,705,4),(702,706,5);
/*!40000 ALTER TABLE `ticket_states_state_links` ENABLE KEYS */;
UNLOCK TABLES;

--
-- Table structure for table `ticket_states_ticket_links`
--

DROP TABLE IF EXISTS `ticket_states_ticket_links`;
/*!40101 SET @saved_cs_client     = @@character_set_client */;
/*!50503 SET character_set_client = utf8mb4 */;
CREATE TABLE `ticket_states_ticket_links` (
  `id` int(10) unsigned NOT NULL AUTO_INCREMENT,
  `ticket_state_id` int(10) unsigned DEFAULT NULL,
  `ticket_id` int(10) unsigned DEFAULT NULL,
  `ticket_state_order` int(10) unsigned DEFAULT NULL,
  PRIMARY KEY (`id`),
  UNIQUE KEY `ticket_states_ticket_links_unique` (`ticket_state_id`,`ticket_id`),
  KEY `ticket_states_ticket_links_fk` (`ticket_state_id`),
  KEY `ticket_states_ticket_links_inv_fk` (`ticket_id`),
  KEY `ticket_states_ticket_links_order_inv_fk` (`ticket_state_order`),
  CONSTRAINT `ticket_states_ticket_links_fk` FOREIGN KEY (`ticket_state_id`) REFERENCES `ticket_states` (`id`) ON DELETE CASCADE,
  CONSTRAINT `ticket_states_ticket_links_inv_fk` FOREIGN KEY (`ticket_id`) REFERENCES `tickets` (`id`) ON DELETE CASCADE
) ENGINE=InnoDB AUTO_INCREMENT=707 DEFAULT CHARSET=utf8mb3 COLLATE=utf8mb3_general_ci;
/*!40101 SET character_set_client = @saved_cs_client */;

--
-- Dumping data for table `ticket_states_ticket_links`
--

LOCK TABLES `ticket_states_ticket_links` WRITE;
/*!40000 ALTER TABLE `ticket_states_ticket_links` DISABLE KEYS */;
INSERT INTO `ticket_states_ticket_links` VALUES (596,596,208,1),(597,597,208,2),(598,598,208,3),(599,599,208,3),(600,600,208,4),(601,601,208,5),(602,602,209,1),(603,603,209,2),(605,605,208,6),(606,606,210,1),(607,607,210,2),(608,608,210,3),(609,609,210,3),(610,610,210,4),(611,611,210,5),(612,612,211,1),(613,613,212,1),(614,614,213,1),(615,615,214,1),(616,616,215,1),(617,617,216,1),(618,618,217,1),(619,619,218,1),(620,620,219,1),(621,621,219,2),(622,622,218,2),(623,623,217,2),(624,624,216,2),(625,625,211,2),(626,626,215,2),(627,627,214,2),(628,628,213,2),(629,629,212,2),(630,630,211,3),(631,631,212,3),(632,632,213,3),(633,633,214,3),(634,634,215,3),(635,635,216,3),(636,636,217,3),(637,637,218,3),(638,638,219,3),(642,642,221,1),(643,643,221,2),(645,645,222,1),(646,646,222,2),(647,647,222,3),(648,648,223,1),(649,649,223,2),(650,650,224,1),(651,651,224,2),(652,652,224,3),(653,653,224,4),(654,654,223,3),(655,655,223,4),(656,656,224,5),(657,657,224,6),(658,658,225,1),(659,659,225,2),(660,660,225,3),(661,661,225,3),(662,662,225,4),(663,663,225,5),(664,664,225,6),(665,665,223,5),(666,666,221,3),(667,667,226,1),(668,668,227,1),(669,669,228,1),(670,670,229,1),(671,671,230,1),(672,672,231,1),(673,673,232,1),(674,674,233,1),(675,675,234,1),(676,676,235,1),(677,677,226,2),(678,678,227,2),(679,679,228,2),(680,680,229,2),(681,681,230,2),(682,682,231,2),(683,683,232,2),(684,684,233,2),(685,685,234,2),(686,686,235,2),(687,687,235,3),(688,688,235,4),(689,689,234,3),(690,690,234,4),(691,691,233,3),(692,692,233,4),(693,693,232,3),(694,694,232,4),(695,695,231,3),(696,696,231,4),(697,697,230,3),(698,698,230,4),(699,699,229,3),(700,700,229,4),(701,701,228,3),(702,702,228,4),(703,703,227,3),(704,704,227,4),(705,705,226,3),(706,706,226,4);
/*!40000 ALTER TABLE `ticket_states_ticket_links` ENABLE KEYS */;
UNLOCK TABLES;

--
-- Table structure for table `ticket_states_user_links`
--

DROP TABLE IF EXISTS `ticket_states_user_links`;
/*!40101 SET @saved_cs_client     = @@character_set_client */;
/*!50503 SET character_set_client = utf8mb4 */;
CREATE TABLE `ticket_states_user_links` (
  `id` int(10) unsigned NOT NULL AUTO_INCREMENT,
  `ticket_state_id` int(10) unsigned DEFAULT NULL,
  `user_id` int(10) unsigned DEFAULT NULL,
  PRIMARY KEY (`id`),
  UNIQUE KEY `ticket_states_user_links_unique` (`ticket_state_id`,`user_id`),
  KEY `ticket_states_user_links_fk` (`ticket_state_id`),
  KEY `ticket_states_user_links_inv_fk` (`user_id`),
  CONSTRAINT `ticket_states_user_links_fk` FOREIGN KEY (`ticket_state_id`) REFERENCES `ticket_states` (`id`) ON DELETE CASCADE,
  CONSTRAINT `ticket_states_user_links_inv_fk` FOREIGN KEY (`user_id`) REFERENCES `up_users` (`id`) ON DELETE CASCADE
) ENGINE=InnoDB AUTO_INCREMENT=464 DEFAULT CHARSET=utf8mb3 COLLATE=utf8mb3_general_ci;
/*!40101 SET character_set_client = @saved_cs_client */;

--
-- Dumping data for table `ticket_states_user_links`
--

LOCK TABLES `ticket_states_user_links` WRITE;
/*!40000 ALTER TABLE `ticket_states_user_links` DISABLE KEYS */;
INSERT INTO `ticket_states_user_links` VALUES (232,399,1),(233,400,1),(234,401,1),(236,404,1),(239,407,1),(240,411,1),(241,412,1),(242,413,1),(243,414,1),(244,415,1),(245,416,1),(246,417,71),(247,418,1),(248,419,1),(249,420,1),(250,421,1),(251,422,72),(252,423,72),(253,424,75),(254,427,73),(255,428,73),(256,429,73),(257,430,73),(258,431,75),(259,432,1),(260,434,1),(262,435,1),(261,436,1),(263,437,1),(264,439,1),(265,440,1),(266,441,1),(267,443,1),(268,444,1),(269,445,1),(270,446,1),(271,447,1),(272,449,73),(273,450,73),(274,451,73),(275,452,73),(276,453,72),(277,455,1),(279,457,1),(280,458,1),(281,461,1),(282,464,1),(283,467,1),(284,468,1),(285,475,1),(286,476,1),(287,477,1),(288,479,1),(290,482,1),(296,488,1),(297,489,1),(298,490,1),(299,491,1),(300,492,79),(301,494,1),(302,495,1),(303,496,1),(304,497,1),(305,501,1),(306,502,1),(308,505,1),(309,506,1),(310,507,1),(312,509,1),(313,510,1),(314,511,1),(315,515,1),(316,516,1),(317,518,1),(318,520,1),(319,521,1),(320,522,1),(321,524,1),(322,525,1),(323,527,1),(324,528,1),(325,530,1),(326,531,1),(327,532,1),(328,533,1),(329,534,1),(330,535,79),(331,536,79),(332,537,1),(333,539,1),(334,540,1),(335,541,1),(336,542,79),(337,543,79),(338,545,1),(339,546,1),(340,547,1),(341,548,79),(342,550,1),(343,551,1),(344,552,1),(345,555,1),(346,556,1),(347,557,1),(348,558,1),(349,559,1),(350,560,79),(351,561,79),(352,562,1),(353,563,1),(354,564,79),(355,565,79),(356,567,1),(357,568,1),(358,569,1),(359,570,1),(360,573,1),(361,574,1),(362,575,1),(363,576,1),(364,577,1),(365,578,1),(366,579,1),(367,580,1),(368,581,1),(369,583,1),(371,585,1),(372,587,1),(373,588,1),(374,589,1),(375,590,1),(376,591,1),(377,592,79),(378,593,79),(379,594,1),(380,595,1),(381,597,1),(382,598,1),(383,599,1),(384,600,72),(385,601,72),(386,603,1),(388,605,1),(389,607,1),(390,608,1),(391,609,1),(392,610,72),(393,611,72),(394,621,1),(395,622,84),(396,623,1),(397,624,1),(398,625,84),(399,626,1),(400,627,1),(401,628,1),(402,629,1),(403,630,1),(404,631,1),(405,632,1),(406,633,1),(407,634,1),(408,635,1),(409,636,1),(410,637,1),(411,638,1),(414,643,74),(416,646,1),(417,647,1),(418,649,1),(419,651,1),(420,652,1),(421,653,1),(422,654,78),(423,655,78),(424,656,73),(425,657,73),(426,659,73),(427,660,73),(428,661,73),(429,662,75),(430,663,75),(431,664,73),(432,665,78),(433,666,1),(434,677,1),(435,678,1),(436,679,1),(437,680,1),(438,681,1),(439,682,1),(440,683,1),(441,684,1),(442,685,1),(443,686,1),(444,687,1),(445,688,1),(446,689,1),(447,690,1),(448,691,1),(449,692,1),(450,693,1),(451,694,1),(452,695,1),(453,696,1),(454,697,1),(455,698,1),(456,699,1),(457,700,1),(458,701,1),(459,702,1),(460,703,1),(461,704,1),(462,705,1),(463,706,1);
/*!40000 ALTER TABLE `ticket_states_user_links` ENABLE KEYS */;
UNLOCK TABLES;

--
-- Table structure for table `tickets`
--

DROP TABLE IF EXISTS `tickets`;
/*!40101 SET @saved_cs_client     = @@character_set_client */;
/*!50503 SET character_set_client = utf8mb4 */;
CREATE TABLE `tickets` (
  `id` int(10) unsigned NOT NULL AUTO_INCREMENT,
  `description` longtext DEFAULT NULL,
  `address` varchar(255) DEFAULT NULL,
  `firstname` varchar(255) DEFAULT NULL,
  `lastname` varchar(255) DEFAULT NULL,
  `email` varchar(255) DEFAULT NULL,
  `phone` varchar(255) DEFAULT NULL,
  `state` varchar(255) DEFAULT NULL,
  `name` varchar(255) DEFAULT NULL,
  `ref` varchar(255) DEFAULT NULL,
  `city` varchar(255) DEFAULT NULL,
  `zip_code` varchar(255) DEFAULT NULL,
  `date_assigned` date DEFAULT NULL,
  `location` varchar(255) DEFAULT NULL,
  `duplicate` bigint(20) DEFAULT NULL,
  `date_closed` date DEFAULT NULL,
  `created_at` datetime(6) DEFAULT NULL,
  `updated_at` datetime(6) DEFAULT NULL,
  `created_by_id` int(10) unsigned DEFAULT NULL,
  `updated_by_id` int(10) unsigned DEFAULT NULL,
  `origine` varchar(255) DEFAULT NULL,
  `empty` varchar(255) DEFAULT NULL,
  `is_duplicate` tinyint(1) DEFAULT NULL,
  `request_type` varchar(255) DEFAULT NULL,
  `nature` varchar(255) DEFAULT NULL,
  `send_target` varchar(255) DEFAULT NULL,
  `unsubscribe` tinyint(1) DEFAULT NULL,
  PRIMARY KEY (`id`),
  KEY `tickets_created_by_id_fk` (`created_by_id`),
  KEY `tickets_updated_by_id_fk` (`updated_by_id`),
  CONSTRAINT `tickets_created_by_id_fk` FOREIGN KEY (`created_by_id`) REFERENCES `admin_users` (`id`) ON DELETE SET NULL,
  CONSTRAINT `tickets_updated_by_id_fk` FOREIGN KEY (`updated_by_id`) REFERENCES `admin_users` (`id`) ON DELETE SET NULL
) ENGINE=InnoDB AUTO_INCREMENT=236 DEFAULT CHARSET=utf8mb3 COLLATE=utf8mb3_general_ci;
/*!40101 SET character_set_client = @saved_cs_client */;

--
-- Dumping data for table `tickets`
--

LOCK TABLES `tickets` WRITE;
/*!40000 ALTER TABLE `tickets` DISABLE KEYS */;
INSERT INTO `tickets` VALUES (208,'Bruit permanent au 6ème étage','Rue de la copro','DECLARANT','Fred','fredericfas@hotmail.com','0659037455',NULL,'Signalement initial',NULL,'MARSEILLE','13002',NULL,'empty',NULL,NULL,'2024-06-07 20:24:46.782000','2024-06-07 20:27:26.359000',NULL,NULL,'QRCode',NULL,0,'Je signale','Sonore','gestionnaires',0),(209,'Il y a du bruit sur le pallier. Le voisin fait des travaux tard le soir','Rue de la copro','DECLARANT 2','Fred','lorgeoux.famille@gmail.com','0659037455',NULL,'Signalement initial',NULL,'MARSEILLE','13002',NULL,'empty',NULL,NULL,'2024-06-07 20:42:06.141000','2024-06-28 11:26:59.363000',NULL,NULL,'QRCode',NULL,0,'Je signale','Environnementale',NULL,0),(210,'Portes automatiques tagées','Rue de la copro','LORGEOUX','Frédéric','fredericfas@hotmail.com','0659037455',NULL,'Signalement initial',NULL,'MARSEILLE','13002',NULL,'empty',NULL,NULL,'2024-06-10 14:06:53.436000','2024-06-10 14:07:23.109000',NULL,NULL,'QRCode',NULL,0,'Je signale','Portes automatiques ou portes motorisées','gestionnaires',0),(211,'Conférence ','Avenue des clients','LUMBROSO','Patrick','patrick@pointpica.fr','0680343938',NULL,'Signalement initial',NULL,'MARSEILLE','13002',NULL,'BNI',NULL,NULL,'2024-06-11 06:38:14.543000','2024-06-11 06:38:14.543000',NULL,NULL,'QRCode',NULL,0,'Je signale','Sonore',NULL,0),(212,'Punaise de lit','Avenue des clients','Pioche','Laurence ','Laurence@finecocott.fr','0661718183',NULL,'Signalement initial',NULL,'MARSEILLE','13002',NULL,'BNI',NULL,NULL,'2024-06-11 06:38:32.723000','2024-06-11 06:38:32.723000',NULL,NULL,'QRCode',NULL,0,'Je signale','Visuelle',NULL,0),(213,'Vitre cassée ','Avenue des clients','Monier','Jeremy','jeremy.ovalieouvertures@gmail.com','0659863532',NULL,'Signalement initial',NULL,'MARSEILLE','13002',NULL,'BNI',NULL,NULL,'2024-06-11 06:38:42.782000','2024-06-11 06:38:42.782000',NULL,NULL,'QRCode',NULL,0,'Je signale','Bris de glace',NULL,0),(214,'Dégât des eaux partie commune ','Avenue des clients','La PERNA ','Christopher ','chris.loic@hotmail.fr','0666899394',NULL,'Signalement initial',NULL,'MARSEILLE','13002',NULL,'BNI',NULL,NULL,'2024-06-11 06:38:49.404000','2024-06-11 06:38:49.404000',NULL,NULL,'QRCode',NULL,0,'Je signale','Dégats des eaux',NULL,0),(215,'Test ','Avenue des clients','Borrelli','Flavio','flavioborrelli@hotmail.com','0769583150',NULL,'Signalement initial',NULL,'MARSEILLE','13002',NULL,'BNI',NULL,NULL,'2024-06-11 06:38:55.834000','2024-06-11 06:38:55.834000',NULL,NULL,'QRCode',NULL,0,'Je signale','Autre',NULL,0),(216,'Coucou Fred!','Avenue des clients','CAVANNE','Philippe','p.cavanne@page-conseils.fr','0602712531',NULL,'Signalement initial',NULL,'MARSEILLE','13002',NULL,'BNI',NULL,NULL,'2024-06-11 06:40:07.702000','2024-06-11 06:40:07.702000',NULL,NULL,'QRCode',NULL,0,'Je signale','Bien',NULL,0),(217,'Heeeeey','Avenue des clients','Ripoll','Romain ','Romain.conseilpatrimoine@outlook.fr','0650551818',NULL,'Signalement initial',NULL,'MARSEILLE','13002',NULL,'BNI',NULL,NULL,'2024-06-11 06:40:13.986000','2024-06-11 06:40:13.986000',NULL,NULL,'QRCode',NULL,0,'Je signale','Visuelle',NULL,0),(218,'Temps de réception appel interphone trop long ','Avenue des clients','Matéo ','Nathalie ','thalie.papeterie@orange.fr','0660532319',NULL,'Signalement initial',NULL,'MARSEILLE','13002',NULL,'BNI',NULL,NULL,'2024-06-11 06:40:15.099000','2024-06-11 06:40:15.099000',NULL,NULL,'QRCode',NULL,0,'Je signale','Sonore',NULL,0),(219,'Bravo pour l’application ','Avenue des clients','ARGEMI','Dominique','dominique.argemi@proviridis.fr','0484492057',NULL,'Signalement initial',NULL,'MARSEILLE','13002',NULL,'BNI',NULL,NULL,'2024-06-11 06:41:06.152000','2024-06-11 06:41:06.152000',NULL,NULL,'QRCode',NULL,0,'Je signale','Immeuble',NULL,0),(221,'Le Lorem Ipsum est simplement du faux texte employé dans la composition et la mise en page avant impression. Le Lorem Ipsum est le faux texte standard de l\'imprimerie depuis les années 1500','Avenue des clients','Morad','LABRID','labrid.morad@hotmail.com','0690909090',NULL,'Signalement initial',NULL,'MARSEILLE','13002',NULL,'',NULL,NULL,'2024-06-14 11:35:55.580000','2024-06-28 07:34:40.679000',NULL,NULL,'Téléphone',NULL,0,'Je signale','Immeuble',NULL,0),(222,'Ceci est un test','Avenue de l\'AG','Auto','Remplissage','renaud@astrallys.com','0123456789',NULL,'Signalement initial',NULL,'AUBAGNE','13400',NULL,'',NULL,NULL,'2024-06-17 14:47:41.569000','2024-06-17 14:47:41.569000',NULL,NULL,'Téléphone',NULL,0,'Je demande','',NULL,0),(223,'','Rue de la copro','Auto','Complete','renaud@astrallys.com','0123456789',NULL,'Signalement initial',NULL,'MARSEILLE','13002',NULL,'',NULL,NULL,'2024-06-18 09:39:40.440000','2024-06-21 11:43:13.560000',NULL,NULL,'Téléphone',NULL,0,'Je signale','Ascenseurs','gestionnaires',0),(224,'Demo','Rue de la copro','P','E','contact.dynedoc@gmail.com','0972224533',NULL,'Signalement initial',NULL,'MARSEILLE','13002',NULL,'empty',NULL,NULL,'2024-06-20 07:31:05.938000','2024-06-21 11:56:49.483000',NULL,NULL,'QRCode',NULL,0,'Je signale','Ascenseurs','gestionnaires',0),(225,'Ceci est une déclaration','Rue du Syndic','LORGEOUX','Frédéric','fredericfas@hotmail.com','0659037455',NULL,'Signalement initial',NULL,'LA CIOTAT','13600',NULL,'empty',NULL,NULL,'2024-06-21 11:58:48.310000','2024-06-21 11:59:18.637000',NULL,NULL,'QRCode',NULL,0,'Je signale','Eclairage de sécurité ( balisage évacuation, éclairage de secours, etc...) ','gestionnaires',0),(226,'Mon voisin fait trop de bruit ','Avenue des clients','Pioche ','Laurence ','Laurence@finecocott.fr','0661718183',NULL,'Je relance',NULL,'MARSEILLE','13002',NULL,'BNI',NULL,NULL,'2024-07-02 06:05:56.803000','2024-07-02 06:05:56.803000',NULL,NULL,'QRCode',NULL,0,'Je signale','Sonore',NULL,0),(227,'Azertyuiop','Avenue des clients','LUMBROSO','Patrick','patrick@pointpica.fr','0680343938',NULL,'Signalement initial',NULL,'MARSEILLE','13002',NULL,'BNI',NULL,NULL,'2024-07-02 06:06:06.440000','2024-07-02 06:06:06.440000',NULL,NULL,'QRCode',NULL,0,'Je signale','Olfactive',NULL,0),(228,'Changement de menuiseries ','Avenue des clients','Monier ','Jeremy','jeremy.ovalieouvertures@gmail.com','0659863532',NULL,'Demande initiale',NULL,'MARSEILLE','13002',NULL,'BNI',NULL,NULL,'2024-07-02 06:06:17.209000','2024-07-02 06:06:17.209000',NULL,NULL,'QRCode',NULL,0,'Je demande','',NULL,0),(229,'Coucou','Avenue des clients','Uzan','Mika','mjuzan@gmail.com','0667883155',NULL,'Signalement initial',NULL,'MARSEILLE','13002',NULL,'BNI',NULL,NULL,'2024-07-02 06:06:21.206000','2024-07-02 06:06:21.206000',NULL,NULL,'QRCode',NULL,0,'Je signale','Interphone',NULL,0),(230,'teste','Avenue des clients','Fallot','Axel','axelfallot@hotmail.com','0622740551',NULL,'Demande initiale',NULL,'MARSEILLE','13002',NULL,'BNI',NULL,NULL,'2024-07-02 06:06:34.904000','2024-07-02 06:06:34.904000',NULL,NULL,'QRCode',NULL,0,'Je demande','',NULL,0),(231,'Xxxxx','Avenue des clients','CHARRAIRE','Bruno','bcharraire@gmail.com','0662071239',NULL,'Demande initiale',NULL,'MARSEILLE','13002',NULL,'BNI',NULL,NULL,'2024-07-02 06:06:48.457000','2024-07-02 06:06:48.457000',NULL,NULL,'QRCode',NULL,0,'Je demande','',NULL,0),(232,'Ccccjjfi','Avenue des clients','Ciccone','Helene','helene.arana@orange.fr','0616779263',NULL,'Demande initiale',NULL,'MARSEILLE','13002',NULL,'BNI',NULL,NULL,'2024-07-02 06:07:05.941000','2024-07-02 06:07:05.941000',NULL,NULL,'QRCode',NULL,0,'Je demande','',NULL,0),(233,'Test ','Avenue des clients','Borrelli','Flavio','flavioborrelli@hotmail.com','0769583150',NULL,'Je relance',NULL,'MARSEILLE','13002',NULL,'BNI',NULL,NULL,'2024-07-02 06:07:08.587000','2024-07-02 06:07:08.587000',NULL,NULL,'QRCode',NULL,0,'Je signale','Tag',NULL,0),(234,'Test','Avenue des clients','Gozlan','Remi','fashi0n@hotmail.com','0616937372',NULL,'Demande initiale',NULL,'MARSEILLE','13002',NULL,'BNI',NULL,NULL,'2024-07-02 06:07:58.200000','2024-07-02 06:07:58.200000',NULL,NULL,'QRCode',NULL,0,'Je demande','',NULL,0),(235,'Cédric Monteiro \nCythia paradis / gestionnaire de copro\n06 73 82 85 40','Avenue des clients','Marzullo','Jérémy','jeremy.marzullo@gmail.com','0632266617',NULL,'Signalement initial',NULL,'MARSEILLE','13002',NULL,'BNI',NULL,NULL,'2024-07-02 06:08:10.600000','2024-07-02 06:08:10.600000',NULL,NULL,'QRCode',NULL,0,'Je demande','',NULL,0);
/*!40000 ALTER TABLE `tickets` ENABLE KEYS */;
UNLOCK TABLES;

--
-- Table structure for table `tickets_agency_links`
--

DROP TABLE IF EXISTS `tickets_agency_links`;
/*!40101 SET @saved_cs_client     = @@character_set_client */;
/*!50503 SET character_set_client = utf8mb4 */;
CREATE TABLE `tickets_agency_links` (
  `id` int(10) unsigned NOT NULL AUTO_INCREMENT,
  `ticket_id` int(10) unsigned DEFAULT NULL,
  `agency_id` int(10) unsigned DEFAULT NULL,
  `ticket_order` int(10) unsigned DEFAULT NULL,
  PRIMARY KEY (`id`),
  UNIQUE KEY `tickets_agency_links_unique` (`ticket_id`,`agency_id`),
  KEY `tickets_agency_links_fk` (`ticket_id`),
  KEY `tickets_agency_links_inv_fk` (`agency_id`),
  KEY `tickets_agency_links_order_inv_fk` (`ticket_order`),
  CONSTRAINT `tickets_agency_links_fk` FOREIGN KEY (`ticket_id`) REFERENCES `tickets` (`id`) ON DELETE CASCADE,
  CONSTRAINT `tickets_agency_links_inv_fk` FOREIGN KEY (`agency_id`) REFERENCES `agencies` (`id`) ON DELETE CASCADE
) ENGINE=InnoDB AUTO_INCREMENT=232 DEFAULT CHARSET=utf8mb3 COLLATE=utf8mb3_general_ci;
/*!40101 SET character_set_client = @saved_cs_client */;

--
-- Dumping data for table `tickets_agency_links`
--

LOCK TABLES `tickets_agency_links` WRITE;
/*!40000 ALTER TABLE `tickets_agency_links` DISABLE KEYS */;
INSERT INTO `tickets_agency_links` VALUES (204,208,35,1),(205,209,35,2),(206,210,35,3),(207,211,36,1),(208,212,36,2),(209,213,36,3),(210,214,36,4),(211,215,36,5),(212,216,36,6),(213,217,36,7),(214,218,36,8),(215,219,36,9),(217,221,36,10),(218,222,35,4),(219,223,35,5),(220,224,35,6),(221,225,35,7),(222,226,36,11),(223,227,36,12),(224,228,36,13),(225,229,36,14),(226,230,36,15),(227,231,36,16),(228,232,36,17),(229,233,36,18),(230,234,36,19),(231,235,36,20);
/*!40000 ALTER TABLE `tickets_agency_links` ENABLE KEYS */;
UNLOCK TABLES;

--
-- Table structure for table `tickets_categories_links`
--

DROP TABLE IF EXISTS `tickets_categories_links`;
/*!40101 SET @saved_cs_client     = @@character_set_client */;
/*!50503 SET character_set_client = utf8mb4 */;
CREATE TABLE `tickets_categories_links` (
  `id` int(10) unsigned NOT NULL AUTO_INCREMENT,
  `ticket_id` int(10) unsigned DEFAULT NULL,
  `category_id` int(10) unsigned DEFAULT NULL,
  PRIMARY KEY (`id`),
  UNIQUE KEY `tickets_categories_links_unique` (`ticket_id`,`category_id`),
  KEY `tickets_categories_links_fk` (`ticket_id`),
  KEY `tickets_categories_links_inv_fk` (`category_id`),
  CONSTRAINT `tickets_categories_links_fk` FOREIGN KEY (`ticket_id`) REFERENCES `tickets` (`id`) ON DELETE CASCADE,
  CONSTRAINT `tickets_categories_links_inv_fk` FOREIGN KEY (`category_id`) REFERENCES `categories` (`id`) ON DELETE CASCADE
) ENGINE=InnoDB AUTO_INCREMENT=233 DEFAULT CHARSET=utf8mb3 COLLATE=utf8mb3_general_ci;
/*!40101 SET character_set_client = @saved_cs_client */;

--
-- Dumping data for table `tickets_categories_links`
--

LOCK TABLES `tickets_categories_links` WRITE;
/*!40000 ALTER TABLE `tickets_categories_links` DISABLE KEYS */;
INSERT INTO `tickets_categories_links` VALUES (205,208,10),(206,209,10),(207,210,12),(208,211,10),(209,212,10),(210,213,16),(211,214,13),(212,215,12),(213,216,17),(214,217,10),(215,218,10),(216,219,17),(218,221,17),(219,222,15),(220,223,11),(221,224,11),(222,225,11),(223,226,10),(224,227,10),(225,228,15),(226,229,11),(227,230,4),(228,231,15),(229,232,2),(230,233,16),(231,234,1),(232,235,1);
/*!40000 ALTER TABLE `tickets_categories_links` ENABLE KEYS */;
UNLOCK TABLES;

--
-- Table structure for table `tickets_duplicata_of_links`
--

DROP TABLE IF EXISTS `tickets_duplicata_of_links`;
/*!40101 SET @saved_cs_client     = @@character_set_client */;
/*!50503 SET character_set_client = utf8mb4 */;
CREATE TABLE `tickets_duplicata_of_links` (
  `id` int(10) unsigned NOT NULL AUTO_INCREMENT,
  `ticket_id` int(10) unsigned DEFAULT NULL,
  `inv_ticket_id` int(10) unsigned DEFAULT NULL,
  `ticket_order` int(10) unsigned DEFAULT NULL,
  PRIMARY KEY (`id`),
  UNIQUE KEY `tickets_duplicata_of_links_unique` (`ticket_id`,`inv_ticket_id`),
  KEY `tickets_duplicata_of_links_fk` (`ticket_id`),
  KEY `tickets_duplicata_of_links_inv_fk` (`inv_ticket_id`),
  KEY `tickets_duplicata_of_links_order_inv_fk` (`ticket_order`),
  CONSTRAINT `tickets_duplicata_of_links_fk` FOREIGN KEY (`ticket_id`) REFERENCES `tickets` (`id`) ON DELETE CASCADE,
  CONSTRAINT `tickets_duplicata_of_links_inv_fk` FOREIGN KEY (`inv_ticket_id`) REFERENCES `tickets` (`id`) ON DELETE CASCADE
) ENGINE=InnoDB AUTO_INCREMENT=70 DEFAULT CHARSET=utf8mb3 COLLATE=utf8mb3_general_ci;
/*!40101 SET character_set_client = @saved_cs_client */;

--
-- Dumping data for table `tickets_duplicata_of_links`
--

LOCK TABLES `tickets_duplicata_of_links` WRITE;
/*!40000 ALTER TABLE `tickets_duplicata_of_links` DISABLE KEYS */;
/*!40000 ALTER TABLE `tickets_duplicata_of_links` ENABLE KEYS */;
UNLOCK TABLES;

--
-- Table structure for table `tickets_individuals_links`
--

DROP TABLE IF EXISTS `tickets_individuals_links`;
/*!40101 SET @saved_cs_client     = @@character_set_client */;
/*!50503 SET character_set_client = utf8mb4 */;
CREATE TABLE `tickets_individuals_links` (
  `id` int(10) unsigned NOT NULL AUTO_INCREMENT,
  `ticket_id` int(10) unsigned DEFAULT NULL,
  `individual_id` int(10) unsigned DEFAULT NULL,
  `individual_order` int(10) unsigned DEFAULT NULL,
  PRIMARY KEY (`id`),
  UNIQUE KEY `tickets_individuals_links_unique` (`ticket_id`,`individual_id`),
  KEY `tickets_individuals_links_fk` (`ticket_id`),
  KEY `tickets_individuals_links_inv_fk` (`individual_id`),
  KEY `tickets_individuals_links_order_fk` (`individual_order`),
  CONSTRAINT `tickets_individuals_links_fk` FOREIGN KEY (`ticket_id`) REFERENCES `tickets` (`id`) ON DELETE CASCADE,
  CONSTRAINT `tickets_individuals_links_inv_fk` FOREIGN KEY (`individual_id`) REFERENCES `individuals` (`id`) ON DELETE CASCADE
) ENGINE=InnoDB AUTO_INCREMENT=22 DEFAULT CHARSET=utf8mb3 COLLATE=utf8mb3_general_ci;
/*!40101 SET character_set_client = @saved_cs_client */;

--
-- Dumping data for table `tickets_individuals_links`
--

LOCK TABLES `tickets_individuals_links` WRITE;
/*!40000 ALTER TABLE `tickets_individuals_links` DISABLE KEYS */;
INSERT INTO `tickets_individuals_links` VALUES (21,224,36,1);
/*!40000 ALTER TABLE `tickets_individuals_links` ENABLE KEYS */;
UNLOCK TABLES;

--
-- Table structure for table `tickets_managers_links`
--

DROP TABLE IF EXISTS `tickets_managers_links`;
/*!40101 SET @saved_cs_client     = @@character_set_client */;
/*!50503 SET character_set_client = utf8mb4 */;
CREATE TABLE `tickets_managers_links` (
  `id` int(10) unsigned NOT NULL AUTO_INCREMENT,
  `ticket_id` int(10) unsigned DEFAULT NULL,
  `user_id` int(10) unsigned DEFAULT NULL,
  `user_order` int(10) unsigned DEFAULT NULL,
  PRIMARY KEY (`id`),
  UNIQUE KEY `tickets_managers_links_unique` (`ticket_id`,`user_id`),
  KEY `tickets_managers_links_fk` (`ticket_id`),
  KEY `tickets_managers_links_inv_fk` (`user_id`),
  KEY `tickets_managers_links_order_fk` (`user_order`),
  CONSTRAINT `tickets_managers_links_fk` FOREIGN KEY (`ticket_id`) REFERENCES `tickets` (`id`) ON DELETE CASCADE,
  CONSTRAINT `tickets_managers_links_inv_fk` FOREIGN KEY (`user_id`) REFERENCES `up_users` (`id`) ON DELETE CASCADE
) ENGINE=InnoDB AUTO_INCREMENT=147 DEFAULT CHARSET=utf8mb3 COLLATE=utf8mb3_general_ci;
/*!40101 SET character_set_client = @saved_cs_client */;

--
-- Dumping data for table `tickets_managers_links`
--

LOCK TABLES `tickets_managers_links` WRITE;
/*!40000 ALTER TABLE `tickets_managers_links` DISABLE KEYS */;
INSERT INTO `tickets_managers_links` VALUES (141,208,72,0),(142,210,79,0),(143,210,72,0),(144,224,72,0),(145,223,72,0),(146,225,75,1);
/*!40000 ALTER TABLE `tickets_managers_links` ENABLE KEYS */;
UNLOCK TABLES;

--
-- Table structure for table `tickets_other_stage_links`
--

DROP TABLE IF EXISTS `tickets_other_stage_links`;
/*!40101 SET @saved_cs_client     = @@character_set_client */;
/*!50503 SET character_set_client = utf8mb4 */;
CREATE TABLE `tickets_other_stage_links` (
  `id` int(10) unsigned NOT NULL AUTO_INCREMENT,
  `ticket_id` int(10) unsigned DEFAULT NULL,
  `stage_id` int(10) unsigned DEFAULT NULL,
  PRIMARY KEY (`id`),
  UNIQUE KEY `tickets_other_stage_links_unique` (`ticket_id`,`stage_id`),
  KEY `tickets_other_stage_links_fk` (`ticket_id`),
  KEY `tickets_other_stage_links_inv_fk` (`stage_id`),
  CONSTRAINT `tickets_other_stage_links_fk` FOREIGN KEY (`ticket_id`) REFERENCES `tickets` (`id`) ON DELETE CASCADE,
  CONSTRAINT `tickets_other_stage_links_inv_fk` FOREIGN KEY (`stage_id`) REFERENCES `stages` (`id`) ON DELETE CASCADE
) ENGINE=InnoDB AUTO_INCREMENT=228 DEFAULT CHARSET=utf8mb3 COLLATE=utf8mb3_general_ci;
/*!40101 SET character_set_client = @saved_cs_client */;

--
-- Dumping data for table `tickets_other_stage_links`
--

LOCK TABLES `tickets_other_stage_links` WRITE;
/*!40000 ALTER TABLE `tickets_other_stage_links` DISABLE KEYS */;
INSERT INTO `tickets_other_stage_links` VALUES (200,208,16),(201,209,17),(202,210,13),(203,211,11),(204,212,12),(205,213,11),(206,214,11),(207,215,12),(208,216,11),(209,217,11),(210,218,11),(211,219,11),(213,221,11),(214,222,15),(215,223,12),(216,224,15),(217,225,16),(218,226,11),(219,227,11),(220,228,11),(221,229,11),(222,230,12),(223,231,11),(224,232,12),(225,233,11),(226,234,11),(227,235,11);
/*!40000 ALTER TABLE `tickets_other_stage_links` ENABLE KEYS */;
UNLOCK TABLES;

--
-- Table structure for table `tickets_priority_links`
--

DROP TABLE IF EXISTS `tickets_priority_links`;
/*!40101 SET @saved_cs_client     = @@character_set_client */;
/*!50503 SET character_set_client = utf8mb4 */;
CREATE TABLE `tickets_priority_links` (
  `id` int(10) unsigned NOT NULL AUTO_INCREMENT,
  `ticket_id` int(10) unsigned DEFAULT NULL,
  `priority_id` int(10) unsigned DEFAULT NULL,
  PRIMARY KEY (`id`),
  UNIQUE KEY `tickets_priority_links_unique` (`ticket_id`,`priority_id`),
  KEY `tickets_priority_links_fk` (`ticket_id`),
  KEY `tickets_priority_links_inv_fk` (`priority_id`),
  CONSTRAINT `tickets_priority_links_fk` FOREIGN KEY (`ticket_id`) REFERENCES `tickets` (`id`) ON DELETE CASCADE,
  CONSTRAINT `tickets_priority_links_inv_fk` FOREIGN KEY (`priority_id`) REFERENCES `priorities` (`id`) ON DELETE CASCADE
) ENGINE=InnoDB AUTO_INCREMENT=238 DEFAULT CHARSET=utf8mb3 COLLATE=utf8mb3_general_ci;
/*!40101 SET character_set_client = @saved_cs_client */;

--
-- Dumping data for table `tickets_priority_links`
--

LOCK TABLES `tickets_priority_links` WRITE;
/*!40000 ALTER TABLE `tickets_priority_links` DISABLE KEYS */;
INSERT INTO `tickets_priority_links` VALUES (210,208,3),(211,209,3),(212,210,3),(213,211,3),(214,212,1),(215,213,3),(216,214,1),(217,215,1),(218,216,3),(219,217,2),(220,218,3),(221,219,1),(223,221,1),(224,222,1),(225,223,2),(226,224,2),(227,225,2),(228,226,1),(229,227,1),(230,228,1),(231,229,2),(232,230,2),(233,231,1),(234,232,3),(235,233,3),(236,234,1),(237,235,2);
/*!40000 ALTER TABLE `tickets_priority_links` ENABLE KEYS */;
UNLOCK TABLES;

--
-- Table structure for table `tickets_property_links`
--

DROP TABLE IF EXISTS `tickets_property_links`;
/*!40101 SET @saved_cs_client     = @@character_set_client */;
/*!50503 SET character_set_client = utf8mb4 */;
CREATE TABLE `tickets_property_links` (
  `id` int(10) unsigned NOT NULL AUTO_INCREMENT,
  `ticket_id` int(10) unsigned DEFAULT NULL,
  `property_id` int(10) unsigned DEFAULT NULL,
  `ticket_order` int(10) unsigned DEFAULT NULL,
  PRIMARY KEY (`id`),
  UNIQUE KEY `tickets_property_links_unique` (`ticket_id`,`property_id`),
  KEY `tickets_property_links_fk` (`ticket_id`),
  KEY `tickets_property_links_inv_fk` (`property_id`),
  KEY `tickets_property_links_order_inv_fk` (`ticket_order`),
  CONSTRAINT `tickets_property_links_fk` FOREIGN KEY (`ticket_id`) REFERENCES `tickets` (`id`) ON DELETE CASCADE,
  CONSTRAINT `tickets_property_links_inv_fk` FOREIGN KEY (`property_id`) REFERENCES `properties` (`id`) ON DELETE CASCADE
) ENGINE=InnoDB AUTO_INCREMENT=233 DEFAULT CHARSET=utf8mb3 COLLATE=utf8mb3_general_ci;
/*!40101 SET character_set_client = @saved_cs_client */;

--
-- Dumping data for table `tickets_property_links`
--

LOCK TABLES `tickets_property_links` WRITE;
/*!40000 ALTER TABLE `tickets_property_links` DISABLE KEYS */;
INSERT INTO `tickets_property_links` VALUES (205,208,26,1),(206,209,26,2),(207,210,26,3),(208,211,29,1),(209,212,29,2),(210,213,29,3),(211,214,29,4),(212,215,29,5),(213,216,29,6),(214,217,29,7),(215,218,29,8),(216,219,29,9),(218,221,29,10),(219,222,27,1),(220,223,26,4),(221,224,26,5),(222,225,28,1),(223,226,29,11),(224,227,29,12),(225,228,29,13),(226,229,29,14),(227,230,29,15),(228,231,29,16),(229,232,29,17),(230,233,29,18),(231,234,29,19),(232,235,29,20);
/*!40000 ALTER TABLE `tickets_property_links` ENABLE KEYS */;
UNLOCK TABLES;

--
-- Table structure for table `tickets_qr_code_links`
--

DROP TABLE IF EXISTS `tickets_qr_code_links`;
/*!40101 SET @saved_cs_client     = @@character_set_client */;
/*!50503 SET character_set_client = utf8mb4 */;
CREATE TABLE `tickets_qr_code_links` (
  `id` int(10) unsigned NOT NULL AUTO_INCREMENT,
  `ticket_id` int(10) unsigned DEFAULT NULL,
  `qr_code_id` int(10) unsigned DEFAULT NULL,
  PRIMARY KEY (`id`),
  UNIQUE KEY `tickets_qr_code_links_unique` (`ticket_id`,`qr_code_id`),
  KEY `tickets_qr_code_links_fk` (`ticket_id`),
  KEY `tickets_qr_code_links_inv_fk` (`qr_code_id`),
  CONSTRAINT `tickets_qr_code_links_fk` FOREIGN KEY (`ticket_id`) REFERENCES `tickets` (`id`) ON DELETE CASCADE,
  CONSTRAINT `tickets_qr_code_links_inv_fk` FOREIGN KEY (`qr_code_id`) REFERENCES `qr_codes` (`id`) ON DELETE CASCADE
) ENGINE=InnoDB AUTO_INCREMENT=198 DEFAULT CHARSET=utf8mb3 COLLATE=utf8mb3_general_ci;
/*!40101 SET character_set_client = @saved_cs_client */;

--
-- Dumping data for table `tickets_qr_code_links`
--

LOCK TABLES `tickets_qr_code_links` WRITE;
/*!40000 ALTER TABLE `tickets_qr_code_links` DISABLE KEYS */;
INSERT INTO `tickets_qr_code_links` VALUES (174,208,159),(175,209,158),(176,210,158),(177,211,171),(178,212,171),(179,213,171),(180,214,171),(181,215,171),(182,216,171),(183,217,171),(184,218,171),(185,219,171),(186,224,156),(187,225,160),(188,226,171),(189,227,171),(190,228,171),(191,229,171),(192,230,171),(193,231,171),(194,232,171),(195,233,171),(196,234,171),(197,235,171);
/*!40000 ALTER TABLE `tickets_qr_code_links` ENABLE KEYS */;
UNLOCK TABLES;

--
-- Table structure for table `tickets_role_links`
--

DROP TABLE IF EXISTS `tickets_role_links`;
/*!40101 SET @saved_cs_client     = @@character_set_client */;
/*!50503 SET character_set_client = utf8mb4 */;
CREATE TABLE `tickets_role_links` (
  `id` int(10) unsigned NOT NULL AUTO_INCREMENT,
  `ticket_id` int(10) unsigned DEFAULT NULL,
  `issuers_role_id` int(10) unsigned DEFAULT NULL,
  PRIMARY KEY (`id`),
  UNIQUE KEY `tickets_role_links_unique` (`ticket_id`,`issuers_role_id`),
  KEY `tickets_role_links_fk` (`ticket_id`),
  KEY `tickets_role_links_inv_fk` (`issuers_role_id`),
  CONSTRAINT `tickets_role_links_fk` FOREIGN KEY (`ticket_id`) REFERENCES `tickets` (`id`) ON DELETE CASCADE,
  CONSTRAINT `tickets_role_links_inv_fk` FOREIGN KEY (`issuers_role_id`) REFERENCES `issuers_roles` (`id`) ON DELETE CASCADE
) ENGINE=InnoDB AUTO_INCREMENT=239 DEFAULT CHARSET=utf8mb3 COLLATE=utf8mb3_general_ci;
/*!40101 SET character_set_client = @saved_cs_client */;

--
-- Dumping data for table `tickets_role_links`
--

LOCK TABLES `tickets_role_links` WRITE;
/*!40000 ALTER TABLE `tickets_role_links` DISABLE KEYS */;
INSERT INTO `tickets_role_links` VALUES (211,208,1),(212,209,2),(213,210,3),(214,211,2),(215,212,2),(216,213,2),(217,214,3),(218,215,4),(219,216,4),(220,217,3),(221,218,2),(222,219,4),(224,221,1),(225,222,2),(226,223,2),(227,224,3),(228,225,2),(229,226,2),(230,227,2),(231,228,2),(232,229,2),(233,230,2),(234,231,2),(235,232,2),(236,233,4),(237,234,1),(238,235,2);
/*!40000 ALTER TABLE `tickets_role_links` ENABLE KEYS */;
UNLOCK TABLES;

--
-- Table structure for table `tickets_stage_links`
--

DROP TABLE IF EXISTS `tickets_stage_links`;
/*!40101 SET @saved_cs_client     = @@character_set_client */;
/*!50503 SET character_set_client = utf8mb4 */;
CREATE TABLE `tickets_stage_links` (
  `id` int(10) unsigned NOT NULL AUTO_INCREMENT,
  `ticket_id` int(10) unsigned DEFAULT NULL,
  `stage_id` int(10) unsigned DEFAULT NULL,
  PRIMARY KEY (`id`),
  UNIQUE KEY `tickets_stage_links_unique` (`ticket_id`,`stage_id`),
  KEY `tickets_stage_links_fk` (`ticket_id`),
  KEY `tickets_stage_links_inv_fk` (`stage_id`),
  CONSTRAINT `tickets_stage_links_fk` FOREIGN KEY (`ticket_id`) REFERENCES `tickets` (`id`) ON DELETE CASCADE,
  CONSTRAINT `tickets_stage_links_inv_fk` FOREIGN KEY (`stage_id`) REFERENCES `stages` (`id`) ON DELETE CASCADE
) ENGINE=InnoDB AUTO_INCREMENT=232 DEFAULT CHARSET=utf8mb3 COLLATE=utf8mb3_general_ci;
/*!40101 SET character_set_client = @saved_cs_client */;

--
-- Dumping data for table `tickets_stage_links`
--

LOCK TABLES `tickets_stage_links` WRITE;
/*!40000 ALTER TABLE `tickets_stage_links` DISABLE KEYS */;
INSERT INTO `tickets_stage_links` VALUES (204,208,14),(205,209,13),(206,210,13),(207,211,11),(208,212,11),(209,213,11),(210,214,11),(211,215,11),(212,216,11),(213,217,11),(214,218,11),(215,219,11),(217,221,11),(218,222,15),(219,223,12),(220,224,11),(221,225,9),(222,226,11),(223,227,11),(224,228,11),(225,229,11),(226,230,11),(227,231,11),(228,232,11),(229,233,11),(230,234,11),(231,235,11);
/*!40000 ALTER TABLE `tickets_stage_links` ENABLE KEYS */;
UNLOCK TABLES;

--
-- Table structure for table `tickets_ticket_reply_links`
--

DROP TABLE IF EXISTS `tickets_ticket_reply_links`;
/*!40101 SET @saved_cs_client     = @@character_set_client */;
/*!50503 SET character_set_client = utf8mb4 */;
CREATE TABLE `tickets_ticket_reply_links` (
  `id` int(10) unsigned NOT NULL AUTO_INCREMENT,
  `ticket_id` int(10) unsigned DEFAULT NULL,
  `ticket_reply_id` int(10) unsigned DEFAULT NULL,
  PRIMARY KEY (`id`),
  UNIQUE KEY `tickets_ticket_reply_links_unique` (`ticket_id`,`ticket_reply_id`),
  KEY `tickets_ticket_reply_links_fk` (`ticket_id`),
  KEY `tickets_ticket_reply_links_inv_fk` (`ticket_reply_id`),
  CONSTRAINT `tickets_ticket_reply_links_fk` FOREIGN KEY (`ticket_id`) REFERENCES `tickets` (`id`) ON DELETE CASCADE,
  CONSTRAINT `tickets_ticket_reply_links_inv_fk` FOREIGN KEY (`ticket_reply_id`) REFERENCES `ticket_replies` (`id`) ON DELETE CASCADE
) ENGINE=InnoDB AUTO_INCREMENT=59 DEFAULT CHARSET=utf8mb3 COLLATE=utf8mb3_general_ci;
/*!40101 SET character_set_client = @saved_cs_client */;

--
-- Dumping data for table `tickets_ticket_reply_links`
--

LOCK TABLES `tickets_ticket_reply_links` WRITE;
/*!40000 ALTER TABLE `tickets_ticket_reply_links` DISABLE KEYS */;
INSERT INTO `tickets_ticket_reply_links` VALUES (36,208,36),(37,210,37),(38,211,38),(39,212,39),(40,213,40),(41,214,41),(42,215,42),(43,216,43),(44,217,44),(45,218,45),(46,219,46),(47,224,47),(48,225,48),(58,226,58),(57,227,57),(56,228,56),(55,229,55),(54,230,54),(53,231,53),(52,232,52),(51,233,51),(50,234,50),(49,235,49);
/*!40000 ALTER TABLE `tickets_ticket_reply_links` ENABLE KEYS */;
UNLOCK TABLES;

--
-- Table structure for table `tickets_tiers_links`
--

DROP TABLE IF EXISTS `tickets_tiers_links`;
/*!40101 SET @saved_cs_client     = @@character_set_client */;
/*!50503 SET character_set_client = utf8mb4 */;
CREATE TABLE `tickets_tiers_links` (
  `id` int(10) unsigned NOT NULL AUTO_INCREMENT,
  `ticket_id` int(10) unsigned DEFAULT NULL,
  `tier_id` int(10) unsigned DEFAULT NULL,
  `tier_order` int(10) unsigned DEFAULT NULL,
  PRIMARY KEY (`id`),
  UNIQUE KEY `tickets_tiers_links_unique` (`ticket_id`,`tier_id`),
  KEY `tickets_tiers_links_fk` (`ticket_id`),
  KEY `tickets_tiers_links_inv_fk` (`tier_id`),
  KEY `tickets_tiers_links_order_fk` (`tier_order`),
  CONSTRAINT `tickets_tiers_links_fk` FOREIGN KEY (`ticket_id`) REFERENCES `tickets` (`id`) ON DELETE CASCADE,
  CONSTRAINT `tickets_tiers_links_inv_fk` FOREIGN KEY (`tier_id`) REFERENCES `tiers` (`id`) ON DELETE CASCADE
) ENGINE=InnoDB AUTO_INCREMENT=20 DEFAULT CHARSET=utf8mb3 COLLATE=utf8mb3_general_ci;
/*!40101 SET character_set_client = @saved_cs_client */;

--
-- Dumping data for table `tickets_tiers_links`
--

LOCK TABLES `tickets_tiers_links` WRITE;
/*!40000 ALTER TABLE `tickets_tiers_links` DISABLE KEYS */;
/*!40000 ALTER TABLE `tickets_tiers_links` ENABLE KEYS */;
UNLOCK TABLES;

--
-- Table structure for table `tickets_users_permissions_user_links`
--

DROP TABLE IF EXISTS `tickets_users_permissions_user_links`;
/*!40101 SET @saved_cs_client     = @@character_set_client */;
/*!50503 SET character_set_client = utf8mb4 */;
CREATE TABLE `tickets_users_permissions_user_links` (
  `id` int(10) unsigned NOT NULL AUTO_INCREMENT,
  `ticket_id` int(10) unsigned DEFAULT NULL,
  `user_id` int(10) unsigned DEFAULT NULL,
  `ticket_order` int(10) unsigned DEFAULT NULL,
  PRIMARY KEY (`id`),
  UNIQUE KEY `tickets_users_permissions_user_links_unique` (`ticket_id`,`user_id`),
  KEY `tickets_users_permissions_user_links_fk` (`ticket_id`),
  KEY `tickets_users_permissions_user_links_inv_fk` (`user_id`),
  KEY `tickets_users_permissions_user_links_order_inv_fk` (`ticket_order`),
  CONSTRAINT `tickets_users_permissions_user_links_fk` FOREIGN KEY (`ticket_id`) REFERENCES `tickets` (`id`) ON DELETE CASCADE,
  CONSTRAINT `tickets_users_permissions_user_links_inv_fk` FOREIGN KEY (`user_id`) REFERENCES `up_users` (`id`) ON DELETE CASCADE
) ENGINE=InnoDB AUTO_INCREMENT=36 DEFAULT CHARSET=utf8mb3 COLLATE=utf8mb3_general_ci;
/*!40101 SET character_set_client = @saved_cs_client */;

--
-- Dumping data for table `tickets_users_permissions_user_links`
--

LOCK TABLES `tickets_users_permissions_user_links` WRITE;
/*!40000 ALTER TABLE `tickets_users_permissions_user_links` DISABLE KEYS */;
INSERT INTO `tickets_users_permissions_user_links` VALUES (33,221,74,1),(34,222,1,1),(35,223,1,2);
/*!40000 ALTER TABLE `tickets_users_permissions_user_links` ENABLE KEYS */;
UNLOCK TABLES;

--
-- Table structure for table `tier_contract_references`
--

DROP TABLE IF EXISTS `tier_contract_references`;
/*!40101 SET @saved_cs_client     = @@character_set_client */;
/*!50503 SET character_set_client = utf8mb4 */;
CREATE TABLE `tier_contract_references` (
  `id` int(10) unsigned NOT NULL AUTO_INCREMENT,
  `reference` varchar(255) DEFAULT NULL,
  `object` varchar(255) DEFAULT NULL,
  `created_at` datetime(6) DEFAULT NULL,
  `updated_at` datetime(6) DEFAULT NULL,
  `published_at` datetime(6) DEFAULT NULL,
  `created_by_id` int(10) unsigned DEFAULT NULL,
  `updated_by_id` int(10) unsigned DEFAULT NULL,
  PRIMARY KEY (`id`),
  KEY `tier_contract_references_created_by_id_fk` (`created_by_id`),
  KEY `tier_contract_references_updated_by_id_fk` (`updated_by_id`),
  CONSTRAINT `tier_contract_references_created_by_id_fk` FOREIGN KEY (`created_by_id`) REFERENCES `admin_users` (`id`) ON DELETE SET NULL,
  CONSTRAINT `tier_contract_references_updated_by_id_fk` FOREIGN KEY (`updated_by_id`) REFERENCES `admin_users` (`id`) ON DELETE SET NULL
) ENGINE=InnoDB AUTO_INCREMENT=15 DEFAULT CHARSET=utf8mb3 COLLATE=utf8mb3_general_ci;
/*!40101 SET character_set_client = @saved_cs_client */;

--
-- Dumping data for table `tier_contract_references`
--

LOCK TABLES `tier_contract_references` WRITE;
/*!40000 ALTER TABLE `tier_contract_references` DISABLE KEYS */;
/*!40000 ALTER TABLE `tier_contract_references` ENABLE KEYS */;
UNLOCK TABLES;

--
-- Table structure for table `tier_contract_references_tier_contract_links`
--

DROP TABLE IF EXISTS `tier_contract_references_tier_contract_links`;
/*!40101 SET @saved_cs_client     = @@character_set_client */;
/*!50503 SET character_set_client = utf8mb4 */;
CREATE TABLE `tier_contract_references_tier_contract_links` (
  `id` int(10) unsigned NOT NULL AUTO_INCREMENT,
  `tier_contract_reference_id` int(10) unsigned DEFAULT NULL,
  `tier_contract_id` int(10) unsigned DEFAULT NULL,
  `tier_contract_reference_order` int(10) unsigned DEFAULT NULL,
  PRIMARY KEY (`id`),
  UNIQUE KEY `tier_contract_references_tier_contract_links_unique` (`tier_contract_reference_id`,`tier_contract_id`),
  KEY `tier_contract_references_tier_contract_links_fk` (`tier_contract_reference_id`),
  KEY `tier_contract_references_tier_contract_links_inv_fk` (`tier_contract_id`),
  KEY `tier_contract_references_tier_contract_links_order_inv_fk` (`tier_contract_reference_order`),
  CONSTRAINT `tier_contract_references_tier_contract_links_fk` FOREIGN KEY (`tier_contract_reference_id`) REFERENCES `tier_contract_references` (`id`) ON DELETE CASCADE,
  CONSTRAINT `tier_contract_references_tier_contract_links_inv_fk` FOREIGN KEY (`tier_contract_id`) REFERENCES `tier_contracts` (`id`) ON DELETE CASCADE
) ENGINE=InnoDB AUTO_INCREMENT=15 DEFAULT CHARSET=utf8mb3 COLLATE=utf8mb3_general_ci;
/*!40101 SET character_set_client = @saved_cs_client */;

--
-- Dumping data for table `tier_contract_references_tier_contract_links`
--

LOCK TABLES `tier_contract_references_tier_contract_links` WRITE;
/*!40000 ALTER TABLE `tier_contract_references_tier_contract_links` DISABLE KEYS */;
/*!40000 ALTER TABLE `tier_contract_references_tier_contract_links` ENABLE KEYS */;
UNLOCK TABLES;

--
-- Table structure for table `tier_contracts`
--

DROP TABLE IF EXISTS `tier_contracts`;
/*!40101 SET @saved_cs_client     = @@character_set_client */;
/*!50503 SET character_set_client = utf8mb4 */;
CREATE TABLE `tier_contracts` (
  `id` int(10) unsigned NOT NULL AUTO_INCREMENT,
  `name` varchar(255) DEFAULT NULL,
  `email` varchar(255) DEFAULT NULL,
  `phone` bigint(20) DEFAULT NULL,
  `address` varchar(255) DEFAULT NULL,
  `zip_code` varchar(255) DEFAULT NULL,
  `city` varchar(255) DEFAULT NULL,
  `intervention_delay` varchar(255) DEFAULT NULL,
  `manager_firstname` varchar(255) DEFAULT NULL,
  `manager_lastname` varchar(255) DEFAULT NULL,
  `priority_contact` varchar(255) DEFAULT NULL,
  `secondary_contact` varchar(255) DEFAULT NULL,
  `astreinte` tinyint(1) DEFAULT NULL,
  `manager_mail` varchar(255) DEFAULT NULL,
  `manager_phone` bigint(20) DEFAULT NULL,
  `application` varchar(255) DEFAULT NULL,
  `created_at` datetime(6) DEFAULT NULL,
  `updated_at` datetime(6) DEFAULT NULL,
  `published_at` datetime(6) DEFAULT NULL,
  `created_by_id` int(10) unsigned DEFAULT NULL,
  `updated_by_id` int(10) unsigned DEFAULT NULL,
  PRIMARY KEY (`id`),
  KEY `tier_contracts_created_by_id_fk` (`created_by_id`),
  KEY `tier_contracts_updated_by_id_fk` (`updated_by_id`),
  CONSTRAINT `tier_contracts_created_by_id_fk` FOREIGN KEY (`created_by_id`) REFERENCES `admin_users` (`id`) ON DELETE SET NULL,
  CONSTRAINT `tier_contracts_updated_by_id_fk` FOREIGN KEY (`updated_by_id`) REFERENCES `admin_users` (`id`) ON DELETE SET NULL
) ENGINE=InnoDB AUTO_INCREMENT=15 DEFAULT CHARSET=utf8mb3 COLLATE=utf8mb3_general_ci;
/*!40101 SET character_set_client = @saved_cs_client */;

--
-- Dumping data for table `tier_contracts`
--

LOCK TABLES `tier_contracts` WRITE;
/*!40000 ALTER TABLE `tier_contracts` DISABLE KEYS */;
INSERT INTO `tier_contracts` VALUES (14,'ASCENSIONES','roro@hotmail.com',659037455,'171 Bis Chemin de la Madrague-Ville, Marseille, France','13002','Marseille','4h','','','','',0,NULL,NULL,'Ascenseur','2024-05-06 16:24:43.792000','2024-05-06 16:24:43.792000','2024-05-06 16:24:43.694000',NULL,NULL);
/*!40000 ALTER TABLE `tier_contracts` ENABLE KEYS */;
UNLOCK TABLES;

--
-- Table structure for table `tier_contracts_activities_links`
--

DROP TABLE IF EXISTS `tier_contracts_activities_links`;
/*!40101 SET @saved_cs_client     = @@character_set_client */;
/*!50503 SET character_set_client = utf8mb4 */;
CREATE TABLE `tier_contracts_activities_links` (
  `id` int(10) unsigned NOT NULL AUTO_INCREMENT,
  `tier_contract_id` int(10) unsigned DEFAULT NULL,
  `activity_id` int(10) unsigned DEFAULT NULL,
  `activity_order` int(10) unsigned DEFAULT NULL,
  PRIMARY KEY (`id`),
  UNIQUE KEY `tier_contracts_activities_links_unique` (`tier_contract_id`,`activity_id`),
  KEY `tier_contracts_activities_links_fk` (`tier_contract_id`),
  KEY `tier_contracts_activities_links_inv_fk` (`activity_id`),
  KEY `tier_contracts_activities_links_order_fk` (`activity_order`),
  CONSTRAINT `tier_contracts_activities_links_fk` FOREIGN KEY (`tier_contract_id`) REFERENCES `tier_contracts` (`id`) ON DELETE CASCADE,
  CONSTRAINT `tier_contracts_activities_links_inv_fk` FOREIGN KEY (`activity_id`) REFERENCES `activities` (`id`) ON DELETE CASCADE
) ENGINE=InnoDB AUTO_INCREMENT=21 DEFAULT CHARSET=utf8mb3 COLLATE=utf8mb3_general_ci;
/*!40101 SET character_set_client = @saved_cs_client */;

--
-- Dumping data for table `tier_contracts_activities_links`
--

LOCK TABLES `tier_contracts_activities_links` WRITE;
/*!40000 ALTER TABLE `tier_contracts_activities_links` DISABLE KEYS */;
INSERT INTO `tier_contracts_activities_links` VALUES (20,14,4,1);
/*!40000 ALTER TABLE `tier_contracts_activities_links` ENABLE KEYS */;
UNLOCK TABLES;

--
-- Table structure for table `tier_contracts_property_links`
--

DROP TABLE IF EXISTS `tier_contracts_property_links`;
/*!40101 SET @saved_cs_client     = @@character_set_client */;
/*!50503 SET character_set_client = utf8mb4 */;
CREATE TABLE `tier_contracts_property_links` (
  `id` int(10) unsigned NOT NULL AUTO_INCREMENT,
  `tier_contract_id` int(10) unsigned DEFAULT NULL,
  `property_id` int(10) unsigned DEFAULT NULL,
  PRIMARY KEY (`id`),
  UNIQUE KEY `tier_contracts_property_links_unique` (`tier_contract_id`,`property_id`),
  KEY `tier_contracts_property_links_fk` (`tier_contract_id`),
  KEY `tier_contracts_property_links_inv_fk` (`property_id`),
  CONSTRAINT `tier_contracts_property_links_fk` FOREIGN KEY (`tier_contract_id`) REFERENCES `tier_contracts` (`id`) ON DELETE CASCADE,
  CONSTRAINT `tier_contracts_property_links_inv_fk` FOREIGN KEY (`property_id`) REFERENCES `properties` (`id`) ON DELETE CASCADE
) ENGINE=InnoDB AUTO_INCREMENT=13 DEFAULT CHARSET=utf8mb3 COLLATE=utf8mb3_general_ci;
/*!40101 SET character_set_client = @saved_cs_client */;

--
-- Dumping data for table `tier_contracts_property_links`
--

LOCK TABLES `tier_contracts_property_links` WRITE;
/*!40000 ALTER TABLE `tier_contracts_property_links` DISABLE KEYS */;
INSERT INTO `tier_contracts_property_links` VALUES (12,14,27);
/*!40000 ALTER TABLE `tier_contracts_property_links` ENABLE KEYS */;
UNLOCK TABLES;

--
-- Table structure for table `tier_contracts_tier_links`
--

DROP TABLE IF EXISTS `tier_contracts_tier_links`;
/*!40101 SET @saved_cs_client     = @@character_set_client */;
/*!50503 SET character_set_client = utf8mb4 */;
CREATE TABLE `tier_contracts_tier_links` (
  `id` int(10) unsigned NOT NULL AUTO_INCREMENT,
  `tier_contract_id` int(10) unsigned DEFAULT NULL,
  `tier_id` int(10) unsigned DEFAULT NULL,
  PRIMARY KEY (`id`),
  UNIQUE KEY `tier_contracts_tier_links_unique` (`tier_contract_id`,`tier_id`),
  KEY `tier_contracts_tier_links_fk` (`tier_contract_id`),
  KEY `tier_contracts_tier_links_inv_fk` (`tier_id`),
  CONSTRAINT `tier_contracts_tier_links_fk` FOREIGN KEY (`tier_contract_id`) REFERENCES `tier_contracts` (`id`) ON DELETE CASCADE,
  CONSTRAINT `tier_contracts_tier_links_inv_fk` FOREIGN KEY (`tier_id`) REFERENCES `tiers` (`id`) ON DELETE CASCADE
) ENGINE=InnoDB AUTO_INCREMENT=15 DEFAULT CHARSET=utf8mb3 COLLATE=utf8mb3_general_ci;
/*!40101 SET character_set_client = @saved_cs_client */;

--
-- Dumping data for table `tier_contracts_tier_links`
--

LOCK TABLES `tier_contracts_tier_links` WRITE;
/*!40000 ALTER TABLE `tier_contracts_tier_links` DISABLE KEYS */;
INSERT INTO `tier_contracts_tier_links` VALUES (14,14,37);
/*!40000 ALTER TABLE `tier_contracts_tier_links` ENABLE KEYS */;
UNLOCK TABLES;

--
-- Table structure for table `tiers`
--

DROP TABLE IF EXISTS `tiers`;
/*!40101 SET @saved_cs_client     = @@character_set_client */;
/*!50503 SET character_set_client = utf8mb4 */;
CREATE TABLE `tiers` (
  `id` int(10) unsigned NOT NULL AUTO_INCREMENT,
  `name` varchar(255) DEFAULT NULL,
  `created_at` datetime(6) DEFAULT NULL,
  `updated_at` datetime(6) DEFAULT NULL,
  `created_by_id` int(10) unsigned DEFAULT NULL,
  `updated_by_id` int(10) unsigned DEFAULT NULL,
  `address` varchar(255) DEFAULT NULL,
  `siret` varchar(255) DEFAULT NULL,
  `phone` varchar(255) DEFAULT NULL,
  `additional_address` varchar(255) DEFAULT NULL,
  `city` varchar(255) DEFAULT NULL,
  `mail` varchar(255) DEFAULT NULL,
  `zip_code` varchar(255) DEFAULT NULL,
  `tva_number` varchar(255) DEFAULT NULL,
  `from_qrcode` tinyint(1) DEFAULT NULL,
  PRIMARY KEY (`id`),
  KEY `tiers_created_by_id_fk` (`created_by_id`),
  KEY `tiers_updated_by_id_fk` (`updated_by_id`),
  CONSTRAINT `tiers_created_by_id_fk` FOREIGN KEY (`created_by_id`) REFERENCES `admin_users` (`id`) ON DELETE SET NULL,
  CONSTRAINT `tiers_updated_by_id_fk` FOREIGN KEY (`updated_by_id`) REFERENCES `admin_users` (`id`) ON DELETE SET NULL
) ENGINE=InnoDB AUTO_INCREMENT=39 DEFAULT CHARSET=utf8mb3 COLLATE=utf8mb3_general_ci;
/*!40101 SET character_set_client = @saved_cs_client */;

--
-- Dumping data for table `tiers`
--

LOCK TABLES `tiers` WRITE;
/*!40000 ALTER TABLE `tiers` DISABLE KEYS */;
INSERT INTO `tiers` VALUES (37,'PRESTA 2','2024-05-06 15:45:41.102000','2024-06-21 11:42:57.015000',NULL,2,'171 Bis Chemin de la Madrague-Ville, Marseille, France','49515944400019','0659037455','','Marseille','fredlorg+2eouxpresta@gmail.com','13002','',0),(38,'PRESTA 1','2024-06-07 17:55:46.332000','2024-06-07 17:56:33.778000',NULL,2,'Rue de l\'artisan','49515944400019','0491534397','','Marseille','fredlorgeoux+presta1@gmail.com','13010','',0);
/*!40000 ALTER TABLE `tiers` ENABLE KEYS */;
UNLOCK TABLES;

--
-- Table structure for table `tiers_activities_links`
--

DROP TABLE IF EXISTS `tiers_activities_links`;
/*!40101 SET @saved_cs_client     = @@character_set_client */;
/*!50503 SET character_set_client = utf8mb4 */;
CREATE TABLE `tiers_activities_links` (
  `id` int(10) unsigned NOT NULL AUTO_INCREMENT,
  `tier_id` int(10) unsigned DEFAULT NULL,
  `activity_id` int(10) unsigned DEFAULT NULL,
  `activity_order` int(10) unsigned DEFAULT NULL,
  PRIMARY KEY (`id`),
  UNIQUE KEY `tiers_activities_links_unique` (`tier_id`,`activity_id`),
  KEY `tiers_activities_links_fk` (`tier_id`),
  KEY `tiers_activities_links_inv_fk` (`activity_id`),
  KEY `tiers_activities_links_order_fk` (`activity_order`),
  CONSTRAINT `tiers_activities_links_fk` FOREIGN KEY (`tier_id`) REFERENCES `tiers` (`id`) ON DELETE CASCADE,
  CONSTRAINT `tiers_activities_links_inv_fk` FOREIGN KEY (`activity_id`) REFERENCES `activities` (`id`) ON DELETE CASCADE
) ENGINE=InnoDB AUTO_INCREMENT=46 DEFAULT CHARSET=utf8mb3 COLLATE=utf8mb3_general_ci;
/*!40101 SET character_set_client = @saved_cs_client */;

--
-- Dumping data for table `tiers_activities_links`
--

LOCK TABLES `tiers_activities_links` WRITE;
/*!40000 ALTER TABLE `tiers_activities_links` DISABLE KEYS */;
INSERT INTO `tiers_activities_links` VALUES (42,37,4,1),(43,38,1,0);
/*!40000 ALTER TABLE `tiers_activities_links` ENABLE KEYS */;
UNLOCK TABLES;

--
-- Table structure for table `tiers_agencies_links`
--

DROP TABLE IF EXISTS `tiers_agencies_links`;
/*!40101 SET @saved_cs_client     = @@character_set_client */;
/*!50503 SET character_set_client = utf8mb4 */;
CREATE TABLE `tiers_agencies_links` (
  `id` int(10) unsigned NOT NULL AUTO_INCREMENT,
  `tier_id` int(10) unsigned DEFAULT NULL,
  `agency_id` int(10) unsigned DEFAULT NULL,
  `agency_order` int(10) unsigned DEFAULT NULL,
  `tier_order` int(10) unsigned DEFAULT NULL,
  PRIMARY KEY (`id`),
  UNIQUE KEY `tiers_agencies_links_unique` (`tier_id`,`agency_id`),
  KEY `tiers_agencies_links_fk` (`tier_id`),
  KEY `tiers_agencies_links_inv_fk` (`agency_id`),
  KEY `tiers_agencies_links_order_fk` (`agency_order`),
  KEY `tiers_agencies_links_order_inv_fk` (`tier_order`),
  CONSTRAINT `tiers_agencies_links_fk` FOREIGN KEY (`tier_id`) REFERENCES `tiers` (`id`) ON DELETE CASCADE,
  CONSTRAINT `tiers_agencies_links_inv_fk` FOREIGN KEY (`agency_id`) REFERENCES `agencies` (`id`) ON DELETE CASCADE
) ENGINE=InnoDB AUTO_INCREMENT=17 DEFAULT CHARSET=utf8mb3 COLLATE=utf8mb3_general_ci;
/*!40101 SET character_set_client = @saved_cs_client */;

--
-- Dumping data for table `tiers_agencies_links`
--

LOCK TABLES `tiers_agencies_links` WRITE;
/*!40000 ALTER TABLE `tiers_agencies_links` DISABLE KEYS */;
/*!40000 ALTER TABLE `tiers_agencies_links` ENABLE KEYS */;
UNLOCK TABLES;

--
-- Table structure for table `tiers_properties_links`
--

DROP TABLE IF EXISTS `tiers_properties_links`;
/*!40101 SET @saved_cs_client     = @@character_set_client */;
/*!50503 SET character_set_client = utf8mb4 */;
CREATE TABLE `tiers_properties_links` (
  `id` int(10) unsigned NOT NULL AUTO_INCREMENT,
  `tier_id` int(10) unsigned DEFAULT NULL,
  `property_id` int(10) unsigned DEFAULT NULL,
  `property_order` int(10) unsigned DEFAULT NULL,
  `tier_order` int(10) unsigned DEFAULT NULL,
  PRIMARY KEY (`id`),
  UNIQUE KEY `tiers_properties_links_unique` (`tier_id`,`property_id`),
  KEY `tiers_properties_links_fk` (`tier_id`),
  KEY `tiers_properties_links_inv_fk` (`property_id`),
  KEY `tiers_properties_links_order_fk` (`property_order`),
  KEY `tiers_properties_links_order_inv_fk` (`tier_order`),
  CONSTRAINT `tiers_properties_links_fk` FOREIGN KEY (`tier_id`) REFERENCES `tiers` (`id`) ON DELETE CASCADE,
  CONSTRAINT `tiers_properties_links_inv_fk` FOREIGN KEY (`property_id`) REFERENCES `properties` (`id`) ON DELETE CASCADE
) ENGINE=InnoDB AUTO_INCREMENT=90 DEFAULT CHARSET=utf8mb3 COLLATE=utf8mb3_general_ci;
/*!40101 SET character_set_client = @saved_cs_client */;

--
-- Dumping data for table `tiers_properties_links`
--

LOCK TABLES `tiers_properties_links` WRITE;
/*!40000 ALTER TABLE `tiers_properties_links` DISABLE KEYS */;
INSERT INTO `tiers_properties_links` VALUES (73,37,27,1,0),(74,37,26,2,0),(75,37,28,3,0);
/*!40000 ALTER TABLE `tiers_properties_links` ENABLE KEYS */;
UNLOCK TABLES;

--
-- Table structure for table `tools`
--

DROP TABLE IF EXISTS `tools`;
/*!40101 SET @saved_cs_client     = @@character_set_client */;
/*!50503 SET character_set_client = utf8mb4 */;
CREATE TABLE `tools` (
  `id` int(10) unsigned NOT NULL AUTO_INCREMENT,
  `type` varchar(255) DEFAULT NULL,
  `brand` varchar(255) DEFAULT NULL,
  `model` varchar(255) DEFAULT NULL,
  `date_of_purchase` date DEFAULT NULL,
  `guarantee_end_date` date DEFAULT NULL,
  `price` decimal(10,2) DEFAULT NULL,
  `created_at` datetime(6) DEFAULT NULL,
  `updated_at` datetime(6) DEFAULT NULL,
  `created_by_id` int(10) unsigned DEFAULT NULL,
  `updated_by_id` int(10) unsigned DEFAULT NULL,
  `description` longtext DEFAULT NULL,
  PRIMARY KEY (`id`),
  KEY `tools_created_by_id_fk` (`created_by_id`),
  KEY `tools_updated_by_id_fk` (`updated_by_id`),
  CONSTRAINT `tools_created_by_id_fk` FOREIGN KEY (`created_by_id`) REFERENCES `admin_users` (`id`) ON DELETE SET NULL,
  CONSTRAINT `tools_updated_by_id_fk` FOREIGN KEY (`updated_by_id`) REFERENCES `admin_users` (`id`) ON DELETE SET NULL
) ENGINE=InnoDB AUTO_INCREMENT=6 DEFAULT CHARSET=utf8mb3 COLLATE=utf8mb3_general_ci;
/*!40101 SET character_set_client = @saved_cs_client */;

--
-- Dumping data for table `tools`
--

LOCK TABLES `tools` WRITE;
/*!40000 ALTER TABLE `tools` DISABLE KEYS */;
INSERT INTO `tools` VALUES (5,'Type 1','Metre','Lazer','2024-01-01','2025-01-01',200.00,'2024-05-09 09:14:17.093000','2024-05-09 09:14:17.093000',NULL,NULL,'');
/*!40000 ALTER TABLE `tools` ENABLE KEYS */;
UNLOCK TABLES;

--
-- Table structure for table `tools_agency_links`
--

DROP TABLE IF EXISTS `tools_agency_links`;
/*!40101 SET @saved_cs_client     = @@character_set_client */;
/*!50503 SET character_set_client = utf8mb4 */;
CREATE TABLE `tools_agency_links` (
  `id` int(10) unsigned NOT NULL AUTO_INCREMENT,
  `tool_id` int(10) unsigned DEFAULT NULL,
  `agency_id` int(10) unsigned DEFAULT NULL,
  `tool_order` int(10) unsigned DEFAULT NULL,
  PRIMARY KEY (`id`),
  UNIQUE KEY `tools_agency_links_unique` (`tool_id`,`agency_id`),
  KEY `tools_agency_links_fk` (`tool_id`),
  KEY `tools_agency_links_inv_fk` (`agency_id`),
  KEY `tools_agency_links_order_inv_fk` (`tool_order`),
  CONSTRAINT `tools_agency_links_fk` FOREIGN KEY (`tool_id`) REFERENCES `tools` (`id`) ON DELETE CASCADE,
  CONSTRAINT `tools_agency_links_inv_fk` FOREIGN KEY (`agency_id`) REFERENCES `agencies` (`id`) ON DELETE CASCADE
) ENGINE=InnoDB DEFAULT CHARSET=utf8mb3 COLLATE=utf8mb3_general_ci;
/*!40101 SET character_set_client = @saved_cs_client */;

--
-- Dumping data for table `tools_agency_links`
--

LOCK TABLES `tools_agency_links` WRITE;
/*!40000 ALTER TABLE `tools_agency_links` DISABLE KEYS */;
/*!40000 ALTER TABLE `tools_agency_links` ENABLE KEYS */;
UNLOCK TABLES;

--
-- Table structure for table `tools_interventions_links`
--

DROP TABLE IF EXISTS `tools_interventions_links`;
/*!40101 SET @saved_cs_client     = @@character_set_client */;
/*!50503 SET character_set_client = utf8mb4 */;
CREATE TABLE `tools_interventions_links` (
  `id` int(10) unsigned NOT NULL AUTO_INCREMENT,
  `tool_id` int(10) unsigned DEFAULT NULL,
  `intervention_id` int(10) unsigned DEFAULT NULL,
  `intervention_order` int(10) unsigned DEFAULT NULL,
  `tool_order` int(10) unsigned DEFAULT NULL,
  PRIMARY KEY (`id`),
  UNIQUE KEY `tools_interventions_links_unique` (`tool_id`,`intervention_id`),
  KEY `tools_interventions_links_fk` (`tool_id`),
  KEY `tools_interventions_links_inv_fk` (`intervention_id`),
  KEY `tools_interventions_links_order_fk` (`intervention_order`),
  KEY `tools_interventions_links_order_inv_fk` (`tool_order`),
  CONSTRAINT `tools_interventions_links_fk` FOREIGN KEY (`tool_id`) REFERENCES `tools` (`id`) ON DELETE CASCADE,
  CONSTRAINT `tools_interventions_links_inv_fk` FOREIGN KEY (`intervention_id`) REFERENCES `interventions` (`id`) ON DELETE CASCADE
) ENGINE=InnoDB AUTO_INCREMENT=4 DEFAULT CHARSET=utf8mb3 COLLATE=utf8mb3_general_ci;
/*!40101 SET character_set_client = @saved_cs_client */;

--
-- Dumping data for table `tools_interventions_links`
--

LOCK TABLES `tools_interventions_links` WRITE;
/*!40000 ALTER TABLE `tools_interventions_links` DISABLE KEYS */;
INSERT INTO `tools_interventions_links` VALUES (3,5,5,1,1);
/*!40000 ALTER TABLE `tools_interventions_links` ENABLE KEYS */;
UNLOCK TABLES;

--
-- Table structure for table `type_of_materials`
--

DROP TABLE IF EXISTS `type_of_materials`;
/*!40101 SET @saved_cs_client     = @@character_set_client */;
/*!50503 SET character_set_client = utf8mb4 */;
CREATE TABLE `type_of_materials` (
  `id` int(10) unsigned NOT NULL AUTO_INCREMENT,
  `name` varchar(255) DEFAULT NULL,
  `created_at` datetime(6) DEFAULT NULL,
  `updated_at` datetime(6) DEFAULT NULL,
  `created_by_id` int(10) unsigned DEFAULT NULL,
  `updated_by_id` int(10) unsigned DEFAULT NULL,
  PRIMARY KEY (`id`),
  KEY `type_of_materials_created_by_id_fk` (`created_by_id`),
  KEY `type_of_materials_updated_by_id_fk` (`updated_by_id`),
  CONSTRAINT `type_of_materials_created_by_id_fk` FOREIGN KEY (`created_by_id`) REFERENCES `admin_users` (`id`) ON DELETE SET NULL,
  CONSTRAINT `type_of_materials_updated_by_id_fk` FOREIGN KEY (`updated_by_id`) REFERENCES `admin_users` (`id`) ON DELETE SET NULL
) ENGINE=InnoDB AUTO_INCREMENT=3 DEFAULT CHARSET=utf8mb3 COLLATE=utf8mb3_general_ci;
/*!40101 SET character_set_client = @saved_cs_client */;

--
-- Dumping data for table `type_of_materials`
--

LOCK TABLES `type_of_materials` WRITE;
/*!40000 ALTER TABLE `type_of_materials` DISABLE KEYS */;
INSERT INTO `type_of_materials` VALUES (1,'Type 1','2024-01-29 16:56:59.683000','2024-01-29 16:56:59.683000',3,3),(2,'Type 2','2024-01-29 16:57:09.246000','2024-01-29 16:57:09.246000',3,3);
/*!40000 ALTER TABLE `type_of_materials` ENABLE KEYS */;
UNLOCK TABLES;

--
-- Table structure for table `type_of_sites`
--

DROP TABLE IF EXISTS `type_of_sites`;
/*!40101 SET @saved_cs_client     = @@character_set_client */;
/*!50503 SET character_set_client = utf8mb4 */;
CREATE TABLE `type_of_sites` (
  `id` int(10) unsigned NOT NULL AUTO_INCREMENT,
  `name` varchar(255) DEFAULT NULL,
  `created_at` datetime(6) DEFAULT NULL,
  `updated_at` datetime(6) DEFAULT NULL,
  `created_by_id` int(10) unsigned DEFAULT NULL,
  `updated_by_id` int(10) unsigned DEFAULT NULL,
  PRIMARY KEY (`id`),
  KEY `type_of_sites_created_by_id_fk` (`created_by_id`),
  KEY `type_of_sites_updated_by_id_fk` (`updated_by_id`),
  CONSTRAINT `type_of_sites_created_by_id_fk` FOREIGN KEY (`created_by_id`) REFERENCES `admin_users` (`id`) ON DELETE SET NULL,
  CONSTRAINT `type_of_sites_updated_by_id_fk` FOREIGN KEY (`updated_by_id`) REFERENCES `admin_users` (`id`) ON DELETE SET NULL
) ENGINE=InnoDB AUTO_INCREMENT=6 DEFAULT CHARSET=utf8mb3 COLLATE=utf8mb3_general_ci;
/*!40101 SET character_set_client = @saved_cs_client */;

--
-- Dumping data for table `type_of_sites`
--

LOCK TABLES `type_of_sites` WRITE;
/*!40000 ALTER TABLE `type_of_sites` DISABLE KEYS */;
INSERT INTO `type_of_sites` VALUES (1,'Tertiaire','2023-05-22 14:05:41.380000','2023-05-22 14:05:41.380000',2,2),(2,'Habitation','2023-05-22 14:06:23.105000','2023-05-22 14:06:23.105000',2,2),(3,'Industriel','2023-05-22 14:06:35.066000','2023-05-22 14:06:35.066000',2,2),(4,'Public','2023-05-22 14:06:46.635000','2023-05-22 14:06:46.635000',2,2),(5,'Commerce','2023-05-22 14:06:53.135000','2023-05-22 14:06:53.135000',2,2);
/*!40000 ALTER TABLE `type_of_sites` ENABLE KEYS */;
UNLOCK TABLES;

--
-- Table structure for table `up_permissions`
--

DROP TABLE IF EXISTS `up_permissions`;
/*!40101 SET @saved_cs_client     = @@character_set_client */;
/*!50503 SET character_set_client = utf8mb4 */;
CREATE TABLE `up_permissions` (
  `id` int(10) unsigned NOT NULL AUTO_INCREMENT,
  `action` varchar(255) DEFAULT NULL,
  `created_at` datetime(6) DEFAULT NULL,
  `updated_at` datetime(6) DEFAULT NULL,
  `created_by_id` int(10) unsigned DEFAULT NULL,
  `updated_by_id` int(10) unsigned DEFAULT NULL,
  PRIMARY KEY (`id`),
  KEY `up_permissions_created_by_id_fk` (`created_by_id`),
  KEY `up_permissions_updated_by_id_fk` (`updated_by_id`),
  CONSTRAINT `up_permissions_created_by_id_fk` FOREIGN KEY (`created_by_id`) REFERENCES `admin_users` (`id`) ON DELETE SET NULL,
  CONSTRAINT `up_permissions_updated_by_id_fk` FOREIGN KEY (`updated_by_id`) REFERENCES `admin_users` (`id`) ON DELETE SET NULL
) ENGINE=InnoDB AUTO_INCREMENT=1373 DEFAULT CHARSET=utf8mb3 COLLATE=utf8mb3_general_ci;
/*!40101 SET character_set_client = @saved_cs_client */;

--
-- Dumping data for table `up_permissions`
--

LOCK TABLES `up_permissions` WRITE;
/*!40000 ALTER TABLE `up_permissions` DISABLE KEYS */;
INSERT INTO `up_permissions` VALUES (1,'plugin::users-permissions.user.me','2023-02-09 09:41:32.617000','2023-02-09 09:41:32.617000',NULL,NULL),(2,'plugin::users-permissions.auth.changePassword','2023-02-09 09:41:32.617000','2023-02-09 09:41:32.617000',NULL,NULL),(3,'plugin::users-permissions.auth.callback','2023-02-09 09:41:32.756000','2023-02-09 09:41:32.756000',NULL,NULL),(4,'plugin::users-permissions.auth.connect','2023-02-09 09:41:32.757000','2023-02-09 09:41:32.757000',NULL,NULL),(5,'plugin::users-permissions.auth.forgotPassword','2023-02-09 09:41:32.757000','2023-02-09 09:41:32.757000',NULL,NULL),(6,'plugin::users-permissions.auth.resetPassword','2023-02-09 09:41:32.757000','2023-02-09 09:41:32.757000',NULL,NULL),(7,'plugin::users-permissions.auth.sendEmailConfirmation','2023-02-09 09:41:32.757000','2023-02-09 09:41:32.757000',NULL,NULL),(8,'plugin::users-permissions.auth.register','2023-02-09 09:41:32.757000','2023-02-09 09:41:32.757000',NULL,NULL),(9,'plugin::users-permissions.auth.emailConfirmation','2023-02-09 09:41:32.757000','2023-02-09 09:41:32.757000',NULL,NULL),(10,'api::agency.agency.find','2023-02-10 15:39:25.002000','2023-02-10 15:39:25.002000',NULL,NULL),(11,'api::agency.agency.findOne','2023-02-10 15:39:25.002000','2023-02-10 15:39:25.002000',NULL,NULL),(12,'api::agency.agency.create','2023-02-10 15:39:25.002000','2023-02-10 15:39:25.002000',NULL,NULL),(13,'api::agency.agency.update','2023-02-10 15:39:25.003000','2023-02-10 15:39:25.003000',NULL,NULL),(14,'api::agency.agency.delete','2023-02-10 15:39:25.003000','2023-02-10 15:39:25.003000',NULL,NULL),(15,'api::property.property.find','2023-02-10 15:39:25.003000','2023-02-10 15:39:25.003000',NULL,NULL),(16,'api::property.property.findOne','2023-02-10 15:39:25.003000','2023-02-10 15:39:25.003000',NULL,NULL),(17,'api::property.property.create','2023-02-10 15:39:25.003000','2023-02-10 15:39:25.003000',NULL,NULL),(18,'api::property.property.update','2023-02-10 15:39:25.003000','2023-02-10 15:39:25.003000',NULL,NULL),(19,'api::property.property.delete','2023-02-10 15:39:25.003000','2023-02-10 15:39:25.003000',NULL,NULL),(20,'api::stage.stage.find','2023-02-10 15:39:25.003000','2023-02-10 15:39:25.003000',NULL,NULL),(21,'api::stage.stage.findOne','2023-02-10 15:39:25.003000','2023-02-10 15:39:25.003000',NULL,NULL),(22,'api::stage.stage.create','2023-02-10 15:39:25.003000','2023-02-10 15:39:25.003000',NULL,NULL),(23,'api::stage.stage.update','2023-02-10 15:39:25.003000','2023-02-10 15:39:25.003000',NULL,NULL),(24,'api::stage.stage.delete','2023-02-10 15:39:25.003000','2023-02-10 15:39:25.003000',NULL,NULL),(26,'plugin::users-permissions.user.me','2023-02-10 15:44:14.789000','2023-02-10 15:44:14.789000',NULL,NULL),(28,'plugin::users-permissions.user.me','2023-02-10 15:44:44.312000','2023-02-10 15:44:44.312000',NULL,NULL),(30,'plugin::users-permissions.user.me','2023-02-10 15:45:01.382000','2023-02-10 15:45:01.382000',NULL,NULL),(31,'plugin::users-permissions.auth.changePassword','2023-02-10 15:45:17.808000','2023-02-10 15:45:17.808000',NULL,NULL),(32,'plugin::users-permissions.user.me','2023-02-10 15:45:17.808000','2023-02-10 15:45:17.808000',NULL,NULL),(33,'plugin::users-permissions.auth.callback','2023-02-10 16:28:01.974000','2023-02-10 16:28:01.974000',NULL,NULL),(34,'plugin::users-permissions.auth.connect','2023-02-10 16:31:28.162000','2023-02-10 16:31:28.162000',NULL,NULL),(35,'api::agency.agency.find','2023-02-20 10:59:31.233000','2023-02-20 10:59:31.233000',NULL,NULL),(37,'api::property.property.find','2023-02-20 10:59:47.703000','2023-02-20 10:59:47.703000',NULL,NULL),(38,'api::stage.stage.find','2023-02-20 10:59:47.703000','2023-02-20 10:59:47.703000',NULL,NULL),(40,'api::stage.stage.findOne','2023-02-20 11:39:45.132000','2023-02-20 11:39:45.132000',NULL,NULL),(41,'api::property.property.findOne','2023-02-20 11:39:45.132000','2023-02-20 11:39:45.132000',NULL,NULL),(42,'api::agency.agency.find','2023-02-21 12:22:14.855000','2023-02-21 12:22:14.855000',NULL,NULL),(43,'api::property.property.find','2023-02-21 12:22:14.855000','2023-02-21 12:22:14.855000',NULL,NULL),(44,'api::agency.agency.findOne','2023-02-21 12:22:14.855000','2023-02-21 12:22:14.855000',NULL,NULL),(45,'api::stage.stage.find','2023-02-21 12:22:14.855000','2023-02-21 12:22:14.855000',NULL,NULL),(46,'api::stage.stage.findOne','2023-02-21 12:22:14.855000','2023-02-21 12:22:14.855000',NULL,NULL),(47,'api::property.property.findOne','2023-02-21 12:22:14.855000','2023-02-21 12:22:14.855000',NULL,NULL),(48,'api::agency.agency.findOne','2023-02-21 12:23:07.081000','2023-02-21 12:23:07.081000',NULL,NULL),(49,'api::property.property.find','2023-02-21 12:23:07.081000','2023-02-21 12:23:07.081000',NULL,NULL),(51,'api::stage.stage.find','2023-02-21 12:23:07.081000','2023-02-21 12:23:07.081000',NULL,NULL),(58,'plugin::users-permissions.user.find','2023-02-21 15:33:28.968000','2023-02-21 15:33:28.968000',NULL,NULL),(59,'plugin::users-permissions.user.findOne','2023-02-21 15:33:28.969000','2023-02-21 15:33:28.969000',NULL,NULL),(60,'plugin::users-permissions.role.findOne','2023-02-21 15:34:03.710000','2023-02-21 15:34:03.710000',NULL,NULL),(61,'plugin::users-permissions.role.find','2023-02-21 15:34:03.710000','2023-02-21 15:34:03.710000',NULL,NULL),(62,'plugin::users-permissions.user.find','2023-02-21 15:56:01.650000','2023-02-21 15:56:01.650000',NULL,NULL),(63,'plugin::users-permissions.user.findOne','2023-02-21 15:56:01.650000','2023-02-21 15:56:01.650000',NULL,NULL),(65,'plugin::users-permissions.role.find','2023-02-21 15:56:01.650000','2023-02-21 15:56:01.650000',NULL,NULL),(66,'plugin::users-permissions.role.findOne','2023-02-21 15:56:18.070000','2023-02-21 15:56:18.070000',NULL,NULL),(67,'plugin::users-permissions.user.findOne','2023-02-21 15:56:18.070000','2023-02-21 15:56:18.070000',NULL,NULL),(68,'plugin::users-permissions.user.find','2023-02-21 15:56:18.070000','2023-02-21 15:56:18.070000',NULL,NULL),(69,'plugin::users-permissions.role.find','2023-02-21 15:56:18.070000','2023-02-21 15:56:18.070000',NULL,NULL),(70,'plugin::users-permissions.user.find','2023-02-21 15:56:28.438000','2023-02-21 15:56:28.438000',NULL,NULL),(71,'plugin::users-permissions.role.findOne','2023-02-21 15:56:28.438000','2023-02-21 15:56:28.438000',NULL,NULL),(72,'plugin::users-permissions.user.findOne','2023-02-21 15:56:28.438000','2023-02-21 15:56:28.438000',NULL,NULL),(73,'plugin::users-permissions.role.find','2023-02-21 15:56:28.438000','2023-02-21 15:56:28.438000',NULL,NULL),(78,'plugin::users-permissions.role.updateRole','2023-02-23 11:57:21.363000','2023-02-23 11:57:21.363000',NULL,NULL),(79,'api::agency.agency.find','2023-02-23 12:23:28.650000','2023-02-23 12:23:28.650000',NULL,NULL),(80,'api::agency.agency.findOne','2023-02-23 12:23:28.650000','2023-02-23 12:23:28.650000',NULL,NULL),(86,'plugin::users-permissions.auth.callback','2023-02-23 15:41:34.036000','2023-02-23 15:41:34.036000',NULL,NULL),(87,'plugin::users-permissions.auth.connect','2023-02-23 15:41:34.036000','2023-02-23 15:41:34.036000',NULL,NULL),(88,'plugin::users-permissions.user.create','2023-02-23 15:41:34.036000','2023-02-23 15:41:34.036000',NULL,NULL),(89,'plugin::users-permissions.user.update','2023-02-23 15:41:34.036000','2023-02-23 15:41:34.036000',NULL,NULL),(90,'plugin::users-permissions.user.count','2023-02-23 15:41:34.036000','2023-02-23 15:41:34.036000',NULL,NULL),(91,'plugin::users-permissions.user.destroy','2023-02-23 15:41:34.036000','2023-02-23 15:41:34.036000',NULL,NULL),(98,'api::property.property.find','2023-02-27 10:05:33.639000','2023-02-27 10:05:33.639000',NULL,NULL),(99,'api::property.property.findOne','2023-02-27 10:05:33.639000','2023-02-27 10:05:33.639000',NULL,NULL),(100,'api::stage.stage.find','2023-02-27 10:34:04.066000','2023-02-27 10:34:04.066000',NULL,NULL),(119,'api::ticket.ticket.create','2023-02-28 11:50:53.156000','2023-02-28 11:50:53.156000',NULL,NULL),(121,'api::ticket.ticket.find','2023-02-28 12:03:55.040000','2023-02-28 12:03:55.040000',NULL,NULL),(122,'api::ticket.ticket.findOne','2023-02-28 12:03:55.040000','2023-02-28 12:03:55.040000',NULL,NULL),(124,'api::ticket.ticket.find','2023-02-28 12:04:02.903000','2023-02-28 12:04:02.903000',NULL,NULL),(125,'api::ticket.ticket.findOne','2023-02-28 12:04:02.903000','2023-02-28 12:04:02.903000',NULL,NULL),(126,'api::ticket.ticket.create','2023-02-28 12:04:02.903000','2023-02-28 12:04:02.903000',NULL,NULL),(127,'api::ticket.ticket.update','2023-02-28 12:04:02.903000','2023-02-28 12:04:02.903000',NULL,NULL),(128,'api::ticket.ticket.delete','2023-02-28 12:04:02.903000','2023-02-28 12:04:02.903000',NULL,NULL),(129,'api::ticket.ticket.find','2023-02-28 12:04:10.402000','2023-02-28 12:04:10.402000',NULL,NULL),(131,'api::ticket.ticket.findOne','2023-02-28 12:04:10.402000','2023-02-28 12:04:10.402000',NULL,NULL),(132,'api::ticket.ticket.create','2023-02-28 12:10:35.300000','2023-02-28 12:10:35.300000',NULL,NULL),(136,'api::media.media.create','2023-02-28 13:44:58.334000','2023-02-28 13:44:58.334000',NULL,NULL),(139,'plugin::upload.content-api.upload','2023-02-28 13:50:55.388000','2023-02-28 13:50:55.388000',NULL,NULL),(140,'api::media.media.find','2023-02-28 14:34:37.427000','2023-02-28 14:34:37.427000',NULL,NULL),(142,'api::media.media.create','2023-02-28 14:34:37.427000','2023-02-28 14:34:37.427000',NULL,NULL),(143,'plugin::upload.content-api.find','2023-02-28 14:34:37.427000','2023-02-28 14:34:37.427000',NULL,NULL),(144,'plugin::upload.content-api.findOne','2023-02-28 14:34:37.427000','2023-02-28 14:34:37.427000',NULL,NULL),(145,'plugin::upload.content-api.upload','2023-02-28 14:34:37.427000','2023-02-28 14:34:37.427000',NULL,NULL),(153,'api::ticket.ticket.find','2023-03-01 15:47:27.415000','2023-03-01 15:47:27.415000',NULL,NULL),(154,'api::ticket.ticket.findOne','2023-03-01 15:47:27.415000','2023-03-01 15:47:27.415000',NULL,NULL),(157,'api::media.media.find','2023-03-02 16:55:40.127000','2023-03-02 16:55:40.127000',NULL,NULL),(158,'api::media.media.findOne','2023-03-02 16:55:40.127000','2023-03-02 16:55:40.127000',NULL,NULL),(159,'api::media.media.find','2023-03-02 16:55:47.301000','2023-03-02 16:55:47.301000',NULL,NULL),(160,'api::media.media.findOne','2023-03-02 16:55:47.301000','2023-03-02 16:55:47.301000',NULL,NULL),(162,'plugin::upload.content-api.find','2023-03-15 09:36:17.531000','2023-03-15 09:36:17.531000',NULL,NULL),(163,'api::media.media.create','2023-03-15 09:36:17.531000','2023-03-15 09:36:17.531000',NULL,NULL),(164,'plugin::upload.content-api.findOne','2023-03-15 09:36:17.531000','2023-03-15 09:36:17.531000',NULL,NULL),(165,'plugin::upload.content-api.upload','2023-03-15 09:36:17.531000','2023-03-15 09:36:17.531000',NULL,NULL),(166,'plugin::upload.content-api.find','2023-03-15 09:38:30.641000','2023-03-15 09:38:30.641000',NULL,NULL),(167,'api::media.media.create','2023-03-15 09:38:30.641000','2023-03-15 09:38:30.641000',NULL,NULL),(168,'plugin::upload.content-api.findOne','2023-03-15 09:38:30.641000','2023-03-15 09:38:30.641000',NULL,NULL),(169,'plugin::upload.content-api.upload','2023-03-15 09:38:30.641000','2023-03-15 09:38:30.641000',NULL,NULL),(175,'api::contract.contract.find','2023-03-15 16:51:39.132000','2023-03-15 16:51:39.132000',NULL,NULL),(178,'api::contract.contract.find','2023-03-15 16:51:48.597000','2023-03-15 16:51:48.597000',NULL,NULL),(195,'api::tier.tier.find','2023-03-17 02:35:19.413000','2023-03-17 02:35:19.413000',NULL,NULL),(197,'api::tier.tier.find','2023-03-17 02:35:29.597000','2023-03-17 02:35:29.597000',NULL,NULL),(219,'api::tool.tool.find','2023-03-21 16:35:16.797000','2023-03-21 16:35:16.797000',NULL,NULL),(223,'api::intervention.intervention.find','2023-03-21 16:35:49.094000','2023-03-21 16:35:49.094000',NULL,NULL),(225,'api::tool.tool.find','2023-03-21 16:35:49.094000','2023-03-21 16:35:49.094000',NULL,NULL),(227,'api::vehicle.vehicle.find','2023-03-21 16:35:49.094000','2023-03-21 16:35:49.094000',NULL,NULL),(244,'api::contract.contract.find','2023-03-23 11:54:52.441000','2023-03-23 11:54:52.441000',NULL,NULL),(245,'api::contract.contract.findOne','2023-03-23 11:54:52.441000','2023-03-23 11:54:52.441000',NULL,NULL),(246,'api::contract.contract.create','2023-03-23 11:54:52.441000','2023-03-23 11:54:52.441000',NULL,NULL),(247,'api::contract.contract.update','2023-03-23 11:54:52.441000','2023-03-23 11:54:52.441000',NULL,NULL),(248,'api::contract.contract.delete','2023-03-23 11:54:52.441000','2023-03-23 11:54:52.441000',NULL,NULL),(249,'api::tier.tier.find','2023-03-23 14:59:13.777000','2023-03-23 14:59:13.777000',NULL,NULL),(250,'api::tier.tier.findOne','2023-03-23 14:59:13.777000','2023-03-23 14:59:13.777000',NULL,NULL),(251,'api::tier.tier.create','2023-03-23 14:59:13.777000','2023-03-23 14:59:13.777000',NULL,NULL),(252,'api::tier.tier.update','2023-03-23 14:59:13.777000','2023-03-23 14:59:13.777000',NULL,NULL),(253,'api::tier.tier.delete','2023-03-23 14:59:13.777000','2023-03-23 14:59:13.777000',NULL,NULL),(254,'api::intervention.intervention.findOne','2023-03-23 14:59:42.367000','2023-03-23 14:59:42.367000',NULL,NULL),(255,'api::intervention.intervention.create','2023-03-23 14:59:42.367000','2023-03-23 14:59:42.367000',NULL,NULL),(256,'api::intervention.intervention.find','2023-03-23 14:59:42.367000','2023-03-23 14:59:42.367000',NULL,NULL),(257,'api::intervention.intervention.update','2023-03-23 14:59:42.367000','2023-03-23 14:59:42.367000',NULL,NULL),(258,'api::intervention.intervention.delete','2023-03-23 14:59:42.367000','2023-03-23 14:59:42.367000',NULL,NULL),(259,'api::tool.tool.find','2023-03-23 14:59:42.367000','2023-03-23 14:59:42.367000',NULL,NULL),(260,'api::tool.tool.findOne','2023-03-23 14:59:42.367000','2023-03-23 14:59:42.367000',NULL,NULL),(261,'api::tool.tool.create','2023-03-23 14:59:42.367000','2023-03-23 14:59:42.367000',NULL,NULL),(262,'api::tool.tool.update','2023-03-23 14:59:42.367000','2023-03-23 14:59:42.367000',NULL,NULL),(263,'api::tool.tool.delete','2023-03-23 14:59:42.367000','2023-03-23 14:59:42.367000',NULL,NULL),(264,'api::vehicle.vehicle.find','2023-03-23 14:59:42.367000','2023-03-23 14:59:42.367000',NULL,NULL),(265,'api::vehicle.vehicle.findOne','2023-03-23 14:59:42.367000','2023-03-23 14:59:42.367000',NULL,NULL),(266,'api::vehicle.vehicle.create','2023-03-23 14:59:42.367000','2023-03-23 14:59:42.367000',NULL,NULL),(267,'api::vehicle.vehicle.update','2023-03-23 14:59:42.367000','2023-03-23 14:59:42.367000',NULL,NULL),(268,'api::vehicle.vehicle.delete','2023-03-23 14:59:42.367000','2023-03-23 14:59:42.367000',NULL,NULL),(279,'api::absence.absence.find','2023-04-03 07:02:28.974000','2023-04-03 07:02:28.974000',NULL,NULL),(284,'api::absence.absence.find','2023-04-03 07:02:34.075000','2023-04-03 07:02:34.075000',NULL,NULL),(286,'api::absence.absence.create','2023-04-03 07:02:34.075000','2023-04-03 07:02:34.075000',NULL,NULL),(289,'api::absence.absence.find','2023-04-03 07:02:41.165000','2023-04-03 07:02:41.165000',NULL,NULL),(290,'api::absence.absence.findOne','2023-04-03 07:02:41.165000','2023-04-03 07:02:41.165000',NULL,NULL),(291,'api::absence.absence.create','2023-04-03 07:02:41.165000','2023-04-03 07:02:41.165000',NULL,NULL),(292,'api::absence.absence.update','2023-04-03 07:02:41.165000','2023-04-03 07:02:41.165000',NULL,NULL),(293,'api::absence.absence.delete','2023-04-03 07:02:41.165000','2023-04-03 07:02:41.165000',NULL,NULL),(339,'api::comment.comment.find','2023-04-12 08:14:07.725000','2023-04-12 08:14:07.725000',NULL,NULL),(340,'api::comment.comment.findOne','2023-04-12 08:14:07.725000','2023-04-12 08:14:07.725000',NULL,NULL),(341,'api::comment.comment.delete','2023-04-12 08:14:07.725000','2023-04-12 08:14:07.725000',NULL,NULL),(342,'api::comment.comment.create','2023-04-12 08:14:07.725000','2023-04-12 08:14:07.725000',NULL,NULL),(343,'api::comment.comment.update','2023-04-12 08:14:07.725000','2023-04-12 08:14:07.725000',NULL,NULL),(344,'api::comment.comment.find','2023-04-12 09:27:16.365000','2023-04-12 09:27:16.365000',NULL,NULL),(345,'api::comment.comment.update','2023-04-12 09:27:16.366000','2023-04-12 09:27:16.366000',NULL,NULL),(346,'api::comment.comment.create','2023-04-12 09:27:16.366000','2023-04-12 09:27:16.366000',NULL,NULL),(349,'api::comment.comment.create','2023-04-12 09:27:22.437000','2023-04-12 09:27:22.437000',NULL,NULL),(350,'api::comment.comment.update','2023-04-12 09:27:22.437000','2023-04-12 09:27:22.437000',NULL,NULL),(352,'api::comment.comment.find','2023-04-12 09:27:22.437000','2023-04-12 09:27:22.437000',NULL,NULL),(359,'api::category.category.find','2023-05-05 11:41:21.161000','2023-05-05 11:41:21.161000',NULL,NULL),(360,'api::nature.nature.find','2023-05-05 11:41:21.161000','2023-05-05 11:41:21.161000',NULL,NULL),(362,'api::priority.priority.find','2023-05-05 11:41:21.161000','2023-05-05 11:41:21.161000',NULL,NULL),(363,'api::state.state.find','2023-05-05 11:41:21.161000','2023-05-05 11:41:21.161000',NULL,NULL),(364,'api::nature.nature.find','2023-05-05 11:41:39.920000','2023-05-05 11:41:39.920000',NULL,NULL),(365,'api::category.category.find','2023-05-05 11:41:39.920000','2023-05-05 11:41:39.920000',NULL,NULL),(367,'api::priority.priority.find','2023-05-05 11:41:39.920000','2023-05-05 11:41:39.920000',NULL,NULL),(368,'api::state.state.find','2023-05-05 11:41:39.920000','2023-05-05 11:41:39.920000',NULL,NULL),(371,'api::issuers-role.issuers-role.find','2023-05-05 11:53:53.418000','2023-05-05 11:53:53.418000',NULL,NULL),(372,'api::type-of-site.type-of-site.find','2023-05-05 11:53:53.418000','2023-05-05 11:53:53.418000',NULL,NULL),(373,'api::issuers-role.issuers-role.find','2023-05-05 11:54:05.959000','2023-05-05 11:54:05.959000',NULL,NULL),(374,'api::type-of-site.type-of-site.find','2023-05-05 11:54:05.959000','2023-05-05 11:54:05.959000',NULL,NULL),(376,'api::category.category.find','2023-05-05 11:54:30.834000','2023-05-05 11:54:30.834000',NULL,NULL),(379,'api::priority.priority.find','2023-05-05 11:54:30.834000','2023-05-05 11:54:30.834000',NULL,NULL),(380,'api::state.state.find','2023-05-05 11:54:30.834000','2023-05-05 11:54:30.834000',NULL,NULL),(389,'api::qr-code.qr-code.find','2023-05-15 10:27:23.146000','2023-05-15 10:27:23.146000',NULL,NULL),(391,'api::qr-code.qr-code.findOne','2023-05-15 10:27:23.146000','2023-05-15 10:27:23.146000',NULL,NULL),(394,'api::qr-code.qr-code.find','2023-05-15 11:21:42.943000','2023-05-15 11:21:42.943000',NULL,NULL),(395,'api::qr-code.qr-code.findOne','2023-05-15 11:21:42.943000','2023-05-15 11:21:42.943000',NULL,NULL),(398,'api::issuers-role.issuers-role.find','2023-05-19 09:54:21.573000','2023-05-19 09:54:21.573000',NULL,NULL),(399,'api::category.category.find','2023-05-19 09:54:21.573000','2023-05-19 09:54:21.573000',NULL,NULL),(401,'api::nature.nature.find','2023-05-19 09:54:21.573000','2023-05-19 09:54:21.573000',NULL,NULL),(402,'api::priority.priority.find','2023-05-19 09:54:21.573000','2023-05-19 09:54:21.573000',NULL,NULL),(403,'api::state.state.find','2023-05-19 09:54:21.573000','2023-05-19 09:54:21.573000',NULL,NULL),(404,'api::type-of-site.type-of-site.find','2023-05-19 09:54:21.573000','2023-05-19 09:54:21.573000',NULL,NULL),(405,'api::qr-code.qr-code.find','2023-05-19 10:38:29.188000','2023-05-19 10:38:29.188000',NULL,NULL),(406,'api::qr-code.qr-code.findOne','2023-05-19 10:38:29.188000','2023-05-19 10:38:29.188000',NULL,NULL),(408,'api::qr-code.qr-code.create','2023-05-22 16:17:18.813000','2023-05-22 16:17:18.813000',NULL,NULL),(424,'api::individual.individual.findOne','2023-05-23 15:27:46.716000','2023-05-23 15:27:46.716000',NULL,NULL),(425,'api::individual.individual.find','2023-05-23 15:27:46.716000','2023-05-23 15:27:46.716000',NULL,NULL),(426,'api::individual.individual.create','2023-05-23 15:27:46.716000','2023-05-23 15:27:46.716000',NULL,NULL),(427,'api::individual.individual.update','2023-05-23 15:27:46.716000','2023-05-23 15:27:46.716000',NULL,NULL),(428,'api::individual.individual.delete','2023-05-23 15:27:46.716000','2023-05-23 15:27:46.716000',NULL,NULL),(443,'api::qr-code.qr-code.update','2023-06-05 12:01:28.012000','2023-06-05 12:01:28.012000',NULL,NULL),(446,'api::qr-code.qr-code.delete','2023-06-05 12:54:58.467000','2023-06-05 12:54:58.467000',NULL,NULL),(449,'api::ticket.superset.getSupersetToken','2023-06-05 16:32:18.516000','2023-06-05 16:32:18.516000',NULL,NULL),(451,'api::frai.frai.find','2023-06-14 14:34:18.352000','2023-06-14 14:34:18.352000',NULL,NULL),(452,'api::frai.frai.findOne','2023-06-14 14:34:18.352000','2023-06-14 14:34:18.352000',NULL,NULL),(454,'api::frai.frai.update','2023-06-14 14:34:18.352000','2023-06-14 14:34:18.352000',NULL,NULL),(468,'api::frai.frai.find','2023-06-20 10:39:48.160000','2023-06-20 10:39:48.160000',NULL,NULL),(470,'api::frai.frai.create','2023-06-20 10:39:48.160000','2023-06-20 10:39:48.160000',NULL,NULL),(472,'plugin::users-permissions.role.findOne','2023-06-20 10:50:28.877000','2023-06-20 10:50:28.877000',NULL,NULL),(473,'plugin::users-permissions.role.find','2023-06-20 10:50:28.877000','2023-06-20 10:50:28.877000',NULL,NULL),(477,'plugin::upload.content-api.findOne','2023-06-21 12:05:32.409000','2023-06-21 12:05:32.409000',NULL,NULL),(478,'plugin::upload.content-api.find','2023-06-21 12:05:32.409000','2023-06-21 12:05:32.409000',NULL,NULL),(479,'plugin::upload.content-api.upload','2023-06-21 12:05:32.409000','2023-06-21 12:05:32.409000',NULL,NULL),(480,'api::media.media.find','2023-06-21 12:06:16.858000','2023-06-21 12:06:16.858000',NULL,NULL),(481,'api::media.media.findOne','2023-06-21 12:06:16.858000','2023-06-21 12:06:16.858000',NULL,NULL),(482,'api::media.media.create','2023-06-21 12:06:16.858000','2023-06-21 12:06:16.858000',NULL,NULL),(483,'api::media.media.update','2023-06-21 12:06:16.858000','2023-06-21 12:06:16.858000',NULL,NULL),(499,'api::media.media.update','2023-06-29 15:52:10.608000','2023-06-29 15:52:10.608000',NULL,NULL),(506,'api::expense-content.expense-content.find','2023-07-04 09:28:48.641000','2023-07-04 09:28:48.641000',NULL,NULL),(509,'api::expenses-type.expenses-type.find','2023-07-04 09:28:48.642000','2023-07-04 09:28:48.642000',NULL,NULL),(511,'plugin::users-permissions.user.find','2023-07-04 14:59:27.706000','2023-07-04 14:59:27.706000',NULL,NULL),(512,'plugin::users-permissions.user.findOne','2023-07-04 14:59:27.706000','2023-07-04 14:59:27.706000',NULL,NULL),(513,'api::agency.agency.findOne','2023-07-05 10:56:36.574000','2023-07-05 10:56:36.574000',NULL,NULL),(514,'api::agency.agency.find','2023-07-05 10:56:36.574000','2023-07-05 10:56:36.574000',NULL,NULL),(515,'api::absence.absence.find','2023-07-05 12:00:17.218000','2023-07-05 12:00:17.218000',NULL,NULL),(516,'api::absence.absence.findOne','2023-07-05 12:00:17.218000','2023-07-05 12:00:17.218000',NULL,NULL),(517,'api::absence.absence.create','2023-07-05 12:00:17.218000','2023-07-05 12:00:17.218000',NULL,NULL),(518,'api::absence.absence.update','2023-07-05 12:00:17.218000','2023-07-05 12:00:17.218000',NULL,NULL),(519,'api::absence.absence.delete','2023-07-05 12:00:17.218000','2023-07-05 12:00:17.218000',NULL,NULL),(520,'api::agency.agency.create','2023-07-05 12:00:17.218000','2023-07-05 12:00:17.218000',NULL,NULL),(521,'api::agency.agency.update','2023-07-05 12:00:17.218000','2023-07-05 12:00:17.218000',NULL,NULL),(522,'api::agency.agency.delete','2023-07-05 12:00:17.218000','2023-07-05 12:00:17.218000',NULL,NULL),(523,'api::category.category.find','2023-07-05 12:00:17.218000','2023-07-05 12:00:17.218000',NULL,NULL),(524,'api::category.category.findOne','2023-07-05 12:00:17.218000','2023-07-05 12:00:17.218000',NULL,NULL),(525,'api::comment.comment.find','2023-07-05 12:00:17.218000','2023-07-05 12:00:17.218000',NULL,NULL),(526,'api::comment.comment.findOne','2023-07-05 12:00:17.218000','2023-07-05 12:00:17.218000',NULL,NULL),(527,'api::comment.comment.create','2023-07-05 12:00:17.218000','2023-07-05 12:00:17.218000',NULL,NULL),(528,'api::comment.comment.update','2023-07-05 12:00:17.218000','2023-07-05 12:00:17.218000',NULL,NULL),(529,'api::comment.comment.delete','2023-07-05 12:00:17.218000','2023-07-05 12:00:17.218000',NULL,NULL),(530,'api::contract.contract.find','2023-07-05 12:00:17.218000','2023-07-05 12:00:17.218000',NULL,NULL),(531,'api::contract.contract.findOne','2023-07-05 12:00:17.218000','2023-07-05 12:00:17.218000',NULL,NULL),(532,'api::contract.contract.create','2023-07-05 12:00:17.218000','2023-07-05 12:00:17.218000',NULL,NULL),(533,'api::contract.contract.update','2023-07-05 12:00:17.218000','2023-07-05 12:00:17.218000',NULL,NULL),(534,'api::expense-content.expense-content.find','2023-07-05 12:00:17.218000','2023-07-05 12:00:17.218000',NULL,NULL),(535,'api::expenses-type.expenses-type.find','2023-07-05 12:00:17.218000','2023-07-05 12:00:17.218000',NULL,NULL),(536,'api::expense-content.expense-content.findOne','2023-07-05 12:00:17.218000','2023-07-05 12:00:17.218000',NULL,NULL),(537,'api::expenses-type.expenses-type.findOne','2023-07-05 12:00:17.218000','2023-07-05 12:00:17.218000',NULL,NULL),(538,'api::frai.frai.find','2023-07-05 12:00:17.218000','2023-07-05 12:00:17.218000',NULL,NULL),(539,'api::frai.frai.findOne','2023-07-05 12:00:17.218000','2023-07-05 12:00:17.218000',NULL,NULL),(540,'api::individual.individual.find','2023-07-05 12:00:17.218000','2023-07-05 12:00:17.218000',NULL,NULL),(541,'api::individual.individual.findOne','2023-07-05 12:00:17.218000','2023-07-05 12:00:17.218000',NULL,NULL),(542,'api::issuers-role.issuers-role.find','2023-07-05 12:00:17.218000','2023-07-05 12:00:17.218000',NULL,NULL),(543,'api::issuers-role.issuers-role.findOne','2023-07-05 12:00:17.218000','2023-07-05 12:00:17.218000',NULL,NULL),(544,'api::nature.nature.find','2023-07-05 12:00:17.218000','2023-07-05 12:00:17.218000',NULL,NULL),(545,'api::nature.nature.findOne','2023-07-05 12:00:17.218000','2023-07-05 12:00:17.218000',NULL,NULL),(548,'api::priority.priority.findOne','2023-07-05 12:00:17.218000','2023-07-05 12:00:17.218000',NULL,NULL),(549,'api::priority.priority.find','2023-07-05 12:00:17.218000','2023-07-05 12:00:17.218000',NULL,NULL),(562,'api::origine.origine.find','2023-07-05 13:27:12.398000','2023-07-05 13:27:12.398000',NULL,NULL),(564,'api::origine.origine.find','2023-07-05 16:14:57.820000','2023-07-05 16:14:57.820000',NULL,NULL),(565,'api::origine.origine.findOne','2023-07-05 16:14:57.820000','2023-07-05 16:14:57.820000',NULL,NULL),(566,'api::expense-content.expense-content.find','2023-07-06 11:41:17.666000','2023-07-06 11:41:17.666000',NULL,NULL),(567,'api::expense-content.expense-content.findOne','2023-07-06 11:41:17.666000','2023-07-06 11:41:17.666000',NULL,NULL),(568,'api::expenses-type.expenses-type.find','2023-07-06 11:41:17.666000','2023-07-06 11:41:17.666000',NULL,NULL),(569,'api::expenses-type.expenses-type.findOne','2023-07-06 11:41:17.666000','2023-07-06 11:41:17.666000',NULL,NULL),(570,'api::intervention.intervention.find','2023-07-06 11:43:01.182000','2023-07-06 11:43:01.182000',NULL,NULL),(571,'api::intervention.intervention.findOne','2023-07-06 11:43:01.182000','2023-07-06 11:43:01.182000',NULL,NULL),(572,'api::intervention.intervention.create','2023-07-06 11:43:01.182000','2023-07-06 11:43:01.182000',NULL,NULL),(573,'api::intervention.intervention.update','2023-07-06 11:43:01.182000','2023-07-06 11:43:01.182000',NULL,NULL),(574,'api::intervention.intervention.delete','2023-07-06 11:43:01.182000','2023-07-06 11:43:01.182000',NULL,NULL),(575,'api::media.media.find','2023-07-06 11:43:01.182000','2023-07-06 11:43:01.182000',NULL,NULL),(576,'api::media.media.findOne','2023-07-06 11:43:01.182000','2023-07-06 11:43:01.182000',NULL,NULL),(577,'api::origine.origine.find','2023-07-06 11:43:01.182000','2023-07-06 11:43:01.182000',NULL,NULL),(578,'api::media.media.create','2023-07-06 11:43:01.182000','2023-07-06 11:43:01.182000',NULL,NULL),(579,'api::qr-code.qr-code.find','2023-07-06 11:43:01.182000','2023-07-06 11:43:01.182000',NULL,NULL),(580,'api::origine.origine.findOne','2023-07-06 11:43:01.182000','2023-07-06 11:43:01.182000',NULL,NULL),(581,'api::qr-code.qr-code.findOne','2023-07-06 11:43:01.182000','2023-07-06 11:43:01.182000',NULL,NULL),(582,'api::state.state.find','2023-07-06 11:43:01.182000','2023-07-06 11:43:01.182000',NULL,NULL),(583,'api::state.state.findOne','2023-07-06 11:43:01.182000','2023-07-06 11:43:01.182000',NULL,NULL),(584,'api::ticket.superset.getSupersetToken','2023-07-06 11:43:01.182000','2023-07-06 11:43:01.182000',NULL,NULL),(585,'api::tier.tier.find','2023-07-06 11:43:01.182000','2023-07-06 11:43:01.182000',NULL,NULL),(586,'api::tier.tier.findOne','2023-07-06 11:43:01.182000','2023-07-06 11:43:01.182000',NULL,NULL),(587,'api::type-of-site.type-of-site.findOne','2023-07-06 11:43:01.182000','2023-07-06 11:43:01.182000',NULL,NULL),(588,'api::tool.tool.find','2023-07-06 11:43:01.182000','2023-07-06 11:43:01.182000',NULL,NULL),(589,'api::type-of-site.type-of-site.find','2023-07-06 11:43:01.182000','2023-07-06 11:43:01.182000',NULL,NULL),(590,'api::tool.tool.findOne','2023-07-06 11:43:01.182000','2023-07-06 11:43:01.182000',NULL,NULL),(591,'api::vehicle.vehicle.findOne','2023-07-06 11:43:01.182000','2023-07-06 11:43:01.182000',NULL,NULL),(592,'api::vehicle.vehicle.find','2023-07-06 11:43:01.182000','2023-07-06 11:43:01.182000',NULL,NULL),(594,'api::expense-content.expense-content.find','2023-07-06 11:44:01.240000','2023-07-06 11:44:01.240000',NULL,NULL),(595,'api::expense-content.expense-content.findOne','2023-07-06 11:44:01.240000','2023-07-06 11:44:01.240000',NULL,NULL),(596,'api::expenses-type.expenses-type.find','2023-07-06 11:44:01.240000','2023-07-06 11:44:01.240000',NULL,NULL),(597,'api::expenses-type.expenses-type.findOne','2023-07-06 11:44:01.240000','2023-07-06 11:44:01.240000',NULL,NULL),(598,'api::frai.frai.find','2023-07-06 11:44:01.240000','2023-07-06 11:44:01.240000',NULL,NULL),(599,'api::frai.frai.findOne','2023-07-06 11:44:01.240000','2023-07-06 11:44:01.240000',NULL,NULL),(600,'api::individual.individual.find','2023-07-06 11:44:01.240000','2023-07-06 11:44:01.240000',NULL,NULL),(604,'api::origine.origine.find','2023-07-06 11:44:01.240000','2023-07-06 11:44:01.240000',NULL,NULL),(607,'api::qr-code.qr-code.find','2023-07-06 11:44:01.240000','2023-07-06 11:44:01.240000',NULL,NULL),(608,'api::qr-code.qr-code.findOne','2023-07-06 11:44:01.240000','2023-07-06 11:44:01.240000',NULL,NULL),(612,'api::individual.individual.find','2023-07-06 11:45:03.166000','2023-07-06 11:45:03.166000',NULL,NULL),(616,'api::origine.origine.find','2023-07-06 11:45:03.166000','2023-07-06 11:45:03.166000',NULL,NULL),(620,'api::type-of-site.type-of-site.findOne','2023-07-06 11:45:03.166000','2023-07-06 11:45:03.166000',NULL,NULL),(621,'api::absence.absence.find','2023-07-06 11:47:03.573000','2023-07-06 11:47:03.573000',NULL,NULL),(622,'api::absence.absence.findOne','2023-07-06 11:47:03.573000','2023-07-06 11:47:03.573000',NULL,NULL),(623,'api::absence.absence.create','2023-07-06 11:47:03.573000','2023-07-06 11:47:03.573000',NULL,NULL),(626,'api::category.category.find','2023-07-06 11:47:03.573000','2023-07-06 11:47:03.573000',NULL,NULL),(628,'api::comment.comment.find','2023-07-06 11:47:03.573000','2023-07-06 11:47:03.573000',NULL,NULL),(632,'api::individual.individual.find','2023-07-06 11:47:03.573000','2023-07-06 11:47:03.573000',NULL,NULL),(633,'api::intervention.intervention.find','2023-07-06 11:47:03.573000','2023-07-06 11:47:03.573000',NULL,NULL),(635,'api::intervention.intervention.findOne','2023-07-06 11:47:03.573000','2023-07-06 11:47:03.573000',NULL,NULL),(636,'api::issuers-role.issuers-role.find','2023-07-06 11:47:03.573000','2023-07-06 11:47:03.573000',NULL,NULL),(639,'api::nature.nature.find','2023-07-06 11:47:03.573000','2023-07-06 11:47:03.573000',NULL,NULL),(640,'api::priority.priority.find','2023-07-06 11:47:03.573000','2023-07-06 11:47:03.573000',NULL,NULL),(642,'api::property.property.find','2023-07-06 11:47:03.573000','2023-07-06 11:47:03.573000',NULL,NULL),(643,'api::property.property.findOne','2023-07-06 11:47:03.573000','2023-07-06 11:47:03.573000',NULL,NULL),(644,'api::qr-code.qr-code.find','2023-07-06 11:47:03.573000','2023-07-06 11:47:03.573000',NULL,NULL),(645,'api::qr-code.qr-code.findOne','2023-07-06 11:47:03.573000','2023-07-06 11:47:03.573000',NULL,NULL),(646,'api::stage.stage.find','2023-07-06 11:47:03.573000','2023-07-06 11:47:03.573000',NULL,NULL),(648,'api::state.state.find','2023-07-06 11:47:03.573000','2023-07-06 11:47:03.573000',NULL,NULL),(650,'api::ticket.superset.getSupersetToken','2023-07-06 11:47:03.573000','2023-07-06 11:47:03.573000',NULL,NULL),(651,'api::ticket.ticket.find','2023-07-06 11:47:03.573000','2023-07-06 11:47:03.573000',NULL,NULL),(653,'api::tier.tier.find','2023-07-06 11:47:03.573000','2023-07-06 11:47:03.573000',NULL,NULL),(655,'api::tool.tool.find','2023-07-06 11:47:03.573000','2023-07-06 11:47:03.573000',NULL,NULL),(657,'api::type-of-site.type-of-site.find','2023-07-06 11:47:03.573000','2023-07-06 11:47:03.573000',NULL,NULL),(659,'api::vehicle.vehicle.find','2023-07-06 11:47:03.573000','2023-07-06 11:47:03.573000',NULL,NULL),(776,'api::attachment-service.attachment-service.find','2023-07-20 11:32:55.301000','2023-07-20 11:32:55.301000',NULL,NULL),(777,'api::attachment-service.attachment-service.findOne','2023-07-20 11:32:55.301000','2023-07-20 11:32:55.301000',NULL,NULL),(778,'api::authorization.authorization.find','2023-07-20 11:32:55.301000','2023-07-20 11:32:55.301000',NULL,NULL),(779,'api::authorization.authorization.findOne','2023-07-20 11:32:55.301000','2023-07-20 11:32:55.301000',NULL,NULL),(780,'api::certificate.certificate.find','2023-07-20 11:32:55.301000','2023-07-20 11:32:55.301000',NULL,NULL),(781,'api::certificate.certificate.findOne','2023-07-20 11:32:55.301000','2023-07-20 11:32:55.301000',NULL,NULL),(782,'api::coefficient.coefficient.find','2023-07-20 11:32:55.301000','2023-07-20 11:32:55.301000',NULL,NULL),(783,'api::days-worked.days-worked.findOne','2023-07-20 11:32:55.301000','2023-07-20 11:32:55.301000',NULL,NULL),(784,'api::days-worked.days-worked.find','2023-07-20 11:32:55.301000','2023-07-20 11:32:55.301000',NULL,NULL),(785,'api::coefficient.coefficient.findOne','2023-07-20 11:32:55.301000','2023-07-20 11:32:55.301000',NULL,NULL),(786,'api::function.function.find','2023-07-20 11:32:55.301000','2023-07-20 11:32:55.301000',NULL,NULL),(787,'api::skill.skill.find','2023-07-20 11:32:55.301000','2023-07-20 11:32:55.301000',NULL,NULL),(788,'api::skill.skill.findOne','2023-07-20 11:32:55.301000','2023-07-20 11:32:55.301000',NULL,NULL),(789,'api::function.function.findOne','2023-07-20 11:32:55.301000','2023-07-20 11:32:55.301000',NULL,NULL),(790,'api::attachment-service.attachment-service.find','2023-07-20 11:33:29.212000','2023-07-20 11:33:29.212000',NULL,NULL),(791,'api::attachment-service.attachment-service.findOne','2023-07-20 11:33:29.212000','2023-07-20 11:33:29.212000',NULL,NULL),(792,'api::authorization.authorization.find','2023-07-20 11:33:29.212000','2023-07-20 11:33:29.212000',NULL,NULL),(794,'api::certificate.certificate.find','2023-07-20 11:33:29.212000','2023-07-20 11:33:29.212000',NULL,NULL),(796,'api::coefficient.coefficient.find','2023-07-20 11:33:29.212000','2023-07-20 11:33:29.212000',NULL,NULL),(798,'api::days-worked.days-worked.find','2023-07-20 11:33:29.212000','2023-07-20 11:33:29.212000',NULL,NULL),(800,'api::function.function.find','2023-07-20 11:33:29.212000','2023-07-20 11:33:29.212000',NULL,NULL),(802,'api::skill.skill.find','2023-07-20 11:33:29.212000','2023-07-20 11:33:29.212000',NULL,NULL),(816,'api::skill.skill.find','2023-07-20 11:33:59.122000','2023-07-20 11:33:59.122000',NULL,NULL),(832,'api::category.category.findOne','2023-07-20 15:14:57.071000','2023-07-20 15:14:57.071000',NULL,NULL),(833,'api::issuers-role.issuers-role.findOne','2023-07-20 15:14:57.071000','2023-07-20 15:14:57.071000',NULL,NULL),(834,'api::nature.nature.findOne','2023-07-20 15:14:57.071000','2023-07-20 15:14:57.071000',NULL,NULL),(835,'api::priority.priority.findOne','2023-07-20 15:14:57.071000','2023-07-20 15:14:57.071000',NULL,NULL),(836,'api::state.state.findOne','2023-07-20 15:14:57.071000','2023-07-20 15:14:57.071000',NULL,NULL),(837,'api::type-of-site.type-of-site.findOne','2023-07-20 15:14:57.071000','2023-07-20 15:14:57.071000',NULL,NULL),(865,'api::nature-of-site.nature-of-site.find','2023-07-31 10:16:29.313000','2023-07-31 10:16:29.313000',NULL,NULL),(866,'api::nature-of-site.nature-of-site.findOne','2023-07-31 10:16:29.313000','2023-07-31 10:16:29.313000',NULL,NULL),(867,'api::nature-of-site.nature-of-site.create','2023-07-31 10:16:29.313000','2023-07-31 10:16:29.313000',NULL,NULL),(868,'api::nature-of-site.nature-of-site.update','2023-07-31 10:16:29.313000','2023-07-31 10:16:29.313000',NULL,NULL),(869,'api::nature-of-site.nature-of-site.delete','2023-07-31 10:16:29.313000','2023-07-31 10:16:29.313000',NULL,NULL),(870,'api::equipment-of-site.equipment-of-site.create','2023-07-31 10:17:04.899000','2023-07-31 10:17:04.899000',NULL,NULL),(871,'api::equipment-of-site.equipment-of-site.find','2023-07-31 10:17:04.899000','2023-07-31 10:17:04.899000',NULL,NULL),(872,'api::equipment-of-site.equipment-of-site.findOne','2023-07-31 10:17:04.899000','2023-07-31 10:17:04.899000',NULL,NULL),(873,'api::equipment-of-site.equipment-of-site.update','2023-07-31 10:17:04.899000','2023-07-31 10:17:04.899000',NULL,NULL),(874,'api::equipment-of-site.equipment-of-site.delete','2023-07-31 10:17:04.899000','2023-07-31 10:17:04.899000',NULL,NULL),(875,'api::fluid.fluid.find','2023-07-31 10:18:02.326000','2023-07-31 10:18:02.326000',NULL,NULL),(876,'api::fluid.fluid.findOne','2023-07-31 10:18:02.326000','2023-07-31 10:18:02.326000',NULL,NULL),(877,'api::fluid.fluid.create','2023-07-31 10:18:02.326000','2023-07-31 10:18:02.326000',NULL,NULL),(878,'api::fluid.fluid.update','2023-07-31 10:18:02.326000','2023-07-31 10:18:02.326000',NULL,NULL),(879,'api::fluid.fluid.delete','2023-07-31 10:18:02.326000','2023-07-31 10:18:02.326000',NULL,NULL),(880,'api::function.function.find','2023-07-31 10:18:02.326000','2023-07-31 10:18:02.326000',NULL,NULL),(881,'api::function.function.findOne','2023-07-31 10:18:02.326000','2023-07-31 10:18:02.326000',NULL,NULL),(885,'api::skill.skill.find','2023-07-31 10:18:02.326000','2023-07-31 10:18:02.326000',NULL,NULL),(889,'api::skill.skill.findOne','2023-07-31 10:18:02.326000','2023-07-31 10:18:02.326000',NULL,NULL),(890,'api::visible-comment.visible-comment.find','2023-07-31 10:18:02.326000','2023-07-31 10:18:02.326000',NULL,NULL),(891,'api::visible-comment.visible-comment.findOne','2023-07-31 10:18:02.326000','2023-07-31 10:18:02.326000',NULL,NULL),(892,'api::visible-comment.visible-comment.create','2023-07-31 10:18:02.326000','2023-07-31 10:18:02.326000',NULL,NULL),(893,'api::visible-comment.visible-comment.delete','2023-07-31 10:18:02.326000','2023-07-31 10:18:02.326000',NULL,NULL),(894,'api::visible-comment.visible-comment.update','2023-07-31 10:18:02.326000','2023-07-31 10:18:02.326000',NULL,NULL),(909,'api::expense-content.expense-content.create','2023-07-31 14:21:13.752000','2023-07-31 14:21:13.752000',NULL,NULL),(917,'api::activity.activity.find','2023-07-31 22:51:27.736000','2023-07-31 22:51:27.736000',NULL,NULL),(919,'api::activity.activity.find','2023-07-31 22:51:32.505000','2023-07-31 22:51:32.505000',NULL,NULL),(920,'api::activity.activity.findOne','2023-07-31 22:51:32.505000','2023-07-31 22:51:32.505000',NULL,NULL),(925,'api::activity.activity.find','2023-08-01 10:31:41.666000','2023-08-01 10:31:41.666000',NULL,NULL),(926,'api::activity.activity.findOne','2023-08-01 10:31:41.666000','2023-08-01 10:31:41.666000',NULL,NULL),(927,'api::no-visible-comment.no-visible-comment.find','2023-08-01 10:37:10.458000','2023-08-01 10:37:10.458000',NULL,NULL),(928,'api::no-visible-comment.no-visible-comment.findOne','2023-08-01 10:37:10.458000','2023-08-01 10:37:10.458000',NULL,NULL),(929,'api::no-visible-comment.no-visible-comment.create','2023-08-01 10:37:10.458000','2023-08-01 10:37:10.458000',NULL,NULL),(930,'api::no-visible-comment.no-visible-comment.update','2023-08-01 10:37:10.458000','2023-08-01 10:37:10.458000',NULL,NULL),(931,'api::no-visible-comment.no-visible-comment.delete','2023-08-01 10:37:10.458000','2023-08-01 10:37:10.458000',NULL,NULL),(935,'api::ticket-state.ticket-state.find','2023-09-07 08:07:14.236000','2023-09-07 08:07:14.236000',NULL,NULL),(936,'api::ticket-state.ticket-state.findOne','2023-09-07 08:07:14.236000','2023-09-07 08:07:14.236000',NULL,NULL),(937,'api::ticket-state.ticket-state.create','2023-09-07 08:07:14.236000','2023-09-07 08:07:14.236000',NULL,NULL),(938,'api::ticket-state.ticket-state.find','2023-09-07 08:07:40.248000','2023-09-07 08:07:40.248000',NULL,NULL),(939,'api::ticket-state.ticket-state.findOne','2023-09-07 08:07:40.249000','2023-09-07 08:07:40.249000',NULL,NULL),(940,'api::ticket-state.ticket-state.create','2023-09-07 08:07:40.249000','2023-09-07 08:07:40.249000',NULL,NULL),(941,'api::ticket-state.ticket-state.find','2023-09-07 08:07:52.265000','2023-09-07 08:07:52.265000',NULL,NULL),(943,'api::ticket-state.ticket-state.create','2023-09-07 08:07:52.265000','2023-09-07 08:07:52.265000',NULL,NULL),(944,'api::ticket-state.ticket-state.find','2023-09-06 09:54:52.722000','2023-09-06 09:54:52.722000',NULL,NULL),(945,'api::ticket-state.ticket-state.findOne','2023-09-06 09:54:52.722000','2023-09-06 09:54:52.722000',NULL,NULL),(946,'api::ticket-state.ticket-state.create','2023-09-06 09:54:52.722000','2023-09-06 09:54:52.722000',NULL,NULL),(950,'api::ticket-state.ticket-state.find','2023-09-07 16:12:52.204000','2023-09-07 16:12:52.204000',NULL,NULL),(952,'api::ticket-state.ticket-state.create','2023-09-07 16:12:52.204000','2023-09-07 16:12:52.204000',NULL,NULL),(953,'plugin::users-permissions.user.me','2023-09-13 11:52:39.884000','2023-09-13 11:52:39.884000',NULL,NULL),(954,'plugin::users-permissions.role.findOne','2023-09-13 11:52:39.884000','2023-09-13 11:52:39.884000',NULL,NULL),(955,'plugin::users-permissions.role.find','2023-09-13 11:52:39.884000','2023-09-13 11:52:39.884000',NULL,NULL),(956,'api::agency.agency.find','2023-09-13 11:56:21.225000','2023-09-13 11:56:21.225000',NULL,NULL),(958,'api::individual.individual.find','2023-09-13 11:56:21.225000','2023-09-13 11:56:21.225000',NULL,NULL),(963,'api::issuers-role.issuers-role.find','2023-09-13 11:56:21.225000','2023-09-13 11:56:21.225000',NULL,NULL),(964,'api::media.media.find','2023-09-13 11:56:21.225000','2023-09-13 11:56:21.225000',NULL,NULL),(965,'api::media.media.create','2023-09-13 11:56:21.225000','2023-09-13 11:56:21.225000',NULL,NULL),(966,'api::no-visible-comment.no-visible-comment.find','2023-09-13 11:56:21.225000','2023-09-13 11:56:21.225000',NULL,NULL),(967,'api::no-visible-comment.no-visible-comment.create','2023-09-13 11:56:21.225000','2023-09-13 11:56:21.225000',NULL,NULL),(968,'api::no-visible-comment.no-visible-comment.findOne','2023-09-13 11:56:21.225000','2023-09-13 11:56:21.225000',NULL,NULL),(970,'api::nature-of-site.nature-of-site.find','2023-09-13 11:56:21.225000','2023-09-13 11:56:21.225000',NULL,NULL),(973,'api::nature.nature.find','2023-09-13 11:56:21.225000','2023-09-13 11:56:21.225000',NULL,NULL),(974,'api::origine.origine.find','2023-09-13 11:56:21.225000','2023-09-13 11:56:21.225000',NULL,NULL),(977,'api::property.property.find','2023-09-13 11:56:21.225000','2023-09-13 11:56:21.225000',NULL,NULL),(978,'api::priority.priority.find','2023-09-13 11:56:21.225000','2023-09-13 11:56:21.225000',NULL,NULL),(979,'api::state.state.find','2023-09-13 11:56:21.226000','2023-09-13 11:56:21.226000',NULL,NULL),(981,'api::skill.skill.find','2023-09-13 11:56:21.225000','2023-09-13 11:56:21.225000',NULL,NULL),(988,'api::stage.stage.find','2023-09-13 11:56:21.226000','2023-09-13 11:56:21.226000',NULL,NULL),(989,'api::ticket.ticket.findOne','2023-09-13 11:56:21.226000','2023-09-13 11:56:21.226000',NULL,NULL),(990,'api::ticket.ticket.find','2023-09-13 11:56:21.226000','2023-09-13 11:56:21.226000',NULL,NULL),(991,'api::type-of-site.type-of-site.findOne','2023-09-13 11:56:21.226000','2023-09-13 11:56:21.226000',NULL,NULL),(992,'api::type-of-site.type-of-site.find','2023-09-13 11:56:21.226000','2023-09-13 11:56:21.226000',NULL,NULL),(993,'api::tool.tool.find','2023-09-13 11:56:21.226000','2023-09-13 11:56:21.226000',NULL,NULL),(997,'api::tier.tier.find','2023-09-13 11:56:21.226000','2023-09-13 11:56:21.226000',NULL,NULL),(998,'api::state.state.findOne','2023-09-13 11:56:21.226000','2023-09-13 11:56:21.226000',NULL,NULL),(999,'api::visible-comment.visible-comment.find','2023-09-13 11:56:21.226000','2023-09-13 11:56:21.226000',NULL,NULL),(1001,'api::visible-comment.visible-comment.create','2023-09-13 11:56:21.226000','2023-09-13 11:56:21.226000',NULL,NULL),(1006,'api::category.category.find','2023-09-13 12:10:30.601000','2023-09-13 12:10:30.601000',NULL,NULL),(1007,'api::comment.comment.findOne','2023-09-13 12:11:06.921000','2023-09-13 12:11:06.921000',NULL,NULL),(1008,'api::comment.comment.find','2023-09-13 12:11:06.921000','2023-09-13 12:11:06.921000',NULL,NULL),(1009,'api::nature-of-site.nature-of-site.find','2023-09-16 05:20:26.778000','2023-09-16 05:20:26.778000',NULL,NULL),(1011,'api::ticket-state.ticket-state.find','2023-09-16 05:21:01.706000','2023-09-16 05:21:01.706000',NULL,NULL),(1013,'api::ticket-state.ticket-state.create','2023-09-16 05:21:01.706000','2023-09-16 05:21:01.706000',NULL,NULL),(1021,'api::ticket-reply.ticket-reply.find','2023-09-20 11:52:32.523000','2023-09-20 11:52:32.523000',NULL,NULL),(1022,'api::ticket-reply.ticket-reply.findOne','2023-09-20 11:52:32.523000','2023-09-20 11:52:32.523000',NULL,NULL),(1023,'api::ticket-reply.ticket-reply.create','2023-09-20 11:52:32.523000','2023-09-20 11:52:32.523000',NULL,NULL),(1025,'api::ticket-reply.ticket-reply.create','2023-09-21 14:51:17.086000','2023-09-21 14:51:17.086000',NULL,NULL),(1026,'api::ticket-reply.ticket-reply.find','2023-09-21 14:51:17.085000','2023-09-21 14:51:17.085000',NULL,NULL),(1029,'api::service.service.find','2023-10-02 14:34:45.568000','2023-10-02 14:34:45.568000',NULL,NULL),(1030,'api::service.service.findOne','2023-10-02 14:34:45.568000','2023-10-02 14:34:45.568000',NULL,NULL),(1031,'api::service.service.update','2023-10-02 14:34:45.568000','2023-10-02 14:34:45.568000',NULL,NULL),(1032,'api::service.service.create','2023-10-02 14:34:45.568000','2023-10-02 14:34:45.568000',NULL,NULL),(1033,'api::service.service.delete','2023-10-02 14:34:45.568000','2023-10-02 14:34:45.568000',NULL,NULL),(1034,'api::service.service.find','2023-10-02 14:35:09.046000','2023-10-02 14:35:09.046000',NULL,NULL),(1036,'api::service.service.find','2023-10-02 14:35:25.768000','2023-10-02 14:35:25.768000',NULL,NULL),(1038,'api::ticket-state.ticket-state.delete','2023-10-03 15:03:33.017000','2023-10-03 15:03:33.017000',NULL,NULL),(1041,'api::ticket-reply.ticket-reply.find','2023-10-05 15:12:04.856000','2023-10-05 15:12:04.856000',NULL,NULL),(1043,'api::ticket-reply.ticket-reply.create','2023-10-05 15:12:04.856000','2023-10-05 15:12:04.856000',NULL,NULL),(1045,'api::client-contract-service.client-contract-service.findOne','2023-10-10 09:05:09.593000','2023-10-10 09:05:09.593000',NULL,NULL),(1046,'api::client-contract-service.client-contract-service.find','2023-10-10 09:05:09.593000','2023-10-10 09:05:09.593000',NULL,NULL),(1050,'api::authorization.authorization.find','2023-10-10 15:33:49.271000','2023-10-10 15:33:49.271000',NULL,NULL),(1051,'api::certificate.certificate.findOne','2023-10-10 15:33:49.271000','2023-10-10 15:33:49.271000',NULL,NULL),(1052,'api::certificate.certificate.find','2023-10-10 15:33:49.271000','2023-10-10 15:33:49.271000',NULL,NULL),(1053,'api::authorization.authorization.findOne','2023-10-10 15:33:49.271000','2023-10-10 15:33:49.271000',NULL,NULL),(1054,'api::coefficient.coefficient.findOne','2023-10-10 15:33:49.271000','2023-10-10 15:33:49.271000',NULL,NULL),(1055,'api::coefficient.coefficient.find','2023-10-10 15:33:49.271000','2023-10-10 15:33:49.271000',NULL,NULL),(1056,'api::days-worked.days-worked.find','2023-10-10 15:33:49.271000','2023-10-10 15:33:49.271000',NULL,NULL),(1057,'api::days-worked.days-worked.findOne','2023-10-10 15:33:49.271000','2023-10-10 15:33:49.271000',NULL,NULL),(1058,'api::employee-contract.employee-contract.find','2023-10-10 15:33:49.271000','2023-10-10 15:33:49.271000',NULL,NULL),(1059,'api::employee-contract.employee-contract.findOne','2023-10-10 15:33:49.271000','2023-10-10 15:33:49.271000',NULL,NULL),(1060,'api::employee-contract-service.employee-contract-service.findOne','2023-10-10 15:33:49.271000','2023-10-10 15:33:49.271000',NULL,NULL),(1061,'api::employee-contract-service.employee-contract-service.find','2023-10-10 15:33:49.271000','2023-10-10 15:33:49.271000',NULL,NULL),(1062,'api::attachment-service.attachment-service.find','2023-10-10 15:34:45.630000','2023-10-10 15:34:45.630000',NULL,NULL),(1063,'api::attachment-service.attachment-service.findOne','2023-10-10 15:34:45.630000','2023-10-10 15:34:45.630000',NULL,NULL),(1064,'api::employee-contract.employee-contract.create','2023-10-11 10:02:46.699000','2023-10-11 10:02:46.699000',NULL,NULL),(1065,'api::tier-contract.tier-contract.find','2023-10-11 14:07:16.804000','2023-10-11 14:07:16.804000',NULL,NULL),(1066,'api::tier-contract.tier-contract.findOne','2023-10-11 14:07:16.804000','2023-10-11 14:07:16.804000',NULL,NULL),(1067,'api::tier-contract.tier-contract.create','2023-10-11 14:07:16.804000','2023-10-11 14:07:16.804000',NULL,NULL),(1068,'api::tier-contract.tier-contract.update','2023-10-11 14:07:16.804000','2023-10-11 14:07:16.804000',NULL,NULL),(1069,'api::tier-contract-reference.tier-contract-reference.find','2023-10-11 14:27:10.310000','2023-10-11 14:27:10.310000',NULL,NULL),(1070,'api::tier-contract-reference.tier-contract-reference.findOne','2023-10-11 14:27:10.310000','2023-10-11 14:27:10.310000',NULL,NULL),(1071,'api::tier-contract-reference.tier-contract-reference.create','2023-10-11 14:54:46.432000','2023-10-11 14:54:46.432000',NULL,NULL),(1072,'api::tier-contract-reference.tier-contract-reference.update','2023-10-11 14:54:55.605000','2023-10-11 14:54:55.605000',NULL,NULL),(1073,'api::tier-contract-reference.tier-contract-reference.delete','2023-10-13 14:27:38.905000','2023-10-13 14:27:38.905000',NULL,NULL),(1075,'api::state.state.findOne','2023-10-17 14:22:26.139000','2023-10-17 14:22:26.139000',NULL,NULL),(1076,'api::employee-contract.employee-contract.update','2023-10-23 10:44:27.957000','2023-10-23 10:44:27.957000',NULL,NULL),(1077,'api::ticket.superset.getSupersetToken','2023-11-08 10:41:19.374000','2023-11-08 10:41:19.374000',NULL,NULL),(1079,'api::relance-ticket.relance-ticket.find','2023-11-09 12:59:49.524000','2023-11-09 12:59:49.524000',NULL,NULL),(1080,'api::relance-ticket.relance-ticket.delete','2023-11-09 12:59:49.524000','2023-11-09 12:59:49.524000',NULL,NULL),(1081,'api::relance-ticket.relance-ticket.findOne','2023-11-09 12:59:49.524000','2023-11-09 12:59:49.524000',NULL,NULL),(1082,'api::relance-ticket.relance-ticket.create','2023-11-09 12:59:49.524000','2023-11-09 12:59:49.524000',NULL,NULL),(1083,'api::relance-ticket.relance-ticket.update','2023-11-09 12:59:49.524000','2023-11-09 12:59:49.524000',NULL,NULL),(1084,'api::category.category.findOne','2023-11-09 14:07:09.217000','2023-11-09 14:07:09.217000',NULL,NULL),(1085,'api::ticket.ticket.create','2023-11-09 14:16:17.665000','2023-11-09 14:16:17.665000',NULL,NULL),(1087,'api::visible-object.visible-object.find','2023-11-16 11:40:56.308000','2023-11-16 11:40:56.308000',NULL,NULL),(1088,'api::visible-object.visible-object.findOne','2023-11-16 11:40:56.308000','2023-11-16 11:40:56.308000',NULL,NULL),(1089,'api::visible-object.visible-object.create','2023-11-16 11:40:56.308000','2023-11-16 11:40:56.308000',NULL,NULL),(1090,'api::visible-object.visible-object.update','2023-11-16 11:40:56.308000','2023-11-16 11:40:56.308000',NULL,NULL),(1091,'api::visible-object.visible-object.delete','2023-11-16 11:40:56.308000','2023-11-16 11:40:56.308000',NULL,NULL),(1092,'api::visible-object.visible-object.find','2023-11-16 11:43:21.205000','2023-11-16 11:43:21.205000',NULL,NULL),(1093,'api::visible-object.visible-object.create','2023-11-16 11:43:21.205000','2023-11-16 11:43:21.205000',NULL,NULL),(1094,'api::visible-object.visible-object.update','2023-11-16 11:43:21.205000','2023-11-16 11:43:21.205000',NULL,NULL),(1095,'api::frai.frai.create','2023-11-28 10:06:47.666000','2023-11-28 10:06:47.666000',NULL,NULL),(1096,'api::frai.frai.delete','2023-11-28 10:06:47.666000','2023-11-28 10:06:47.666000',NULL,NULL),(1117,'plugin::upload.content-api.destroy','2023-12-04 11:16:49.364000','2023-12-04 11:16:49.364000',NULL,NULL),(1119,'api::priority.priority.findOne','2023-12-05 13:37:04.622000','2023-12-05 13:37:04.622000',NULL,NULL),(1120,'api::ticket-log.ticket-log.find','2023-12-05 16:23:45.538000','2023-12-05 16:23:45.538000',NULL,NULL),(1121,'api::ticket-log.ticket-log.findOne','2023-12-05 16:23:45.538000','2023-12-05 16:23:45.538000',NULL,NULL),(1122,'api::ticket-log.ticket-log.create','2023-12-05 16:23:45.538000','2023-12-05 16:23:45.538000',NULL,NULL),(1123,'api::ticket-log.ticket-log.update','2023-12-05 16:23:45.538000','2023-12-05 16:23:45.538000',NULL,NULL),(1124,'api::ticket-log.ticket-log.delete','2023-12-05 16:23:45.538000','2023-12-05 16:23:45.538000',NULL,NULL),(1125,'api::ticket-log.ticket-log.find','2023-12-12 13:59:30.476000','2023-12-12 13:59:30.476000',NULL,NULL),(1127,'api::comment.comment.update','2023-12-18 13:24:21.517000','2023-12-18 13:24:21.517000',NULL,NULL),(1128,'api::comment.comment.create','2023-12-18 13:24:21.517000','2023-12-18 13:24:21.517000',NULL,NULL),(1130,'api::visible-object.visible-object.find','2023-12-19 10:57:05.589000','2023-12-19 10:57:05.589000',NULL,NULL),(1131,'api::visible-object.visible-object.findOne','2023-12-19 10:57:05.590000','2023-12-19 10:57:05.590000',NULL,NULL),(1132,'api::fluid.fluid.findOne','2023-12-19 11:07:59.438000','2023-12-19 11:07:59.438000',NULL,NULL),(1133,'api::fluid.fluid.find','2023-12-19 11:07:59.438000','2023-12-19 11:07:59.438000',NULL,NULL),(1134,'api::equipment-of-site.equipment-of-site.find','2023-12-19 11:08:09.145000','2023-12-19 11:08:09.145000',NULL,NULL),(1135,'api::equipment-of-site.equipment-of-site.findOne','2023-12-19 11:08:09.145000','2023-12-19 11:08:09.145000',NULL,NULL),(1136,'api::issuers-role.issuers-role.find','2023-12-21 08:31:18.318000','2023-12-21 08:31:18.318000',NULL,NULL),(1137,'api::issuers-role.issuers-role.findOne','2023-12-21 08:31:18.318000','2023-12-21 08:31:18.318000',NULL,NULL),(1138,'api::nature.nature.find','2023-12-21 08:33:17.302000','2023-12-21 08:33:17.302000',NULL,NULL),(1139,'api::nature.nature.findOne','2023-12-21 08:33:17.302000','2023-12-21 08:33:17.302000',NULL,NULL),(1141,'api::agency.agency.find','2023-12-21 11:48:13.362000','2023-12-21 11:48:13.362000',NULL,NULL),(1142,'api::tier.tier.find','2023-12-21 11:48:30.913000','2023-12-21 11:48:30.913000',NULL,NULL),(1143,'api::individual.individual.find','2023-12-21 11:48:51.015000','2023-12-21 11:48:51.015000',NULL,NULL),(1144,'api::absence-type.absence-type.find','2023-12-21 12:11:23.939000','2023-12-21 12:11:23.939000',NULL,NULL),(1145,'api::absence-type.absence-type.findOne','2023-12-21 12:11:23.939000','2023-12-21 12:11:23.939000',NULL,NULL),(1146,'api::absence-type.absence-type.create','2023-12-21 12:11:23.939000','2023-12-21 12:11:23.939000',NULL,NULL),(1147,'api::absence-type.absence-type.update','2023-12-21 12:11:23.939000','2023-12-21 12:11:23.939000',NULL,NULL),(1148,'api::activity.activity.create','2023-12-21 12:11:23.939000','2023-12-21 12:11:23.939000',NULL,NULL),(1149,'api::absence-type.absence-type.delete','2023-12-21 12:11:23.939000','2023-12-21 12:11:23.939000',NULL,NULL),(1150,'api::activity.activity.update','2023-12-21 12:11:23.939000','2023-12-21 12:11:23.939000',NULL,NULL),(1151,'api::activity.activity.delete','2023-12-21 12:11:23.939000','2023-12-21 12:11:23.939000',NULL,NULL),(1152,'api::attachment-service.attachment-service.update','2023-12-21 12:11:23.939000','2023-12-21 12:11:23.939000',NULL,NULL),(1153,'api::attachment-service.attachment-service.create','2023-12-21 12:11:23.939000','2023-12-21 12:11:23.939000',NULL,NULL),(1154,'api::authorization.authorization.create','2023-12-21 12:11:23.939000','2023-12-21 12:11:23.939000',NULL,NULL),(1155,'api::attachment-service.attachment-service.delete','2023-12-21 12:11:23.939000','2023-12-21 12:11:23.939000',NULL,NULL),(1156,'api::authorization.authorization.update','2023-12-21 12:11:23.939000','2023-12-21 12:11:23.939000',NULL,NULL),(1157,'api::authorization.authorization.delete','2023-12-21 12:11:23.940000','2023-12-21 12:11:23.940000',NULL,NULL),(1158,'api::category.category.delete','2023-12-21 12:11:23.940000','2023-12-21 12:11:23.940000',NULL,NULL),(1159,'api::category.category.create','2023-12-21 12:11:23.940000','2023-12-21 12:11:23.940000',NULL,NULL),(1160,'api::category.category.update','2023-12-21 12:11:23.940000','2023-12-21 12:11:23.940000',NULL,NULL),(1161,'api::certificate.certificate.delete','2023-12-21 12:11:23.940000','2023-12-21 12:11:23.940000',NULL,NULL),(1162,'api::certificate.certificate.update','2023-12-21 12:11:23.940000','2023-12-21 12:11:23.940000',NULL,NULL),(1163,'api::client-contract-service.client-contract-service.create','2023-12-21 12:11:23.940000','2023-12-21 12:11:23.940000',NULL,NULL),(1164,'api::certificate.certificate.create','2023-12-21 12:11:23.940000','2023-12-21 12:11:23.940000',NULL,NULL),(1165,'api::client-contract-service.client-contract-service.update','2023-12-21 12:11:23.940000','2023-12-21 12:11:23.940000',NULL,NULL),(1166,'api::client-contract-service.client-contract-service.delete','2023-12-21 12:11:23.940000','2023-12-21 12:11:23.940000',NULL,NULL),(1167,'api::coefficient.coefficient.create','2023-12-21 12:11:23.940000','2023-12-21 12:11:23.940000',NULL,NULL),(1168,'api::days-worked.days-worked.create','2023-12-21 12:11:23.940000','2023-12-21 12:11:23.940000',NULL,NULL),(1169,'api::coefficient.coefficient.update','2023-12-21 12:11:23.940000','2023-12-21 12:11:23.940000',NULL,NULL),(1170,'api::coefficient.coefficient.delete','2023-12-21 12:11:23.940000','2023-12-21 12:11:23.940000',NULL,NULL),(1171,'api::days-worked.days-worked.update','2023-12-21 12:11:23.940000','2023-12-21 12:11:23.940000',NULL,NULL),(1172,'api::days-worked.days-worked.delete','2023-12-21 12:11:23.940000','2023-12-21 12:11:23.940000',NULL,NULL),(1173,'api::employee-contract.employee-contract.delete','2023-12-21 12:11:23.940000','2023-12-21 12:11:23.940000',NULL,NULL),(1174,'api::employee-contract-service.employee-contract-service.update','2023-12-21 12:11:23.940000','2023-12-21 12:11:23.940000',NULL,NULL),(1175,'api::employee-contract-service.employee-contract-service.delete','2023-12-21 12:11:23.940000','2023-12-21 12:11:23.940000',NULL,NULL),(1176,'api::employee-contract-service.employee-contract-service.create','2023-12-21 12:11:23.940000','2023-12-21 12:11:23.940000',NULL,NULL),(1177,'api::expense-content.expense-content.update','2023-12-21 12:11:23.940000','2023-12-21 12:11:23.940000',NULL,NULL),(1178,'api::expense-content.expense-content.create','2023-12-21 12:11:23.940000','2023-12-21 12:11:23.940000',NULL,NULL),(1179,'api::expense-content.expense-content.delete','2023-12-21 12:11:23.940000','2023-12-21 12:11:23.940000',NULL,NULL),(1180,'api::expenses-type.expenses-type.update','2023-12-21 12:11:23.940000','2023-12-21 12:11:23.940000',NULL,NULL),(1181,'api::expenses-type.expenses-type.create','2023-12-21 12:11:23.940000','2023-12-21 12:11:23.940000',NULL,NULL),(1182,'api::function.function.create','2023-12-21 12:11:23.940000','2023-12-21 12:11:23.940000',NULL,NULL),(1183,'api::expenses-type.expenses-type.delete','2023-12-21 12:11:23.940000','2023-12-21 12:11:23.940000',NULL,NULL),(1184,'api::function.function.update','2023-12-21 12:11:23.940000','2023-12-21 12:11:23.940000',NULL,NULL),(1185,'api::function.function.delete','2023-12-21 12:11:23.940000','2023-12-21 12:11:23.940000',NULL,NULL),(1186,'api::issuers-role.issuers-role.create','2023-12-21 12:11:23.940000','2023-12-21 12:11:23.940000',NULL,NULL),(1187,'api::issuers-role.issuers-role.update','2023-12-21 12:11:23.940000','2023-12-21 12:11:23.940000',NULL,NULL),(1188,'api::issuers-role.issuers-role.delete','2023-12-21 12:11:23.940000','2023-12-21 12:11:23.940000',NULL,NULL),(1189,'api::media.media.delete','2023-12-21 12:11:23.940000','2023-12-21 12:11:23.940000',NULL,NULL),(1190,'api::nature.nature.update','2023-12-21 12:11:23.940000','2023-12-21 12:11:23.940000',NULL,NULL),(1191,'api::nature.nature.create','2023-12-21 12:11:23.940000','2023-12-21 12:11:23.940000',NULL,NULL),(1192,'api::nature.nature.delete','2023-12-21 12:11:23.940000','2023-12-21 12:11:23.940000',NULL,NULL),(1193,'api::origine.origine.create','2023-12-21 12:11:23.940000','2023-12-21 12:11:23.940000',NULL,NULL),(1194,'api::origine.origine.update','2023-12-21 12:11:23.940000','2023-12-21 12:11:23.940000',NULL,NULL),(1195,'api::origine.origine.delete','2023-12-21 12:11:23.940000','2023-12-21 12:11:23.940000',NULL,NULL),(1196,'api::priority.priority.create','2023-12-21 12:11:23.940000','2023-12-21 12:11:23.940000',NULL,NULL),(1197,'api::priority.priority.update','2023-12-21 12:11:23.940000','2023-12-21 12:11:23.940000',NULL,NULL),(1198,'api::setting.setting.find','2023-12-21 12:11:23.940000','2023-12-21 12:11:23.940000',NULL,NULL),(1199,'api::setting.setting.findOne','2023-12-21 12:11:23.940000','2023-12-21 12:11:23.940000',NULL,NULL),(1200,'api::priority.priority.delete','2023-12-21 12:11:23.940000','2023-12-21 12:11:23.940000',NULL,NULL),(1201,'api::setting.setting.create','2023-12-21 12:11:23.940000','2023-12-21 12:11:23.940000',NULL,NULL),(1202,'api::setting.setting.update','2023-12-21 12:11:23.940000','2023-12-21 12:11:23.940000',NULL,NULL),(1203,'api::setting.setting.delete','2023-12-21 12:11:23.940000','2023-12-21 12:11:23.940000',NULL,NULL),(1204,'api::skill.skill.create','2023-12-21 12:11:23.940000','2023-12-21 12:11:23.940000',NULL,NULL),(1205,'api::skill.skill.delete','2023-12-21 12:11:23.940000','2023-12-21 12:11:23.940000',NULL,NULL),(1206,'api::skill.skill.update','2023-12-21 12:11:23.940000','2023-12-21 12:11:23.940000',NULL,NULL),(1207,'api::state.state.create','2023-12-21 12:11:23.940000','2023-12-21 12:11:23.940000',NULL,NULL),(1208,'api::ticket-reply.ticket-reply.update','2023-12-21 12:11:23.940000','2023-12-21 12:11:23.940000',NULL,NULL),(1209,'api::state.state.update','2023-12-21 12:11:23.940000','2023-12-21 12:11:23.940000',NULL,NULL),(1210,'api::state.state.delete','2023-12-21 12:11:23.940000','2023-12-21 12:11:23.940000',NULL,NULL),(1211,'api::ticket-state.ticket-state.update','2023-12-21 12:11:23.940000','2023-12-21 12:11:23.940000',NULL,NULL),(1212,'api::ticket-reply.ticket-reply.delete','2023-12-21 12:11:23.940000','2023-12-21 12:11:23.940000',NULL,NULL),(1213,'api::type-of-site.type-of-site.create','2023-12-21 12:11:23.940000','2023-12-21 12:11:23.940000',NULL,NULL),(1214,'api::type-of-site.type-of-site.update','2023-12-21 12:11:23.940000','2023-12-21 12:11:23.940000',NULL,NULL),(1215,'plugin::content-type-builder.components.getComponents','2023-12-21 12:11:23.940000','2023-12-21 12:11:23.940000',NULL,NULL),(1216,'api::type-of-site.type-of-site.delete','2023-12-21 12:11:23.940000','2023-12-21 12:11:23.940000',NULL,NULL),(1217,'plugin::content-type-builder.components.getComponent','2023-12-21 12:11:23.940000','2023-12-21 12:11:23.940000',NULL,NULL),(1218,'plugin::content-type-builder.content-types.getContentType','2023-12-21 12:11:23.940000','2023-12-21 12:11:23.940000',NULL,NULL),(1219,'plugin::content-type-builder.content-types.getContentTypes','2023-12-21 12:11:23.940000','2023-12-21 12:11:23.940000',NULL,NULL),(1220,'plugin::email.email.send','2023-12-21 12:11:23.940000','2023-12-21 12:11:23.940000',NULL,NULL),(1221,'plugin::users-permissions.permissions.getPermissions','2023-12-21 12:11:23.941000','2023-12-21 12:11:23.941000',NULL,NULL),(1222,'api::equipment-of-site.equipment-of-site.find','2023-12-21 12:13:28.878000','2023-12-21 12:13:28.878000',NULL,NULL),(1224,'api::fluid.fluid.find','2023-12-21 12:13:28.878000','2023-12-21 12:13:28.878000',NULL,NULL),(1227,'api::visible-object.visible-object.find','2023-12-21 12:13:28.878000','2023-12-21 12:13:28.878000',NULL,NULL),(1228,'api::equipment-of-site.equipment-of-site.find','2023-12-21 12:15:42.552000','2023-12-21 12:15:42.552000',NULL,NULL),(1230,'api::fluid.fluid.find','2023-12-21 12:15:42.552000','2023-12-21 12:15:42.552000',NULL,NULL),(1232,'api::visible-object.visible-object.find','2023-12-21 12:15:42.552000','2023-12-21 12:15:42.552000',NULL,NULL),(1234,'plugin::upload.content-api.findOne','2023-12-21 12:15:42.552000','2023-12-21 12:15:42.552000',NULL,NULL),(1235,'plugin::upload.content-api.find','2023-12-21 12:15:42.552000','2023-12-21 12:15:42.552000',NULL,NULL),(1238,'api::ticket-log.ticket-log.find','2023-12-21 12:16:35.768000','2023-12-21 12:16:35.768000',NULL,NULL),(1242,'api::visible-object.visible-object.find','2023-12-21 12:16:35.768000','2023-12-21 12:16:35.768000',NULL,NULL),(1245,'api::equipment-of-site.equipment-of-site.find','2023-12-21 12:17:41.108000','2023-12-21 12:17:41.108000',NULL,NULL),(1246,'api::fluid.fluid.find','2023-12-21 12:17:41.108000','2023-12-21 12:17:41.108000',NULL,NULL),(1248,'api::absence-type.absence-type.find','2023-12-21 12:20:13.914000','2023-12-21 12:20:13.914000',NULL,NULL),(1250,'api::equipment-of-site.equipment-of-site.find','2023-12-21 12:20:13.914000','2023-12-21 12:20:13.914000',NULL,NULL),(1252,'api::fluid.fluid.find','2023-12-21 12:20:13.914000','2023-12-21 12:20:13.914000',NULL,NULL),(1256,'api::nature-of-site.nature-of-site.find','2023-12-21 12:20:13.914000','2023-12-21 12:20:13.914000',NULL,NULL),(1257,'api::ticket.ticket.create','2023-12-21 12:20:13.914000','2023-12-21 12:20:13.914000',NULL,NULL),(1258,'api::visible-object.visible-object.find','2023-12-21 12:20:13.914000','2023-12-21 12:20:13.914000',NULL,NULL),(1259,'plugin::users-permissions.user.update','2023-12-21 12:20:13.914000','2023-12-21 12:20:13.914000',NULL,NULL),(1268,'api::type-of-material.type-of-material.find','2024-01-24 13:27:10.579000','2024-01-24 13:27:10.579000',NULL,NULL),(1269,'api::type-of-material.type-of-material.findOne','2024-01-24 13:27:10.579000','2024-01-24 13:27:10.579000',NULL,NULL),(1270,'api::type-of-material.type-of-material.find','2024-01-24 13:27:35.221000','2024-01-24 13:27:35.221000',NULL,NULL),(1271,'api::type-of-material.type-of-material.findOne','2024-01-24 13:27:35.221000','2024-01-24 13:27:35.221000',NULL,NULL),(1272,'api::type-of-material.type-of-material.findOne','2024-01-24 13:28:05.082000','2024-01-24 13:28:05.082000',NULL,NULL),(1273,'api::type-of-material.type-of-material.find','2024-01-24 13:28:05.082000','2024-01-24 13:28:05.082000',NULL,NULL),(1274,'api::type-of-material.type-of-material.find','2024-01-24 13:36:57.725000','2024-01-24 13:36:57.725000',NULL,NULL),(1276,'api::type-of-material.type-of-material.update','2024-01-24 14:47:59.559000','2024-01-24 14:47:59.559000',NULL,NULL),(1277,'api::type-of-material.type-of-material.create','2024-01-24 14:47:59.559000','2024-01-24 14:47:59.559000',NULL,NULL),(1296,'api::frai.frai.create','2024-01-30 15:18:51.153000','2024-01-30 15:18:51.153000',NULL,NULL),(1297,'api::expense-content.expense-content.create','2024-01-30 15:23:21.728000','2024-01-30 15:23:21.728000',NULL,NULL),(1298,'api::expense-content.expense-content.update','2024-01-30 15:25:49.187000','2024-01-30 15:25:49.187000',NULL,NULL),(1299,'api::frai.frai.update','2024-01-30 15:25:49.187000','2024-01-30 15:25:49.187000',NULL,NULL),(1300,'api::absence-type.absence-type.find','2024-01-31 15:16:52.655000','2024-01-31 15:16:52.655000',NULL,NULL),(1303,'api::ticket.ticket.update','2024-03-05 11:52:19.059000','2024-03-05 11:52:19.059000',NULL,NULL),(1304,'api::ticket.ticket.findOne','2024-03-05 11:54:12.808000','2024-03-05 11:54:12.808000',NULL,NULL),(1305,'api::job.job.find','2024-04-09 11:21:35.941000','2024-04-09 11:21:35.941000',NULL,NULL),(1306,'api::job.job.findOne','2024-04-09 11:21:35.941000','2024-04-09 11:21:35.941000',NULL,NULL),(1307,'api::job.job.find','2024-04-09 11:21:51.410000','2024-04-09 11:21:51.410000',NULL,NULL),(1309,'api::job.job.update','2024-04-23 10:13:31.715000','2024-04-23 10:13:31.715000',NULL,NULL),(1310,'api::job.job.create','2024-04-23 10:13:31.714000','2024-04-23 10:13:31.714000',NULL,NULL),(1311,'api::tier-contract.tier-contract.delete','2024-04-23 10:13:31.715000','2024-04-23 10:13:31.715000',NULL,NULL),(1312,'api::job.job.delete','2024-04-23 10:13:31.715000','2024-04-23 10:13:31.715000',NULL,NULL),(1313,'api::type-of-material.type-of-material.delete','2024-04-23 10:13:31.715000','2024-04-23 10:13:31.715000',NULL,NULL),(1314,'api::qr-code.qr-code.find','2024-04-24 16:44:20.731000','2024-04-24 16:44:20.731000',NULL,NULL),(1315,'plugin::users-permissions.user.find','2024-04-24 16:44:51.013000','2024-04-24 16:44:51.013000',NULL,NULL),(1316,'api::visible-comment.visible-comment.update','2024-04-24 16:48:54.573000','2024-04-24 16:48:54.573000',NULL,NULL),(1317,'api::job.job.find','2024-04-24 17:03:27.123000','2024-04-24 17:03:27.123000',NULL,NULL),(1318,'api::no-visible-comment.no-visible-comment.update','2024-04-24 17:03:27.123000','2024-04-24 17:03:27.123000',NULL,NULL),(1319,'api::relance-ticket.relance-ticket.find','2024-04-24 17:03:27.123000','2024-04-24 17:03:27.123000',NULL,NULL),(1320,'api::contract.contract.find','2024-04-25 10:01:23.149000','2024-04-25 10:01:23.149000',NULL,NULL),(1321,'plugin::users-permissions.user.findOne','2024-04-25 10:02:48.722000','2024-04-25 10:02:48.722000',NULL,NULL),(1322,'api::absence.absence.find','2024-04-25 10:10:22.749000','2024-04-25 10:10:22.749000',NULL,NULL),(1323,'api::qr-code.qr-code.findOne','2024-04-25 10:50:12.574000','2024-04-25 10:50:12.574000',NULL,NULL),(1324,'api::agency.agency.findOne','2024-04-25 11:27:27.265000','2024-04-25 11:27:27.265000',NULL,NULL),(1325,'api::no-visible-comment.no-visible-comment.findOne','2024-04-25 13:25:03.635000','2024-04-25 13:25:03.635000',NULL,NULL),(1326,'api::visible-comment.visible-comment.find','2024-04-25 13:25:03.635000','2024-04-25 13:25:03.635000',NULL,NULL),(1327,'api::type-of-material.type-of-material.findOne','2024-04-25 13:25:03.635000','2024-04-25 13:25:03.635000',NULL,NULL),(1328,'api::visible-comment.visible-comment.create','2024-04-25 13:25:03.635000','2024-04-25 13:25:03.635000',NULL,NULL),(1329,'api::no-visible-comment.no-visible-comment.update','2024-04-25 13:25:03.635000','2024-04-25 13:25:03.635000',NULL,NULL),(1330,'api::type-of-material.type-of-material.find','2024-04-25 13:25:03.635000','2024-04-25 13:25:03.635000',NULL,NULL),(1331,'api::visible-comment.visible-comment.update','2024-04-25 13:25:03.635000','2024-04-25 13:25:03.635000',NULL,NULL),(1332,'api::no-visible-comment.no-visible-comment.find','2024-04-25 13:25:03.635000','2024-04-25 13:25:03.635000',NULL,NULL),(1333,'api::no-visible-comment.no-visible-comment.create','2024-04-25 13:25:03.635000','2024-04-25 13:25:03.635000',NULL,NULL),(1334,'plugin::users-permissions.user.update','2024-04-25 15:49:11.838000','2024-04-25 15:49:11.838000',NULL,NULL),(1335,'api::property.property.findOne','2024-04-25 16:47:05.272000','2024-04-25 16:47:05.272000',NULL,NULL),(1336,'api::property.property.findOne','2024-04-25 16:47:29.353000','2024-04-25 16:47:29.353000',NULL,NULL),(1337,'api::employee-contract.employee-contract.find','2024-04-26 15:04:16.204000','2024-04-26 15:04:16.204000',NULL,NULL),(1338,'api::ticket.ticket.create','2024-04-26 15:04:16.204000','2024-04-26 15:04:16.204000',NULL,NULL),(1339,'api::ticket-reply.ticket-reply.find','2024-04-26 15:04:16.204000','2024-04-26 15:04:16.204000',NULL,NULL),(1340,'api::ticket-reply.ticket-reply.create','2024-04-26 15:04:16.204000','2024-04-26 15:04:16.204000',NULL,NULL),(1341,'api::nature-of-site.nature-of-site.find','2024-04-26 15:04:16.204000','2024-04-26 15:04:16.204000',NULL,NULL),(1342,'api::job.job.find','2024-04-26 15:04:16.204000','2024-04-26 15:04:16.204000',NULL,NULL),(1343,'api::no-visible-comment.no-visible-comment.find','2024-04-26 15:04:16.204000','2024-04-26 15:04:16.204000',NULL,NULL),(1344,'api::employee-contract-service.employee-contract-service.find','2024-04-26 15:04:16.204000','2024-04-26 15:04:16.204000',NULL,NULL),(1345,'api::service.service.find','2024-04-26 15:04:16.204000','2024-04-26 15:04:16.204000',NULL,NULL),(1346,'api::tier-contract.tier-contract.find','2024-04-26 15:04:16.204000','2024-04-26 15:04:16.204000',NULL,NULL),(1347,'api::tier-contract-reference.tier-contract-reference.find','2024-04-26 15:04:16.204000','2024-04-26 15:04:16.204000',NULL,NULL),(1348,'api::type-of-material.type-of-material.find','2024-04-26 15:04:16.204000','2024-04-26 15:04:16.204000',NULL,NULL),(1349,'api::state.state.findOne','2024-04-26 15:14:27.270000','2024-04-26 15:14:27.270000',NULL,NULL),(1350,'api::visible-comment.visible-comment.find','2024-04-26 16:05:58.737000','2024-04-26 16:05:58.737000',NULL,NULL),(1351,'api::absence.absence.findOne','2024-04-27 10:43:40.991000','2024-04-27 10:43:40.991000',NULL,NULL),(1352,'api::intervention.intervention.findOne','2024-04-27 10:44:18.593000','2024-04-27 10:44:18.593000',NULL,NULL),(1353,'api::ticket-log.ticket-log.find','2024-04-27 10:51:28.611000','2024-04-27 10:51:28.611000',NULL,NULL),(1354,'api::ticket.ticket.update','2024-04-27 11:02:04.800000','2024-04-27 11:02:04.800000',NULL,NULL),(1355,'api::intervention.intervention.create','2024-04-27 11:53:39.128000','2024-04-27 11:53:39.128000',NULL,NULL),(1356,'api::intervention.intervention.update','2024-04-27 11:53:39.128000','2024-04-27 11:53:39.128000',NULL,NULL),(1357,'api::intervention.intervention.delete','2024-04-27 11:53:39.128000','2024-04-27 11:53:39.128000',NULL,NULL),(1358,'api::comment.comment.delete','2024-04-29 11:49:04.849000','2024-04-29 11:49:04.849000',NULL,NULL),(1359,'api::comment.comment.findOne','2024-04-29 11:49:08.766000','2024-04-29 11:49:08.766000',NULL,NULL),(1360,'api::comment.comment.findOne','2024-04-29 11:49:32.045000','2024-04-29 11:49:32.045000',NULL,NULL),(1361,'api::comment.comment.delete','2024-04-29 11:49:32.045000','2024-04-29 11:49:32.045000',NULL,NULL),(1362,'api::comment.comment.delete','2024-04-29 11:49:38.548000','2024-04-29 11:49:38.548000',NULL,NULL),(1363,'plugin::users-permissions.user.update','2024-05-10 11:38:37.534000','2024-05-10 11:38:37.534000',NULL,NULL),(1364,'api::qr-code.qr-code.create','2024-05-10 11:40:15.066000','2024-05-10 11:40:15.066000',NULL,NULL),(1365,'api::ticket-reply.ticket-reply.update','2024-05-10 16:54:18.400000','2024-05-10 16:54:18.400000',NULL,NULL),(1366,'api::ticket-log.ticket-log.create','2024-06-05 15:48:23.561000','2024-06-05 15:48:23.561000',NULL,NULL),(1370,'api::employee-contract.employee-contract.find','2024-06-07 10:09:23.721000','2024-06-07 10:09:23.721000',NULL,NULL);
/*!40000 ALTER TABLE `up_permissions` ENABLE KEYS */;
UNLOCK TABLES;

--
-- Table structure for table `up_permissions_role_links`
--

DROP TABLE IF EXISTS `up_permissions_role_links`;
/*!40101 SET @saved_cs_client     = @@character_set_client */;
/*!50503 SET character_set_client = utf8mb4 */;
CREATE TABLE `up_permissions_role_links` (
  `id` int(10) unsigned NOT NULL AUTO_INCREMENT,
  `permission_id` int(10) unsigned DEFAULT NULL,
  `role_id` int(10) unsigned DEFAULT NULL,
  `permission_order` int(10) unsigned DEFAULT NULL,
  `action` varchar(255) DEFAULT NULL,
  `created_at` datetime(6) DEFAULT NULL,
  `updated_at` datetime(6) DEFAULT NULL,
  `created_by_id` int(10) unsigned DEFAULT NULL,
  `updated_by_id` int(10) unsigned DEFAULT NULL,
  PRIMARY KEY (`id`),
  UNIQUE KEY `up_permissions_role_links_unique` (`permission_id`,`role_id`),
  KEY `up_permissions_role_links_fk` (`permission_id`),
  KEY `up_permissions_role_links_inv_fk` (`role_id`),
  KEY `up_permissions_role_links_order_inv_fk` (`permission_order`),
  CONSTRAINT `up_permissions_role_links_fk` FOREIGN KEY (`permission_id`) REFERENCES `up_permissions` (`id`) ON DELETE CASCADE,
  CONSTRAINT `up_permissions_role_links_inv_fk` FOREIGN KEY (`role_id`) REFERENCES `up_roles` (`id`) ON DELETE CASCADE
) ENGINE=InnoDB AUTO_INCREMENT=1370 DEFAULT CHARSET=utf8mb3 COLLATE=utf8mb3_general_ci;
/*!40101 SET character_set_client = @saved_cs_client */;

--
-- Dumping data for table `up_permissions_role_links`
--

LOCK TABLES `up_permissions_role_links` WRITE;
/*!40000 ALTER TABLE `up_permissions_role_links` DISABLE KEYS */;
INSERT INTO `up_permissions_role_links` VALUES (1,1,1,1,NULL,NULL,NULL,NULL,NULL),(2,2,1,1,NULL,NULL,NULL,NULL,NULL),(3,3,2,1,NULL,NULL,NULL,NULL,NULL),(4,5,2,1,NULL,NULL,NULL,NULL,NULL),(5,4,2,1,NULL,NULL,NULL,NULL,NULL),(6,6,2,1,NULL,NULL,NULL,NULL,NULL),(7,7,2,1,NULL,NULL,NULL,NULL,NULL),(8,8,2,1,NULL,NULL,NULL,NULL,NULL),(9,9,2,1,NULL,NULL,NULL,NULL,NULL),(10,10,3,1,NULL,NULL,NULL,NULL,NULL),(11,11,3,1,NULL,NULL,NULL,NULL,NULL),(12,12,3,2,NULL,NULL,NULL,NULL,NULL),(13,13,3,2,NULL,NULL,NULL,NULL,NULL),(14,15,3,2,NULL,NULL,NULL,NULL,NULL),(15,14,3,2,NULL,NULL,NULL,NULL,NULL),(16,16,3,2,NULL,NULL,NULL,NULL,NULL),(17,17,3,2,NULL,NULL,NULL,NULL,NULL),(18,18,3,2,NULL,NULL,NULL,NULL,NULL),(19,19,3,2,NULL,NULL,NULL,NULL,NULL),(20,20,3,2,NULL,NULL,NULL,NULL,NULL),(21,21,3,3,NULL,NULL,NULL,NULL,NULL),(22,22,3,4,NULL,NULL,NULL,NULL,NULL),(23,23,3,4,NULL,NULL,NULL,NULL,NULL),(24,24,3,4,NULL,NULL,NULL,NULL,NULL),(26,26,4,1,NULL,NULL,NULL,NULL,NULL),(28,28,5,1,NULL,NULL,NULL,NULL,NULL),(30,30,6,1,NULL,NULL,NULL,NULL,NULL),(31,31,3,5,NULL,NULL,NULL,NULL,NULL),(32,32,3,5,NULL,NULL,NULL,NULL,NULL),(33,33,1,2,NULL,NULL,NULL,NULL,NULL),(34,34,1,3,NULL,NULL,NULL,NULL,NULL),(35,35,4,2,NULL,NULL,NULL,NULL,NULL),(37,37,2,2,NULL,NULL,NULL,NULL,NULL),(38,38,2,3,NULL,NULL,NULL,NULL,NULL),(40,41,2,5,NULL,NULL,NULL,NULL,NULL),(41,40,2,5,NULL,NULL,NULL,NULL,NULL),(42,45,1,4,NULL,NULL,NULL,NULL,NULL),(43,42,1,4,NULL,NULL,NULL,NULL,NULL),(44,43,1,4,NULL,NULL,NULL,NULL,NULL),(45,44,1,4,NULL,NULL,NULL,NULL,NULL),(46,46,1,4,NULL,NULL,NULL,NULL,NULL),(47,47,1,4,NULL,NULL,NULL,NULL,NULL),(48,48,4,3,NULL,NULL,NULL,NULL,NULL),(49,49,4,3,NULL,NULL,NULL,NULL,NULL),(51,51,4,3,NULL,NULL,NULL,NULL,NULL),(58,58,4,4,NULL,NULL,NULL,NULL,NULL),(59,59,4,4,NULL,NULL,NULL,NULL,NULL),(60,60,4,5,NULL,NULL,NULL,NULL,NULL),(61,61,4,5,NULL,NULL,NULL,NULL,NULL),(62,63,5,2,NULL,NULL,NULL,NULL,NULL),(63,62,5,2,NULL,NULL,NULL,NULL,NULL),(65,65,5,2,NULL,NULL,NULL,NULL,NULL),(66,66,1,5,NULL,NULL,NULL,NULL,NULL),(67,69,1,5,NULL,NULL,NULL,NULL,NULL),(68,67,1,5,NULL,NULL,NULL,NULL,NULL),(69,68,1,5,NULL,NULL,NULL,NULL,NULL),(70,70,3,6,NULL,NULL,NULL,NULL,NULL),(71,73,3,6,NULL,NULL,NULL,NULL,NULL),(72,72,3,6,NULL,NULL,NULL,NULL,NULL),(73,71,3,6,NULL,NULL,NULL,NULL,NULL),(78,78,3,7,NULL,NULL,NULL,NULL,NULL),(79,79,5,4,NULL,NULL,NULL,NULL,NULL),(80,80,5,4,NULL,NULL,NULL,NULL,NULL),(86,86,3,8,NULL,NULL,NULL,NULL,NULL),(87,87,3,8,NULL,NULL,NULL,NULL,NULL),(88,88,3,8,NULL,NULL,NULL,NULL,NULL),(89,89,3,8,NULL,NULL,NULL,NULL,NULL),(90,90,3,8,NULL,NULL,NULL,NULL,NULL),(91,91,3,8,NULL,NULL,NULL,NULL,NULL),(98,98,5,6,NULL,NULL,NULL,NULL,NULL),(99,99,5,6,NULL,NULL,NULL,NULL,NULL),(100,100,5,7,NULL,NULL,NULL,NULL,NULL),(120,119,2,13,NULL,NULL,NULL,NULL,NULL),(121,121,4,11,NULL,NULL,NULL,NULL,NULL),(122,122,4,11,NULL,NULL,NULL,NULL,NULL),(124,124,3,9,NULL,NULL,NULL,NULL,NULL),(125,125,3,9,NULL,NULL,NULL,NULL,NULL),(126,126,3,9,NULL,NULL,NULL,NULL,NULL),(127,127,3,9,NULL,NULL,NULL,NULL,NULL),(128,128,3,9,NULL,NULL,NULL,NULL,NULL),(129,129,5,9,NULL,NULL,NULL,NULL,NULL),(131,131,5,9,NULL,NULL,NULL,NULL,NULL),(132,132,4,12,NULL,NULL,NULL,NULL,NULL),(136,136,2,15,NULL,NULL,NULL,NULL,NULL),(139,139,2,16,NULL,NULL,NULL,NULL,NULL),(140,140,4,13,NULL,NULL,NULL,NULL,NULL),(141,142,4,13,NULL,NULL,NULL,NULL,NULL),(143,143,4,13,NULL,NULL,NULL,NULL,NULL),(144,144,4,13,NULL,NULL,NULL,NULL,NULL),(145,145,4,13,NULL,NULL,NULL,NULL,NULL),(153,153,1,6,NULL,NULL,NULL,NULL,NULL),(154,154,1,6,NULL,NULL,NULL,NULL,NULL),(157,157,3,10,NULL,NULL,NULL,NULL,NULL),(158,158,3,10,NULL,NULL,NULL,NULL,NULL),(159,159,5,12,NULL,NULL,NULL,NULL,NULL),(160,160,5,12,NULL,NULL,NULL,NULL,NULL),(162,162,3,11,NULL,NULL,NULL,NULL,NULL),(163,163,3,11,NULL,NULL,NULL,NULL,NULL),(164,164,3,11,NULL,NULL,NULL,NULL,NULL),(165,165,3,11,NULL,NULL,NULL,NULL,NULL),(166,167,5,13,NULL,NULL,NULL,NULL,NULL),(167,166,5,13,NULL,NULL,NULL,NULL,NULL),(168,168,5,13,NULL,NULL,NULL,NULL,NULL),(169,169,5,13,NULL,NULL,NULL,NULL,NULL),(175,175,4,16,NULL,NULL,NULL,NULL,NULL),(178,178,5,14,NULL,NULL,NULL,NULL,NULL),(195,195,4,17,NULL,NULL,NULL,NULL,NULL),(197,197,5,15,NULL,NULL,NULL,NULL,NULL),(219,219,4,18,NULL,NULL,NULL,NULL,NULL),(223,223,5,16,NULL,NULL,NULL,NULL,NULL),(225,225,5,16,NULL,NULL,NULL,NULL,NULL),(226,227,5,16,NULL,NULL,NULL,NULL,NULL),(244,245,3,16,NULL,NULL,NULL,NULL,NULL),(245,244,3,16,NULL,NULL,NULL,NULL,NULL),(246,246,3,16,NULL,NULL,NULL,NULL,NULL),(247,247,3,16,NULL,NULL,NULL,NULL,NULL),(248,248,3,16,NULL,NULL,NULL,NULL,NULL),(249,249,3,17,NULL,NULL,NULL,NULL,NULL),(250,250,3,17,NULL,NULL,NULL,NULL,NULL),(251,252,3,17,NULL,NULL,NULL,NULL,NULL),(252,251,3,17,NULL,NULL,NULL,NULL,NULL),(253,253,3,17,NULL,NULL,NULL,NULL,NULL),(254,254,3,18,NULL,NULL,NULL,NULL,NULL),(255,256,3,18,NULL,NULL,NULL,NULL,NULL),(256,255,3,18,NULL,NULL,NULL,NULL,NULL),(257,258,3,18,NULL,NULL,NULL,NULL,NULL),(258,257,3,18,NULL,NULL,NULL,NULL,NULL),(259,260,3,18,NULL,NULL,NULL,NULL,NULL),(260,259,3,18,NULL,NULL,NULL,NULL,NULL),(261,261,3,18,NULL,NULL,NULL,NULL,NULL),(262,262,3,18,NULL,NULL,NULL,NULL,NULL),(263,263,3,18,NULL,NULL,NULL,NULL,NULL),(264,264,3,19,NULL,NULL,NULL,NULL,NULL),(265,266,3,19,NULL,NULL,NULL,NULL,NULL),(266,265,3,19,NULL,NULL,NULL,NULL,NULL),(267,267,3,19,NULL,NULL,NULL,NULL,NULL),(268,268,3,19,NULL,NULL,NULL,NULL,NULL),(279,279,4,19,NULL,NULL,NULL,NULL,NULL),(284,284,5,17,NULL,NULL,NULL,NULL,NULL),(287,286,5,17,NULL,NULL,NULL,NULL,NULL),(289,289,3,20,NULL,NULL,NULL,NULL,NULL),(290,293,3,20,NULL,NULL,NULL,NULL,NULL),(291,291,3,20,NULL,NULL,NULL,NULL,NULL),(292,290,3,20,NULL,NULL,NULL,NULL,NULL),(293,292,3,20,NULL,NULL,NULL,NULL,NULL),(339,339,3,21,NULL,NULL,NULL,NULL,NULL),(340,340,3,21,NULL,NULL,NULL,NULL,NULL),(341,343,3,21,NULL,NULL,NULL,NULL,NULL),(342,341,3,21,NULL,NULL,NULL,NULL,NULL),(343,342,3,21,NULL,NULL,NULL,NULL,NULL),(344,346,4,20,NULL,NULL,NULL,NULL,NULL),(345,344,4,20,NULL,NULL,NULL,NULL,NULL),(347,345,4,20,NULL,NULL,NULL,NULL,NULL),(349,349,5,18,NULL,NULL,NULL,NULL,NULL),(352,352,5,18,NULL,NULL,NULL,NULL,NULL),(353,350,5,18,NULL,NULL,NULL,NULL,NULL),(359,359,5,19,NULL,NULL,NULL,NULL,NULL),(360,360,5,19,NULL,NULL,NULL,NULL,NULL),(362,362,5,20,NULL,NULL,NULL,NULL,NULL),(363,363,5,20,NULL,NULL,NULL,NULL,NULL),(364,364,4,21,NULL,NULL,NULL,NULL,NULL),(366,368,4,21,NULL,NULL,NULL,NULL,NULL),(367,367,4,21,NULL,NULL,NULL,NULL,NULL),(368,365,4,21,NULL,NULL,NULL,NULL,NULL),(371,371,5,21,NULL,NULL,NULL,NULL,NULL),(372,372,5,21,NULL,NULL,NULL,NULL,NULL),(373,374,4,22,NULL,NULL,NULL,NULL,NULL),(374,373,4,22,NULL,NULL,NULL,NULL,NULL),(375,376,2,24,NULL,NULL,NULL,NULL,NULL),(378,379,2,24,NULL,NULL,NULL,NULL,NULL),(379,380,2,24,NULL,NULL,NULL,NULL,NULL),(389,389,2,25,NULL,NULL,NULL,NULL,NULL),(391,391,2,25,NULL,NULL,NULL,NULL,NULL),(394,394,3,25,NULL,NULL,NULL,NULL,NULL),(395,395,3,25,NULL,NULL,NULL,NULL,NULL),(398,399,3,26,NULL,NULL,NULL,NULL,NULL),(399,401,3,26,NULL,NULL,NULL,NULL,NULL),(401,398,3,26,NULL,NULL,NULL,NULL,NULL),(402,403,3,26,NULL,NULL,NULL,NULL,NULL),(403,404,3,26,NULL,NULL,NULL,NULL,NULL),(404,402,3,26,NULL,NULL,NULL,NULL,NULL),(405,406,4,23,NULL,NULL,NULL,NULL,NULL),(406,405,4,23,NULL,NULL,NULL,NULL,NULL),(408,408,3,27,NULL,NULL,NULL,NULL,NULL),(424,427,3,28,NULL,NULL,NULL,NULL,NULL),(425,426,3,28,NULL,NULL,NULL,NULL,NULL),(426,424,3,28,NULL,NULL,NULL,NULL,NULL),(427,425,3,28,NULL,NULL,NULL,NULL,NULL),(428,428,3,28,NULL,NULL,NULL,NULL,NULL),(443,443,3,29,NULL,NULL,NULL,NULL,NULL),(446,446,3,30,NULL,NULL,NULL,NULL,NULL),(449,449,5,22,NULL,NULL,NULL,NULL,NULL),(451,451,3,32,NULL,NULL,NULL,NULL,NULL),(453,452,3,32,NULL,NULL,NULL,NULL,NULL),(454,454,3,32,NULL,NULL,NULL,NULL,NULL),(468,468,6,4,NULL,NULL,NULL,NULL,NULL),(471,470,6,4,NULL,NULL,NULL,NULL,NULL),(472,472,6,5,NULL,NULL,NULL,NULL,NULL),(473,473,6,5,NULL,NULL,NULL,NULL,NULL),(477,478,6,7,NULL,NULL,NULL,NULL,NULL),(478,477,6,7,NULL,NULL,NULL,NULL,NULL),(479,479,6,7,NULL,NULL,NULL,NULL,NULL),(480,481,6,8,NULL,NULL,NULL,NULL,NULL),(481,480,6,8,NULL,NULL,NULL,NULL,NULL),(482,482,6,8,NULL,NULL,NULL,NULL,NULL),(483,483,6,8,NULL,NULL,NULL,NULL,NULL),(499,499,3,33,NULL,NULL,NULL,NULL,NULL),(506,506,6,9,NULL,NULL,NULL,NULL,NULL),(509,509,6,9,NULL,NULL,NULL,NULL,NULL),(511,511,6,10,NULL,NULL,NULL,NULL,NULL),(512,512,6,10,NULL,NULL,NULL,NULL,NULL),(513,513,6,11,NULL,NULL,NULL,NULL,NULL),(514,514,6,11,NULL,NULL,NULL,NULL,NULL),(515,515,1,7,NULL,NULL,NULL,NULL,NULL),(516,516,1,7,NULL,NULL,NULL,NULL,NULL),(517,517,1,7,NULL,NULL,NULL,NULL,NULL),(518,518,1,7,NULL,NULL,NULL,NULL,NULL),(519,519,1,7,NULL,NULL,NULL,NULL,NULL),(520,520,1,7,NULL,NULL,NULL,NULL,NULL),(521,521,1,7,NULL,NULL,NULL,NULL,NULL),(522,525,1,7,NULL,NULL,NULL,NULL,NULL),(523,523,1,7,NULL,NULL,NULL,NULL,NULL),(524,527,1,7,NULL,NULL,NULL,NULL,NULL),(525,522,1,8,NULL,NULL,NULL,NULL,NULL),(526,526,1,8,NULL,NULL,NULL,NULL,NULL),(527,524,1,8,NULL,NULL,NULL,NULL,NULL),(528,529,1,8,NULL,NULL,NULL,NULL,NULL),(529,528,1,8,NULL,NULL,NULL,NULL,NULL),(530,530,1,8,NULL,NULL,NULL,NULL,NULL),(531,531,1,8,NULL,NULL,NULL,NULL,NULL),(532,532,1,8,NULL,NULL,NULL,NULL,NULL),(533,533,1,8,NULL,NULL,NULL,NULL,NULL),(534,535,1,8,NULL,NULL,NULL,NULL,NULL),(535,536,1,9,NULL,NULL,NULL,NULL,NULL),(536,534,1,9,NULL,NULL,NULL,NULL,NULL),(537,537,1,9,NULL,NULL,NULL,NULL,NULL),(538,539,1,9,NULL,NULL,NULL,NULL,NULL),(539,538,1,9,NULL,NULL,NULL,NULL,NULL),(540,540,1,9,NULL,NULL,NULL,NULL,NULL),(541,541,1,9,NULL,NULL,NULL,NULL,NULL),(542,542,1,9,NULL,NULL,NULL,NULL,NULL),(543,545,1,10,NULL,NULL,NULL,NULL,NULL),(544,543,1,10,NULL,NULL,NULL,NULL,NULL),(545,544,1,11,NULL,NULL,NULL,NULL,NULL),(547,549,1,11,NULL,NULL,NULL,NULL,NULL),(548,548,1,11,NULL,NULL,NULL,NULL,NULL),(563,562,6,13,NULL,NULL,NULL,NULL,NULL),(564,564,3,34,NULL,NULL,NULL,NULL,NULL),(565,565,3,34,NULL,NULL,NULL,NULL,NULL),(566,566,3,35,NULL,NULL,NULL,NULL,NULL),(567,567,3,35,NULL,NULL,NULL,NULL,NULL),(568,568,3,35,NULL,NULL,NULL,NULL,NULL),(569,569,3,36,NULL,NULL,NULL,NULL,NULL),(570,570,1,12,NULL,NULL,NULL,NULL,NULL),(571,571,1,12,NULL,NULL,NULL,NULL,NULL),(572,572,1,12,NULL,NULL,NULL,NULL,NULL),(573,573,1,12,NULL,NULL,NULL,NULL,NULL),(574,574,1,12,NULL,NULL,NULL,NULL,NULL),(575,575,1,12,NULL,NULL,NULL,NULL,NULL),(576,576,1,12,NULL,NULL,NULL,NULL,NULL),(577,580,1,12,NULL,NULL,NULL,NULL,NULL),(578,579,1,12,NULL,NULL,NULL,NULL,NULL),(579,578,1,12,NULL,NULL,NULL,NULL,NULL),(580,577,1,13,NULL,NULL,NULL,NULL,NULL),(581,583,1,13,NULL,NULL,NULL,NULL,NULL),(582,581,1,13,NULL,NULL,NULL,NULL,NULL),(583,582,1,13,NULL,NULL,NULL,NULL,NULL),(584,584,1,13,NULL,NULL,NULL,NULL,NULL),(585,585,1,13,NULL,NULL,NULL,NULL,NULL),(586,587,1,13,NULL,NULL,NULL,NULL,NULL),(587,586,1,13,NULL,NULL,NULL,NULL,NULL),(588,589,1,13,NULL,NULL,NULL,NULL,NULL),(589,588,1,13,NULL,NULL,NULL,NULL,NULL),(590,591,1,14,NULL,NULL,NULL,NULL,NULL),(591,592,1,14,NULL,NULL,NULL,NULL,NULL),(592,590,1,14,NULL,NULL,NULL,NULL,NULL),(593,597,5,23,NULL,NULL,NULL,NULL,NULL),(595,596,5,23,NULL,NULL,NULL,NULL,NULL),(596,598,5,23,NULL,NULL,NULL,NULL,NULL),(597,594,5,23,NULL,NULL,NULL,NULL,NULL),(598,595,5,23,NULL,NULL,NULL,NULL,NULL),(599,599,5,23,NULL,NULL,NULL,NULL,NULL),(601,604,5,23,NULL,NULL,NULL,NULL,NULL),(604,600,5,24,NULL,NULL,NULL,NULL,NULL),(608,607,5,24,NULL,NULL,NULL,NULL,NULL),(609,608,5,24,NULL,NULL,NULL,NULL,NULL),(612,612,4,28,NULL,NULL,NULL,NULL,NULL),(616,616,4,28,NULL,NULL,NULL,NULL,NULL),(618,620,4,28,NULL,NULL,NULL,NULL,NULL),(621,621,6,14,NULL,NULL,NULL,NULL,NULL),(622,622,6,14,NULL,NULL,NULL,NULL,NULL),(625,623,6,14,NULL,NULL,NULL,NULL,NULL),(626,626,6,14,NULL,NULL,NULL,NULL,NULL),(628,628,6,14,NULL,NULL,NULL,NULL,NULL),(632,632,6,15,NULL,NULL,NULL,NULL,NULL),(634,635,6,15,NULL,NULL,NULL,NULL,NULL),(635,636,6,15,NULL,NULL,NULL,NULL,NULL),(636,639,6,15,NULL,NULL,NULL,NULL,NULL),(638,633,6,15,NULL,NULL,NULL,NULL,NULL),(640,640,6,15,NULL,NULL,NULL,NULL,NULL),(642,642,6,16,NULL,NULL,NULL,NULL,NULL),(643,644,6,16,NULL,NULL,NULL,NULL,NULL),(644,645,6,16,NULL,NULL,NULL,NULL,NULL),(645,643,6,16,NULL,NULL,NULL,NULL,NULL),(646,646,6,16,NULL,NULL,NULL,NULL,NULL),(648,648,6,16,NULL,NULL,NULL,NULL,NULL),(650,650,6,16,NULL,NULL,NULL,NULL,NULL),(651,651,6,17,NULL,NULL,NULL,NULL,NULL),(653,653,6,17,NULL,NULL,NULL,NULL,NULL),(655,655,6,17,NULL,NULL,NULL,NULL,NULL),(658,657,6,17,NULL,NULL,NULL,NULL,NULL),(659,659,6,17,NULL,NULL,NULL,NULL,NULL),(776,779,1,15,NULL,NULL,NULL,NULL,NULL),(777,777,1,15,NULL,NULL,NULL,NULL,NULL),(778,780,1,15,NULL,NULL,NULL,NULL,NULL),(779,776,1,15,NULL,NULL,NULL,NULL,NULL),(780,778,1,15,NULL,NULL,NULL,NULL,NULL),(781,785,1,15,NULL,NULL,NULL,NULL,NULL),(782,784,1,15,NULL,NULL,NULL,NULL,NULL),(783,783,1,15,NULL,NULL,NULL,NULL,NULL),(784,782,1,15,NULL,NULL,NULL,NULL,NULL),(785,781,1,15,NULL,NULL,NULL,NULL,NULL),(786,786,1,16,NULL,NULL,NULL,NULL,NULL),(787,788,1,16,NULL,NULL,NULL,NULL,NULL),(788,787,1,16,NULL,NULL,NULL,NULL,NULL),(789,789,1,16,NULL,NULL,NULL,NULL,NULL),(790,790,5,25,NULL,NULL,NULL,NULL,NULL),(791,791,5,25,NULL,NULL,NULL,NULL,NULL),(793,792,5,25,NULL,NULL,NULL,NULL,NULL),(794,794,5,25,NULL,NULL,NULL,NULL,NULL),(796,796,5,25,NULL,NULL,NULL,NULL,NULL),(801,802,5,26,NULL,NULL,NULL,NULL,NULL),(802,800,5,26,NULL,NULL,NULL,NULL,NULL),(803,798,5,26,NULL,NULL,NULL,NULL,NULL),(817,816,4,34,NULL,NULL,NULL,NULL,NULL),(832,833,3,39,NULL,NULL,NULL,NULL,NULL),(833,832,3,39,NULL,NULL,NULL,NULL,NULL),(834,834,3,39,NULL,NULL,NULL,NULL,NULL),(835,835,3,39,NULL,NULL,NULL,NULL,NULL),(836,836,3,39,NULL,NULL,NULL,NULL,NULL),(837,837,3,39,NULL,NULL,NULL,NULL,NULL),(865,866,3,40,NULL,NULL,NULL,NULL,NULL),(866,867,3,40,NULL,NULL,NULL,NULL,NULL),(867,865,3,40,NULL,NULL,NULL,NULL,NULL),(868,869,3,40,NULL,NULL,NULL,NULL,NULL),(869,868,3,40,NULL,NULL,NULL,NULL,NULL),(870,870,3,41,NULL,NULL,NULL,NULL,NULL),(871,871,3,41,NULL,NULL,NULL,NULL,NULL),(872,872,3,41,NULL,NULL,NULL,NULL,NULL),(873,873,3,41,NULL,NULL,NULL,NULL,NULL),(874,874,3,41,NULL,NULL,NULL,NULL,NULL),(875,875,3,42,NULL,NULL,NULL,NULL,NULL),(876,876,3,42,NULL,NULL,NULL,NULL,NULL),(877,877,3,42,NULL,NULL,NULL,NULL,NULL),(878,878,3,42,NULL,NULL,NULL,NULL,NULL),(879,879,3,42,NULL,NULL,NULL,NULL,NULL),(880,880,3,42,NULL,NULL,NULL,NULL,NULL),(882,881,3,42,NULL,NULL,NULL,NULL,NULL),(888,885,3,43,NULL,NULL,NULL,NULL,NULL),(889,889,3,43,NULL,NULL,NULL,NULL,NULL),(890,890,3,43,NULL,NULL,NULL,NULL,NULL),(891,891,3,43,NULL,NULL,NULL,NULL,NULL),(892,892,3,43,NULL,NULL,NULL,NULL,NULL),(893,893,3,43,NULL,NULL,NULL,NULL,NULL),(894,894,3,43,NULL,NULL,NULL,NULL,NULL),(909,909,6,18,NULL,NULL,NULL,NULL,NULL),(917,917,5,27,NULL,NULL,NULL,NULL,NULL),(919,919,1,17,NULL,NULL,NULL,NULL,NULL),(920,920,1,17,NULL,NULL,NULL,NULL,NULL),(925,925,3,44,NULL,NULL,NULL,NULL,NULL),(926,926,3,44,NULL,NULL,NULL,NULL,NULL),(927,927,3,45,NULL,NULL,NULL,NULL,NULL),(928,929,3,45,NULL,NULL,NULL,NULL,NULL),(929,928,3,45,NULL,NULL,NULL,NULL,NULL),(930,930,3,45,NULL,NULL,NULL,NULL,NULL),(931,931,3,45,NULL,NULL,NULL,NULL,NULL),(935,935,3,46,NULL,NULL,NULL,NULL,NULL),(936,936,3,46,NULL,NULL,NULL,NULL,NULL),(937,937,3,47,NULL,NULL,NULL,NULL,NULL),(938,938,5,28,NULL,NULL,NULL,NULL,NULL),(939,939,5,28,NULL,NULL,NULL,NULL,NULL),(940,940,5,29,NULL,NULL,NULL,NULL,NULL),(941,941,7,1,NULL,NULL,NULL,NULL,NULL),(943,943,7,2,NULL,NULL,NULL,NULL,NULL),(944,944,3,46,NULL,NULL,NULL,NULL,NULL),(945,945,3,46,NULL,NULL,NULL,NULL,NULL),(946,946,3,47,NULL,NULL,NULL,NULL,NULL),(950,950,7,1,NULL,NULL,NULL,NULL,NULL),(951,952,7,1,NULL,NULL,NULL,NULL,NULL),(953,954,7,2,NULL,NULL,NULL,NULL,NULL),(954,953,7,2,NULL,NULL,NULL,NULL,NULL),(955,955,7,2,NULL,NULL,NULL,NULL,NULL),(957,956,7,3,NULL,NULL,NULL,NULL,NULL),(960,958,7,3,NULL,NULL,NULL,NULL,NULL),(963,965,7,3,NULL,NULL,NULL,NULL,NULL),(964,963,7,3,NULL,NULL,NULL,NULL,NULL),(965,964,7,3,NULL,NULL,NULL,NULL,NULL),(966,966,7,4,NULL,NULL,NULL,NULL,NULL),(967,968,7,4,NULL,NULL,NULL,NULL,NULL),(969,967,7,4,NULL,NULL,NULL,NULL,NULL),(971,970,7,5,NULL,NULL,NULL,NULL,NULL),(972,973,7,5,NULL,NULL,NULL,NULL,NULL),(974,974,7,5,NULL,NULL,NULL,NULL,NULL),(977,978,7,6,NULL,NULL,NULL,NULL,NULL),(978,979,7,6,NULL,NULL,NULL,NULL,NULL),(979,977,7,6,NULL,NULL,NULL,NULL,NULL),(987,981,7,8,NULL,NULL,NULL,NULL,NULL),(988,991,7,8,NULL,NULL,NULL,NULL,NULL),(989,990,7,8,NULL,NULL,NULL,NULL,NULL),(990,992,7,8,NULL,NULL,NULL,NULL,NULL),(991,989,7,8,NULL,NULL,NULL,NULL,NULL),(992,988,7,8,NULL,NULL,NULL,NULL,NULL),(993,997,7,9,NULL,NULL,NULL,NULL,NULL),(995,993,7,9,NULL,NULL,NULL,NULL,NULL),(997,999,7,10,NULL,NULL,NULL,NULL,NULL),(1000,998,7,10,NULL,NULL,NULL,NULL,NULL),(1001,1001,7,10,NULL,NULL,NULL,NULL,NULL),(1005,1006,7,12,NULL,NULL,NULL,NULL,NULL),(1007,1007,7,13,NULL,NULL,NULL,NULL,NULL),(1008,1008,7,13,NULL,NULL,NULL,NULL,NULL),(1009,1009,4,39,NULL,NULL,NULL,NULL,NULL),(1011,1011,4,40,NULL,NULL,NULL,NULL,NULL),(1013,1013,4,41,NULL,NULL,NULL,NULL,NULL),(1021,1021,3,48,NULL,NULL,NULL,NULL,NULL),(1022,1023,3,48,NULL,NULL,NULL,NULL,NULL),(1023,1022,3,48,NULL,NULL,NULL,NULL,NULL),(1025,1026,4,43,NULL,NULL,NULL,NULL,NULL),(1026,1025,4,43,NULL,NULL,NULL,NULL,NULL),(1029,1029,3,49,NULL,NULL,NULL,NULL,NULL),(1030,1030,3,49,NULL,NULL,NULL,NULL,NULL),(1031,1032,3,49,NULL,NULL,NULL,NULL,NULL),(1032,1031,3,49,NULL,NULL,NULL,NULL,NULL),(1033,1033,3,49,NULL,NULL,NULL,NULL,NULL),(1034,1034,7,14,NULL,NULL,NULL,NULL,NULL),(1037,1036,4,44,NULL,NULL,NULL,NULL,NULL),(1038,1038,3,50,NULL,NULL,NULL,NULL,NULL),(1041,1041,7,16,NULL,NULL,NULL,NULL,NULL),(1043,1043,7,16,NULL,NULL,NULL,NULL,NULL),(1045,1045,3,51,NULL,NULL,NULL,NULL,NULL),(1046,1046,3,51,NULL,NULL,NULL,NULL,NULL),(1050,1052,3,52,NULL,NULL,NULL,NULL,NULL),(1051,1053,3,52,NULL,NULL,NULL,NULL,NULL),(1052,1050,3,52,NULL,NULL,NULL,NULL,NULL),(1053,1051,3,52,NULL,NULL,NULL,NULL,NULL),(1054,1057,3,52,NULL,NULL,NULL,NULL,NULL),(1055,1056,3,52,NULL,NULL,NULL,NULL,NULL),(1056,1058,3,52,NULL,NULL,NULL,NULL,NULL),(1057,1054,3,52,NULL,NULL,NULL,NULL,NULL),(1058,1055,3,52,NULL,NULL,NULL,NULL,NULL),(1059,1059,3,53,NULL,NULL,NULL,NULL,NULL),(1060,1061,3,53,NULL,NULL,NULL,NULL,NULL),(1061,1060,3,54,NULL,NULL,NULL,NULL,NULL),(1062,1063,3,55,NULL,NULL,NULL,NULL,NULL),(1063,1062,3,55,NULL,NULL,NULL,NULL,NULL),(1064,1064,3,56,NULL,NULL,NULL,NULL,NULL),(1065,1065,3,57,NULL,NULL,NULL,NULL,NULL),(1066,1066,3,57,NULL,NULL,NULL,NULL,NULL),(1067,1067,3,57,NULL,NULL,NULL,NULL,NULL),(1068,1068,3,57,NULL,NULL,NULL,NULL,NULL),(1069,1069,3,58,NULL,NULL,NULL,NULL,NULL),(1070,1070,3,58,NULL,NULL,NULL,NULL,NULL),(1071,1071,3,59,NULL,NULL,NULL,NULL,NULL),(1072,1072,3,60,NULL,NULL,NULL,NULL,NULL),(1073,1073,3,61,NULL,NULL,NULL,NULL,NULL),(1075,1075,2,41,NULL,NULL,NULL,NULL,NULL),(1076,1076,3,62,NULL,NULL,NULL,NULL,NULL),(1077,1077,3,63,NULL,NULL,NULL,NULL,NULL),(1079,1082,3,64,NULL,NULL,NULL,NULL,NULL),(1080,1079,3,64,NULL,NULL,NULL,NULL,NULL),(1081,1081,3,64,NULL,NULL,NULL,NULL,NULL),(1082,1083,3,64,NULL,NULL,NULL,NULL,NULL),(1083,1080,3,64,NULL,NULL,NULL,NULL,NULL),(1084,1084,2,42,NULL,NULL,NULL,NULL,NULL),(1085,1085,7,17,NULL,NULL,NULL,NULL,NULL),(1087,1088,3,65,NULL,NULL,NULL,NULL,NULL),(1088,1091,3,65,NULL,NULL,NULL,NULL,NULL),(1089,1092,3,66,NULL,NULL,NULL,NULL,NULL),(1090,1094,3,66,NULL,NULL,NULL,NULL,NULL),(1091,1093,3,66,NULL,NULL,NULL,NULL,NULL),(1092,1095,3,67,NULL,NULL,NULL,NULL,NULL),(1093,1096,3,67,NULL,NULL,NULL,NULL,NULL),(1114,1117,3,68,NULL,NULL,NULL,NULL,NULL),(1116,1119,2,43,NULL,NULL,NULL,NULL,NULL),(1117,1120,3,69,NULL,NULL,NULL,NULL,NULL),(1118,1122,3,69,NULL,NULL,NULL,NULL,NULL),(1119,1121,3,69,NULL,NULL,NULL,NULL,NULL),(1120,1123,3,69,NULL,NULL,NULL,NULL,NULL),(1121,1124,3,69,NULL,NULL,NULL,NULL,NULL),(1123,1125,7,18,NULL,NULL,NULL,NULL,NULL),(1124,1127,7,19,NULL,NULL,NULL,NULL,NULL),(1126,1128,7,19,NULL,NULL,NULL,NULL,NULL),(1127,1130,2,44,NULL,NULL,NULL,NULL,NULL),(1128,1131,2,44,NULL,NULL,NULL,NULL,NULL),(1129,1132,2,45,NULL,NULL,NULL,NULL,NULL),(1130,1133,2,45,NULL,NULL,NULL,NULL,NULL),(1131,1134,2,46,NULL,NULL,NULL,NULL,NULL),(1132,1135,2,46,NULL,NULL,NULL,NULL,NULL),(1133,1136,2,47,NULL,NULL,NULL,NULL,NULL),(1134,1137,2,48,NULL,NULL,NULL,NULL,NULL),(1135,1139,2,49,NULL,NULL,NULL,NULL,NULL),(1136,1138,2,50,NULL,NULL,NULL,NULL,NULL),(1138,1141,2,51,NULL,NULL,NULL,NULL,NULL),(1139,1142,2,52,NULL,NULL,NULL,NULL,NULL),(1140,1143,2,53,NULL,NULL,NULL,NULL,NULL),(1141,1144,3,70,NULL,NULL,NULL,NULL,NULL),(1142,1145,3,70,NULL,NULL,NULL,NULL,NULL),(1143,1147,3,70,NULL,NULL,NULL,NULL,NULL),(1144,1146,3,70,NULL,NULL,NULL,NULL,NULL),(1145,1150,3,70,NULL,NULL,NULL,NULL,NULL),(1146,1149,3,71,NULL,NULL,NULL,NULL,NULL),(1147,1148,3,71,NULL,NULL,NULL,NULL,NULL),(1148,1151,3,71,NULL,NULL,NULL,NULL,NULL),(1149,1153,3,71,NULL,NULL,NULL,NULL,NULL),(1150,1155,3,71,NULL,NULL,NULL,NULL,NULL),(1151,1154,3,72,NULL,NULL,NULL,NULL,NULL),(1152,1152,3,72,NULL,NULL,NULL,NULL,NULL),(1153,1157,3,72,NULL,NULL,NULL,NULL,NULL),(1154,1156,3,72,NULL,NULL,NULL,NULL,NULL),(1155,1159,3,72,NULL,NULL,NULL,NULL,NULL),(1156,1160,3,72,NULL,NULL,NULL,NULL,NULL),(1157,1158,3,72,NULL,NULL,NULL,NULL,NULL),(1158,1162,3,72,NULL,NULL,NULL,NULL,NULL),(1159,1164,3,72,NULL,NULL,NULL,NULL,NULL),(1160,1161,3,72,NULL,NULL,NULL,NULL,NULL),(1161,1163,3,73,NULL,NULL,NULL,NULL,NULL),(1162,1166,3,73,NULL,NULL,NULL,NULL,NULL),(1163,1170,3,73,NULL,NULL,NULL,NULL,NULL),(1164,1165,3,73,NULL,NULL,NULL,NULL,NULL),(1165,1171,3,73,NULL,NULL,NULL,NULL,NULL),(1166,1168,3,73,NULL,NULL,NULL,NULL,NULL),(1167,1172,3,73,NULL,NULL,NULL,NULL,NULL),(1168,1173,3,73,NULL,NULL,NULL,NULL,NULL),(1169,1176,3,73,NULL,NULL,NULL,NULL,NULL),(1170,1174,3,74,NULL,NULL,NULL,NULL,NULL),(1171,1175,3,74,NULL,NULL,NULL,NULL,NULL),(1172,1177,3,74,NULL,NULL,NULL,NULL,NULL),(1173,1178,3,75,NULL,NULL,NULL,NULL,NULL),(1174,1179,3,75,NULL,NULL,NULL,NULL,NULL),(1175,1180,3,75,NULL,NULL,NULL,NULL,NULL),(1176,1183,3,75,NULL,NULL,NULL,NULL,NULL),(1177,1182,3,75,NULL,NULL,NULL,NULL,NULL),(1178,1184,3,76,NULL,NULL,NULL,NULL,NULL),(1179,1185,3,76,NULL,NULL,NULL,NULL,NULL),(1180,1181,3,76,NULL,NULL,NULL,NULL,NULL),(1181,1186,3,76,NULL,NULL,NULL,NULL,NULL),(1182,1187,3,76,NULL,NULL,NULL,NULL,NULL),(1183,1188,3,76,NULL,NULL,NULL,NULL,NULL),(1184,1189,3,77,NULL,NULL,NULL,NULL,NULL),(1185,1192,3,77,NULL,NULL,NULL,NULL,NULL),(1186,1193,3,77,NULL,NULL,NULL,NULL,NULL),(1187,1191,3,77,NULL,NULL,NULL,NULL,NULL),(1188,1190,3,77,NULL,NULL,NULL,NULL,NULL),(1189,1194,3,77,NULL,NULL,NULL,NULL,NULL),(1190,1196,3,78,NULL,NULL,NULL,NULL,NULL),(1191,1195,3,78,NULL,NULL,NULL,NULL,NULL),(1192,1197,3,78,NULL,NULL,NULL,NULL,NULL),(1193,1167,3,78,NULL,NULL,NULL,NULL,NULL),(1194,1169,3,79,NULL,NULL,NULL,NULL,NULL),(1195,1198,3,79,NULL,NULL,NULL,NULL,NULL),(1196,1202,3,79,NULL,NULL,NULL,NULL,NULL),(1197,1201,3,80,NULL,NULL,NULL,NULL,NULL),(1198,1200,3,80,NULL,NULL,NULL,NULL,NULL),(1199,1203,3,80,NULL,NULL,NULL,NULL,NULL),(1200,1199,3,80,NULL,NULL,NULL,NULL,NULL),(1201,1204,3,80,NULL,NULL,NULL,NULL,NULL),(1202,1205,3,80,NULL,NULL,NULL,NULL,NULL),(1203,1206,3,80,NULL,NULL,NULL,NULL,NULL),(1204,1207,3,81,NULL,NULL,NULL,NULL,NULL),(1205,1210,3,81,NULL,NULL,NULL,NULL,NULL),(1206,1208,3,81,NULL,NULL,NULL,NULL,NULL),(1207,1209,3,81,NULL,NULL,NULL,NULL,NULL),(1208,1213,3,81,NULL,NULL,NULL,NULL,NULL),(1209,1212,3,81,NULL,NULL,NULL,NULL,NULL),(1210,1211,3,82,NULL,NULL,NULL,NULL,NULL),(1211,1216,3,82,NULL,NULL,NULL,NULL,NULL),(1212,1214,3,82,NULL,NULL,NULL,NULL,NULL),(1213,1215,3,82,NULL,NULL,NULL,NULL,NULL),(1214,1219,3,83,NULL,NULL,NULL,NULL,NULL),(1215,1217,3,83,NULL,NULL,NULL,NULL,NULL),(1216,1220,3,83,NULL,NULL,NULL,NULL,NULL),(1217,1218,3,83,NULL,NULL,NULL,NULL,NULL),(1218,1221,3,83,NULL,NULL,NULL,NULL,NULL),(1219,1222,5,30,NULL,NULL,NULL,NULL,NULL),(1221,1224,5,30,NULL,NULL,NULL,NULL,NULL),(1224,1227,5,31,NULL,NULL,NULL,NULL,NULL),(1225,1230,7,20,NULL,NULL,NULL,NULL,NULL),(1226,1228,7,20,NULL,NULL,NULL,NULL,NULL),(1230,1234,7,20,NULL,NULL,NULL,NULL,NULL),(1231,1235,7,20,NULL,NULL,NULL,NULL,NULL),(1232,1232,7,20,NULL,NULL,NULL,NULL,NULL),(1236,1238,4,48,NULL,NULL,NULL,NULL,NULL),(1239,1242,4,48,NULL,NULL,NULL,NULL,NULL),(1242,1245,4,49,NULL,NULL,NULL,NULL,NULL),(1243,1246,4,49,NULL,NULL,NULL,NULL,NULL),(1245,1248,6,19,NULL,NULL,NULL,NULL,NULL),(1247,1250,6,19,NULL,NULL,NULL,NULL,NULL),(1249,1252,6,19,NULL,NULL,NULL,NULL,NULL),(1252,1258,6,19,NULL,NULL,NULL,NULL,NULL),(1253,1256,6,19,NULL,NULL,NULL,NULL,NULL),(1254,1257,6,19,NULL,NULL,NULL,NULL,NULL),(1255,1259,6,20,NULL,NULL,NULL,NULL,NULL),(1265,1269,3,84,NULL,NULL,NULL,NULL,NULL),(1266,1268,3,84,NULL,NULL,NULL,NULL,NULL),(1267,1270,1,18,NULL,NULL,NULL,NULL,NULL),(1268,1271,1,18,NULL,NULL,NULL,NULL,NULL),(1269,1272,7,23,NULL,NULL,NULL,NULL,NULL),(1270,1273,7,23,NULL,NULL,NULL,NULL,NULL),(1272,1274,6,21,NULL,NULL,NULL,NULL,NULL),(1273,1276,3,85,NULL,NULL,NULL,NULL,NULL),(1274,1277,3,85,NULL,NULL,NULL,NULL,NULL),(1293,1296,5,32,NULL,NULL,NULL,NULL,NULL),(1294,1297,5,33,NULL,NULL,NULL,NULL,NULL),(1295,1298,5,34,NULL,NULL,NULL,NULL,NULL),(1296,1299,5,34,NULL,NULL,NULL,NULL,NULL),(1297,1300,5,35,NULL,NULL,NULL,NULL,NULL),(1299,1303,2,54,NULL,NULL,NULL,NULL,NULL),(1301,1304,2,55,NULL,NULL,NULL,NULL,NULL),(1302,1305,3,86,NULL,NULL,NULL,NULL,NULL),(1303,1306,3,86,NULL,NULL,NULL,NULL,NULL),(1304,1307,4,50,NULL,NULL,NULL,NULL,NULL),(1306,1309,3,87,NULL,NULL,NULL,NULL,NULL),(1307,1312,3,87,NULL,NULL,NULL,NULL,NULL),(1308,1310,3,87,NULL,NULL,NULL,NULL,NULL),(1309,1311,3,87,NULL,NULL,NULL,NULL,NULL),(1310,1313,3,87,NULL,NULL,NULL,NULL,NULL),(1311,1314,7,24,NULL,NULL,NULL,NULL,NULL),(1312,1315,7,25,NULL,NULL,NULL,NULL,NULL),(1313,1316,7,26,NULL,NULL,NULL,NULL,NULL),(1314,1317,7,27,NULL,NULL,NULL,NULL,NULL),(1315,1318,7,27,NULL,NULL,NULL,NULL,NULL),(1316,1319,7,27,NULL,NULL,NULL,NULL,NULL),(1317,1320,7,28,NULL,NULL,NULL,NULL,NULL),(1318,1321,7,29,NULL,NULL,NULL,NULL,NULL),(1319,1322,7,30,NULL,NULL,NULL,NULL,NULL),(1320,1323,7,31,NULL,NULL,NULL,NULL,NULL),(1321,1324,7,32,NULL,NULL,NULL,NULL,NULL),(1322,1332,4,51,NULL,NULL,NULL,NULL,NULL),(1323,1326,4,51,NULL,NULL,NULL,NULL,NULL),(1324,1333,4,51,NULL,NULL,NULL,NULL,NULL),(1325,1328,4,51,NULL,NULL,NULL,NULL,NULL),(1326,1327,4,51,NULL,NULL,NULL,NULL,NULL),(1327,1330,4,51,NULL,NULL,NULL,NULL,NULL),(1328,1329,4,51,NULL,NULL,NULL,NULL,NULL),(1329,1331,4,51,NULL,NULL,NULL,NULL,NULL),(1330,1325,4,51,NULL,NULL,NULL,NULL,NULL),(1331,1334,4,52,NULL,NULL,NULL,NULL,NULL),(1332,1335,4,53,NULL,NULL,NULL,NULL,NULL),(1333,1336,7,33,NULL,NULL,NULL,NULL,NULL),(1334,1338,5,36,NULL,NULL,NULL,NULL,NULL),(1335,1337,5,36,NULL,NULL,NULL,NULL,NULL),(1336,1346,5,36,NULL,NULL,NULL,NULL,NULL),(1337,1345,5,36,NULL,NULL,NULL,NULL,NULL),(1338,1340,5,36,NULL,NULL,NULL,NULL,NULL),(1339,1341,5,36,NULL,NULL,NULL,NULL,NULL),(1340,1343,5,36,NULL,NULL,NULL,NULL,NULL),(1341,1344,5,36,NULL,NULL,NULL,NULL,NULL),(1342,1342,5,36,NULL,NULL,NULL,NULL,NULL),(1343,1339,5,36,NULL,NULL,NULL,NULL,NULL),(1344,1347,5,37,NULL,NULL,NULL,NULL,NULL),(1345,1348,5,37,NULL,NULL,NULL,NULL,NULL),(1346,1349,5,38,NULL,NULL,NULL,NULL,NULL),(1347,1350,5,39,NULL,NULL,NULL,NULL,NULL),(1348,1351,5,40,NULL,NULL,NULL,NULL,NULL),(1349,1352,5,41,NULL,NULL,NULL,NULL,NULL),(1350,1353,5,42,NULL,NULL,NULL,NULL,NULL),(1351,1354,5,43,NULL,NULL,NULL,NULL,NULL),(1352,1355,5,44,NULL,NULL,NULL,NULL,NULL),(1353,1356,5,44,NULL,NULL,NULL,NULL,NULL),(1354,1357,5,45,NULL,NULL,NULL,NULL,NULL),(1355,1358,4,54,NULL,NULL,NULL,NULL,NULL),(1356,1359,4,55,NULL,NULL,NULL,NULL,NULL),(1357,1360,5,46,NULL,NULL,NULL,NULL,NULL),(1358,1361,5,46,NULL,NULL,NULL,NULL,NULL),(1359,1362,7,34,NULL,NULL,NULL,NULL,NULL),(1360,1363,5,47,NULL,NULL,NULL,NULL,NULL),(1361,1364,5,48,NULL,NULL,NULL,NULL,NULL),(1362,1365,5,49,NULL,NULL,NULL,NULL,NULL),(1363,1366,5,50,NULL,NULL,NULL,NULL,NULL),(1367,1370,4,58,NULL,NULL,NULL,NULL,NULL);
/*!40000 ALTER TABLE `up_permissions_role_links` ENABLE KEYS */;
UNLOCK TABLES;

--
-- Table structure for table `up_roles`
--

DROP TABLE IF EXISTS `up_roles`;
/*!40101 SET @saved_cs_client     = @@character_set_client */;
/*!50503 SET character_set_client = utf8mb4 */;
CREATE TABLE `up_roles` (
  `id` int(10) unsigned NOT NULL AUTO_INCREMENT,
  `name` varchar(255) DEFAULT NULL,
  `description` varchar(255) DEFAULT NULL,
  `type` varchar(255) DEFAULT NULL,
  `created_at` datetime(6) DEFAULT NULL,
  `updated_at` datetime(6) DEFAULT NULL,
  `created_by_id` int(10) unsigned DEFAULT NULL,
  `updated_by_id` int(10) unsigned DEFAULT NULL,
  PRIMARY KEY (`id`),
  KEY `up_roles_created_by_id_fk` (`created_by_id`),
  KEY `up_roles_updated_by_id_fk` (`updated_by_id`),
  CONSTRAINT `up_roles_created_by_id_fk` FOREIGN KEY (`created_by_id`) REFERENCES `admin_users` (`id`) ON DELETE SET NULL,
  CONSTRAINT `up_roles_updated_by_id_fk` FOREIGN KEY (`updated_by_id`) REFERENCES `admin_users` (`id`) ON DELETE SET NULL
) ENGINE=InnoDB AUTO_INCREMENT=8 DEFAULT CHARSET=utf8mb3 COLLATE=utf8mb3_general_ci;
/*!40101 SET character_set_client = @saved_cs_client */;

--
-- Dumping data for table `up_roles`
--

LOCK TABLES `up_roles` WRITE;
/*!40000 ALTER TABLE `up_roles` DISABLE KEYS */;
INSERT INTO `up_roles` VALUES (1,'Authenticated','Default role given to authenticated user.','authenticated','2023-02-09 09:41:32.413000','2023-12-21 14:16:33.651000',NULL,NULL),(2,'Public','Default role given to unauthenticated user.','public','2023-02-09 09:41:32.484000','2023-11-27 10:02:52.277000',NULL,NULL),(3,'Astrallys','Astrallys','astrallys','2023-02-10 15:39:24.926000','2024-02-26 09:15:18.453000',NULL,NULL),(4,'Manager','Manager','manager','2023-02-10 15:39:56.248000','2024-06-07 10:10:49.786000',NULL,NULL),(5,'Employee','Employé','employe','2023-02-10 15:40:32.532000','2024-06-05 15:48:29.113000',NULL,NULL),(6,'Technician','Technicien','technician','2023-02-10 15:41:37.107000','2023-12-21 14:13:01.753000',NULL,NULL),(7,'Gestionnaire','Gestionnaire','gestionnaire','2023-08-28 14:57:49.748000','2023-12-21 14:12:39.753000',NULL,NULL);
/*!40000 ALTER TABLE `up_roles` ENABLE KEYS */;
UNLOCK TABLES;

--
-- Table structure for table `up_users`
--

DROP TABLE IF EXISTS `up_users`;
/*!40101 SET @saved_cs_client     = @@character_set_client */;
/*!50503 SET character_set_client = utf8mb4 */;
CREATE TABLE `up_users` (
  `id` int(10) unsigned NOT NULL AUTO_INCREMENT,
  `username` varchar(255) DEFAULT NULL,
  `email` varchar(255) DEFAULT NULL,
  `provider` varchar(255) DEFAULT NULL,
  `password` varchar(255) DEFAULT NULL,
  `reset_password_token` varchar(255) DEFAULT NULL,
  `confirmation_token` varchar(255) DEFAULT NULL,
  `confirmed` tinyint(1) DEFAULT NULL,
  `blocked` tinyint(1) DEFAULT NULL,
  `firstname` varchar(255) DEFAULT NULL,
  `phone` varchar(255) DEFAULT NULL,
  `lastname` varchar(255) DEFAULT NULL,
  `date_of_birth` date DEFAULT NULL,
  `address` varchar(255) DEFAULT NULL,
  `phone_perso` varchar(255) DEFAULT NULL,
  `email_perso` varchar(255) DEFAULT NULL,
  `job` varchar(255) DEFAULT NULL,
  `sector` varchar(255) DEFAULT NULL,
  `authorization` varchar(255) DEFAULT NULL,
  `created_at` datetime(6) DEFAULT NULL,
  `updated_at` datetime(6) DEFAULT NULL,
  `created_by_id` int(10) unsigned DEFAULT NULL,
  `updated_by_id` int(10) unsigned DEFAULT NULL,
  `service` varchar(255) DEFAULT NULL,
  `is_internal` tinyint(1) DEFAULT NULL,
  PRIMARY KEY (`id`),
  KEY `up_users_created_by_id_fk` (`created_by_id`),
  KEY `up_users_updated_by_id_fk` (`updated_by_id`),
  CONSTRAINT `up_users_created_by_id_fk` FOREIGN KEY (`created_by_id`) REFERENCES `admin_users` (`id`) ON DELETE SET NULL,
  CONSTRAINT `up_users_updated_by_id_fk` FOREIGN KEY (`updated_by_id`) REFERENCES `admin_users` (`id`) ON DELETE SET NULL
) ENGINE=InnoDB AUTO_INCREMENT=85 DEFAULT CHARSET=utf8mb3 COLLATE=utf8mb3_general_ci;
/*!40101 SET character_set_client = @saved_cs_client */;

--
-- Dumping data for table `up_users`
--

LOCK TABLES `up_users` WRITE;
/*!40000 ALTER TABLE `up_users` DISABLE KEYS */;
INSERT INTO `up_users` VALUES (1,'hello@astrallys.com','hello@astrallys.com','local','$2a$10$aNTlVPKcCCFGLd.x32BL2e6x8TNgNot8Eq3sJmI3Ij1/ypNQgjY9O','7e35a2fa4f4fddfd86f7125e4b2feee7a7468a1f1596b8ebde95b61b039c41952765e030927d1ecfa8b5909dec5e048caece21bd0a0153225c61de623580dd3d',NULL,1,0,'Jean-Marc',NULL,'FAISANT','1979-06-21','Chemin de la Madrague Ville ','07 65 45 87 92',NULL,'Poste 1',NULL,'Habilitation 1','2023-05-17 08:51:35.844000','2024-06-06 08:26:26.770000',1,2,NULL,0),(71,'fredlorgeoux+syndic@gmail.com','fredlorgeoux+syndic@gmail.com','local','$2a$10$RMPDrWpFCeCNmJSoCt/XAuNXg7VpE.m/FiPf7fhw6NlGFiDrF.8U2',NULL,NULL,1,0,'Fred','','SYNDIC',NULL,NULL,'0659037455',NULL,NULL,NULL,NULL,'2024-05-06 14:45:01.792000','2024-06-07 16:24:21.946000',NULL,2,NULL,0),(72,'fredlorgeoux+gestionnaire2@gmail.com','fredlorgeoux+gestionnaire2@gmail.com','local','$2a$10$iTlS.BYpGXhHQt5We2DsIuDW5360ko5QkrfE.GzKIr6kRY27n/ePi',NULL,NULL,0,0,'Fred','','GESTIONNAIRE 2',NULL,'',NULL,NULL,NULL,NULL,NULL,'2024-05-06 15:06:58.199000','2024-06-07 16:28:59.596000',NULL,2,'Gestion',0),(73,'frederic@astrallys.com','frederic@astrallys.com','local','$2a$10$QiY52Uwg6nq1SZtn0.0.IOxfjtpJfJVyHJw6cMJNwZ6wqaYtPvwt.',NULL,NULL,0,0,'Frédéric','0659037455','LORGEOUX',NULL,'171 Bis Chemin de la Madrague-Ville, Marseille, France',NULL,NULL,NULL,NULL,NULL,'2024-05-06 15:25:38.106000','2024-06-07 16:01:08.764000',NULL,2,'Gestion',1),(74,'direction@astrallys.com','direction@astrallys.com','local','$2a$10$q7e1z7BAkvIaQtd.lQ3HGeN29/08w9KCJROmnvheevz4JbVRnmzF6','cc751b7cf0e83d33d8014bc9b332229953cd766193526ee4956e0890a81660e7b39d81cc681c7427d3884788ad511f424c0e7089a020336fc75aa426f8c7102c',NULL,0,0,'Frédéric','','EMPLOYE',NULL,'',NULL,NULL,'Responsable technicien','','Habilitation 1','2024-05-06 15:28:05.110000','2024-06-07 16:06:20.428000',NULL,2,NULL,1),(75,'fredlorgeoux+gestionnaire1@gmail.com','fredlorgeoux+gestionnaire1@gmail.com','local','$2a$10$BWa1aM08nm5Hwac6nP/4ru1C23Ivjacb0CAe7d0sspjHYbwTwYB9u',NULL,NULL,0,0,'Fred','','GESTIONNAIRE 1',NULL,'',NULL,NULL,NULL,NULL,NULL,'2024-05-06 15:50:09.389000','2024-06-07 16:29:13.745000',NULL,2,'Gestion',0),(76,'frederic.lorgeoux@gic-pmt.com','frederic.lorgeoux@gic-pmt.com','local','$2a$10$vqyeV2b7AKghFhNL9C.8xedX20HJ2IRvmzCz8l2QYlrieDNpfWADi',NULL,NULL,0,0,'Frédéric','','TECHNICIEN',NULL,'',NULL,NULL,'Responsable technicien','','Habilitation 1','2024-05-09 09:01:58.828000','2024-06-07 16:08:55.239000',NULL,NULL,NULL,1),(78,'renaud@astrallys.com','renaud@astrallys.com','local','$2a$10$gd.j5Hd5xhDQOCrJxOCFmeEkWsocKZluPWeDdz14B3CmgLE7so.1a',NULL,NULL,1,0,'Renaud','0601161562','Gust',NULL,NULL,NULL,NULL,NULL,NULL,NULL,'2024-05-15 09:37:04.590000','2024-06-07 16:09:55.754000',2,2,NULL,1),(79,'fredlorgeoux+compta@gmail.com','fredlorgeoux+compta@gmail.com','local','$2a$10$anZWUz0p6cN2dW0Z699GQOo78DRamZiZtyD.8LSlIAx2lUfscaMya','e9683faa38a2de9f7de0f4f87e89d0e6f9c4ca3ed1f61b6c7c3a889a848061d99bd38695f32b839c3c49d90134093f91ef7863ec7ba26c5bd095ec3245174196',NULL,0,0,'Fred','','COMPTA',NULL,'',NULL,NULL,NULL,NULL,NULL,'2024-05-15 15:06:50.476000','2024-06-07 16:21:35.669000',NULL,2,'Comptabilité',0),(81,'fredlorgeoux+assistant@gmail.com','fredlorgeoux+assistant@gmail.com','local','$2a$10$xNU0IJNtfHFEIqegb9LW0OA3NLhOlKDcnY6obBaberzqvLQ5pIHyy',NULL,NULL,0,0,'Fred','','ASSISTANT',NULL,'',NULL,NULL,NULL,NULL,NULL,'2024-06-07 16:32:11.093000','2024-06-07 16:32:11.093000',NULL,NULL,'Gestion',0),(82,'frederic+prospect@astrallys.com','frederic+prospect@astrallys.com','local','$2a$10$67TeOnr3FfLJqd1bHxfEPuIRha7L0cWSwVSfBdCEk.PxHgoinje3a',NULL,NULL,0,0,'Fred','','PROSPECT',NULL,NULL,'0659037455',NULL,NULL,NULL,NULL,'2024-06-07 16:49:19.312000','2024-06-07 17:28:36.336000',NULL,2,NULL,0),(83,'frederic+commercial@astrallys.com','frederic+commercial@astrallys.com','local','$2a$10$hQjr9Zm0VhabUJDWuytz6.feaMffPtQBO4SON03ZbYHCPvhVM9m9W',NULL,NULL,0,0,'Fred','','COMMERCIAL',NULL,'',NULL,NULL,NULL,NULL,NULL,'2024-06-07 17:18:25.436000','2024-06-07 17:18:25.436000',NULL,NULL,'Gestion',0),(84,'ameni.riahi@steps.tn ','ameni.riahi@steps.tn','local','$2a$10$CNRL6w5w8wO1IB5lnRiJ.Oh/pF4eJZpO2GTj7/3ZgTIhoG9DPme9a',NULL,NULL,0,0,NULL,NULL,NULL,NULL,NULL,NULL,NULL,NULL,NULL,NULL,'2024-06-10 15:07:22.202000','2024-06-10 15:07:22.202000',2,2,NULL,0);
/*!40000 ALTER TABLE `up_users` ENABLE KEYS */;
UNLOCK TABLES;

--
-- Table structure for table `up_users_agency_links`
--

DROP TABLE IF EXISTS `up_users_agency_links`;
/*!40101 SET @saved_cs_client     = @@character_set_client */;
/*!50503 SET character_set_client = utf8mb4 */;
CREATE TABLE `up_users_agency_links` (
  `id` int(10) unsigned NOT NULL AUTO_INCREMENT,
  `user_id` int(10) unsigned DEFAULT NULL,
  `agency_id` int(10) unsigned DEFAULT NULL,
  `user_order` int(10) unsigned DEFAULT NULL,
  PRIMARY KEY (`id`),
  UNIQUE KEY `up_users_agency_links_unique` (`user_id`,`agency_id`),
  KEY `up_users_agency_links_fk` (`user_id`),
  KEY `up_users_agency_links_inv_fk` (`agency_id`),
  KEY `up_users_agency_links_order_inv_fk` (`user_order`),
  CONSTRAINT `up_users_agency_links_fk` FOREIGN KEY (`user_id`) REFERENCES `up_users` (`id`) ON DELETE CASCADE,
  CONSTRAINT `up_users_agency_links_inv_fk` FOREIGN KEY (`agency_id`) REFERENCES `agencies` (`id`) ON DELETE CASCADE
) ENGINE=InnoDB AUTO_INCREMENT=85 DEFAULT CHARSET=utf8mb3 COLLATE=utf8mb3_general_ci;
/*!40101 SET character_set_client = @saved_cs_client */;

--
-- Dumping data for table `up_users_agency_links`
--

LOCK TABLES `up_users_agency_links` WRITE;
/*!40000 ALTER TABLE `up_users_agency_links` DISABLE KEYS */;
INSERT INTO `up_users_agency_links` VALUES (69,71,35,1),(70,72,35,2),(71,75,35,3),(72,74,35,4),(76,73,35,5),(78,79,35,6),(82,81,35,7),(83,82,36,1),(84,83,36,2);
/*!40000 ALTER TABLE `up_users_agency_links` ENABLE KEYS */;
UNLOCK TABLES;

--
-- Table structure for table `up_users_role_links`
--

DROP TABLE IF EXISTS `up_users_role_links`;
/*!40101 SET @saved_cs_client     = @@character_set_client */;
/*!50503 SET character_set_client = utf8mb4 */;
CREATE TABLE `up_users_role_links` (
  `id` int(10) unsigned NOT NULL AUTO_INCREMENT,
  `user_id` int(10) unsigned DEFAULT NULL,
  `role_id` int(10) unsigned DEFAULT NULL,
  `user_order` int(10) unsigned DEFAULT NULL,
  PRIMARY KEY (`id`),
  UNIQUE KEY `up_users_role_links_unique` (`user_id`,`role_id`),
  KEY `up_users_role_links_fk` (`user_id`),
  KEY `up_users_role_links_inv_fk` (`role_id`),
  KEY `up_users_role_links_order_inv_fk` (`user_order`),
  CONSTRAINT `up_users_role_links_fk` FOREIGN KEY (`user_id`) REFERENCES `up_users` (`id`) ON DELETE CASCADE,
  CONSTRAINT `up_users_role_links_inv_fk` FOREIGN KEY (`role_id`) REFERENCES `up_roles` (`id`) ON DELETE CASCADE
) ENGINE=InnoDB AUTO_INCREMENT=163 DEFAULT CHARSET=utf8mb3 COLLATE=utf8mb3_general_ci;
/*!40101 SET character_set_client = @saved_cs_client */;

--
-- Dumping data for table `up_users_role_links`
--

LOCK TABLES `up_users_role_links` WRITE;
/*!40000 ALTER TABLE `up_users_role_links` DISABLE KEYS */;
INSERT INTO `up_users_role_links` VALUES (118,1,3,0),(125,71,4,0),(126,72,7,2),(130,75,7,2),(134,76,6,0),(136,74,5,0),(144,78,3,0),(146,73,5,1),(147,79,7,3),(159,81,7,4),(160,82,4,1),(161,83,7,5),(162,84,3,1);
/*!40000 ALTER TABLE `up_users_role_links` ENABLE KEYS */;
UNLOCK TABLES;

--
-- Table structure for table `up_users_service_properties_links`
--

DROP TABLE IF EXISTS `up_users_service_properties_links`;
/*!40101 SET @saved_cs_client     = @@character_set_client */;
/*!50503 SET character_set_client = utf8mb4 */;
CREATE TABLE `up_users_service_properties_links` (
  `id` int(10) unsigned NOT NULL AUTO_INCREMENT,
  `user_id` int(10) unsigned DEFAULT NULL,
  `property_id` int(10) unsigned DEFAULT NULL,
  `property_order` int(10) unsigned DEFAULT NULL,
  `user_order` int(10) unsigned DEFAULT NULL,
  PRIMARY KEY (`id`),
  UNIQUE KEY `up_users_service_properties_links_unique` (`user_id`,`property_id`),
  KEY `up_users_service_properties_links_fk` (`user_id`),
  KEY `up_users_service_properties_links_inv_fk` (`property_id`),
  KEY `up_users_service_properties_links_order_fk` (`property_order`),
  KEY `up_users_service_properties_links_order_inv_fk` (`user_order`),
  CONSTRAINT `up_users_service_properties_links_fk` FOREIGN KEY (`user_id`) REFERENCES `up_users` (`id`) ON DELETE CASCADE,
  CONSTRAINT `up_users_service_properties_links_inv_fk` FOREIGN KEY (`property_id`) REFERENCES `properties` (`id`) ON DELETE CASCADE
) ENGINE=InnoDB AUTO_INCREMENT=29 DEFAULT CHARSET=utf8mb3 COLLATE=utf8mb3_general_ci;
/*!40101 SET character_set_client = @saved_cs_client */;

--
-- Dumping data for table `up_users_service_properties_links`
--

LOCK TABLES `up_users_service_properties_links` WRITE;
/*!40000 ALTER TABLE `up_users_service_properties_links` DISABLE KEYS */;
INSERT INTO `up_users_service_properties_links` VALUES (6,72,26,0,0),(11,75,28,1,0),(12,79,26,0,0),(22,79,28,0,0),(23,81,28,0,0),(25,72,27,1,0),(26,79,27,1,0),(27,81,27,1,0),(28,83,29,1,1);
/*!40000 ALTER TABLE `up_users_service_properties_links` ENABLE KEYS */;
UNLOCK TABLES;

--
-- Table structure for table `upload_folders`
--

DROP TABLE IF EXISTS `upload_folders`;
/*!40101 SET @saved_cs_client     = @@character_set_client */;
/*!50503 SET character_set_client = utf8mb4 */;
CREATE TABLE `upload_folders` (
  `id` int(10) unsigned NOT NULL AUTO_INCREMENT,
  `name` varchar(255) DEFAULT NULL,
  `path_id` int(11) DEFAULT NULL,
  `path` varchar(255) DEFAULT NULL,
  `created_at` datetime(6) DEFAULT NULL,
  `updated_at` datetime(6) DEFAULT NULL,
  `created_by_id` int(10) unsigned DEFAULT NULL,
  `updated_by_id` int(10) unsigned DEFAULT NULL,
  PRIMARY KEY (`id`),
  UNIQUE KEY `upload_folders_path_id_index` (`path_id`),
  UNIQUE KEY `upload_folders_path_index` (`path`),
  KEY `upload_folders_created_by_id_fk` (`created_by_id`),
  KEY `upload_folders_updated_by_id_fk` (`updated_by_id`),
  CONSTRAINT `upload_folders_created_by_id_fk` FOREIGN KEY (`created_by_id`) REFERENCES `admin_users` (`id`) ON DELETE SET NULL,
  CONSTRAINT `upload_folders_updated_by_id_fk` FOREIGN KEY (`updated_by_id`) REFERENCES `admin_users` (`id`) ON DELETE SET NULL
) ENGINE=InnoDB AUTO_INCREMENT=2 DEFAULT CHARSET=utf8mb3 COLLATE=utf8mb3_general_ci;
/*!40101 SET character_set_client = @saved_cs_client */;

--
-- Dumping data for table `upload_folders`
--

LOCK TABLES `upload_folders` WRITE;
/*!40000 ALTER TABLE `upload_folders` DISABLE KEYS */;
INSERT INTO `upload_folders` VALUES (1,'API Uploads',1,'/1','2023-06-22 08:14:45.284000','2023-06-22 08:14:45.284000',NULL,NULL);
/*!40000 ALTER TABLE `upload_folders` ENABLE KEYS */;
UNLOCK TABLES;

--
-- Table structure for table `upload_folders_parent_links`
--

DROP TABLE IF EXISTS `upload_folders_parent_links`;
/*!40101 SET @saved_cs_client     = @@character_set_client */;
/*!50503 SET character_set_client = utf8mb4 */;
CREATE TABLE `upload_folders_parent_links` (
  `id` int(10) unsigned NOT NULL AUTO_INCREMENT,
  `folder_id` int(10) unsigned DEFAULT NULL,
  `inv_folder_id` int(10) unsigned DEFAULT NULL,
  `folder_order` int(10) unsigned DEFAULT NULL,
  PRIMARY KEY (`id`),
  UNIQUE KEY `upload_folders_parent_links_unique` (`folder_id`,`inv_folder_id`),
  KEY `upload_folders_parent_links_fk` (`folder_id`),
  KEY `upload_folders_parent_links_inv_fk` (`inv_folder_id`),
  KEY `upload_folders_parent_links_order_inv_fk` (`folder_order`),
  CONSTRAINT `upload_folders_parent_links_fk` FOREIGN KEY (`folder_id`) REFERENCES `upload_folders` (`id`) ON DELETE CASCADE,
  CONSTRAINT `upload_folders_parent_links_inv_fk` FOREIGN KEY (`inv_folder_id`) REFERENCES `upload_folders` (`id`) ON DELETE CASCADE
) ENGINE=InnoDB DEFAULT CHARSET=utf8mb3 COLLATE=utf8mb3_general_ci;
/*!40101 SET character_set_client = @saved_cs_client */;

--
-- Dumping data for table `upload_folders_parent_links`
--

LOCK TABLES `upload_folders_parent_links` WRITE;
/*!40000 ALTER TABLE `upload_folders_parent_links` DISABLE KEYS */;
/*!40000 ALTER TABLE `upload_folders_parent_links` ENABLE KEYS */;
UNLOCK TABLES;

--
-- Table structure for table `vehicles`
--

DROP TABLE IF EXISTS `vehicles`;
/*!40101 SET @saved_cs_client     = @@character_set_client */;
/*!50503 SET character_set_client = utf8mb4 */;
CREATE TABLE `vehicles` (
  `id` int(10) unsigned NOT NULL AUTO_INCREMENT,
  `registration_number` varchar(255) DEFAULT NULL,
  `type` varchar(255) DEFAULT NULL,
  `brand` varchar(255) DEFAULT NULL,
  `model` varchar(255) DEFAULT NULL,
  `date_of_circulation` date DEFAULT NULL,
  `mileage` bigint(20) DEFAULT NULL,
  `date_of_mileage_report` date DEFAULT NULL,
  `location_end_date` date DEFAULT NULL,
  `price` decimal(10,2) DEFAULT NULL,
  `next_interview_date` date DEFAULT NULL,
  `power` int(11) DEFAULT NULL,
  `created_at` datetime(6) DEFAULT NULL,
  `updated_at` datetime(6) DEFAULT NULL,
  `created_by_id` int(10) unsigned DEFAULT NULL,
  `updated_by_id` int(10) unsigned DEFAULT NULL,
  PRIMARY KEY (`id`),
  KEY `vehicles_created_by_id_fk` (`created_by_id`),
  KEY `vehicles_updated_by_id_fk` (`updated_by_id`),
  CONSTRAINT `vehicles_created_by_id_fk` FOREIGN KEY (`created_by_id`) REFERENCES `admin_users` (`id`) ON DELETE SET NULL,
  CONSTRAINT `vehicles_updated_by_id_fk` FOREIGN KEY (`updated_by_id`) REFERENCES `admin_users` (`id`) ON DELETE SET NULL
) ENGINE=InnoDB AUTO_INCREMENT=4 DEFAULT CHARSET=utf8mb3 COLLATE=utf8mb3_general_ci;
/*!40101 SET character_set_client = @saved_cs_client */;

--
-- Dumping data for table `vehicles`
--

LOCK TABLES `vehicles` WRITE;
/*!40000 ALTER TABLE `vehicles` DISABLE KEYS */;
INSERT INTO `vehicles` VALUES (3,'fl-155-fg','Voiture','Pot','Echap','2024-01-01',0,'2024-01-01','2028-12-31',300.00,'2025-01-01',5,'2024-05-09 09:13:28.295000','2024-05-09 09:13:28.295000',NULL,NULL);
/*!40000 ALTER TABLE `vehicles` ENABLE KEYS */;
UNLOCK TABLES;

--
-- Table structure for table `vehicles_agency_links`
--

DROP TABLE IF EXISTS `vehicles_agency_links`;
/*!40101 SET @saved_cs_client     = @@character_set_client */;
/*!50503 SET character_set_client = utf8mb4 */;
CREATE TABLE `vehicles_agency_links` (
  `id` int(10) unsigned NOT NULL AUTO_INCREMENT,
  `vehicle_id` int(10) unsigned DEFAULT NULL,
  `agency_id` int(10) unsigned DEFAULT NULL,
  `vehicle_order` int(10) unsigned DEFAULT NULL,
  PRIMARY KEY (`id`),
  UNIQUE KEY `vehicles_agency_links_unique` (`vehicle_id`,`agency_id`),
  KEY `vehicles_agency_links_fk` (`vehicle_id`),
  KEY `vehicles_agency_links_inv_fk` (`agency_id`),
  KEY `vehicles_agency_links_order_inv_fk` (`vehicle_order`),
  CONSTRAINT `vehicles_agency_links_fk` FOREIGN KEY (`vehicle_id`) REFERENCES `vehicles` (`id`) ON DELETE CASCADE,
  CONSTRAINT `vehicles_agency_links_inv_fk` FOREIGN KEY (`agency_id`) REFERENCES `agencies` (`id`) ON DELETE CASCADE
) ENGINE=InnoDB DEFAULT CHARSET=utf8mb3 COLLATE=utf8mb3_general_ci;
/*!40101 SET character_set_client = @saved_cs_client */;

--
-- Dumping data for table `vehicles_agency_links`
--

LOCK TABLES `vehicles_agency_links` WRITE;
/*!40000 ALTER TABLE `vehicles_agency_links` DISABLE KEYS */;
/*!40000 ALTER TABLE `vehicles_agency_links` ENABLE KEYS */;
UNLOCK TABLES;

--
-- Table structure for table `visible_comments`
--

DROP TABLE IF EXISTS `visible_comments`;
/*!40101 SET @saved_cs_client     = @@character_set_client */;
/*!50503 SET character_set_client = utf8mb4 */;
CREATE TABLE `visible_comments` (
  `id` int(10) unsigned NOT NULL AUTO_INCREMENT,
  `comment` longtext DEFAULT NULL,
  `created_at` datetime(6) DEFAULT NULL,
  `updated_at` datetime(6) DEFAULT NULL,
  `published_at` datetime(6) DEFAULT NULL,
  `created_by_id` int(10) unsigned DEFAULT NULL,
  `updated_by_id` int(10) unsigned DEFAULT NULL,
  PRIMARY KEY (`id`),
  KEY `visible_comments_created_by_id_fk` (`created_by_id`),
  KEY `visible_comments_updated_by_id_fk` (`updated_by_id`),
  CONSTRAINT `visible_comments_created_by_id_fk` FOREIGN KEY (`created_by_id`) REFERENCES `admin_users` (`id`) ON DELETE SET NULL,
  CONSTRAINT `visible_comments_updated_by_id_fk` FOREIGN KEY (`updated_by_id`) REFERENCES `admin_users` (`id`) ON DELETE SET NULL
) ENGINE=InnoDB AUTO_INCREMENT=21 DEFAULT CHARSET=utf8mb3 COLLATE=utf8mb3_general_ci;
/*!40101 SET character_set_client = @saved_cs_client */;

--
-- Dumping data for table `visible_comments`
--

LOCK TABLES `visible_comments` WRITE;
/*!40000 ALTER TABLE `visible_comments` DISABLE KEYS */;
/*!40000 ALTER TABLE `visible_comments` ENABLE KEYS */;
UNLOCK TABLES;

--
-- Table structure for table `visible_comments_agency_links`
--

DROP TABLE IF EXISTS `visible_comments_agency_links`;
/*!40101 SET @saved_cs_client     = @@character_set_client */;
/*!50503 SET character_set_client = utf8mb4 */;
CREATE TABLE `visible_comments_agency_links` (
  `id` int(10) unsigned NOT NULL AUTO_INCREMENT,
  `visible_comment_id` int(10) unsigned DEFAULT NULL,
  `agency_id` int(10) unsigned DEFAULT NULL,
  `visible_comment_order` int(10) unsigned DEFAULT NULL,
  PRIMARY KEY (`id`),
  UNIQUE KEY `visible_comments_agency_links_unique` (`visible_comment_id`,`agency_id`),
  KEY `visible_comments_agency_links_fk` (`visible_comment_id`),
  KEY `visible_comments_agency_links_inv_fk` (`agency_id`),
  KEY `visible_comments_agency_links_order_inv_fk` (`visible_comment_order`),
  CONSTRAINT `visible_comments_agency_links_fk` FOREIGN KEY (`visible_comment_id`) REFERENCES `visible_comments` (`id`) ON DELETE CASCADE,
  CONSTRAINT `visible_comments_agency_links_inv_fk` FOREIGN KEY (`agency_id`) REFERENCES `agencies` (`id`) ON DELETE CASCADE
) ENGINE=InnoDB AUTO_INCREMENT=4 DEFAULT CHARSET=utf8mb3 COLLATE=utf8mb3_general_ci;
/*!40101 SET character_set_client = @saved_cs_client */;

--
-- Dumping data for table `visible_comments_agency_links`
--

LOCK TABLES `visible_comments_agency_links` WRITE;
/*!40000 ALTER TABLE `visible_comments_agency_links` DISABLE KEYS */;
/*!40000 ALTER TABLE `visible_comments_agency_links` ENABLE KEYS */;
UNLOCK TABLES;

--
-- Table structure for table `visible_comments_individual_links`
--

DROP TABLE IF EXISTS `visible_comments_individual_links`;
/*!40101 SET @saved_cs_client     = @@character_set_client */;
/*!50503 SET character_set_client = utf8mb4 */;
CREATE TABLE `visible_comments_individual_links` (
  `id` int(10) unsigned NOT NULL AUTO_INCREMENT,
  `visible_comment_id` int(10) unsigned DEFAULT NULL,
  `individual_id` int(10) unsigned DEFAULT NULL,
  `visible_comment_order` int(10) unsigned DEFAULT NULL,
  PRIMARY KEY (`id`),
  UNIQUE KEY `visible_comments_individual_links_unique` (`visible_comment_id`,`individual_id`),
  KEY `visible_comments_individual_links_fk` (`visible_comment_id`),
  KEY `visible_comments_individual_links_inv_fk` (`individual_id`),
  KEY `visible_comments_individual_links_order_inv_fk` (`visible_comment_order`),
  CONSTRAINT `visible_comments_individual_links_fk` FOREIGN KEY (`visible_comment_id`) REFERENCES `visible_comments` (`id`) ON DELETE CASCADE,
  CONSTRAINT `visible_comments_individual_links_inv_fk` FOREIGN KEY (`individual_id`) REFERENCES `individuals` (`id`) ON DELETE CASCADE
) ENGINE=InnoDB AUTO_INCREMENT=10 DEFAULT CHARSET=utf8mb3 COLLATE=utf8mb3_general_ci;
/*!40101 SET character_set_client = @saved_cs_client */;

--
-- Dumping data for table `visible_comments_individual_links`
--

LOCK TABLES `visible_comments_individual_links` WRITE;
/*!40000 ALTER TABLE `visible_comments_individual_links` DISABLE KEYS */;
/*!40000 ALTER TABLE `visible_comments_individual_links` ENABLE KEYS */;
UNLOCK TABLES;

--
-- Table structure for table `visible_comments_property_links`
--

DROP TABLE IF EXISTS `visible_comments_property_links`;
/*!40101 SET @saved_cs_client     = @@character_set_client */;
/*!50503 SET character_set_client = utf8mb4 */;
CREATE TABLE `visible_comments_property_links` (
  `id` int(10) unsigned NOT NULL AUTO_INCREMENT,
  `visible_comment_id` int(10) unsigned DEFAULT NULL,
  `property_id` int(10) unsigned DEFAULT NULL,
  `visible_comment_order` int(10) unsigned DEFAULT NULL,
  PRIMARY KEY (`id`),
  UNIQUE KEY `visible_comments_property_links_unique` (`visible_comment_id`,`property_id`),
  KEY `visible_comments_property_links_fk` (`visible_comment_id`),
  KEY `visible_comments_property_links_inv_fk` (`property_id`),
  KEY `visible_comments_property_links_order_inv_fk` (`visible_comment_order`),
  CONSTRAINT `visible_comments_property_links_fk` FOREIGN KEY (`visible_comment_id`) REFERENCES `visible_comments` (`id`) ON DELETE CASCADE,
  CONSTRAINT `visible_comments_property_links_inv_fk` FOREIGN KEY (`property_id`) REFERENCES `properties` (`id`) ON DELETE CASCADE
) ENGINE=InnoDB AUTO_INCREMENT=5 DEFAULT CHARSET=utf8mb3 COLLATE=utf8mb3_general_ci;
/*!40101 SET character_set_client = @saved_cs_client */;

--
-- Dumping data for table `visible_comments_property_links`
--

LOCK TABLES `visible_comments_property_links` WRITE;
/*!40000 ALTER TABLE `visible_comments_property_links` DISABLE KEYS */;
/*!40000 ALTER TABLE `visible_comments_property_links` ENABLE KEYS */;
UNLOCK TABLES;

--
-- Table structure for table `visible_comments_tier_links`
--

DROP TABLE IF EXISTS `visible_comments_tier_links`;
/*!40101 SET @saved_cs_client     = @@character_set_client */;
/*!50503 SET character_set_client = utf8mb4 */;
CREATE TABLE `visible_comments_tier_links` (
  `id` int(10) unsigned NOT NULL AUTO_INCREMENT,
  `visible_comment_id` int(10) unsigned DEFAULT NULL,
  `tier_id` int(10) unsigned DEFAULT NULL,
  `visible_comment_order` int(10) unsigned DEFAULT NULL,
  PRIMARY KEY (`id`),
  UNIQUE KEY `visible_comments_tier_links_unique` (`visible_comment_id`,`tier_id`),
  KEY `visible_comments_tier_links_fk` (`visible_comment_id`),
  KEY `visible_comments_tier_links_inv_fk` (`tier_id`),
  KEY `visible_comments_tier_links_order_inv_fk` (`visible_comment_order`),
  CONSTRAINT `visible_comments_tier_links_fk` FOREIGN KEY (`visible_comment_id`) REFERENCES `visible_comments` (`id`) ON DELETE CASCADE,
  CONSTRAINT `visible_comments_tier_links_inv_fk` FOREIGN KEY (`tier_id`) REFERENCES `tiers` (`id`) ON DELETE CASCADE
) ENGINE=InnoDB AUTO_INCREMENT=5 DEFAULT CHARSET=utf8mb3 COLLATE=utf8mb3_general_ci;
/*!40101 SET character_set_client = @saved_cs_client */;

--
-- Dumping data for table `visible_comments_tier_links`
--

LOCK TABLES `visible_comments_tier_links` WRITE;
/*!40000 ALTER TABLE `visible_comments_tier_links` DISABLE KEYS */;
/*!40000 ALTER TABLE `visible_comments_tier_links` ENABLE KEYS */;
UNLOCK TABLES;

--
-- Table structure for table `visible_comments_users_permissions_user_links`
--

DROP TABLE IF EXISTS `visible_comments_users_permissions_user_links`;
/*!40101 SET @saved_cs_client     = @@character_set_client */;
/*!50503 SET character_set_client = utf8mb4 */;
CREATE TABLE `visible_comments_users_permissions_user_links` (
  `id` int(10) unsigned NOT NULL AUTO_INCREMENT,
  `visible_comment_id` int(10) unsigned DEFAULT NULL,
  `user_id` int(10) unsigned DEFAULT NULL,
  PRIMARY KEY (`id`),
  UNIQUE KEY `visible_comments_users_permissions_user_links_unique` (`visible_comment_id`,`user_id`),
  KEY `visible_comments_users_permissions_user_links_fk` (`visible_comment_id`),
  KEY `visible_comments_users_permissions_user_links_inv_fk` (`user_id`),
  CONSTRAINT `visible_comments_users_permissions_user_links_fk` FOREIGN KEY (`visible_comment_id`) REFERENCES `visible_comments` (`id`) ON DELETE CASCADE,
  CONSTRAINT `visible_comments_users_permissions_user_links_inv_fk` FOREIGN KEY (`user_id`) REFERENCES `up_users` (`id`) ON DELETE CASCADE
) ENGINE=InnoDB AUTO_INCREMENT=13 DEFAULT CHARSET=utf8mb3 COLLATE=utf8mb3_general_ci;
/*!40101 SET character_set_client = @saved_cs_client */;

--
-- Dumping data for table `visible_comments_users_permissions_user_links`
--

LOCK TABLES `visible_comments_users_permissions_user_links` WRITE;
/*!40000 ALTER TABLE `visible_comments_users_permissions_user_links` DISABLE KEYS */;
/*!40000 ALTER TABLE `visible_comments_users_permissions_user_links` ENABLE KEYS */;
UNLOCK TABLES;

--
-- Table structure for table `visible_objects`
--

DROP TABLE IF EXISTS `visible_objects`;
/*!40101 SET @saved_cs_client     = @@character_set_client */;
/*!50503 SET character_set_client = utf8mb4 */;
CREATE TABLE `visible_objects` (
  `id` int(10) unsigned NOT NULL AUTO_INCREMENT,
  `created_at` datetime(6) DEFAULT NULL,
  `updated_at` datetime(6) DEFAULT NULL,
  `published_at` datetime(6) DEFAULT NULL,
  `created_by_id` int(10) unsigned DEFAULT NULL,
  `updated_by_id` int(10) unsigned DEFAULT NULL,
  PRIMARY KEY (`id`),
  KEY `visible_objects_created_by_id_fk` (`created_by_id`),
  KEY `visible_objects_updated_by_id_fk` (`updated_by_id`),
  CONSTRAINT `visible_objects_created_by_id_fk` FOREIGN KEY (`created_by_id`) REFERENCES `admin_users` (`id`) ON DELETE SET NULL,
  CONSTRAINT `visible_objects_updated_by_id_fk` FOREIGN KEY (`updated_by_id`) REFERENCES `admin_users` (`id`) ON DELETE SET NULL
) ENGINE=InnoDB AUTO_INCREMENT=100 DEFAULT CHARSET=utf8mb3 COLLATE=utf8mb3_general_ci;
/*!40101 SET character_set_client = @saved_cs_client */;

--
-- Dumping data for table `visible_objects`
--

LOCK TABLES `visible_objects` WRITE;
/*!40000 ALTER TABLE `visible_objects` DISABLE KEYS */;
INSERT INTO `visible_objects` VALUES (69,'2024-05-02 16:33:17.446000','2024-05-06 06:18:58.606000','2024-05-02 16:33:17.140000',NULL,NULL),(70,'2024-05-02 16:33:17.449000','2024-05-06 06:26:39.397000','2024-05-02 16:33:17.436000',NULL,NULL),(71,'2024-05-02 16:33:17.450000','2024-05-06 06:26:39.398000','2024-05-02 16:33:17.153000',NULL,NULL),(72,'2024-05-02 16:33:17.539000','2024-05-06 06:26:39.498000','2024-05-02 16:33:17.345000',NULL,NULL),(73,'2024-05-02 16:33:17.747000','2024-05-06 06:26:39.506000','2024-05-02 16:33:17.550000',NULL,NULL),(74,'2024-05-02 16:33:17.751000','2024-05-06 06:26:39.394000','2024-05-02 16:33:17.645000',NULL,NULL),(75,'2024-05-06 15:19:41.407000','2024-06-07 16:12:47.970000','2024-05-06 15:19:41.302000',NULL,NULL),(76,'2024-05-06 15:19:41.409000','2024-06-07 16:12:48.017000','2024-05-06 15:19:41.398000',NULL,NULL),(77,'2024-05-06 15:19:41.903000','2024-06-07 16:12:48.144000','2024-05-06 15:19:41.693000',NULL,NULL),(78,'2024-05-06 15:19:41.904000','2024-06-07 16:12:48.020000','2024-05-06 15:19:41.793000',NULL,NULL),(79,'2024-05-06 15:19:41.991000','2024-06-07 12:46:24.062000','2024-05-06 15:19:41.891000',NULL,NULL),(80,'2024-05-06 15:19:42.116000','2024-06-07 12:46:23.999000','2024-05-06 15:19:42.090000',NULL,NULL),(81,'2024-05-06 15:58:51.705000','2024-06-07 17:02:31.086000','2024-05-06 15:58:51.307000',NULL,NULL),(82,'2024-05-06 15:58:51.707000','2024-06-07 16:14:25.855000','2024-05-06 15:58:51.399000',NULL,NULL),(83,'2024-05-06 15:58:51.710000','2024-06-07 17:02:30.946000','2024-05-06 15:58:51.616000',NULL,NULL),(84,'2024-05-06 15:58:51.715000','2024-06-07 17:02:31.080000','2024-05-06 15:58:51.590000',NULL,NULL),(85,'2024-05-06 15:58:51.907000','2024-06-07 17:02:31.165000','2024-05-06 15:58:51.894000',NULL,NULL),(86,'2024-05-06 15:58:51.909000','2024-06-07 16:14:25.861000','2024-05-06 15:58:51.801000',NULL,NULL),(87,'2024-05-09 13:29:10.500000','2024-06-07 17:00:51.908000','2024-05-09 13:29:10.394000',NULL,NULL),(88,'2024-05-09 13:29:10.501000','2024-06-07 16:13:34.493000','2024-05-09 13:29:10.492000',NULL,NULL),(89,'2024-05-09 13:29:11.091000','2024-06-07 17:00:51.901000','2024-05-09 13:29:10.599000',NULL,NULL),(90,'2024-05-09 13:29:11.494000','2024-06-07 17:00:51.750000','2024-05-09 13:29:10.803000',NULL,NULL),(91,'2024-05-09 13:29:11.633000','2024-06-07 17:00:51.902000','2024-05-09 13:29:10.790000',NULL,NULL),(92,'2024-05-09 13:29:11.691000','2024-06-07 17:00:51.904000','2024-05-09 13:29:11.392000',NULL,NULL),(93,'2024-06-07 12:46:24.051000','2024-06-07 16:12:48.132000','2024-06-07 12:46:24.023000',NULL,NULL),(94,'2024-06-07 16:57:30.430000','2024-06-07 17:19:10.054000','2024-06-07 16:57:30.363000',NULL,NULL),(95,'2024-06-07 16:57:30.431000','2024-06-07 17:19:10.015000','2024-06-07 16:57:30.387000',NULL,NULL),(96,'2024-06-07 16:57:30.459000','2024-06-07 17:19:10.051000','2024-06-07 16:57:30.420000',NULL,NULL),(97,'2024-06-07 16:57:30.461000','2024-06-07 17:19:10.055000','2024-06-07 16:57:30.453000',NULL,NULL),(98,'2024-06-07 16:57:30.564000','2024-06-07 17:19:10.056000','2024-06-07 16:57:30.510000',NULL,NULL),(99,'2024-06-07 16:57:30.561000','2024-06-07 17:19:10.055000','2024-06-07 16:57:30.486000',NULL,NULL);
/*!40000 ALTER TABLE `visible_objects` ENABLE KEYS */;
UNLOCK TABLES;

--
-- Table structure for table `visible_objects_category_links`
--

DROP TABLE IF EXISTS `visible_objects_category_links`;
/*!40101 SET @saved_cs_client     = @@character_set_client */;
/*!50503 SET character_set_client = utf8mb4 */;
CREATE TABLE `visible_objects_category_links` (
  `id` int(10) unsigned NOT NULL AUTO_INCREMENT,
  `visible_object_id` int(10) unsigned DEFAULT NULL,
  `category_id` int(10) unsigned DEFAULT NULL,
  PRIMARY KEY (`id`),
  UNIQUE KEY `visible_objects_category_links_unique` (`visible_object_id`,`category_id`),
  KEY `visible_objects_category_links_fk` (`visible_object_id`),
  KEY `visible_objects_category_links_inv_fk` (`category_id`),
  CONSTRAINT `visible_objects_category_links_fk` FOREIGN KEY (`visible_object_id`) REFERENCES `visible_objects` (`id`) ON DELETE CASCADE,
  CONSTRAINT `visible_objects_category_links_inv_fk` FOREIGN KEY (`category_id`) REFERENCES `categories` (`id`) ON DELETE CASCADE
) ENGINE=InnoDB AUTO_INCREMENT=303 DEFAULT CHARSET=utf8mb3 COLLATE=utf8mb3_general_ci;
/*!40101 SET character_set_client = @saved_cs_client */;

--
-- Dumping data for table `visible_objects_category_links`
--

LOCK TABLES `visible_objects_category_links` WRITE;
/*!40000 ALTER TABLE `visible_objects_category_links` DISABLE KEYS */;
INSERT INTO `visible_objects_category_links` VALUES (184,69,10),(186,70,13),(183,71,11),(187,72,12),(188,73,16),(185,74,17),(218,75,10),(219,76,11),(221,77,12),(220,78,13),(222,79,16),(223,80,17),(224,81,10),(225,82,11),(227,83,13),(228,84,12),(226,85,17),(229,86,16),(241,87,10),(242,88,11),(244,89,12),(243,90,16),(245,91,13),(246,92,17),(258,93,2),(282,94,10),(283,95,11),(285,96,12),(284,97,16),(286,98,17),(287,99,13);
/*!40000 ALTER TABLE `visible_objects_category_links` ENABLE KEYS */;
UNLOCK TABLES;

--
-- Table structure for table `visible_objects_equipment_of_sites_links`
--

DROP TABLE IF EXISTS `visible_objects_equipment_of_sites_links`;
/*!40101 SET @saved_cs_client     = @@character_set_client */;
/*!50503 SET character_set_client = utf8mb4 */;
CREATE TABLE `visible_objects_equipment_of_sites_links` (
  `id` int(10) unsigned NOT NULL AUTO_INCREMENT,
  `visible_object_id` int(10) unsigned DEFAULT NULL,
  `equipment_of_site_id` int(10) unsigned DEFAULT NULL,
  `equipment_of_site_order` int(10) unsigned DEFAULT NULL,
  PRIMARY KEY (`id`),
  UNIQUE KEY `visible_objects_equipment_of_sites_links_unique` (`visible_object_id`,`equipment_of_site_id`),
  KEY `visible_objects_equipment_of_sites_links_fk` (`visible_object_id`),
  KEY `visible_objects_equipment_of_sites_links_inv_fk` (`equipment_of_site_id`),
  KEY `visible_objects_equipment_of_sites_links_order_fk` (`equipment_of_site_order`),
  CONSTRAINT `visible_objects_equipment_of_sites_links_fk` FOREIGN KEY (`visible_object_id`) REFERENCES `visible_objects` (`id`) ON DELETE CASCADE,
  CONSTRAINT `visible_objects_equipment_of_sites_links_inv_fk` FOREIGN KEY (`equipment_of_site_id`) REFERENCES `equipment_of_sites` (`id`) ON DELETE CASCADE
) ENGINE=InnoDB AUTO_INCREMENT=633 DEFAULT CHARSET=utf8mb3 COLLATE=utf8mb3_general_ci;
/*!40101 SET character_set_client = @saved_cs_client */;

--
-- Dumping data for table `visible_objects_equipment_of_sites_links`
--

LOCK TABLES `visible_objects_equipment_of_sites_links` WRITE;
/*!40000 ALTER TABLE `visible_objects_equipment_of_sites_links` DISABLE KEYS */;
INSERT INTO `visible_objects_equipment_of_sites_links` VALUES (183,69,4,0),(184,70,3,0),(185,70,4,0),(186,71,4,0),(187,72,3,0),(188,72,4,0),(189,73,3,0),(190,74,3,0),(194,73,18,0),(195,73,19,0),(196,73,24,0),(198,71,12,0),(199,71,11,0),(200,71,29,0),(201,71,30,0),(202,71,1,0),(205,70,24,0),(275,76,4,0),(276,76,12,0),(277,76,18,0),(278,76,24,0),(279,76,29,0),(280,76,30,0),(281,76,31,0),(282,76,42,0),(283,76,48,0),(284,77,48,0),(285,77,47,0),(286,77,46,0),(287,77,45,0),(288,77,24,0),(289,77,29,0),(290,77,30,0),(291,77,31,0),(292,77,12,0),(293,77,4,0),(294,79,48,0),(295,79,47,0),(296,79,46,0),(297,79,45,0),(298,82,1,0),(299,82,4,0),(300,82,12,0),(301,82,24,0),(302,82,29,0),(303,82,30,0),(304,82,31,0),(305,82,42,0),(306,82,48,0),(307,84,1,0),(308,84,4,0),(309,84,12,0),(310,84,18,0),(311,84,19,0),(312,84,24,0),(313,84,22,0),(314,84,25,0),(315,84,26,0),(316,84,27,0),(317,84,29,0),(318,84,30,0),(319,84,31,0),(320,84,42,0),(321,84,45,0),(322,84,46,0),(323,84,47,0),(324,84,48,0),(325,83,48,0),(326,86,48,0),(327,86,47,0),(328,86,46,0),(329,86,45,0),(385,88,42,0),(386,88,35,0),(387,88,31,0),(388,88,30,0),(389,88,29,0),(390,88,24,0),(391,88,4,0),(392,88,1,0),(393,88,11,0),(394,88,12,0),(395,88,48,0),(396,89,49,0),(397,89,50,0),(398,89,47,0),(399,89,46,0),(400,89,45,0),(401,89,27,0),(402,89,26,0),(403,89,19,0),(404,89,48,0),(451,93,12,0),(452,93,18,0),(453,93,22,0),(454,93,24,0),(455,93,29,0),(559,96,45,4),(560,96,46,5),(561,96,47,1),(562,96,48,2),(563,96,49,3),(564,95,4,4),(565,95,7,1),(566,95,9,2),(567,95,24,3),(568,99,17,1),(569,99,18,2);
/*!40000 ALTER TABLE `visible_objects_equipment_of_sites_links` ENABLE KEYS */;
UNLOCK TABLES;

--
-- Table structure for table `visible_objects_fluids_links`
--

DROP TABLE IF EXISTS `visible_objects_fluids_links`;
/*!40101 SET @saved_cs_client     = @@character_set_client */;
/*!50503 SET character_set_client = utf8mb4 */;
CREATE TABLE `visible_objects_fluids_links` (
  `id` int(10) unsigned NOT NULL AUTO_INCREMENT,
  `visible_object_id` int(10) unsigned DEFAULT NULL,
  `fluid_id` int(10) unsigned DEFAULT NULL,
  `fluid_order` int(10) unsigned DEFAULT NULL,
  PRIMARY KEY (`id`),
  UNIQUE KEY `visible_objects_fluids_links_unique` (`visible_object_id`,`fluid_id`),
  KEY `visible_objects_fluids_links_fk` (`visible_object_id`),
  KEY `visible_objects_fluids_links_inv_fk` (`fluid_id`),
  KEY `visible_objects_fluids_links_order_fk` (`fluid_order`),
  CONSTRAINT `visible_objects_fluids_links_fk` FOREIGN KEY (`visible_object_id`) REFERENCES `visible_objects` (`id`) ON DELETE CASCADE,
  CONSTRAINT `visible_objects_fluids_links_inv_fk` FOREIGN KEY (`fluid_id`) REFERENCES `fluids` (`id`) ON DELETE CASCADE
) ENGINE=InnoDB AUTO_INCREMENT=788 DEFAULT CHARSET=utf8mb3 COLLATE=utf8mb3_general_ci;
/*!40101 SET character_set_client = @saved_cs_client */;

--
-- Dumping data for table `visible_objects_fluids_links`
--

LOCK TABLES `visible_objects_fluids_links` WRITE;
/*!40000 ALTER TABLE `visible_objects_fluids_links` DISABLE KEYS */;
INSERT INTO `visible_objects_fluids_links` VALUES (394,69,11,0),(402,74,25,0),(403,74,26,0),(404,69,10,0),(405,69,12,0),(406,69,13,0),(428,75,10,0),(429,75,11,0),(430,75,12,0),(431,75,13,0),(432,75,9,0),(433,78,19,0),(434,78,20,0),(435,78,21,0),(436,78,22,0),(437,78,23,0),(438,78,27,0),(439,77,14,0),(440,77,15,0),(441,77,16,0),(442,77,17,0),(443,77,18,0),(444,77,9,0),(445,79,22,0),(446,79,21,0),(447,79,30,0),(448,79,9,0),(449,80,24,0),(450,80,25,0),(451,80,26,0),(452,81,10,0),(453,81,9,0),(454,81,11,0),(455,81,12,0),(456,81,13,0),(457,85,24,0),(458,85,25,0),(459,85,26,0),(460,83,19,0),(461,83,20,0),(462,83,21,0),(463,83,23,0),(464,83,27,0),(465,83,9,0),(466,84,14,0),(467,84,15,0),(468,84,16,0),(469,84,17,0),(470,84,18,0),(471,84,9,0),(472,86,30,0),(473,86,28,0),(474,86,22,0),(475,86,17,0),(476,86,16,0),(477,86,14,0),(478,86,9,0),(527,87,10,0),(528,87,9,0),(529,87,11,0),(530,87,12,0),(531,87,13,0),(532,90,15,0),(533,90,28,0),(534,90,27,0),(535,90,30,0),(536,90,9,0),(537,89,14,0),(538,89,15,0),(539,89,16,0),(540,89,17,0),(541,89,18,0),(542,89,27,0),(543,89,28,0),(544,89,30,0),(545,89,9,0),(546,91,19,0),(547,91,20,0),(548,91,21,0),(549,91,22,0),(550,91,23,0),(551,92,24,0),(552,92,25,0),(553,92,26,0),(598,93,20,0),(599,93,15,0),(600,93,9,0),(699,94,10,0),(700,94,11,0),(701,94,12,0),(702,94,13,0),(703,97,15,0),(704,97,16,0),(705,97,17,0),(706,97,27,0),(707,97,28,0),(708,98,26,1),(709,98,25,2),(710,98,24,3),(711,96,15,1),(712,96,16,2),(713,96,17,3),(714,96,18,4),(715,96,30,5),(716,99,19,1),(717,99,20,2),(718,99,21,3),(719,99,23,4);
/*!40000 ALTER TABLE `visible_objects_fluids_links` ENABLE KEYS */;
UNLOCK TABLES;

--
-- Table structure for table `visible_objects_property_links`
--

DROP TABLE IF EXISTS `visible_objects_property_links`;
/*!40101 SET @saved_cs_client     = @@character_set_client */;
/*!50503 SET character_set_client = utf8mb4 */;
CREATE TABLE `visible_objects_property_links` (
  `id` int(10) unsigned NOT NULL AUTO_INCREMENT,
  `visible_object_id` int(10) unsigned DEFAULT NULL,
  `property_id` int(10) unsigned DEFAULT NULL,
  `visible_object_order` int(10) unsigned DEFAULT NULL,
  PRIMARY KEY (`id`),
  UNIQUE KEY `visible_objects_property_links_unique` (`visible_object_id`,`property_id`),
  KEY `visible_objects_property_links_fk` (`visible_object_id`),
  KEY `visible_objects_property_links_inv_fk` (`property_id`),
  KEY `visible_objects_property_links_order_inv_fk` (`visible_object_order`),
  CONSTRAINT `visible_objects_property_links_fk` FOREIGN KEY (`visible_object_id`) REFERENCES `visible_objects` (`id`) ON DELETE CASCADE,
  CONSTRAINT `visible_objects_property_links_inv_fk` FOREIGN KEY (`property_id`) REFERENCES `properties` (`id`) ON DELETE CASCADE
) ENGINE=InnoDB AUTO_INCREMENT=99 DEFAULT CHARSET=utf8mb3 COLLATE=utf8mb3_general_ci;
/*!40101 SET character_set_client = @saved_cs_client */;

--
-- Dumping data for table `visible_objects_property_links`
--

LOCK TABLES `visible_objects_property_links` WRITE;
/*!40000 ALTER TABLE `visible_objects_property_links` DISABLE KEYS */;
INSERT INTO `visible_objects_property_links` VALUES (74,75,26,1),(75,76,26,1),(76,78,26,2),(77,77,26,2),(78,79,26,3),(79,80,26,3),(80,81,27,1),(81,85,27,1),(82,83,27,1),(83,84,27,1),(84,82,27,1),(85,86,27,2),(86,87,28,1),(87,88,28,1),(88,90,28,1),(89,89,28,1),(90,91,28,1),(91,92,28,1),(92,93,26,4),(93,94,29,1),(94,97,29,2),(95,98,29,3),(96,95,29,1),(97,99,29,3),(98,96,29,3);
/*!40000 ALTER TABLE `visible_objects_property_links` ENABLE KEYS */;
UNLOCK TABLES;

--
-- Final view structure for view `ticket_a_traiter`
--

/*!50001 DROP VIEW IF EXISTS `ticket_a_traiter`*/;
/*!50001 SET @saved_cs_client          = @@character_set_client */;
/*!50001 SET @saved_cs_results         = @@character_set_results */;
/*!50001 SET @saved_col_connection     = @@collation_connection */;
/*!50001 SET character_set_client      = utf8mb4 */;
/*!50001 SET character_set_results     = utf8mb4 */;
/*!50001 SET collation_connection      = utf8mb4_unicode_ci */;
/*!50001 CREATE ALGORITHM=UNDEFINED */
/*!50013 DEFINER=`root`@`%` SQL SECURITY DEFINER */
/*!50001 VIEW `ticket_a_traiter` AS select `t3`.`id` AS `date_begin_process_ticket_id`,`ts3`.`created_at` AS `date_begin_process_created_at` from ((((`tickets` `t3` join `ticket_states_ticket_links` `tstl3` on(`tstl3`.`ticket_id` = `t3`.`id`)) join `ticket_states` `ts3` on(`ts3`.`id` = `tstl3`.`ticket_state_id`)) join `ticket_states_state_links` `tssl3` on(`tssl3`.`ticket_state_id` = `tstl3`.`ticket_state_id`)) join `states` `states3` on(`states3`.`id` = `tssl3`.`state_id`)) where `states3`.`name` = 'À traiter' */;
/*!50001 SET character_set_client      = @saved_cs_client */;
/*!50001 SET character_set_results     = @saved_cs_results */;
/*!50001 SET collation_connection      = @saved_col_connection */;
/*!40103 SET TIME_ZONE=@OLD_TIME_ZONE */;

/*!40101 SET SQL_MODE=@OLD_SQL_MODE */;
/*!40014 SET FOREIGN_KEY_CHECKS=@OLD_FOREIGN_KEY_CHECKS */;
/*!40014 SET UNIQUE_CHECKS=@OLD_UNIQUE_CHECKS */;
/*!40101 SET CHARACTER_SET_CLIENT=@OLD_CHARACTER_SET_CLIENT */;
/*!40101 SET CHARACTER_SET_RESULTS=@OLD_CHARACTER_SET_RESULTS */;
/*!40101 SET COLLATION_CONNECTION=@OLD_COLLATION_CONNECTION */;
/*!40111 SET SQL_NOTES=@OLD_SQL_NOTES */;

-- Dump completed on 2024-07-02 16:39:22
